id,formattedAddress,addressLine1,addressLine2,city,state,stateFips,zipCode,county,countyFips,latitude,longitude,propertyType,bedrooms,bathrooms,squareFootage,lotSize,yearBuilt,status,price,listingType,listedDate,removedDate,createdDate,lastSeenDate,daysOnMarket,meta_source_county,meta_source_city,hoa.fee,history.2026-08-07.event,history.2026-08-07.price,history.2026-08-07.listingType,history.2026-08-07.listedDate,history.2026-08-07.removedDate,history.2026-08-07.daysOnMarket,history.2026-07-31.event,history.2026-07-31.price,history.2026-07-31.listingType,history.2026-07-31.listedDate,history.2026-07-31.removedDate,history.2026-07-31.daysOnMarket,history.2025-06-01.event,history.2025-06-01.price,history.2025-06-01.listingType,history.2025-06-01.listedDate,history.2025-06-01.removedDate,history.2025-06-01.daysOnMarket,history.2025-07-25.event,history.2025-07-25.price,history.2025-07-25.listingType,history.2025-07-25.listedDate,history.2025-07-25.removedDate,history.2025-07-25.daysOnMarket,history.2026-07-21.event,history.2026-07-21.price,history.2026-07-21.listingType,history.2026-07-21.listedDate,history.2026-07-21.removedDate,history.2026-07-21.daysOnMarket,history.2026-03-14.event,history.2026-03-14.price,history.2026-03-14.listingType,history.2026-03-14.listedDate,history.2026-03-14.removedDate,history.2026-03-14.daysOnMarket,history.2026-04-22.event,history.2026-04-22.price,history.2026-04-22.listingType,history.2026-04-22.listedDate,history.2026-04-22.removedDate,history.2026-04-22.daysOnMarket,history.2026-06-02.event,history.2026-06-02.price,history.2026-06-02.listingType,history.2026-06-02.listedDate,history.2026-06-02.removedDate,history.2026-06-02.daysOnMarket,history.2021-06-07.event,history.2021-06-07.price,history.2021-06-07.listingType,history.2021-06-07.listedDate,history.2021-06-07.removedDate,history.2021-06-07.daysOnMarket,history.2026-07-26.event,history.2026-07-26.price,history.2026-07-26.listingType,history.2026-07-26.listedDate,history.2026-07-26.removedDate,history.2026-07-26.daysOnMarket,history.2026-06-18.event,history.2026-06-18.price,history.2026-06-18.listingType,history.2026-06-18.listedDate,history.2026-06-18.removedDate,history.2026-06-18.daysOnMarket,history.2025-01-24.event,history.2025-01-24.price,history.2025-01-24.listingType,history.2025-01-24.listedDate,history.2025-01-24.removedDate,history.2025-01-24.daysOnMarket,history.2025-03-07.event,history.2025-03-07.price,history.2025-03-07.listingType,history.2025-03-07.listedDate,history.2025-03-07.removedDate,history.2025-03-07.daysOnMarket,history.2025-05-07.event,history.2025-05-07.price,history.2025-05-07.listingType,history.2025-05-07.listedDate,history.2025-05-07.removedDate,history.2025-05-07.daysOnMarket,history.2025-05-17.event,history.2025-05-17.price,history.2025-05-17.listingType,history.2025-05-17.listedDate,history.2025-05-17.removedDate,history.2025-05-17.daysOnMarket,history.2025-06-05.event,history.2025-06-05.price,history.2025-06-05.listingType,history.2025-06-05.listedDate,history.2025-06-05.removedDate,history.2025-06-05.daysOnMarket,history.2025-08-30.event,history.2025-08-30.price,history.2025-08-30.listingType,history.2025-08-30.listedDate,history.2025-08-30.removedDate,history.2025-08-30.daysOnMarket,history.2025-06-10.event,history.2025-06-10.price,history.2025-06-10.listingType,history.2025-06-10.listedDate,history.2025-06-10.removedDate,history.2025-06-10.daysOnMarket,history.2026-07-20.event,history.2026-07-20.price,history.2026-07-20.listingType,history.2026-07-20.listedDate,history.2026-07-20.removedDate,history.2026-07-20.daysOnMarket,history.2025-04-08.event,history.2025-04-08.price,history.2025-04-08.listingType,history.2025-04-08.listedDate,history.2025-04-08.removedDate,history.2025-04-08.daysOnMarket,history.2026-07-16.event,history.2026-07-16.price,history.2026-07-16.listingType,history.2026-07-16.listedDate,history.2026-07-16.removedDate,history.2026-07-16.daysOnMarket,history.2024-12-30.event,history.2024-12-30.price,history.2024-12-30.listingType,history.2024-12-30.listedDate,history.2024-12-30.removedDate,history.2024-12-30.daysOnMarket,history.2025-07-16.event,history.2025-07-16.price,history.2025-07-16.listingType,history.2025-07-16.listedDate,history.2025-07-16.removedDate,history.2025-07-16.daysOnMarket,history.2024-10-01.event,history.2024-10-01.price,history.2024-10-01.listingType,history.2024-10-01.listedDate,history.2024-10-01.removedDate,history.2024-10-01.daysOnMarket,history.2026-05-22.event,history.2026-05-22.price,history.2026-05-22.listingType,history.2026-05-22.listedDate,history.2026-05-22.removedDate,history.2026-05-22.daysOnMarket,history.2026-07-30.event,history.2026-07-30.price,history.2026-07-30.listingType,history.2026-07-30.listedDate,history.2026-07-30.removedDate,history.2026-07-30.daysOnMarket,history.2025-05-24.event,history.2025-05-24.price,history.2025-05-24.listingType,history.2025-05-24.listedDate,history.2025-05-24.removedDate,history.2025-05-24.daysOnMarket,history.2025-06-22.event,history.2025-06-22.price,history.2025-06-22.listingType,history.2025-06-22.listedDate,history.2025-06-22.removedDate,history.2025-06-22.daysOnMarket,history.2025-07-28.event,history.2025-07-28.price,history.2025-07-28.listingType,history.2025-07-28.listedDate,history.2025-07-28.removedDate,history.2025-07-28.daysOnMarket,history.2026-07-14.event,history.2026-07-14.price,history.2026-07-14.listingType,history.2026-07-14.listedDate,history.2026-07-14.removedDate,history.2026-07-14.daysOnMarket,history.2026-06-03.event,history.2026-06-03.price,history.2026-06-03.listingType,history.2026-06-03.listedDate,history.2026-06-03.removedDate,history.2026-06-03.daysOnMarket,history.2026-06-08.event,history.2026-06-08.price,history.2026-06-08.listingType,history.2026-06-08.listedDate,history.2026-06-08.removedDate,history.2026-06-08.daysOnMarket,history.2026-06-14.event,history.2026-06-14.price,history.2026-06-14.listingType,history.2026-06-14.listedDate,history.2026-06-14.removedDate,history.2026-06-14.daysOnMarket,history.2026-07-05.event,history.2026-07-05.price,history.2026-07-05.listingType,history.2026-07-05.listedDate,history.2026-07-05.removedDate,history.2026-07-05.daysOnMarket,history.2026-04-20.event,history.2026-04-20.price,history.2026-04-20.listingType,history.2026-04-20.listedDate,history.2026-04-20.removedDate,history.2026-04-20.daysOnMarket,history.2026-05-15.event,history.2026-05-15.price,history.2026-05-15.listingType,history.2026-05-15.listedDate,history.2026-05-15.removedDate,history.2026-05-15.daysOnMarket,history.2025-01-02.event,history.2025-01-02.price,history.2025-01-02.listingType,history.2025-01-02.listedDate,history.2025-01-02.removedDate,history.2025-01-02.daysOnMarket,history.2025-12-10.event,history.2025-12-10.price,history.2025-12-10.listingType,history.2025-12-10.listedDate,history.2025-12-10.removedDate,history.2025-12-10.daysOnMarket,history.2025-10-08.event,history.2025-10-08.price,history.2025-10-08.listingType,history.2025-10-08.listedDate,history.2025-10-08.removedDate,history.2025-10-08.daysOnMarket,history.2026-08-03.event,history.2026-08-03.price,history.2026-08-03.listingType,history.2026-08-03.listedDate,history.2026-08-03.removedDate,history.2026-08-03.daysOnMarket,history.2025-06-11.event,history.2025-06-11.price,history.2025-06-11.listingType,history.2025-06-11.listedDate,history.2025-06-11.removedDate,history.2025-06-11.daysOnMarket,history.2025-06-23.event,history.2025-06-23.price,history.2025-06-23.listingType,history.2025-06-23.listedDate,history.2025-06-23.removedDate,history.2025-06-23.daysOnMarket,history.2025-07-27.event,history.2025-07-27.price,history.2025-07-27.listingType,history.2025-07-27.listedDate,history.2025-07-27.removedDate,history.2025-07-27.daysOnMarket,history.2024-10-18.event,history.2024-10-18.price,history.2024-10-18.listingType,history.2024-10-18.listedDate,history.2024-10-18.removedDate,history.2024-10-18.daysOnMarket,history.2025-03-25.event,history.2025-03-25.price,history.2025-03-25.listingType,history.2025-03-25.listedDate,history.2025-03-25.removedDate,history.2025-03-25.daysOnMarket,history.2025-07-12.event,history.2025-07-12.price,history.2025-07-12.listingType,history.2025-07-12.listedDate,history.2025-07-12.removedDate,history.2025-07-12.daysOnMarket,history.2025-10-04.event,history.2025-10-04.price,history.2025-10-04.listingType,history.2025-10-04.listedDate,history.2025-10-04.removedDate,history.2025-10-04.daysOnMarket,history.2025-11-05.event,history.2025-11-05.price,history.2025-11-05.listingType,history.2025-11-05.listedDate,history.2025-11-05.removedDate,history.2025-11-05.daysOnMarket,history.2025-12-20.event,history.2025-12-20.price,history.2025-12-20.listingType,history.2025-12-20.listedDate,history.2025-12-20.removedDate,history.2025-12-20.daysOnMarket,history.2026-01-07.event,history.2026-01-07.price,history.2026-01-07.listingType,history.2026-01-07.listedDate,history.2026-01-07.removedDate,history.2026-01-07.daysOnMarket,history.2026-02-08.event,history.2026-02-08.price,history.2026-02-08.listingType,history.2026-02-08.listedDate,history.2026-02-08.removedDate,history.2026-02-08.daysOnMarket,history.2026-02-27.event,history.2026-02-27.price,history.2026-02-27.listingType,history.2026-02-27.listedDate,history.2026-02-27.removedDate,history.2026-02-27.daysOnMarket,history.2026-04-04.event,history.2026-04-04.price,history.2026-04-04.listingType,history.2026-04-04.listedDate,history.2026-04-04.removedDate,history.2026-04-04.daysOnMarket,history.2024-11-11.event,history.2024-11-11.price,history.2024-11-11.listingType,history.2024-11-11.listedDate,history.2024-11-11.removedDate,history.2024-11-11.daysOnMarket,history.2024-12-19.event,history.2024-12-19.price,history.2024-12-19.listingType,history.2024-12-19.listedDate,history.2024-12-19.removedDate,history.2024-12-19.daysOnMarket,history.2025-04-01.event,history.2025-04-01.price,history.2025-04-01.listingType,history.2025-04-01.listedDate,history.2025-04-01.removedDate,history.2025-04-01.daysOnMarket,history.2025-05-03.event,history.2025-05-03.price,history.2025-05-03.listingType,history.2025-05-03.listedDate,history.2025-05-03.removedDate,history.2025-05-03.daysOnMarket,history.2024-09-23.event,history.2024-09-23.price,history.2024-09-23.listingType,history.2024-09-23.listedDate,history.2024-09-23.removedDate,history.2024-09-23.daysOnMarket,history.2026-02-22.event,history.2026-02-22.price,history.2026-02-22.listingType,history.2026-02-22.listedDate,history.2026-02-22.removedDate,history.2026-02-22.daysOnMarket,history.2026-04-03.event,history.2026-04-03.price,history.2026-04-03.listingType,history.2026-04-03.listedDate,history.2026-04-03.removedDate,history.2026-04-03.daysOnMarket,history.2026-05-24.event,history.2026-05-24.price,history.2026-05-24.listingType,history.2026-05-24.listedDate,history.2026-05-24.removedDate,history.2026-05-24.daysOnMarket,history.2025-05-27.event,history.2025-05-27.price,history.2025-05-27.listingType,history.2025-05-27.listedDate,history.2025-05-27.removedDate,history.2025-05-27.daysOnMarket,history.2025-07-02.event,history.2025-07-02.price,history.2025-07-02.listingType,history.2025-07-02.listedDate,history.2025-07-02.removedDate,history.2025-07-02.daysOnMarket,history.2026-03-27.event,history.2026-03-27.price,history.2026-03-27.listingType,history.2026-03-27.listedDate,history.2026-03-27.removedDate,history.2026-03-27.daysOnMarket,history.2025-03-31.event,history.2025-03-31.price,history.2025-03-31.listingType,history.2025-03-31.listedDate,history.2025-03-31.removedDate,history.2025-03-31.daysOnMarket,history.2026-03-03.event,history.2026-03-03.price,history.2026-03-03.listingType,history.2026-03-03.listedDate,history.2026-03-03.removedDate,history.2026-03-03.daysOnMarket,history.2026-03-26.event,history.2026-03-26.price,history.2026-03-26.listingType,history.2026-03-26.listedDate,history.2026-03-26.removedDate,history.2026-03-26.daysOnMarket,history.2026-04-09.event,history.2026-04-09.price,history.2026-04-09.listingType,history.2026-04-09.listedDate,history.2026-04-09.removedDate,history.2026-04-09.daysOnMarket,history.2026-05-23.event,history.2026-05-23.price,history.2026-05-23.listingType,history.2026-05-23.listedDate,history.2026-05-23.removedDate,history.2026-05-23.daysOnMarket,history.2026-05-31.event,history.2026-05-31.price,history.2026-05-31.listingType,history.2026-05-31.listedDate,history.2026-05-31.removedDate,history.2026-05-31.daysOnMarket,history.2025-01-07.event,history.2025-01-07.price,history.2025-01-07.listingType,history.2025-01-07.listedDate,history.2025-01-07.removedDate,history.2025-01-07.daysOnMarket,history.2025-12-03.event,history.2025-12-03.price,history.2025-12-03.listingType,history.2025-12-03.listedDate,history.2025-12-03.removedDate,history.2025-12-03.daysOnMarket,history.2026-06-16.event,history.2026-06-16.price,history.2026-06-16.listingType,history.2026-06-16.listedDate,history.2026-06-16.removedDate,history.2026-06-16.daysOnMarket,history.2026-03-31.event,history.2026-03-31.price,history.2026-03-31.listingType,history.2026-03-31.listedDate,history.2026-03-31.removedDate,history.2026-03-31.daysOnMarket,history.2026-04-15.event,history.2026-04-15.price,history.2026-04-15.listingType,history.2026-04-15.listedDate,history.2026-04-15.removedDate,history.2026-04-15.daysOnMarket,history.2026-01-28.event,history.2026-01-28.price,history.2026-01-28.listingType,history.2026-01-28.listedDate,history.2026-01-28.removedDate,history.2026-01-28.daysOnMarket,history.2026-06-26.event,history.2026-06-26.price,history.2026-06-26.listingType,history.2026-06-26.listedDate,history.2026-06-26.removedDate,history.2026-06-26.daysOnMarket,history.2026-01-20.event,history.2026-01-20.price,history.2026-01-20.listingType,history.2026-01-20.listedDate,history.2026-01-20.removedDate,history.2026-01-20.daysOnMarket,history.2026-02-10.event,history.2026-02-10.price,history.2026-02-10.listingType,history.2026-02-10.listedDate,history.2026-02-10.removedDate,history.2026-02-10.daysOnMarket,history.2026-03-06.event,history.2026-03-06.price,history.2026-03-06.listingType,history.2026-03-06.listedDate,history.2026-03-06.removedDate,history.2026-03-06.daysOnMarket,history.2026-02-12.event,history.2026-02-12.price,history.2026-02-12.listingType,history.2026-02-12.listedDate,history.2026-02-12.removedDate,history.2026-02-12.daysOnMarket,history.2026-07-18.event,history.2026-07-18.price,history.2026-07-18.listingType,history.2026-07-18.listedDate,history.2026-07-18.removedDate,history.2026-07-18.daysOnMarket,history.2025-08-02.event,history.2025-08-02.price,history.2025-08-02.listingType,history.2025-08-02.listedDate,history.2025-08-02.removedDate,history.2025-08-02.daysOnMarket,history.2026-04-28.event,history.2026-04-28.price,history.2026-04-28.listingType,history.2026-04-28.listedDate,history.2026-04-28.removedDate,history.2026-04-28.daysOnMarket
"4313-Longshore-Dr,-Land-O-Lakes,-FL-34639","4313 Longshore Dr, Land O Lakes, FL 34639",4313 Longshore Dr,,Land O Lakes,FL,12,34639,Pasco,101,28.219834,-82.4347,Single Family,3,2.0,1227,4030.0,1995.0,Active,1965,Standard,2026-08-07T00:00:00.000Z,,2021-02-20T01:52:15.962Z,2026-08-07T03:06:47.288Z,1,Pasco,Land O Lakes,40.0,Rental Listing,1965,Standard,2026-08-07T00:00:00.000Z,,1,,,,,,,,,,,,,,,,,,,,,,,,,,,,,,,,,,,,,,,,,,,,,,,,,,,,,,,,,,,,,,,,,,,,,,,,,,,,,,,,,,,,,,,,,,,,,,,,,,,,,,,,,,,,,,,,,,,,,,,,,,,,,,,,,,,,,,,,,,,,,,,,,,,,,,,,,,,,,,,,,,,,,,,,,,,,,,,,,,,,,,,,,,,,,,,,,,,,,,,,,,,,,,,,,,,,,,,,,,,,,,,,,,,,,,,,,,,,,,,,,,,,,,,,,,,,,,,,,,,,,,,,,,,,,,,,,,,,,,,,,,,,,,,,,,,,,,,,,,,,,,,,,,,,,,,,,,,,,,,,,,,,,,,,,,,,,,,,,,,,,,,,,,,,,,,,,,,,,,,,,,,,,,,,,,,,,,,,,,,,,,,,,,,,,,,,,,,,,,,,,,,,,,,,,,,,,,,,,,,,,,,,,,,,,,,,,,,,,,,,,,,,,,,,,,,,,,,,,,,,,,,,,,,,,,,,,,,,,,,,,,,,,,,,,,,,,,,,,,
"3457-Bellericay-Ln,-Land-O-Lakes,-FL-34638","3457 Bellericay Ln, Land O Lakes, FL 34638",3457 Bellericay Ln,,Land O Lakes,FL,12,34638,Pasco,101,28.208457,-82.533862,Single Family,3,2.0,1158,4400.0,2009.0,Active,2040,Standard,2026-08-07T00:00:00.000Z,,2020-11-23T02:21:55.276Z,2026-08-07T03:06:47.286Z,1,Pasco,Land O Lakes,,Rental Listing,2040,Standard,2026-08-07T00:00:00.000Z,,1,,,,,,,,,,,,,,,,,,,,,,,,,,,,,,,,,,,,,,,,,,,,,,,,,,,,,,,,,,,,,,,,,,,,,,,,,,,,,,,,,,,,,,,,,,,,,,,,,,,,,,,,,,,,,,,,,,,,,,,,,,,,,,,,,,,,,,,,,,,,,,,,,,,,,,,,,,,,,,,,,,,,,,,,,,,,,,,,,,,,,,,,,,,,,,,,,,,,,,,,,,,,,,,,,,,,,,,,,,,,,,,,,,,,,,,,,,,,,,,,,,,,,,,,,,,,,,,,,,,,,,,,,,,,,,,,,,,,,,,,,,,,,,,,,,,,,,,,,,,,,,,,,,,,,,,,,,,,,,,,,,,,,,,,,,,,,,,,,,,,,,,,,,,,,,,,,,,,,,,,,,,,,,,,,,,,,,,,,,,,,,,,,,,,,,,,,,,,,,,,,,,,,,,,,,,,,,,,,,,,,,,,,,,,,,,,,,,,,,,,,,,,,,,,,,,,,,,,,,,,,,,,,,,,,,,,,,,,,,,,,,,,,,,,,,,,,,,,,,
"25924-Terrawood-Loop,-Land-O-Lakes,-FL-34639","25924 Terrawood Loop, Land O Lakes, FL 34639",25924 Terrawood Loop,,Land O Lakes,FL,12,34639,Pasco,101,28.2221,-82.387022,Single Family,3,2.0,1340,,,Active,2105,Standard,2026-08-07T00:00:00.000Z,,2023-10-28T00:00:00.000Z,2026-08-07T03:06:47.281Z,1,Pasco,Land O Lakes,,Rental Listing,2105,Standard,2026-08-07T00:00:00.000Z,,1,Rental Listing,2100.0,Standard,2026-07-31T00:00:00.000Z,2026-08-01T00:00:00.000Z,1.0,,,,,,,,,,,,,,,,,,,,,,,,,,,,,,,,,,,,,,,,,,,,,,,,,,,,,,,,,,,,,,,,,,,,,,,,,,,,,,,,,,,,,,,,,,,,,,,,,,,,,,,,,,,,,,,,,,,,,,,,,,,,,,,,,,,,,,,,,,,,,,,,,,,,,,,,,,,,,,,,,,,,,,,,,,,,,,,,,,,,,,,,,,,,,,,,,,,,,,,,,,,,,,,,,,,,,,,,,,,,,,,,,,,,,,,,,,,,,,,,,,,,,,,,,,,,,,,,,,,,,,,,,,,,,,,,,,,,,,,,,,,,,,,,,,,,,,,,,,,,,,,,,,,,,,,,,,,,,,,,,,,,,,,,,,,,,,,,,,,,,,,,,,,,,,,,,,,,,,,,,,,,,,,,,,,,,,,,,,,,,,,,,,,,,,,,,,,,,,,,,,,,,,,,,,,,,,,,,,,,,,,,,,,,,,,,,,,,,,,,,,,,,,,,,,,,,,,,,,,,,,,,,,,,,,,,,,,,,,,,,,,,,,,,,,,,
"5743-Eden-Ln,-Land-O-Lakes,-FL-34639","5743 Eden Ln, Land O Lakes, FL 34639",5743 Eden Ln,,Land O Lakes,FL,12,34639,Pasco,101,28.240479,-82.449326,Single Family,3,2.0,1288,,,Active,2060,Standard,2026-08-07T00:00:00.000Z,,2022-12-07T02:44:44.777Z,2026-08-07T03:06:47.244Z,1,Pasco,Land O Lakes,,Rental Listing,2060,Standard,2026-08-07T00:00:00.000Z,,1,,,,,,,Rental Listing,2095.0,Standard,2025-06-01T00:00:00.000Z,2025-06-02T00:00:00.000Z,1.0,Rental Listing,1960.0,Standard,2025-07-25T00:00:00.000Z,2025-07-26T00:00:00.000Z,1.0,,,,,,,,,,,,,,,,,,,,,,,,,,,,,,,,,,,,,,,,,,,,,,,,,,,,,,,,,,,,,,,,,,,,,,,,,,,,,,,,,,,,,,,,,,,,,,,,,,,,,,,,,,,,,,,,,,,,,,,,,,,,,,,,,,,,,,,,,,,,,,,,,,,,,,,,,,,,,,,,,,,,,,,,,,,,,,,,,,,,,,,,,,,,,,,,,,,,,,,,,,,,,,,,,,,,,,,,,,,,,,,,,,,,,,,,,,,,,,,,,,,,,,,,,,,,,,,,,,,,,,,,,,,,,,,,,,,,,,,,,,,,,,,,,,,,,,,,,,,,,,,,,,,,,,,,,,,,,,,,,,,,,,,,,,,,,,,,,,,,,,,,,,,,,,,,,,,,,,,,,,,,,,,,,,,,,,,,,,,,,,,,,,,,,,,,,,,,,,,,,,,,,,,,,,,,,,,,,,,,,,,,,,,,,,,,,,,,,,,,,,,,,,,,,,,,,,,,,,,,,,,,,,,,,,,,,,,,,,,,
"4786-Ballantrae-Blvd,-Land-O-Lakes,-FL-34638","4786 Ballantrae Blvd, Land O Lakes, FL 34638",4786 Ballantrae Blvd,,Land O Lakes,FL,12,34638,Pasco,101,28.223013,-82.522079,Single Family,3,2.0,2101,6534.0,2020.0,Active,3200,Standard,2026-08-07T00:00:00.000Z,,2023-05-04T00:00:00.000Z,2026-08-07T03:05:40.079Z,1,Pasco,Land O Lakes,48.0,Rental Listing,3200,Standard,2026-08-07T00:00:00.000Z,,1,,,,,,,,,,,,,,,,,,,,,,,,,,,,,,,,,,,,,,,,,,,,,,,,,,,,,,,,,,,,,,,,,,,,,,,,,,,,,,,,,,,,,,,,,,,,,,,,,,,,,,,,,,,,,,,,,,,,,,,,,,,,,,,,,,,,,,,,,,,,,,,,,,,,,,,,,,,,,,,,,,,,,,,,,,,,,,,,,,,,,,,,,,,,,,,,,,,,,,,,,,,,,,,,,,,,,,,,,,,,,,,,,,,,,,,,,,,,,,,,,,,,,,,,,,,,,,,,,,,,,,,,,,,,,,,,,,,,,,,,,,,,,,,,,,,,,,,,,,,,,,,,,,,,,,,,,,,,,,,,,,,,,,,,,,,,,,,,,,,,,,,,,,,,,,,,,,,,,,,,,,,,,,,,,,,,,,,,,,,,,,,,,,,,,,,,,,,,,,,,,,,,,,,,,,,,,,,,,,,,,,,,,,,,,,,,,,,,,,,,,,,,,,,,,,,,,,,,,,,,,,,,,,,,,,,,,,,,,,,,,,,,,,,,,,,,,,,,,,
"21027-Voyager-Blvd,-Apt-K8,-Land-O-Lakes,-FL-34638","21027 Voyager Blvd, Apt K8, Land O Lakes, FL 34638",21027 Voyager Blvd,Apt K8,Land O Lakes,FL,12,34638,Pasco,101,28.216344,-82.467837,Condo,2,1.0,800,,,Active,1325,Standard,2026-08-07T00:00:00.000Z,,2026-06-28T00:00:00.000Z,2026-08-07T03:05:40.059Z,1,Pasco,Land O Lakes,,Rental Listing,1325,Standard,2026-08-07T00:00:00.000Z,,1,,,,,,,,,,,,,,,,,,,Rental Listing,1325.0,Standard,2026-07-21T00:00:00.000Z,2026-07-22T00:00:00.000Z,1.0,,,,,,,,,,,,,,,,,,,,,,,,,,,,,,,,,,,,,,,,,,,,,,,,,,,,,,,,,,,,,,,,,,,,,,,,,,,,,,,,,,,,,,,,,,,,,,,,,,,,,,,,,,,,,,,,,,,,,,,,,,,,,,,,,,,,,,,,,,,,,,,,,,,,,,,,,,,,,,,,,,,,,,,,,,,,,,,,,,,,,,,,,,,,,,,,,,,,,,,,,,,,,,,,,,,,,,,,,,,,,,,,,,,,,,,,,,,,,,,,,,,,,,,,,,,,,,,,,,,,,,,,,,,,,,,,,,,,,,,,,,,,,,,,,,,,,,,,,,,,,,,,,,,,,,,,,,,,,,,,,,,,,,,,,,,,,,,,,,,,,,,,,,,,,,,,,,,,,,,,,,,,,,,,,,,,,,,,,,,,,,,,,,,,,,,,,,,,,,,,,,,,,,,,,,,,,,,,,,,,,,,,,,,,,,,,,,,,,,,,,,,,,,,,,,,,,,,,,,,,,,,,,,,,,,,,,,
"17515-Sandgate-Ct,-Land-O-Lakes,-FL-34638","17515 Sandgate Ct, Land O Lakes, FL 34638",17515 Sandgate Ct,,Land O Lakes,FL,12,34638,Pasco,101,28.205368,-82.525882,Single Family,3,3.0,2112,,,Active,2400,Standard,2026-08-07T00:00:00.000Z,,2020-03-14T03:32:32.613Z,2026-08-07T03:05:40.044Z,1,Pasco,Land O Lakes,,Rental Listing,2400,Standard,2026-08-07T00:00:00.000Z,,1,,,,,,,,,,,,,,,,,,,,,,,,,Rental Listing,2550.0,Standard,2026-03-14T00:00:00.000Z,2026-03-15T00:00:00.000Z,1.0,Rental Listing,2550.0,Standard,2026-04-22T00:00:00.000Z,2026-04-23T00:00:00.000Z,1.0,Rental Listing,2550.0,Standard,2026-06-02T00:00:00.000Z,2026-06-03T00:00:00.000Z,1.0,,,,,,,,,,,,,,,,,,,,,,,,,,,,,,,,,,,,,,,,,,,,,,,,,,,,,,,,,,,,,,,,,,,,,,,,,,,,,,,,,,,,,,,,,,,,,,,,,,,,,,,,,,,,,,,,,,,,,,,,,,,,,,,,,,,,,,,,,,,,,,,,,,,,,,,,,,,,,,,,,,,,,,,,,,,,,,,,,,,,,,,,,,,,,,,,,,,,,,,,,,,,,,,,,,,,,,,,,,,,,,,,,,,,,,,,,,,,,,,,,,,,,,,,,,,,,,,,,,,,,,,,,,,,,,,,,,,,,,,,,,,,,,,,,,,,,,,,,,,,,,,,,,,,,,,,,,,,,,,,,,,,,,,,,,,,,,,,,,,,,,,,,,,,,,,,,,,,,,,,,,,,,,,,,,,,,,,,,,,,,,,,,,,,,,,,,,,,,,,,,,,,,,,,,,,,,,,,,,,,,,,,,,,,,,,,,,,,,,,,,,,,,,,,,,,,,,,,
"9320-Black-Thorn-Loop,-Land-O-Lakes,-FL-34638","9320 Black Thorn Loop, Land O Lakes, FL 34638",9320 Black Thorn Loop,,Land O Lakes,FL,12,34638,Pasco,101,28.292778,-82.496181,Single Family,3,2.0,1830,6098.0,2005.0,Active,2225,Standard,2026-08-07T00:00:00.000Z,,2021-08-04T01:42:18.783Z,2026-08-07T03:05:40.027Z,1,Pasco,Land O Lakes,42.0,Rental Listing,2225,Standard,2026-08-07T00:00:00.000Z,,1,,,,,,,,,,,,,,,,,,,,,,,,,,,,,,,,,,,,,,,,,,,Rental Listing,2340.0,Standard,2021-06-07T00:00:00.000Z,2026-07-28T00:00:00.000Z,1877.0,,,,,,,,,,,,,,,,,,,,,,,,,,,,,,,,,,,,,,,,,,,,,,,,,,,,,,,,,,,,,,,,,,,,,,,,,,,,,,,,,,,,,,,,,,,,,,,,,,,,,,,,,,,,,,,,,,,,,,,,,,,,,,,,,,,,,,,,,,,,,,,,,,,,,,,,,,,,,,,,,,,,,,,,,,,,,,,,,,,,,,,,,,,,,,,,,,,,,,,,,,,,,,,,,,,,,,,,,,,,,,,,,,,,,,,,,,,,,,,,,,,,,,,,,,,,,,,,,,,,,,,,,,,,,,,,,,,,,,,,,,,,,,,,,,,,,,,,,,,,,,,,,,,,,,,,,,,,,,,,,,,,,,,,,,,,,,,,,,,,,,,,,,,,,,,,,,,,,,,,,,,,,,,,,,,,,,,,,,,,,,,,,,,,,,,,,,,,,,,,,,,,,,,,,,,,,,,,,,,,,,,,,,,,,,,,,,,,,,,,,,,,,,,,,,
"5641-Sheer-Bliss-Loop,-Land-O-Lakes,-FL-34639","5641 Sheer Bliss Loop, Land O Lakes, FL 34639",5641 Sheer Bliss Loop,,Land O Lakes,FL,12,34639,Pasco,101,28.239608,-82.442033,Single Family,4,2.0,1938,,,Active,2245,Standard,2026-08-07T00:00:00.000Z,,2026-07-31T00:00:00.000Z,2026-08-07T03:05:40.013Z,1,Pasco,Land O Lakes,,Rental Listing,2245,Standard,2026-08-07T00:00:00.000Z,,1,,,,,,,,,,,,,,,,,,,,,,,,,,,,,,,,,,,,,,,,,,,,,,,,,,,,,,,,,,,,,,,,,,,,,,,,,,,,,,,,,,,,,,,,,,,,,,,,,,,,,,,,,,,,,,,,,,,,,,,,,,,,,,,,,,,,,,,,,,,,,,,,,,,,,,,,,,,,,,,,,,,,,,,,,,,,,,,,,,,,,,,,,,,,,,,,,,,,,,,,,,,,,,,,,,,,,,,,,,,,,,,,,,,,,,,,,,,,,,,,,,,,,,,,,,,,,,,,,,,,,,,,,,,,,,,,,,,,,,,,,,,,,,,,,,,,,,,,,,,,,,,,,,,,,,,,,,,,,,,,,,,,,,,,,,,,,,,,,,,,,,,,,,,,,,,,,,,,,,,,,,,,,,,,,,,,,,,,,,,,,,,,,,,,,,,,,,,,,,,,,,,,,,,,,,,,,,,,,,,,,,,,,,,,,,,,,,,,,,,,,,,,,,,,,,,,,,,,,,,,,,,,,,,,,,,,,,,,,,,,,,,,,,,,,,,,,,,,,,
"18025-Cypress-Bay-Pkwy,-Land-O-Lakes,-FL-34638","18025 Cypress Bay Pkwy, Land O Lakes, FL 34638",18025 Cypress Bay Pkwy,,Land O Lakes,FL,12,34638,Pasco,101,28.303555,-82.516462,Single Family,3,2.0,1484,,2008.0,Active,2130,Standard,2026-08-07T00:00:00.000Z,,2021-06-15T00:41:15.594Z,2026-08-07T03:05:40.008Z,1,Pasco,Land O Lakes,,Rental Listing,2130,Standard,2026-08-07T00:00:00.000Z,,1,,,,,,,,,,,,,,,,,,,,,,,,,,,,,,,,,,,,,,,,,,,,,,,,,,,,,,,,,,,,,,,,,,,,,,,,,,,,,,,,,,,,,,,,,,,,,,,,,,,,,,,,,,,,,,,,,,,,,,,,,,,,,,,,,,,,,,,,,,,,,,,,,,,,,,,,,,,,,,,,,,,,,,,,,,,,,,,,,,,,,,,,,,,,,,,,,,,,,,,,,,,,,,,,,,,,,,,,,,,,,,,,,,,,,,,,,,,,,,,,,,,,,,,,,,,,,,,,,,,,,,,,,,,,,,,,,,,,,,,,,,,,,,,,,,,,,,,,,,,,,,,,,,,,,,,,,,,,,,,,,,,,,,,,,,,,,,,,,,,,,,,,,,,,,,,,,,,,,,,,,,,,,,,,,,,,,,,,,,,,,,,,,,,,,,,,,,,,,,,,,,,,,,,,,,,,,,,,,,,,,,,,,,,,,,,,,,,,,,,,,,,,,,,,,,,,,,,,,,,,,,,,,,,,,,,,,,,,,,,,,,,,,,,,,,,,,,,,,,
"17745-Ayrshire-Blvd,-Land-O-Lakes,-FL-34638","17745 Ayrshire Blvd, Land O Lakes, FL 34638",17745 Ayrshire Blvd,,Land O Lakes,FL,12,34638,Pasco,101,28.202116,-82.521777,Single Family,4,2.5,2539,,,Active,2795,Standard,2026-08-07T00:00:00.000Z,,2019-11-04T14:04:11.127Z,2026-08-07T03:05:40.007Z,1,Pasco,Land O Lakes,,Rental Listing,2795,Standard,2026-08-07T00:00:00.000Z,,1,,,,,,,,,,,,,Rental Listing,2590.0,Standard,2025-07-25T00:00:00.000Z,2025-07-26T00:00:00.000Z,1.0,,,,,,,,,,,,,,,,,,,,,,,,,,,,,,,Rental Listing,2795.0,Standard,2026-07-26T00:00:00.000Z,2026-07-27T00:00:00.000Z,1.0,,,,,,,,,,,,,,,,,,,,,,,,,,,,,,,,,,,,,,,,,,,,,,,,,,,,,,,,,,,,,,,,,,,,,,,,,,,,,,,,,,,,,,,,,,,,,,,,,,,,,,,,,,,,,,,,,,,,,,,,,,,,,,,,,,,,,,,,,,,,,,,,,,,,,,,,,,,,,,,,,,,,,,,,,,,,,,,,,,,,,,,,,,,,,,,,,,,,,,,,,,,,,,,,,,,,,,,,,,,,,,,,,,,,,,,,,,,,,,,,,,,,,,,,,,,,,,,,,,,,,,,,,,,,,,,,,,,,,,,,,,,,,,,,,,,,,,,,,,,,,,,,,,,,,,,,,,,,,,,,,,,,,,,,,,,,,,,,,,,,,,,,,,,,,,,,,,,,,,,,,,,,,,,,,,,,,,,,,,,,,,,,,,,,,,,,,,,,,,,,,,,,,,,,,,,,,,,,,,,,,,,,,,,,,,,,,,,,,,,,,,,,
"22744-Robins-Nest-Ct,-Land-O-Lakes,-FL-34639","22744 Robins Nest Ct, Land O Lakes, FL 34639",22744 Robins Nest Ct,,Land O Lakes,FL,12,34639,Pasco,101,28.214529,-82.439319,Single Family,4,3.0,2930,,,Active,3345,Standard,2026-08-07T00:00:00.000Z,,2020-07-17T03:35:37.422Z,2026-08-07T03:05:40.007Z,1,Pasco,Land O Lakes,,Rental Listing,3345,Standard,2026-08-07T00:00:00.000Z,,1,,,,,,,,,,,,,,,,,,,,,,,,,,,,,,,,,,,,,,,,,,,,,,,,,Rental Listing,3345.0,Standard,2026-07-26T00:00:00.000Z,2026-07-27T00:00:00.000Z,1.0,,,,,,,,,,,,,,,,,,,,,,,,,,,,,,,,,,,,,,,,,,,,,,,,,,,,,,,,,,,,,,,,,,,,,,,,,,,,,,,,,,,,,,,,,,,,,,,,,,,,,,,,,,,,,,,,,,,,,,,,,,,,,,,,,,,,,,,,,,,,,,,,,,,,,,,,,,,,,,,,,,,,,,,,,,,,,,,,,,,,,,,,,,,,,,,,,,,,,,,,,,,,,,,,,,,,,,,,,,,,,,,,,,,,,,,,,,,,,,,,,,,,,,,,,,,,,,,,,,,,,,,,,,,,,,,,,,,,,,,,,,,,,,,,,,,,,,,,,,,,,,,,,,,,,,,,,,,,,,,,,,,,,,,,,,,,,,,,,,,,,,,,,,,,,,,,,,,,,,,,,,,,,,,,,,,,,,,,,,,,,,,,,,,,,,,,,,,,,,,,,,,,,,,,,,,,,,,,,,,,,,,,,,,,,,,,,,,,,,,,,,,,
"7108-Kendall-Heath-Way,-Land-O-Lakes,-FL-34637","7108 Kendall Heath Way, Land O Lakes, FL 34637",7108 Kendall Heath Way,,Land O Lakes,FL,12,34637,Pasco,101,28.260858,-82.452532,Single Family,4,2.0,1415,,,Active,2195,Standard,2026-08-07T00:00:00.000Z,,2026-06-18T00:00:00.000Z,2026-08-07T03:05:40.005Z,1,Pasco,Land O Lakes,,Rental Listing,2195,Standard,2026-08-07T00:00:00.000Z,,1,,,,,,,,,,,,,,,,,,,,,,,,,,,,,,,,,,,,,,,,,,,,,,,,,,,,,,,Rental Listing,2195.0,Standard,2026-06-18T00:00:00.000Z,2026-06-19T00:00:00.000Z,1.0,,,,,,,,,,,,,,,,,,,,,,,,,,,,,,,,,,,,,,,,,,,,,,,,,,,,,,,,,,,,,,,,,,,,,,,,,,,,,,,,,,,,,,,,,,,,,,,,,,,,,,,,,,,,,,,,,,,,,,,,,,,,,,,,,,,,,,,,,,,,,,,,,,,,,,,,,,,,,,,,,,,,,,,,,,,,,,,,,,,,,,,,,,,,,,,,,,,,,,,,,,,,,,,,,,,,,,,,,,,,,,,,,,,,,,,,,,,,,,,,,,,,,,,,,,,,,,,,,,,,,,,,,,,,,,,,,,,,,,,,,,,,,,,,,,,,,,,,,,,,,,,,,,,,,,,,,,,,,,,,,,,,,,,,,,,,,,,,,,,,,,,,,,,,,,,,,,,,,,,,,,,,,,,,,,,,,,,,,,,,,,,,,,,,,,,,,,,,,,,,,,,,,,,,,,,,,,,,,,,,,,,,,,,,,,,,,,,,,,
"17634-Terrazzo-Way,-Land-O-Lakes,-FL-34638","17634 Terrazzo Way, Land O Lakes, FL 34638",17634 Terrazzo Way,,Land O Lakes,FL,12,34638,Pasco,101,28.218118,-82.525136,Townhouse,3,2.0,1755,,2017.0,Active,2600,Standard,2026-08-07T00:00:00.000Z,,2026-07-23T00:00:00.000Z,2026-08-07T03:05:40.004Z,1,Pasco,Land O Lakes,,Rental Listing,2600,Standard,2026-08-07T00:00:00.000Z,,1,,,,,,,,,,,,,,,,,,,,,,,,,,,,,,,,,,,,,,,,,,,,,,,,,,,,,,,,,,,,,,,,,,,,,,,,,,,,,,,,,,,,,,,,,,,,,,,,,,,,,,,,,,,,,,,,,,,,,,,,,,,,,,,,,,,,,,,,,,,,,,,,,,,,,,,,,,,,,,,,,,,,,,,,,,,,,,,,,,,,,,,,,,,,,,,,,,,,,,,,,,,,,,,,,,,,,,,,,,,,,,,,,,,,,,,,,,,,,,,,,,,,,,,,,,,,,,,,,,,,,,,,,,,,,,,,,,,,,,,,,,,,,,,,,,,,,,,,,,,,,,,,,,,,,,,,,,,,,,,,,,,,,,,,,,,,,,,,,,,,,,,,,,,,,,,,,,,,,,,,,,,,,,,,,,,,,,,,,,,,,,,,,,,,,,,,,,,,,,,,,,,,,,,,,,,,,,,,,,,,,,,,,,,,,,,,,,,,,,,,,,,,,,,,,,,,,,,,,,,,,,,,,,,,,,,,,,,,,,,,,,,,,,,,,,,,,,,,,,
"9253-Black-Thorn-Loop,-Land-O-Lakes,-FL-34638","9253 Black Thorn Loop, Land O Lakes, FL 34638",9253 Black Thorn Loop,,Land O Lakes,FL,12,34638,Pasco,101,28.292476,-82.495643,Single Family,4,2.0,1824,,2005.0,Active,2295,Standard,2026-08-07T00:00:00.000Z,,2021-02-05T00:37:37.882Z,2026-08-07T03:05:40.002Z,1,Pasco,Land O Lakes,,Rental Listing,2295,Standard,2026-08-07T00:00:00.000Z,,1,,,,,,,,,,,,,,,,,,,,,,,,,,,,,,,,,,,,,,,,,,,,,,,,,,,,,,,,,,,,,,,,,,,,,,,,,,,,,,,,,,,,,,,,,,,,,,,,,,,,,,,,,,,,,,,,,,,,,,,,,,,,,,,,,,,,,,,,,,,,,,,,,,,,,,,,,,,,,,,,,,,,,,,,,,,,,,,,,,,,,,,,,,,,,,,,,,,,,,,,,,,,,,,,,,,,,,,,,,,,,,,,,,,,,,,,,,,,,,,,,,,,,,,,,,,,,,,,,,,,,,,,,,,,,,,,,,,,,,,,,,,,,,,,,,,,,,,,,,,,,,,,,,,,,,,,,,,,,,,,,,,,,,,,,,,,,,,,,,,,,,,,,,,,,,,,,,,,,,,,,,,,,,,,,,,,,,,,,,,,,,,,,,,,,,,,,,,,,,,,,,,,,,,,,,,,,,,,,,,,,,,,,,,,,,,,,,,,,,,,,,,,,,,,,,,,,,,,,,,,,,,,,,,,,,,,,,,,,,,,,,,,,,,,,,,,,,,,,,
"2330-Tioga-Dr,-Land-O-Lakes,-FL-34639","2330 Tioga Dr, Land O Lakes, FL 34639",2330 Tioga Dr,,Land O Lakes,FL,12,34639,Pasco,101,28.190896,-82.416006,Single Family,3,2.0,1448,,,Active,2295,Standard,2026-08-07T00:00:00.000Z,,2022-06-09T01:15:53.921Z,2026-08-07T03:05:39.997Z,1,Pasco,Land O Lakes,,Rental Listing,2295,Standard,2026-08-07T00:00:00.000Z,,1,,,,,,,,,,,,,,,,,,,,,,,,,,,,,,,,,,,,,,,,,,,,,,,,,,,,,,,,,,,,,,,,,,,,,,,,,,,,,,,,,,,,,,,,,,,,,,,,,,,,,,,,,,,,,,,,,,,,,,,,,,,,,,,,,,,,,,,,,,,,,,,,,,,,,,,,,,,,,,,,,,,,,,,,,,,,,,,,,,,,,,,,,,,,,,,,,,,,,,,,,,,,,,,,,,,,,,,,,,,,,,,,,,,,,,,,,,,,,,,,,,,,,,,,,,,,,,,,,,,,,,,,,,,,,,,,,,,,,,,,,,,,,,,,,,,,,,,,,,,,,,,,,,,,,,,,,,,,,,,,,,,,,,,,,,,,,,,,,,,,,,,,,,,,,,,,,,,,,,,,,,,,,,,,,,,,,,,,,,,,,,,,,,,,,,,,,,,,,,,,,,,,,,,,,,,,,,,,,,,,,,,,,,,,,,,,,,,,,,,,,,,,,,,,,,,,,,,,,,,,,,,,,,,,,,,,,,,,,,,,,,,,,,,,,,,,,,,,,,
"2546-Bartolo-Dr,-Land-O-Lakes,-FL-34639","2546 Bartolo Dr, Land O Lakes, FL 34639",2546 Bartolo Dr,,Land O Lakes,FL,12,34639,Pasco,101,28.193581,-82.419453,Single Family,3,2.0,1979,,,Active,2695,Standard,2026-08-07T00:00:00.000Z,,2026-08-05T00:00:00.000Z,2026-08-07T03:05:39.996Z,1,Pasco,Land O Lakes,,Rental Listing,2695,Standard,2026-08-07T00:00:00.000Z,,1,,,,,,,,,,,,,,,,,,,,,,,,,,,,,,,,,,,,,,,,,,,,,,,,,,,,,,,,,,,,,,,,,,,,,,,,,,,,,,,,,,,,,,,,,,,,,,,,,,,,,,,,,,,,,,,,,,,,,,,,,,,,,,,,,,,,,,,,,,,,,,,,,,,,,,,,,,,,,,,,,,,,,,,,,,,,,,,,,,,,,,,,,,,,,,,,,,,,,,,,,,,,,,,,,,,,,,,,,,,,,,,,,,,,,,,,,,,,,,,,,,,,,,,,,,,,,,,,,,,,,,,,,,,,,,,,,,,,,,,,,,,,,,,,,,,,,,,,,,,,,,,,,,,,,,,,,,,,,,,,,,,,,,,,,,,,,,,,,,,,,,,,,,,,,,,,,,,,,,,,,,,,,,,,,,,,,,,,,,,,,,,,,,,,,,,,,,,,,,,,,,,,,,,,,,,,,,,,,,,,,,,,,,,,,,,,,,,,,,,,,,,,,,,,,,,,,,,,,,,,,,,,,,,,,,,,,,,,,,,,,,,,,,,,,,,,,,,,,,
"17051-Lixberry-Way,-Land-O-Lakes,-FL-34638","17051 Lixberry Way, Land O Lakes, FL 34638",17051 Lixberry Way,,Land O Lakes,FL,12,34638,Pasco,101,28.208982,-82.533038,Single Family,4,2.5,1892,,2008.0,Active,2415,Standard,2026-08-07T00:00:00.000Z,,2019-07-09T21:02:03.431Z,2026-08-07T03:05:39.994Z,1,Pasco,Land O Lakes,,Rental Listing,2415,Standard,2026-08-07T00:00:00.000Z,,1,,,,,,,,,,,,,,,,,,,,,,,,,,,,,,,,,,,,,,,,,,,,,,,,,,,,,,,,,,,,,,,,,,,,,,,,,,,,,,,,,,,,,,,,,,,,,,,,,,,,,,,,,,,,,,,,,,,,,,,,,,,,,,,,,,,,,,,,,,,,,,,,,,,,,,,,,,,,,,,,,,,,,,,,,,,,,,,,,,,,,,,,,,,,,,,,,,,,,,,,,,,,,,,,,,,,,,,,,,,,,,,,,,,,,,,,,,,,,,,,,,,,,,,,,,,,,,,,,,,,,,,,,,,,,,,,,,,,,,,,,,,,,,,,,,,,,,,,,,,,,,,,,,,,,,,,,,,,,,,,,,,,,,,,,,,,,,,,,,,,,,,,,,,,,,,,,,,,,,,,,,,,,,,,,,,,,,,,,,,,,,,,,,,,,,,,,,,,,,,,,,,,,,,,,,,,,,,,,,,,,,,,,,,,,,,,,,,,,,,,,,,,,,,,,,,,,,,,,,,,,,,,,,,,,,,,,,,,,,,,,,,,,,,,,,,,,,,,,,
"18447-Red-Willow-Way,-Land-O-Lakes,-FL-34638","18447 Red Willow Way, Land O Lakes, FL 34638",18447 Red Willow Way,,Land O Lakes,FL,12,34638,Pasco,101,28.301633,-82.51064,Single Family,3,2.0,2150,,,Active,2595,Standard,2026-08-07T00:00:00.000Z,,2020-12-12T01:03:52.073Z,2026-08-07T03:05:39.989Z,1,Pasco,Land O Lakes,,Rental Listing,2595,Standard,2026-08-07T00:00:00.000Z,,1,,,,,,,,,,,,,,,,,,,,,,,,,,,,,,,,,,,,,,,,,,,,,,,,,,,,,,,,,,,,,,,,,,,,,,,,,,,,,,,,,,,,,,,,,,,,,,,,,,,,,,,,,,,,,,,,,,,,,,,,,,,,,,,,,,,,,,,,,,,,,,,,,,,,,,,,,,,,,,,,,,,,,,,,,,,,,,,,,,,,,,,,,,,,,,,,,,,,,,,,,,,,,,,,,,,,,,,,,,,,,,,,,,,,,,,,,,,,,,,,,,,,,,,,,,,,,,,,,,,,,,,,,,,,,,,,,,,,,,,,,,,,,,,,,,,,,,,,,,,,,,,,,,,,,,,,,,,,,,,,,,,,,,,,,,,,,,,,,,,,,,,,,,,,,,,,,,,,,,,,,,,,,,,,,,,,,,,,,,,,,,,,,,,,,,,,,,,,,,,,,,,,,,,,,,,,,,,,,,,,,,,,,,,,,,,,,,,,,,,,,,,,,,,,,,,,,,,,,,,,,,,,,,,,,,,,,,,,,,,,,,,,,,,,,,,,,,,,,,
"7742-Citrus-Blossom-Dr,-Land-O-Lakes,-FL-34637","7742 Citrus Blossom Dr, Land O Lakes, FL 34637",7742 Citrus Blossom Dr,,Land O Lakes,FL,12,34637,Pasco,101,28.270541,-82.46746,Single Family,3,2.0,1359,,2003.0,Active,2085,Standard,2026-08-07T00:00:00.000Z,,2018-09-16T05:05:47.000Z,2026-08-07T03:05:39.987Z,1,Pasco,Land O Lakes,,Rental Listing,2085,Standard,2026-08-07T00:00:00.000Z,,1,,,,,,,,,,,,,,,,,,,,,,,,,,,,,,,,,,,,,,,,,,,,,,,,,,,,,,,,,,,,,,,,,,,,,,,,,,,,,,,,,,,,,,,,,,,,,,,,,,,,,,,,,,,,,,,,,,,,,,,,,,,,,,,,,,,,,,,,,,,,,,,,,,,,,,,,,,,,,,,,,,,,,,,,,,,,,,,,,,,,,,,,,,,,,,,,,,,,,,,,,,,,,,,,,,,,,,,,,,,,,,,,,,,,,,,,,,,,,,,,,,,,,,,,,,,,,,,,,,,,,,,,,,,,,,,,,,,,,,,,,,,,,,,,,,,,,,,,,,,,,,,,,,,,,,,,,,,,,,,,,,,,,,,,,,,,,,,,,,,,,,,,,,,,,,,,,,,,,,,,,,,,,,,,,,,,,,,,,,,,,,,,,,,,,,,,,,,,,,,,,,,,,,,,,,,,,,,,,,,,,,,,,,,,,,,,,,,,,,,,,,,,,,,,,,,,,,,,,,,,,,,,,,,,,,,,,,,,,,,,,,,,,,,,,,,,,,,,,,
"15833-Pond-Rush-Ct,-Land-O-Lakes,-FL-34638","15833 Pond Rush Ct, Land O Lakes, FL 34638",15833 Pond Rush Ct,,Land O Lakes,FL,12,34638,Pasco,101,28.311841,-82.553209,Single Family,3,2.0,2415,,,Active,2195,Standard,2026-08-07T00:00:00.000Z,,2019-12-03T02:04:03.265Z,2026-08-07T03:05:39.984Z,1,Pasco,Land O Lakes,,Rental Listing,2195,Standard,2026-08-07T00:00:00.000Z,,1,,,,,,,,,,,,,,,,,,,,,,,,,,,,,,,,,,,,,,,,,,,,,,,,,,,,,,,,,,,,,Rental Listing,2560.0,Standard,2025-01-24T00:00:00.000Z,2025-01-25T00:00:00.000Z,1.0,Rental Listing,2510.0,Standard,2025-03-07T00:00:00.000Z,2025-03-08T00:00:00.000Z,1.0,Rental Listing,2070.0,Standard,2025-05-07T00:00:00.000Z,2025-05-08T00:00:00.000Z,1.0,Rental Listing,2040.0,Standard,2025-05-17T00:00:00.000Z,2025-05-18T00:00:00.000Z,1.0,,,,,,,,,,,,,,,,,,,,,,,,,,,,,,,,,,,,,,,,,,,,,,,,,,,,,,,,,,,,,,,,,,,,,,,,,,,,,,,,,,,,,,,,,,,,,,,,,,,,,,,,,,,,,,,,,,,,,,,,,,,,,,,,,,,,,,,,,,,,,,,,,,,,,,,,,,,,,,,,,,,,,,,,,,,,,,,,,,,,,,,,,,,,,,,,,,,,,,,,,,,,,,,,,,,,,,,,,,,,,,,,,,,,,,,,,,,,,,,,,,,,,,,,,,,,,,,,,,,,,,,,,,,,,,,,,,,,,,,,,,,,,,,,,,,,,,,,,,,,,,,,,,,,,,,,,,,,,,,,,,,,,,,,,,,,,,,,,,,,,,,,,,,,,,,,,,,,,,,,,,,,,,,,,,,,,,,,,,,,,,,,,,,,,,,,,,,,,,,,,,,,,,,,,,,,,,
"18525-Dajana-Ave,-Land-O-Lakes,-FL-34638","18525 Dajana Ave, Land O Lakes, FL 34638",18525 Dajana Ave,,Land O Lakes,FL,12,34638,Pasco,101,28.299055,-82.50938,Single Family,3,2.0,1489,,,Active,2125,Standard,2026-08-07T00:00:00.000Z,,2021-01-21T01:15:55.037Z,2026-08-07T03:05:39.982Z,1,Pasco,Land O Lakes,,Rental Listing,2125,Standard,2026-08-07T00:00:00.000Z,,1,Rental Listing,2125.0,Standard,2026-07-31T00:00:00.000Z,2026-08-01T00:00:00.000Z,1.0,,,,,,,,,,,,,,,,,,,,,,,,,,,,,,,,,,,,,,,,,,,,,,,,,,,,,,,,,,,,,,,,,,,,,,,,,,,,,,,,,,,,,,,,,,,,,,,,,,,,,,,,,,,,,,,,,,,,,,,,,,,,,,,,,,,,,,,,,,,,,,,,,,,,,,,,,,,,,,,,,,,,,,,,,,,,,,,,,,,,,,,,,,,,,,,,,,,,,,,,,,,,,,,,,,,,,,,,,,,,,,,,,,,,,,,,,,,,,,,,,,,,,,,,,,,,,,,,,,,,,,,,,,,,,,,,,,,,,,,,,,,,,,,,,,,,,,,,,,,,,,,,,,,,,,,,,,,,,,,,,,,,,,,,,,,,,,,,,,,,,,,,,,,,,,,,,,,,,,,,,,,,,,,,,,,,,,,,,,,,,,,,,,,,,,,,,,,,,,,,,,,,,,,,,,,,,,,,,,,,,,,,,,,,,,,,,,,,,,,,,,,,,,,,,,,,,,,,,,,,,,,,,,,,,,,,,,,,,,,,,,,,,,,,,,,,
"9640-Simeon-Dr,-Land-O-Lakes,-FL-34638","9640 Simeon Dr, Land O Lakes, FL 34638",9640 Simeon Dr,,Land O Lakes,FL,12,34638,Pasco,101,28.297885,-82.503712,Single Family,3,3.0,1860,,,Active,2275,Standard,2026-08-07T00:00:00.000Z,,2023-06-17T00:00:00.000Z,2026-08-07T03:05:39.981Z,1,Pasco,Land O Lakes,,Rental Listing,2275,Standard,2026-08-07T00:00:00.000Z,,1,,,,,,,,,,,,,,,,,,,,,,,,,,,,,,,,,,,,,,,,,,,,,,,,,Rental Listing,2275.0,Standard,2026-07-26T00:00:00.000Z,2026-07-27T00:00:00.000Z,1.0,,,,,,,,,,,,,,,,,,,,,,,,,,,,,,,,,,,,,,,,,,,,,,,,,,,,,,,,,,,,,,,,,,,,,,,,,,,,,,,,,,,,,,,,,,,,,,,,,,,,,,,,,,,,,,,,,,,,,,,,,,,,,,,,,,,,,,,,,,,,,,,,,,,,,,,,,,,,,,,,,,,,,,,,,,,,,,,,,,,,,,,,,,,,,,,,,,,,,,,,,,,,,,,,,,,,,,,,,,,,,,,,,,,,,,,,,,,,,,,,,,,,,,,,,,,,,,,,,,,,,,,,,,,,,,,,,,,,,,,,,,,,,,,,,,,,,,,,,,,,,,,,,,,,,,,,,,,,,,,,,,,,,,,,,,,,,,,,,,,,,,,,,,,,,,,,,,,,,,,,,,,,,,,,,,,,,,,,,,,,,,,,,,,,,,,,,,,,,,,,,,,,,,,,,,,,,,,,,,,,,,,,,,,,,,,,,,,,,,,,,,,,
"4615-Winding-River-Way,-Land-O-Lakes,-FL-34639","4615 Winding River Way, Land O Lakes, FL 34639",4615 Winding River Way,,Land O Lakes,FL,12,34639,Pasco,101,28.221848,-82.386729,Condo,3,2.5,1536,,2005.0,Active,1835,Standard,2026-08-07T00:00:00.000Z,,2026-06-06T00:00:00.000Z,2026-08-07T03:05:39.980Z,1,Pasco,Land O Lakes,,Rental Listing,1835,Standard,2026-08-07T00:00:00.000Z,,1,,,,,,,,,,,,,,,,,,,,,,,,,,,,,,,,,,,,,,,,,,,,,,,,,,,,,,,,,,,,,,,,,,,,,,,,,,,,,,,,,,,,,,,,,,,,,,,,,,,,,,,,,,,,,,,,,,,,,,,,,,,,,,,,,,,,,,,,,,,,,,,,,,,,,,,,,,,,,,,,,,,,,,,,,,,,,,,,,,,,,,,,,,,,,,,,,,,,,,,,,,,,,,,,,,,,,,,,,,,,,,,,,,,,,,,,,,,,,,,,,,,,,,,,,,,,,,,,,,,,,,,,,,,,,,,,,,,,,,,,,,,,,,,,,,,,,,,,,,,,,,,,,,,,,,,,,,,,,,,,,,,,,,,,,,,,,,,,,,,,,,,,,,,,,,,,,,,,,,,,,,,,,,,,,,,,,,,,,,,,,,,,,,,,,,,,,,,,,,,,,,,,,,,,,,,,,,,,,,,,,,,,,,,,,,,,,,,,,,,,,,,,,,,,,,,,,,,,,,,,,,,,,,,,,,,,,,,,,,,,,,,,,,,,,,,,,,,,,,
"18934-Randall-Pl,-Land-O-Lakes,-FL-34638","18934 Randall Pl, Land O Lakes, FL 34638",18934 Randall Pl,,Land O Lakes,FL,12,34638,Pasco,101,28.296631,-82.502448,Single Family,3,2.5,1545,,2009.0,Active,2085,Standard,2026-08-07T00:00:00.000Z,,2020-01-04T00:49:51.435Z,2026-08-07T03:05:39.974Z,1,Pasco,Land O Lakes,,Rental Listing,2085,Standard,2026-08-07T00:00:00.000Z,,1,,,,,,,,,,,,,,,,,,,,,,,,,,,,,,,,,,,,,,,,,,,,,,,,,,,,,,,,,,,,,,,,,,,,,,,,,,,,,,,,,,,,,,,,,,,,,,,,,,,,,,,,,,,,,,,,,,,,,,,,,,,,,,,,,,,,,,,,,,,,,,,,,,,,,,,,,,,,,,,,,,,,,,,,,,,,,,,,,,,,,,,,,,,,,,,,,,,,,,,,,,,,,,,,,,,,,,,,,,,,,,,,,,,,,,,,,,,,,,,,,,,,,,,,,,,,,,,,,,,,,,,,,,,,,,,,,,,,,,,,,,,,,,,,,,,,,,,,,,,,,,,,,,,,,,,,,,,,,,,,,,,,,,,,,,,,,,,,,,,,,,,,,,,,,,,,,,,,,,,,,,,,,,,,,,,,,,,,,,,,,,,,,,,,,,,,,,,,,,,,,,,,,,,,,,,,,,,,,,,,,,,,,,,,,,,,,,,,,,,,,,,,,,,,,,,,,,,,,,,,,,,,,,,,,,,,,,,,,,,,,,,,,,,,,,,,,,,,,,
"1430-Maximilian-Dr,-Wesley-Chapel,-FL-33543","1430 Maximilian Dr, Wesley Chapel, FL 33543",1430 Maximilian Dr,,Wesley Chapel,FL,12,33543,Pasco,101,28.178011,-82.330814,Single Family,3,2.0,1690,5227.0,1995.0,Active,2685,Standard,2026-08-07T00:00:00.000Z,,2020-06-30T01:04:39.594Z,2026-08-07T03:06:47.286Z,1,Pasco,Wesley Chapel,,Rental Listing,2685,Standard,2026-08-07T00:00:00.000Z,,1,,,,,,,,,,,,,,,,,,,,,,,,,,,,,,,,,,,,,,,,,,,,,,,,,,,,,,,,,,,,,,,,,,,,,,,,,,,,,,,,,,,,,,,,,,,,,,,,,,,,,,,,,,,,,,,,,,,,,,,,,,,,,,,,,,,,,,,,,,,,,,,,,,,,,,,,,,,,,,,,,,,,,,,,,,,,,,,,,,,,,,,,,,,,,,,,,,,,,,,,,,,,,,,,,,,,,,,,,,,,,,,,,,,,,,,,,,,,,,,,,,,,,,,,,,,,,,,,,,,,,,,,,,,,,,,,,,,,,,,,,,,,,,,,,,,,,,,,,,,,,,,,,,,,,,,,,,,,,,,,,,,,,,,,,,,,,,,,,,,,,,,,,,,,,,,,,,,,,,,,,,,,,,,,,,,,,,,,,,,,,,,,,,,,,,,,,,,,,,,,,,,,,,,,,,,,,,,,,,,,,,,,,,,,,,,,,,,,,,,,,,,,,,,,,,,,,,,,,,,,,,,,,,,,,,,,,,,,,,,,,,,,,,,,,,,,,,,,,,
"30319-Birdhouse-Dr,-Wesley-Chapel,-FL-33545","30319 Birdhouse Dr, Wesley Chapel, FL 33545",30319 Birdhouse Dr,,Wesley Chapel,FL,12,33545,Pasco,101,28.24735,-82.314636,Single Family,3,2.0,1158,4000.0,2004.0,Active,1910,Standard,2026-08-07T00:00:00.000Z,,2023-03-15T00:00:00.000Z,2026-08-07T03:06:47.276Z,1,Pasco,Wesley Chapel,32.0,Rental Listing,1910,Standard,2026-08-07T00:00:00.000Z,,1,,,,,,,,,,,,,,,,,,,,,,,,,,,,,,,,,,,,,,,,,,,,,,,,,,,,,,,,,,,,,,,,,,,,,,,,,,,,,,,,,,,,,,,,,,,,,,,,,,,,,,,,,,,,,,,,,,,,,,,,,,,,,,,,,,,,,,,,,,,,,,,,,,,,,,,,,,,,,,,,,,,,,,,,,,,,,,,,,,,,,,,,,,,,,,,,,,,,,,,,,,,,,,,,,,,,,,,,,,,,,,,,,,,,,,,,,,,,,,,,,,,,,,,,,,,,,,,,,,,,,,,,,,,,,,,,,,,,,,,,,,,,,,,,,,,,,,,,,,,,,,,,,,,,,,,,,,,,,,,,,,,,,,,,,,,,,,,,,,,,,,,,,,,,,,,,,,,,,,,,,,,,,,,,,,,,,,,,,,,,,,,,,,,,,,,,,,,,,,,,,,,,,,,,,,,,,,,,,,,,,,,,,,,,,,,,,,,,,,,,,,,,,,,,,,,,,,,,,,,,,,,,,,,,,,,,,,,,,,,,,,,,,,,,,,,,,,,,,,
"1637-Maximilian-Dr,-Wesley-Chapel,-FL-33543","1637 Maximilian Dr, Wesley Chapel, FL 33543",1637 Maximilian Dr,,Wesley Chapel,FL,12,33543,Pasco,101,28.180707,-82.333187,Single Family,3,2.0,1850,,,Active,2600,Standard,2026-08-07T00:00:00.000Z,,2026-07-23T00:00:00.000Z,2026-08-07T03:06:47.270Z,1,Pasco,Wesley Chapel,,Rental Listing,2600,Standard,2026-08-07T00:00:00.000Z,,1,,,,,,,,,,,,,,,,,,,,,,,,,,,,,,,,,,,,,,,,,,,,,,,,,,,,,,,,,,,,,,,,,,,,,,,,,,,,,,,,,,,,,,,,,,,,,,,,,,,,,,,,,,,,,,,,,,,,,,,,,,,,,,,,,,,,,,,,,,,,,,,,,,,,,,,,,,,,,,,,,,,,,,,,,,,,,,,,,,,,,,,,,,,,,,,,,,,,,,,,,,,,,,,,,,,,,,,,,,,,,,,,,,,,,,,,,,,,,,,,,,,,,,,,,,,,,,,,,,,,,,,,,,,,,,,,,,,,,,,,,,,,,,,,,,,,,,,,,,,,,,,,,,,,,,,,,,,,,,,,,,,,,,,,,,,,,,,,,,,,,,,,,,,,,,,,,,,,,,,,,,,,,,,,,,,,,,,,,,,,,,,,,,,,,,,,,,,,,,,,,,,,,,,,,,,,,,,,,,,,,,,,,,,,,,,,,,,,,,,,,,,,,,,,,,,,,,,,,,,,,,,,,,,,,,,,,,,,,,,,,,,,,,,,,,,,,,,,,,
"2404-Spring-Hollow-Loop,-Wesley-Chapel,-FL-33544","2404 Spring Hollow Loop, Wesley Chapel, FL 33544",2404 Spring Hollow Loop,,Wesley Chapel,FL,12,33544,Pasco,101,28.191511,-82.356942,Single Family,3,2.5,2278,,,Active,2395,Standard,2026-08-07T00:00:00.000Z,,2025-05-07T00:00:00.000Z,2026-08-07T03:06:47.269Z,1,Pasco,Wesley Chapel,,Rental Listing,2395,Standard,2026-08-07T00:00:00.000Z,,1,,,,,,,,,,,,,,,,,,,,,,,,,,,,,,,,,,,,,,,,,,,,,,,,,,,,,,,,,,,,,,,,,,,,,,,,,,,,,,,,,,,,,Rental Listing,2299.0,Standard,2025-06-05T00:00:00.000Z,2025-06-06T00:00:00.000Z,1.0,Rental Listing,2045.0,Standard,2025-08-30T00:00:00.000Z,2025-08-31T00:00:00.000Z,1.0,,,,,,,,,,,,,,,,,,,,,,,,,,,,,,,,,,,,,,,,,,,,,,,,,,,,,,,,,,,,,,,,,,,,,,,,,,,,,,,,,,,,,,,,,,,,,,,,,,,,,,,,,,,,,,,,,,,,,,,,,,,,,,,,,,,,,,,,,,,,,,,,,,,,,,,,,,,,,,,,,,,,,,,,,,,,,,,,,,,,,,,,,,,,,,,,,,,,,,,,,,,,,,,,,,,,,,,,,,,,,,,,,,,,,,,,,,,,,,,,,,,,,,,,,,,,,,,,,,,,,,,,,,,,,,,,,,,,,,,,,,,,,,,,,,,,,,,,,,,,,,,,,,,,,,,,,,,,,,,,,,,,,,,,,,,,,,,,,,,,,,,,,,,,,,,,,,,,,,,,,,,,,,,,,,,,,,,,,,,,,,,,,,,,,,,,,,,,,,,,,,
"32732-Yasmine-Loop,-Wesley-Chapel,-FL-33543","32732 Yasmine Loop, Wesley Chapel, FL 33543",32732 Yasmine Loop,,Wesley Chapel,FL,12,33543,Pasco,101,28.212615,-82.274784,Single Family,4,2.0,1950,8602.0,2010.0,Active,2400,Standard,2026-08-07T00:00:00.000Z,,2024-01-02T00:00:00.000Z,2026-08-07T03:06:47.263Z,1,Pasco,Wesley Chapel,,Rental Listing,2400,Standard,2026-08-07T00:00:00.000Z,,1,,,,,,,,,,,,,,,,,,,,,,,,,,,,,,,,,,,,,,,,,,,,,,,,,,,,,,,,,,,,,,,,,,,,,,,,,,,,,,,,,,,,,,,,,,,,,,,,,,,,,,,,,,,,,,,,,,,,,,,,,,,,,,,,,,,,,,,,,,,,,,,,,,,,,,,,,,,,,,,,,,,,,,,,,,,,,,,,,,,,,,,,,,,,,,,,,,,,,,,,,,,,,,,,,,,,,,,,,,,,,,,,,,,,,,,,,,,,,,,,,,,,,,,,,,,,,,,,,,,,,,,,,,,,,,,,,,,,,,,,,,,,,,,,,,,,,,,,,,,,,,,,,,,,,,,,,,,,,,,,,,,,,,,,,,,,,,,,,,,,,,,,,,,,,,,,,,,,,,,,,,,,,,,,,,,,,,,,,,,,,,,,,,,,,,,,,,,,,,,,,,,,,,,,,,,,,,,,,,,,,,,,,,,,,,,,,,,,,,,,,,,,,,,,,,,,,,,,,,,,,,,,,,,,,,,,,,,,,,,,,,,,,,,,,,,,,,,,,,
"32557-Turtle-Grace-Loop,---1,-Wesley-Chapel,-FL-33545","32557 Turtle Grace Loop, # 1, Wesley Chapel, FL 33545",32557 Turtle Grace Loop,# 1,Wesley Chapel,FL,12,33545,Pasco,101,28.278385,-82.280075,Townhouse,3,3.0,1768,,,Active,2150,Standard,2026-08-07T00:00:00.000Z,,2024-07-26T00:00:00.000Z,2026-08-07T03:06:47.259Z,1,Pasco,Wesley Chapel,,Rental Listing,2150,Standard,2026-08-07T00:00:00.000Z,,1,,,,,,,,,,,,,,,,,,,,,,,,,,,,,,,,,,,,,,,,,,,,,,,,,,,,,,,,,,,,,,,,,,,,,,,,,,,,,,,,,,,,,,,,,,,,,,,,,Rental Listing,2100.0,Standard,2025-06-10T00:00:00.000Z,2025-06-11T00:00:00.000Z,1.0,Rental Listing,2150.0,Standard,2026-07-20T00:00:00.000Z,2026-07-21T00:00:00.000Z,1.0,,,,,,,,,,,,,,,,,,,,,,,,,,,,,,,,,,,,,,,,,,,,,,,,,,,,,,,,,,,,,,,,,,,,,,,,,,,,,,,,,,,,,,,,,,,,,,,,,,,,,,,,,,,,,,,,,,,,,,,,,,,,,,,,,,,,,,,,,,,,,,,,,,,,,,,,,,,,,,,,,,,,,,,,,,,,,,,,,,,,,,,,,,,,,,,,,,,,,,,,,,,,,,,,,,,,,,,,,,,,,,,,,,,,,,,,,,,,,,,,,,,,,,,,,,,,,,,,,,,,,,,,,,,,,,,,,,,,,,,,,,,,,,,,,,,,,,,,,,,,,,,,,,,,,,,,,,,,,,,,,,,,,,,,,,,,,,,,,,,,,,,,,,,,,,,,,,,,,,,,,,,,,,,,,,,,,,,,,,,,,,,,,,,,,,
"4908-Cactus-Needle-Ln,-Wesley-Chapel,-FL-33544","4908 Cactus Needle Ln, Wesley Chapel, FL 33544",4908 Cactus Needle Ln,,Wesley Chapel,FL,12,33544,Pasco,101,28.228451,-82.361547,Townhouse,3,2.5,1543,,,Active,1895,Standard,2026-08-07T00:00:00.000Z,,2026-08-04T00:00:00.000Z,2026-08-07T03:06:47.246Z,1,Pasco,Wesley Chapel,,Rental Listing,1895,Standard,2026-08-07T00:00:00.000Z,,1,,,,,,,,,,,,,,,,,,,,,,,,,,,,,,,,,,,,,,,,,,,,,,,,,,,,,,,,,,,,,,,,,,,,,,,,,,,,,,,,,,,,,,,,,,,,,,,,,,,,,,,,,,,,,,,,,,,,,,,,,,,,,,,,,,,,,,,,,,,,,,,,,,,,,,,,,,,,,,,,,,,,,,,,,,,,,,,,,,,,,,,,,,,,,,,,,,,,,,,,,,,,,,,,,,,,,,,,,,,,,,,,,,,,,,,,,,,,,,,,,,,,,,,,,,,,,,,,,,,,,,,,,,,,,,,,,,,,,,,,,,,,,,,,,,,,,,,,,,,,,,,,,,,,,,,,,,,,,,,,,,,,,,,,,,,,,,,,,,,,,,,,,,,,,,,,,,,,,,,,,,,,,,,,,,,,,,,,,,,,,,,,,,,,,,,,,,,,,,,,,,,,,,,,,,,,,,,,,,,,,,,,,,,,,,,,,,,,,,,,,,,,,,,,,,,,,,,,,,,,,,,,,,,,,,,,,,,,,,,,,,,,,,,,,,,,,,,,,,
"8471-Lofty-Timber-Way,-Wesley-Chapel,-FL-33545","8471 Lofty Timber Way, Wesley Chapel, FL 33545",8471 Lofty Timber Way,,Wesley Chapel,FL,12,33545,Pasco,101,28.280634,-82.300785,Single Family,3,2.5,1464,,,Active,1975,Standard,2026-08-07T00:00:00.000Z,,2024-11-22T00:00:00.000Z,2026-08-07T03:05:40.057Z,1,Pasco,Wesley Chapel,,Rental Listing,1975,Standard,2026-08-07T00:00:00.000Z,,1,,,,,,,,,,,,,,,,,,,,,,,,,,,,,,,,,,,,,,,,,,,,,,,,,,,,,,,,,,,,,,,,,,,,,,,,,,,,,,,,,,,,,,,,,,,,,,,,,,,,,,,Rental Listing,1999.0,Standard,2026-07-20T00:00:00.000Z,2026-07-21T00:00:00.000Z,1.0,Rental Listing,1899.0,Standard,2025-04-08T00:00:00.000Z,2025-04-09T00:00:00.000Z,1.0,Rental Listing,1999.0,Standard,2026-07-16T00:00:00.000Z,2026-07-17T00:00:00.000Z,1.0,,,,,,,,,,,,,,,,,,,,,,,,,,,,,,,,,,,,,,,,,,,,,,,,,,,,,,,,,,,,,,,,,,,,,,,,,,,,,,,,,,,,,,,,,,,,,,,,,,,,,,,,,,,,,,,,,,,,,,,,,,,,,,,,,,,,,,,,,,,,,,,,,,,,,,,,,,,,,,,,,,,,,,,,,,,,,,,,,,,,,,,,,,,,,,,,,,,,,,,,,,,,,,,,,,,,,,,,,,,,,,,,,,,,,,,,,,,,,,,,,,,,,,,,,,,,,,,,,,,,,,,,,,,,,,,,,,,,,,,,,,,,,,,,,,,,,,,,,,,,,,,,,,,,,,,,,,,,,,,,,,,,,,,,,,,,,,,,,,,,,,,,,,,,,,,,,,,,,,,,,,,,,,,,,,,,,,,,,,
"8513-Alpine-Meadow-Ln,-Wesley-Chapel,-FL-33545","8513 Alpine Meadow Ln, Wesley Chapel, FL 33545",8513 Alpine Meadow Ln,,Wesley Chapel,FL,12,33545,Pasco,101,28.281027,-82.299962,Single Family,3,2.5,1464,,,Active,2025,Standard,2026-08-07T00:00:00.000Z,,2024-11-02T00:00:00.000Z,2026-08-07T03:05:40.056Z,1,Pasco,Wesley Chapel,,Rental Listing,2025,Standard,2026-08-07T00:00:00.000Z,,1,,,,,,,,,,,,,,,,,,,,,,,,,,,,,,,,,,,,,,,,,,,,,,,,,,,,,,,,,,,,,,,,,,,,,,,,,,,,,,,,,,,,,,,,,,,,,,,,,,,,,,,,,,,,,,,,,,,,,,,,,Rental Listing,1945.0,Standard,2024-12-30T00:00:00.000Z,2024-12-31T00:00:00.000Z,1.0,,,,,,,,,,,,,,,,,,,,,,,,,,,,,,,,,,,,,,,,,,,,,,,,,,,,,,,,,,,,,,,,,,,,,,,,,,,,,,,,,,,,,,,,,,,,,,,,,,,,,,,,,,,,,,,,,,,,,,,,,,,,,,,,,,,,,,,,,,,,,,,,,,,,,,,,,,,,,,,,,,,,,,,,,,,,,,,,,,,,,,,,,,,,,,,,,,,,,,,,,,,,,,,,,,,,,,,,,,,,,,,,,,,,,,,,,,,,,,,,,,,,,,,,,,,,,,,,,,,,,,,,,,,,,,,,,,,,,,,,,,,,,,,,,,,,,,,,,,,,,,,,,,,,,,,,,,,,,,,,,,,,,,,,,,,,,,,,,,,,,,,,,,,,,,,,,,,,,,,,,,,,,,,,,,,,
"31177-Monterey-Pine-St,-Wesley-Chapel,-FL-33545","31177 Monterey Pine St, Wesley Chapel, FL 33545",31177 Monterey Pine St,,Wesley Chapel,FL,12,33545,Pasco,101,28.281581,-82.300795,Single Family,3,2.5,1464,,,Active,2025,Standard,2026-08-07T00:00:00.000Z,,2025-07-14T00:00:00.000Z,2026-08-07T03:05:40.054Z,1,Pasco,Wesley Chapel,,Rental Listing,2025,Standard,2026-08-07T00:00:00.000Z,,1,,,,,,,,,,,,,,,,,,,,,,,,,,,,,,,,,,,,,,,,,,,,,,,,,,,,,,,,,,,,,,,,,,,,,,,,,,,,,,,,,,,,,,,,,,,,,,,,,,,,,,,,,,,,,,,,,,,,,,,,,,,,,,,Rental Listing,1945.0,Standard,2025-07-16T00:00:00.000Z,2025-07-17T00:00:00.000Z,1.0,,,,,,,,,,,,,,,,,,,,,,,,,,,,,,,,,,,,,,,,,,,,,,,,,,,,,,,,,,,,,,,,,,,,,,,,,,,,,,,,,,,,,,,,,,,,,,,,,,,,,,,,,,,,,,,,,,,,,,,,,,,,,,,,,,,,,,,,,,,,,,,,,,,,,,,,,,,,,,,,,,,,,,,,,,,,,,,,,,,,,,,,,,,,,,,,,,,,,,,,,,,,,,,,,,,,,,,,,,,,,,,,,,,,,,,,,,,,,,,,,,,,,,,,,,,,,,,,,,,,,,,,,,,,,,,,,,,,,,,,,,,,,,,,,,,,,,,,,,,,,,,,,,,,,,,,,,,,,,,,,,,,,,,,,,,,,,,,,,,,,,,,,,,,,,,,,,,,,,,,,,,,,,
"28546-Tall-Grass-Dr,-Wesley-Chapel,-FL-33543","28546 Tall Grass Dr, Wesley Chapel, FL 33543",28546 Tall Grass Dr,,Wesley Chapel,FL,12,33543,Pasco,101,28.171462,-82.343946,Single Family,3,2.0,1626,,,Active,2345,Standard,2026-08-07T00:00:00.000Z,,2026-06-13T00:00:00.000Z,2026-08-07T03:05:40.014Z,1,Pasco,Wesley Chapel,,Rental Listing,2345,Standard,2026-08-07T00:00:00.000Z,,1,,,,,,,,,,,,,,,,,,,,,,,,,,,,,,,,,,,,,,,,,,,,,,,,,,,,,,,,,,,,,,,,,,,,,,,,,,,,,,,,,,,,,,,,,,,,,,,,,,,,,,,,,,,,,,,,,,,,,,,,,,,,,,,,,,,,,,,,,,,,,,,,,,,,,,,,,,,,,,,,,,,,,,,,,,,,,,,,,,,,,,,,,,,,,,,,,,,,,,,,,,,,,,,,,,,,,,,,,,,,,,,,,,,,,,,,,,,,,,,,,,,,,,,,,,,,,,,,,,,,,,,,,,,,,,,,,,,,,,,,,,,,,,,,,,,,,,,,,,,,,,,,,,,,,,,,,,,,,,,,,,,,,,,,,,,,,,,,,,,,,,,,,,,,,,,,,,,,,,,,,,,,,,,,,,,,,,,,,,,,,,,,,,,,,,,,,,,,,,,,,,,,,,,,,,,,,,,,,,,,,,,,,,,,,,,,,,,,,,,,,,,,,,,,,,,,,,,,,,,,,,,,,,,,,,,,,,,,,,,,,,,,,,,,,,,,,,,,,,
"1046-Napolean-Way,-Wesley-Chapel,-FL-33544","1046 Napolean Way, Wesley Chapel, FL 33544",1046 Napolean Way,,Wesley Chapel,FL,12,33544,Pasco,101,28.172498,-82.386895,Single Family,3,2.0,1882,,2005.0,Active,2450,Standard,2026-08-07T00:00:00.000Z,,2024-02-18T00:00:00.000Z,2026-08-07T03:05:39.998Z,1,Pasco,Wesley Chapel,,Rental Listing,2450,Standard,2026-08-07T00:00:00.000Z,,1,,,,,,,,,,,,,,,,,,,,,,,,,,,,,,,,,,,,,,,,,,,,,,,,,,,,,,,,,,,,,,,,,,,,,,,,,,,,,,,,,,,,,,,,,,,,,,,,,,,,,,,,,,,,,,,,,,,,,,,,,,,,,,,,,,,,,,,,,,,,,,,,,,,,,,,,,,,,,,,,,,,,,,,,,,,,,,,,,,,,,,,,,,,,,,,,,,,,,,,,,,,,,,,,,,,,,,,,,,,,,,,,,,,,,,,,,,,,,,,,,,,,,,,,,,,,,,,,,,,,,,,,,,,,,,,,,,,,,,,,,,,,,,,,,,,,,,,,,,,,,,,,,,,,,,,,,,,,,,,,,,,,,,,,,,,,,,,,,,,,,,,,,,,,,,,,,,,,,,,,,,,,,,,,,,,,,,,,,,,,,,,,,,,,,,,,,,,,,,,,,,,,,,,,,,,,,,,,,,,,,,,,,,,,,,,,,,,,,,,,,,,,,,,,,,,,,,,,,,,,,,,,,,,,,,,,,,,,,,,,,,,,,,,,,,,,,,,,,,
"26702-Middleground-Loop,-Wesley-Chapel,-FL-33544","26702 Middleground Loop, Wesley Chapel, FL 33544",26702 Middleground Loop,,Wesley Chapel,FL,12,33544,Pasco,101,28.236936,-82.374585,Single Family,3,2.0,1870,5607.0,1999.0,Active,2800,Standard,2026-08-07T00:00:00.000Z,,2024-07-24T00:00:00.000Z,2026-08-07T03:05:39.995Z,1,Pasco,Wesley Chapel,,Rental Listing,2800,Standard,2026-08-07T00:00:00.000Z,,1,,,,,,,,,,,,,,,,,,,,,,,,,,,,,,,,,,,,,,,,,,,,,,,,,,,,,,,,,,,,,,,,,,,,,,,,,,,,,,,,,,,,,,,,,,,,,,,,,,,,,,,,,,,,,,,,,,,,,,,,,,,,,,,,,,,,,Rental Listing,2300.0,Standard,2024-10-01T00:00:00.000Z,2024-10-25T00:00:00.000Z,24.0,,,,,,,,,,,,,,,,,,,,,,,,,,,,,,,,,,,,,,,,,,,,,,,,,,,,,,,,,,,,,,,,,,,,,,,,,,,,,,,,,,,,,,,,,,,,,,,,,,,,,,,,,,,,,,,,,,,,,,,,,,,,,,,,,,,,,,,,,,,,,,,,,,,,,,,,,,,,,,,,,,,,,,,,,,,,,,,,,,,,,,,,,,,,,,,,,,,,,,,,,,,,,,,,,,,,,,,,,,,,,,,,,,,,,,,,,,,,,,,,,,,,,,,,,,,,,,,,,,,,,,,,,,,,,,,,,,,,,,,,,,,,,,,,,,,,,,,,,,,,,,,,,,,,,,,,,,,,,,,,,,,,,,,,,,,,,,,,,,,,,,,,,,,,,,,,,,,,,,,,
"6453-Tabogi-Trl,-Wesley-Chapel,-FL-33545","6453 Tabogi Trl, Wesley Chapel, FL 33545",6453 Tabogi Trl,,Wesley Chapel,FL,12,33545,Pasco,101,28.250067,-82.31591,Single Family,3,2.0,1292,,2005.0,Active,1960,Standard,2026-08-07T00:00:00.000Z,,2019-12-25T11:24:12.145Z,2026-08-07T03:05:39.994Z,1,Pasco,Wesley Chapel,,Rental Listing,1960,Standard,2026-08-07T00:00:00.000Z,,1,,,,,,,,,,,,,,,,,,,,,,,,,,,,,,,,,,,,,,,,,,,,,,,,,,,,,,,,,,,,,,,,,,,,,,,,,,,,,,,,,,,,,,,,,,,,,,,,,,,,,,,,,,,,,,,,,,,,,,,,,,,,,,,,,,,,,,,,,,,Rental Listing,2010.0,Standard,2026-05-22T00:00:00.000Z,2026-05-23T00:00:00.000Z,1.0,Rental Listing,1960.0,Standard,2026-07-30T00:00:00.000Z,2026-07-31T00:00:00.000Z,1.0,,,,,,,,,,,,,,,,,,,,,,,,,,,,,,,,,,,,,,,,,,,,,,,,,,,,,,,,,,,,,,,,,,,,,,,,,,,,,,,,,,,,,,,,,,,,,,,,,,,,,,,,,,,,,,,,,,,,,,,,,,,,,,,,,,,,,,,,,,,,,,,,,,,,,,,,,,,,,,,,,,,,,,,,,,,,,,,,,,,,,,,,,,,,,,,,,,,,,,,,,,,,,,,,,,,,,,,,,,,,,,,,,,,,,,,,,,,,,,,,,,,,,,,,,,,,,,,,,,,,,,,,,,,,,,,,,,,,,,,,,,,,,,,,,,,,,,,,,,,,,,,,,,,,,,,,,,,,,,,,,,,,,,,,,,,,,,,,,,,,,,,,,,,,
"6452-Tabogi-Trl,-Wesley-Chapel,-FL-33545","6452 Tabogi Trl, Wesley Chapel, FL 33545",6452 Tabogi Trl,,Wesley Chapel,FL,12,33545,Pasco,101,28.250478,-82.315811,Single Family,3,2.0,1292,4000.0,2005.0,Active,1910,Standard,2026-08-07T00:00:00.000Z,,2020-04-11T04:46:46.472Z,2026-08-07T03:05:39.993Z,1,Pasco,Wesley Chapel,,Rental Listing,1910,Standard,2026-08-07T00:00:00.000Z,,1,,,,,,,,,,,,,,,,,,,,,,,,,,,,,,,,,,,,,,,,,,,,,,,,,,,,,,,,,,,,,,,,,,,,,,,,,,,,,,,,,,,,,,,,,,,,,,,,,,,,,,,,,,,,,,,,,,,,,,,,,,,,,,,,,,,,,,,,,,,,,,,,,,,,,,,,,,,,,,,,,,,,,,,,,,,,,,,,,,,,,,,,,,,,,,,,,,,,,,,,,,,,,,,,,,,,,,,,,,,,,,,,,,,,,,,,,,,,,,,,,,,,,,,,,,,,,,,,,,,,,,,,,,,,,,,,,,,,,,,,,,,,,,,,,,,,,,,,,,,,,,,,,,,,,,,,,,,,,,,,,,,,,,,,,,,,,,,,,,,,,,,,,,,,,,,,,,,,,,,,,,,,,,,,,,,,,,,,,,,,,,,,,,,,,,,,,,,,,,,,,,,,,,,,,,,,,,,,,,,,,,,,,,,,,,,,,,,,,,,,,,,,,,,,,,,,,,,,,,,,,,,,,,,,,,,,,,,,,,,,,,,,,,,,,,,,,,,,,,
"30618-Double-Dr,-Wesley-Chapel,-FL-33545","30618 Double Dr, Wesley Chapel, FL 33545",30618 Double Dr,,Wesley Chapel,FL,12,33545,Pasco,101,28.243837,-82.30975,Single Family,3,2.0,1303,,,Active,1985,Standard,2026-08-07T00:00:00.000Z,,2021-04-16T00:47:35.840Z,2026-08-07T03:05:39.992Z,1,Pasco,Wesley Chapel,,Rental Listing,1985,Standard,2026-08-07T00:00:00.000Z,,1,,,,,,,,,,,,,,,,,,,,,,,,,,,,,,,,,,,,,,,,,,,,,,,,,,,,,,,,,,,,,,,,,,,,,,,,,,,,,,,,,,,,,,,,,,,,,,,,,,,,,,,,,,,,,,,,,,,,,,,,,,,,,,,,,,,,,,,,,,,,,,,,,,,,,,,Rental Listing,2115.0,Standard,2025-05-24T00:00:00.000Z,2025-05-25T00:00:00.000Z,1.0,Rental Listing,2085.0,Standard,2025-06-22T00:00:00.000Z,2025-06-23T00:00:00.000Z,1.0,Rental Listing,1945.0,Standard,2025-07-28T00:00:00.000Z,2025-07-29T00:00:00.000Z,1.0,,,,,,,,,,,,,,,,,,,,,,,,,,,,,,,,,,,,,,,,,,,,,,,,,,,,,,,,,,,,,,,,,,,,,,,,,,,,,,,,,,,,,,,,,,,,,,,,,,,,,,,,,,,,,,,,,,,,,,,,,,,,,,,,,,,,,,,,,,,,,,,,,,,,,,,,,,,,,,,,,,,,,,,,,,,,,,,,,,,,,,,,,,,,,,,,,,,,,,,,,,,,,,,,,,,,,,,,,,,,,,,,,,,,,,,,,,,,,,,,,,,,,,,,,,,,,,,,,,,,,,,,,,,,,,,,,,,,,,,,,,,,,,,,,,,,,,,,,,,,,,,,,,,,,,,,,,,,,,,,,,,,,,,,,,
"26926-Stillbrook-Dr,-Wesley-Chapel,-FL-33544","26926 Stillbrook Dr, Wesley Chapel, FL 33544",26926 Stillbrook Dr,,Wesley Chapel,FL,12,33544,Pasco,101,28.208558,-82.370747,Single Family,4,2.5,2278,,,Active,2749,Standard,2026-08-07T00:00:00.000Z,,2019-04-15T02:53:46.380Z,2026-08-07T03:05:39.991Z,1,Pasco,Wesley Chapel,,Rental Listing,2749,Standard,2026-08-07T00:00:00.000Z,,1,,,,,,,,,,,,,,,,,,,,,,,,,,,,,,,,,,,,,,,,,,,,,,,,,,,,,,,,,,,,,,,,,,,,,,,,,,,,,,,,,,,,,,,,,,,,,,,,,,,,,,,,,,,,,,,,,,,,,,,,,,,,,,,,,,,,,,,,,,,,,,,,,,,,,,,,,,,,,,,,,,,,,,,,,Rental Listing,2749.0,Standard,2026-07-14T00:00:00.000Z,2026-07-15T00:00:00.000Z,1.0,,,,,,,,,,,,,,,,,,,,,,,,,,,,,,,,,,,,,,,,,,,,,,,,,,,,,,,,,,,,,,,,,,,,,,,,,,,,,,,,,,,,,,,,,,,,,,,,,,,,,,,,,,,,,,,,,,,,,,,,,,,,,,,,,,,,,,,,,,,,,,,,,,,,,,,,,,,,,,,,,,,,,,,,,,,,,,,,,,,,,,,,,,,,,,,,,,,,,,,,,,,,,,,,,,,,,,,,,,,,,,,,,,,,,,,,,,,,,,,,,,,,,,,,,,,,,,,,,,,,,,,,,,,,,,,,,,,,,,,,,,,,,,,,,,,,,,,,,,,,,,,,,,,,,,,,,,,,,,,,,,,,
"1641-Firewheel-Dr,-Wesley-Chapel,-FL-33543","1641 Firewheel Dr, Wesley Chapel, FL 33543",1641 Firewheel Dr,,Wesley Chapel,FL,12,33543,Pasco,101,28.180999,-82.331214,Single Family,3,2.0,1640,,,Active,2450,Standard,2026-08-07T00:00:00.000Z,,2026-07-03T00:00:00.000Z,2026-08-07T03:05:39.988Z,1,Pasco,Wesley Chapel,,Rental Listing,2450,Standard,2026-08-07T00:00:00.000Z,,1,,,,,,,,,,,,,,,,,,,,,,,,,,,,,,,,,,,,,,,,,,,,,,,,,,,,,,,,,,,,,,,,,,,,,,,,,,,,,,,,,,,,,,,,,,,,,,,,,,,,,,,,,,,,,,,,,,,,,,,,,,,,,,,,,,,,,,,,,,,,,,,,,,,,,,,,,,,,,,,,,,,,,,,,,,,,,,,,,,,,,,,,,,,,,,,,,,,,,,,,,,,,,,,,,,,,,,,,,,,,,,,,,,,,,,,,,,,,,,,,,,,,,,,,,,,,,,,,,,,,,,,,,,,,,,,,,,,,,,,,,,,,,,,,,,,,,,,,,,,,,,,,,,,,,,,,,,,,,,,,,,,,,,,,,,,,,,,,,,,,,,,,,,,,,,,,,,,,,,,,,,,,,,,,,,,,,,,,,,,,,,,,,,,,,,,,,,,,,,,,,,,,,,,,,,,,,,,,,,,,,,,,,,,,,,,,,,,,,,,,,,,,,,,,,,,,,,,,,,,,,,,,,,,,,,,,,,,,,,,,,,,,,,,,,,,,,,,,,,
"30126-Rattana-Ct,-Wesley-Chapel,-FL-33545","30126 Rattana Ct, Wesley Chapel, FL 33545",30126 Rattana Ct,,Wesley Chapel,FL,12,33545,Pasco,101,28.250733,-82.317572,Single Family,4,2.5,1891,,2005.0,Active,2200,Standard,2026-08-07T00:00:00.000Z,,2020-02-14T23:27:50.028Z,2026-08-07T03:05:39.983Z,1,Pasco,Wesley Chapel,,Rental Listing,2200,Standard,2026-08-07T00:00:00.000Z,,1,,,,,,,,,,,,,,,,,,,,,,,,,,,,,,,,,,,,,,,,,,,,,,,,,,,,,,,,,,,,,,,,,,,,,,,,,,,,,,,,,,,,,,,,,,,,,,,,,,,,,,,,,,,,,,,,,,,,,,,,,,,,,,,,,,,,,,,,,,,,,,,,,,,,,,,,,,,,,,,,,,,,,,,,,,,,,,,Rental Listing,2240.0,Standard,2026-06-03T00:00:00.000Z,2026-06-04T00:00:00.000Z,1.0,Rental Listing,2240.0,Standard,2026-06-08T00:00:00.000Z,2026-06-09T00:00:00.000Z,1.0,Rental Listing,2260.0,Standard,2026-06-14T00:00:00.000Z,2026-06-15T00:00:00.000Z,1.0,,,,,,,,,,,,,,,,,,,,,,,,,,,,,,,,,,,,,,,,,,,,,,,,,,,,,,,,,,,,,,,,,,,,,,,,,,,,,,,,,,,,,,,,,,,,,,,,,,,,,,,,,,,,,,,,,,,,,,,,,,,,,,,,,,,,,,,,,,,,,,,,,,,,,,,,,,,,,,,,,,,,,,,,,,,,,,,,,,,,,,,,,,,,,,,,,,,,,,,,,,,,,,,,,,,,,,,,,,,,,,,,,,,,,,,,,,,,,,,,,,,,,,,,,,,,,,,,,,,,,,,,,,,,,,,,,,,,,,,,,,,,,,,,,,,,,,,,,,,,,,,,,,
"3636-Grecko-Dr,-Wesley-Chapel,-FL-33543","3636 Grecko Dr, Wesley Chapel, FL 33543",3636 Grecko Dr,,Wesley Chapel,FL,12,33543,Pasco,101,28.210263,-82.270887,Single Family,3,2.0,1528,,,Active,2140,Standard,2026-08-07T00:00:00.000Z,,2026-05-22T00:00:00.000Z,2026-08-07T03:05:39.982Z,1,Pasco,Wesley Chapel,,Rental Listing,2140,Standard,2026-08-07T00:00:00.000Z,,1,,,,,,,,,,,,,,,,,,,,,,,,,,,,,,,,,,,,,,,,,,,,,,,,,,,,,,,,,,,,,,,,,,,,,,,,,,,,,,,,,,,,,,,,,,,,,,,,,,,,,,,,,,,,,,,,,,,,,,,,,,,,,,,,,,,,,,,,,,,,,,,,,,,,,,,,,,,,,,,,,,,,,,,,,,,,,,,,,,,,,,,,,,,,,,,,,,,,,,,,,,,,,,,,,,,,,,,,,,,,,,,,,,,,,,,,,,,,,,,,,,,,,,,,,,,,,,,,,,,,,,,,,,,,,,,,,,,,,,,,,,,,,,,,,,,,,,,,,,,,,,,,,,,,,,,,,,,,,,,,,,,,,,,,,,,,,,,,,,,,,,,,,,,,,,,,,,,,,,,,,,,,,,,,,,,,,,,,,,,,,,,,,,,,,,,,,,,,,,,,,,,,,,,,,,,,,,,,,,,,,,,,,,,,,,,,,,,,,,,,,,,,,,,,,,,,,,,,,,,,,,,,,,,,,,,,,,,,,,,,,,,,,,,,,,,,,,,,,,
"31832-Spoonflower-Cir,-Wesley-Chapel,-FL-33545","31832 Spoonflower Cir, Wesley Chapel, FL 33545",31832 Spoonflower Cir,,Wesley Chapel,FL,12,33545,Pasco,101,28.260435,-82.290134,Single Family,3,2.5,2260,,,Active,2530,Standard,2026-08-07T00:00:00.000Z,,2019-10-30T21:40:48.332Z,2026-08-07T03:05:39.980Z,1,Pasco,Wesley Chapel,,Rental Listing,2530,Standard,2026-08-07T00:00:00.000Z,,1,,,,,,,,,,,,,,,,,,,,,,,,,,,,,,,,,,,,,,,,,,,,,,,,,,,,,,,,,,,,,,,,,,,,,,,,,,,,,,,,,,,,,,,,,,,,,,,,,,,,,,,,,,,,,,,,,,,,,,,,,,,,,,,,,,,,,,,,,,,,,,,,,,,,,,,,,,,,,,,,,,,,,,,,,,,,,,,,,,,,,,,,,,,,,,,,,,,,,,,,,,,,,,,,,,,,,,,,,,,,,,,,,,,,,,,,,,,,,,,,,,,,,,,,,,,,,,,,,,,,,,,,,,,,,,,,,,,,,,,,,,,,,,,,,,,,,,,,,,,,,,,,,,,,,,,,,,,,,,,,,,,,,,,,,,,,,,,,,,,,,,,,,,,,,,,,,,,,,,,,,,,,,,,,,,,,,,,,,,,,,,,,,,,,,,,,,,,,,,,,,,,,,,,,,,,,,,,,,,,,,,,,,,,,,,,,,,,,,,,,,,,,,,,,,,,,,,,,,,,,,,,,,,,,,,,,,,,,,,,,,,,,,,,,,,,,,,,,,,
"5152-Blue-Roan-Way,-Wesley-Chapel,-FL-33544","5152 Blue Roan Way, Wesley Chapel, FL 33544",5152 Blue Roan Way,,Wesley Chapel,FL,12,33544,Pasco,101,28.232213,-82.359844,Single Family,3,2.5,1686,,,Active,1995,Standard,2026-08-07T00:00:00.000Z,,2023-07-22T00:00:00.000Z,2026-08-07T03:05:39.976Z,1,Pasco,Wesley Chapel,,Rental Listing,1995,Standard,2026-08-07T00:00:00.000Z,,1,,,,,,,,,,,,,,,,,,,,,,,,,,,,,,,,,,,,,,,,,,,,,,,,,,,,,,,,,,,,,,,,,,,,,,,,,,,,,,,,,,,,,,,,,,,,,,,,,,,,,,,,,,,,,,,,,,,,,,,,,,,,,,,,,,,,,,,,,,,,,,,,,,,,,,,,,,,,,,,,,,,,,,,,,,,,,,,,,,,,,,,,,,,,,,,,,Rental Listing,2130.0,Standard,2026-07-05T00:00:00.000Z,2026-07-06T00:00:00.000Z,1.0,,,,,,,,,,,,,,,,,,,,,,,,,,,,,,,,,,,,,,,,,,,,,,,,,,,,,,,,,,,,,,,,,,,,,,,,,,,,,,,,,,,,,,,,,,,,,,,,,,,,,,,,,,,,,,,,,,,,,,,,,,,,,,,,,,,,,,,,,,,,,,,,,,,,,,,,,,,,,,,,,,,,,,,,,,,,,,,,,,,,,,,,,,,,,,,,,,,,,,,,,,,,,,,,,,,,,,,,,,,,,,,,,,,,,,,,,,,,,,,,,,,,,,,,,,,,,,,,,,,,,,,,,,,,,,,,,,,,,,,,,,,,,,,,,,,,,,,,,,,,
"30035-Morningmist-Dr,-Wesley-Chapel,-FL-33543","30035 Morningmist Dr, Wesley Chapel, FL 33543",30035 Morningmist Dr,,Wesley Chapel,FL,12,33543,Pasco,101,28.181865,-82.321778,Single Family,4,2.0,1833,,,Active,2550,Standard,2026-08-07T00:00:00.000Z,,2024-05-28T00:00:00.000Z,2026-08-07T03:05:39.971Z,1,Pasco,Wesley Chapel,,Rental Listing,2550,Standard,2026-08-07T00:00:00.000Z,,1,,,,,,,,,,,,,,,,,,,,,,,,,,,,,,,,,,,,,,,,,,,,,,,,,,,,,,,,,,,,,,,,,,,,,,,,,,,,,,,,,,,,,,,,,,,,,,,,,,,,,,,,,,,,,,,,,,,,,,,,,,,,,,,,,,,,,,,,,,,,,,,,,,,,,,,,,,,,,,,,,,,,,,,,,,,,,,,,,,,,,,,,,,,,,,,,,,,,,,,,,,,,,,,,,,,,,,,,,,,,,,,,,,,,,,,,,,,,,,,,,,,,,,,,,,,,,,,,,,,,,,,,,,,,,,,,,,,,,,,,,,,,,,,,,,,,,,,,,,,,,,,,,,,,,,,,,,,,,,,,,,,,,,,,,,,,,,,,,,,,,,,,,,,,,,,,,,,,,,,,,,,,,,,,,,,,,,,,,,,,,,,,,,,,,,,,,,,,,,,,,,,,,,,,,,,,,,,,,,,,,,,,,,,,,,,,,,,,,,,,,,,,,,,,,,,,,,,,,,,,,,,,,,,,,,,,,,,,,,,,,,,,,,,,,,,,,,,,,,
"29942-Morningmist-Dr,-Wesley-Chapel,-FL-33543","29942 Morningmist Dr, Wesley Chapel, FL 33543",29942 Morningmist Dr,,Wesley Chapel,FL,12,33543,Pasco,101,28.183667,-82.32279,Single Family,4,2.0,1665,6534.0,1998.0,Active,2340,Standard,2026-08-07T00:00:00.000Z,,2020-01-13T18:46:26.001Z,2026-08-07T03:05:39.962Z,1,Pasco,Wesley Chapel,,Rental Listing,2340,Standard,2026-08-07T00:00:00.000Z,,1,,,,,,,,,,,,,,,,,,,,,,,,,,,,,,,,,,,,,,,,,,,,,,,,,,,,,,,,,,,,,,,,,,,,,,,,,,,,,,,,,,,,,,,,,,,,,,,,,,,,,,,,,,,,,,,,,,,,,,,,,,,,,,,,,,,,,,,,,,,,,,,,,,,,,,,,,,,,,,,,,,,,,,,,,,,,,,,,,,,,,,,,,,,,,,,,,,,,,,,,,,,,,,,,,,,,,,,,,,,,,,,,,,,,,,,,,,,,,,,,,,,,,,,,,,,,,,,,,,,,,,,,,,,,,,,,,,,,,,,,,,,,,,,,,,,,,,,,,,,,,,,,,,,,,,,,,,,,,,,,,,,,,,,,,,,,,,,,,,,,,,,,,,,,,,,,,,,,,,,,,,,,,,,,,,,,,,,,,,,,,,,,,,,,,,,,,,,,,,,,,,,,,,,,,,,,,,,,,,,,,,,,,,,,,,,,,,,,,,,,,,,,,,,,,,,,,,,,,,,,,,,,,,,,,,,,,,,,,,,,,,,,,,,,,,,,,,,,,,
"30513-Randall-Manor-St,-Wesley-Chapel,-FL-33545","30513 Randall Manor St, Wesley Chapel, FL 33545",30513 Randall Manor St,,Wesley Chapel,FL,12,33545,Pasco,101,28.272239,-82.311941,Single Family,4,2.0,1665,6050.0,2005.0,Active,2300,Standard,2026-08-07T00:00:00.000Z,,2023-01-12T00:41:08.005Z,2026-08-07T03:05:39.960Z,1,Pasco,Wesley Chapel,,Rental Listing,2300,Standard,2026-08-07T00:00:00.000Z,,1,,,,,,,,,,,,,,,,,,,,,,,,,,,,,,,,,,,,,,,,,,,,,,,,,,,,,,,,,,,,,,,,,,,,,,,,,,,,,,,,,,,,,,,,,,,,,,,,,,,,,,,,,,,,,,,,,,,,,,,,,,,,,,,,,,,,,,,,,,,,,,,,,,,,,,,,,,,,,,,,,,,,,,,,,,,,,,,Rental Listing,2495.0,Standard,2026-06-03T00:00:00.000Z,2026-06-04T00:00:00.000Z,1.0,,,,,,,,,,,,,,,,,,,Rental Listing,2495.0,Standard,2026-04-20T00:00:00.000Z,2026-04-21T00:00:00.000Z,1.0,Rental Listing,2495.0,Standard,2026-05-15T00:00:00.000Z,2026-05-16T00:00:00.000Z,1.0,,,,,,,,,,,,,,,,,,,,,,,,,,,,,,,,,,,,,,,,,,,,,,,,,,,,,,,,,,,,,,,,,,,,,,,,,,,,,,,,,,,,,,,,,,,,,,,,,,,,,,,,,,,,,,,,,,,,,,,,,,,,,,,,,,,,,,,,,,,,,,,,,,,,,,,,,,,,,,,,,,,,,,,,,,,,,,,,,,,,,,,,,,,,,,,,,,,,,,,,,,,,,,,,,,,,,,,,,,,,,,,,,,,,,,,,,,,,,,,,,,,,,,,,,,,,,,,,,,,,,,,,,,,,,,,,,,,,,,,,,,,,,,,,
"9351-Beaufort-Ct,-New-Port-Richey,-FL-34654","9351 Beaufort Ct, New Port Richey, FL 34654",9351 Beaufort Ct,,New Port Richey,FL,12,34654,Pasco,101,28.293661,-82.619407,Single Family,3,2.0,1819,,,Active,2065,Standard,2026-08-07T00:00:00.000Z,,2026-07-10T00:00:00.000Z,2026-08-07T03:06:47.289Z,1,Pasco,New Port Richey,,Rental Listing,2065,Standard,2026-08-07T00:00:00.000Z,,1,,,,,,,,,,,,,,,,,,,,,,,,,,,,,,,,,,,,,,,,,,,,,,,,,,,,,,,,,,,,,,,,,,,,,,,,,,,,,,,,,,,,,,,,,,,,,,,,,,,,,,,,,,,,,,,,,,,,,,,,,,,,,,,,,,,,,,,,,,,,,,,,,,,,,,,,,,,,,,,,,,,,,,,,,,,,,,,,,,,,,,,,,,,,,,,,,,,,,,,,,,,,,,,,,,,,,,,,,,,,,,,,,,,,,,,,,,,,,,,,,,,,,,,,,,,,,,,,,,,,,,,,,,,,,,,,,,,,,,,,,,,,,,,,,,,,,,,,,,,,,,,,,,,,,,,,,,,,,,,,,,,,,,,,,,,,,,,,,,,,,,,,,,,,,,,,,,,,,,,,,,,,,,,,,,,,,,,,,,,,,,,,,,,,,,,,,,,,,,,,,,,,,,,,,,,,,,,,,,,,,,,,,,,,,,,,,,,,,,,,,,,,,,,,,,,,,,,,,,,,,,,,,,,,,,,,,,,,,,,,,,,,,,,,,,,,,,,,,,
"4610-Audrey-Ln,-New-Port-Richey,-FL-34652","4610 Audrey Ln, New Port Richey, FL 34652",4610 Audrey Ln,,New Port Richey,FL,12,34652,Pasco,101,28.224897,-82.726898,Apartment,2,1.0,750,,,Active,1295,Standard,2026-08-07T00:00:00.000Z,,2022-12-14T03:00:33.413Z,2026-08-07T03:06:47.287Z,1,Pasco,New Port Richey,,Rental Listing,1295,Standard,2026-08-07T00:00:00.000Z,,1,,,,,,,,,,,,,,,,,,,,,,,,,,,,,,,,,,,,,,,,,,,,,,,,,,,,,,,,,,,,,,,,,,,,,,,,,,,,,,,,,,,,,,,,,,,,,,,,,,,,,,,,,,,,,,,,,,,,,,,,,,,,,,,,,,,,,,,,,,,,,,,,,,,,,,,,,,,,,,,,,,,,,,,,,,,,,,,,,,,,,,,,,,,,,,,,,,,,,,,,,,,,,,,,,,,Rental Listing,1400.0,Standard,2025-01-02T00:00:00.000Z,2025-01-03T00:00:00.000Z,1.0,Rental Listing,1295.0,Standard,2025-12-10T00:00:00.000Z,2025-12-11T00:00:00.000Z,1.0,,,,,,,,,,,,,,,,,,,,,,,,,,,,,,,,,,,,,,,,,,,,,,,,,,,,,,,,,,,,,,,,,,,,,,,,,,,,,,,,,,,,,,,,,,,,,,,,,,,,,,,,,,,,,,,,,,,,,,,,,,,,,,,,,,,,,,,,,,,,,,,,,,,,,,,,,,,,,,,,,,,,,,,,,,,,,,,,,,,,,,,,,,,,,,,,,,,,,,,,,,,,,,,,,,,,,,,,,,,,,,,,,,,,,,,,,,,,,,,,,,,,,,,,,,,,,,,,,,,,,,,,,,,,,,,,,,,,
"5443-Beach-St,-New-Port-Richey,-FL-34652","5443 Beach St, New Port Richey, FL 34652",5443 Beach St,,New Port Richey,FL,12,34652,Pasco,101,28.238647,-82.71696,Apartment,2,1.0,850,,,Active,1395,Standard,2026-08-07T00:00:00.000Z,,2025-09-10T00:00:00.000Z,2026-08-07T03:06:47.282Z,1,Pasco,New Port Richey,,Rental Listing,1395,Standard,2026-08-07T00:00:00.000Z,,1,,,,,,,,,,,,,,,,,,,,,,,,,,,,,,,,,,,,,,,,,,,,,,,,,,,,,,,,,,,,,,,,,,,,,,,,,,,,,,,,,,,,,,,,,,,,,,,,,,,,,,,,,,,,,,,,,,,,,,,,,,,,,,,,,,,,,,,,,,,,,,,,,,,,,,,,,,,,,,,,,,,,,,,,,,,,,,,,,,,,,,,,,,,,,,,,,,,,,,,,,,,,,,,,,,,,,,,,,,,,,,,Rental Listing,1250.0,Standard,2025-10-08T00:00:00.000Z,2025-10-09T00:00:00.000Z,1.0,,,,,,,,,,,,,,,,,,,,,,,,,,,,,,,,,,,,,,,,,,,,,,,,,,,,,,,,,,,,,,,,,,,,,,,,,,,,,,,,,,,,,,,,,,,,,,,,,,,,,,,,,,,,,,,,,,,,,,,,,,,,,,,,,,,,,,,,,,,,,,,,,,,,,,,,,,,,,,,,,,,,,,,,,,,,,,,,,,,,,,,,,,,,,,,,,,,,,,,,,,,,,,,,,,,,,,,,,,,,,,,,,,,,,,,,,,,,,,,,,,,,,,,,,,,,,,,,,,,,,,,,,,,,,,
"7801-Glencoe-Dr,-New-Port-Richey,-FL-34653","7801 Glencoe Dr, New Port Richey, FL 34653",7801 Glencoe Dr,,New Port Richey,FL,12,34653,Pasco,101,28.272178,-82.685944,Single Family,3,2.0,1532,,,Active,1965,Standard,2026-08-07T00:00:00.000Z,,2023-12-03T00:00:00.000Z,2026-08-07T03:06:47.281Z,1,Pasco,New Port Richey,,Rental Listing,1965,Standard,2026-08-07T00:00:00.000Z,,1,,,,,,,,,,,,,,,,,,,,,,,,,,,,,,,,,,,,,,,,,,,,,,,,,,,,,,,,,,,,,,,,,,,,,,,,,,,,,,,,,,,,,,,,,,,,,,,,,,,,,,,,,,,,,,,,,,,,,,,,,,,,,,,,,,,,,,,,,,,,,,,,,,,,,,,,,,,,,,,,,,,,,,,,,,,,,,,,,,,,,,,,,,,,,,,,,,,,,,,,,,,,,,,,,,,,,,,,,,,,,,,,,,,,,Rental Listing,1965.0,Standard,2026-08-03T00:00:00.000Z,2026-08-04T00:00:00.000Z,1.0,,,,,,,,,,,,,,,,,,,,,,,,,,,,,,,,,,,,,,,,,,,,,,,,,,,,,,,,,,,,,,,,,,,,,,,,,,,,,,,,,,,,,,,,,,,,,,,,,,,,,,,,,,,,,,,,,,,,,,,,,,,,,,,,,,,,,,,,,,,,,,,,,,,,,,,,,,,,,,,,,,,,,,,,,,,,,,,,,,,,,,,,,,,,,,,,,,,,,,,,,,,,,,,,,,,,,,,,,,,,,,,,,,,,,,,,,,,,,,,,,,,,,,,,,,,,,,,,,,,,,,,,
"9101-Easthaven-Ct,-New-Port-Richey,-FL-34655","9101 Easthaven Ct, New Port Richey, FL 34655",9101 Easthaven Ct,,New Port Richey,FL,12,34655,Pasco,101,28.238569,-82.664349,Single Family,3,2.0,1837,,,Active,2195,Standard,2026-08-07T00:00:00.000Z,,2022-03-01T01:33:29.645Z,2026-08-07T03:06:47.274Z,1,Pasco,New Port Richey,,Rental Listing,2195,Standard,2026-08-07T00:00:00.000Z,,1,,,,,,,,,,,,,,,,,,,,,,,,,,,,,,,,,,,,,,,,,,,,,,,,,,,,,,,,,,,,,,,,,,,,,,,,,,,,,,,,,,,,,,,,,,,,,,,,,,,,,,,,,,,,,,,,,,,,,,,,,,,,,,,,,,,,,,,,,,,,,,,,,,,,,,,,,,,,,,,,,,,,,,,,,,,,,,,,,,,,,,,,,,,,,,,,,,,,,,,,,,,,,,,,,,,,,,,,,,,,,,,,,,,,,,,,,,,Rental Listing,2520.0,Standard,2025-06-11T00:00:00.000Z,2025-06-12T00:00:00.000Z,1.0,Rental Listing,2395.0,Standard,2025-06-23T00:00:00.000Z,2025-06-24T00:00:00.000Z,1.0,Rental Listing,2220.0,Standard,2025-07-27T00:00:00.000Z,2025-07-28T00:00:00.000Z,1.0,,,,,,,,,,,,,,,,,,,,,,,,,,,,,,,,,,,,,,,,,,,,,,,,,,,,,,,,,,,,,,,,,,,,,,,,,,,,,,,,,,,,,,,,,,,,,,,,,,,,,,,,,,,,,,,,,,,,,,,,,,,,,,,,,,,,,,,,,,,,,,,,,,,,,,,,,,,,,,,,,,,,,,,,,,,,,,,,,,,,,,,,,,,,,,,,,,,,,,,,,,,,,,,,,,,,,,,,,,,,,,,,,,,,,,,,,,,,,,,,,,,,,,
"2910-Yellowhammer-Way,-New-Port-Richey,-FL-34655","2910 Yellowhammer Way, New Port Richey, FL 34655",2910 Yellowhammer Way,,New Port Richey,FL,12,34655,Pasco,101,28.201001,-82.673205,Single Family,3,2.5,1801,,,Active,2375,Standard,2026-08-07T00:00:00.000Z,,2022-10-14T01:43:29.284Z,2026-08-07T03:06:47.274Z,1,Pasco,New Port Richey,,Rental Listing,2375,Standard,2026-08-07T00:00:00.000Z,,1,,,,,,,,,,,,,,,,,,,,,,,,,,,,,,,,,,,,,,,,,,,,,,,,,,,,,,,,,,,,,,,,,,,,,,,,,,,,,,,,,,,,,,,,,,,,,,,,,,,,,,,,,,,,,,,,,,,,,,,,,,,,,,,,,,,,,,,,,,,,,,,,,,,,,,,,,,,,,,,,,,,,,,,,,,,,,,,,,,,,,,,,,,,,,,,,,,,,,,,,,,,,,,,,,,,,,,,,,,,,,,,,,,,,,,,,,,,,,,,,,,,,,,,,,,,,,Rental Listing,2149.0,Standard,2024-10-18T00:00:00.000Z,2024-10-19T00:00:00.000Z,1.0,,,,,,,,,,,,,,,,,,,,,,,,,,,,,,,,,,,,,,,,,,,,,,,,,,,,,,,,,,,,,,,,,,,,,,,,,,,,,,,,,,,,,,,,,,,,,,,,,,,,,,,,,,,,,,,,,,,,,,,,,,,,,,,,,,,,,,,,,,,,,,,,,,,,,,,,,,,,,,,,,,,,,,,,,,,,,,,,,,,,,,,,,,,,,,,,,,,,,,,,,,,,,,,,,,,,,,,,,,,,,,,,,,,,,,,,,,,,,,,,
"5525-Wahoo-Ct,-New-Port-Richey,-FL-34652","5525 Wahoo Ct, New Port Richey, FL 34652",5525 Wahoo Ct,,New Port Richey,FL,12,34652,Pasco,101,28.239613,-82.732902,Townhouse,3,3.0,1607,1227.0,2022.0,Active,2100,Standard,2026-08-07T00:00:00.000Z,,2022-09-22T02:16:19.530Z,2026-08-07T03:06:47.272Z,1,Pasco,New Port Richey,,Rental Listing,2100,Standard,2026-08-07T00:00:00.000Z,,1,,,,,,,,,,,,,,,,,,,,,,,,,Rental Listing,2100.0,Standard,2026-03-14T00:00:00.000Z,2026-03-15T00:00:00.000Z,1.0,,,,,,,,,,,,,,,,,,,,,,,,,,,,,,,,,,,,,,,,,,,,,,,,,,,,,,,,,,,,,,,,,,,,,,,,,,,,,,,,,,,,,,,,,,,,,,,,,,,,,,,,,,,,,,,,,,,,,,,,,,,,,,,,,,,,,,,,,,,,,,,,,,,,,,,,,,,,,,,,,,,,,,,,,,,,,,,,,,,,,,,,,,,,,,,,,,,,,,,,,,,,,,,,,,,,,,,,,,,,,,,,,,,,,Rental Listing,1800.0,Standard,2025-03-25T00:00:00.000Z,2025-03-26T00:00:00.000Z,1.0,Rental Listing,2100.0,Standard,2025-07-12T00:00:00.000Z,2025-07-13T00:00:00.000Z,1.0,Rental Listing,2100.0,Standard,2025-10-04T00:00:00.000Z,2025-10-05T00:00:00.000Z,1.0,Rental Listing,2100.0,Standard,2025-11-05T00:00:00.000Z,2025-11-06T00:00:00.000Z,1.0,Rental Listing,2100.0,Standard,2025-12-20T00:00:00.000Z,2025-12-21T00:00:00.000Z,1.0,Rental Listing,2100.0,Standard,2026-01-07T00:00:00.000Z,2026-01-08T00:00:00.000Z,1.0,Rental Listing,2100.0,Standard,2026-02-08T00:00:00.000Z,2026-02-09T00:00:00.000Z,1.0,Rental Listing,2100.0,Standard,2026-02-27T00:00:00.000Z,2026-02-28T00:00:00.000Z,1.0,Rental Listing,2100.0,Standard,2026-04-04T00:00:00.000Z,2026-04-05T00:00:00.000Z,1.0,,,,,,,,,,,,,,,,,,,,,,,,,,,,,,,,,,,,,,,,,,,,,,,,,,,,,,,,,,,,,,,,,,,,,,,,,,,,,,,,,,,,,,,,,,,,,,,,,,,,,,,,,,,,,,,,,,,,,,,,,,,,,,,,,,,,,,,,,,,,,,,,,,,,,,,,,,,,,,,,,,,,,,,,,,,,,,,,,,,,,,,,,,
"4618-Audrey-Ln,-New-Port-Richey,-FL-34652","4618 Audrey Ln, New Port Richey, FL 34652",4618 Audrey Ln,,New Port Richey,FL,12,34652,Pasco,101,28.224907,-82.726746,Apartment,2,1.0,750,,,Active,1350,Standard,2026-08-07T00:00:00.000Z,,2026-07-25T00:00:00.000Z,2026-08-07T03:06:47.264Z,1,Pasco,New Port Richey,,Rental Listing,1350,Standard,2026-08-07T00:00:00.000Z,,1,,,,,,,,,,,,,,,,,,,,,,,,,,,,,,,,,,,,,,,,,,,,,,,,,,,,,,,,,,,,,,,,,,,,,,,,,,,,,,,,,,,,,,,,,,,,,,,,,,,,,,,,,,,,,,,,,,,,,,,,,,,,,,,,,,,,,,,,,,,,,,,,,,,,,,,,,,,,,,,,,,,,,,,,,,,,,,,,,,,,,,,,,,,,,,,,,,,,,,,,,,,,,,,,,,,,,,,,,,,,,,,,,,,,,,,,,,,,,,,,,,,,,,,,,,,,,,,,,,,,,,,,,,,,,,,,,,,,,,,,,,,,,,,,,,,,,,,,,,,,,,,,,,,,,,,,,,,,,,,,,,,,,,,,,,,,,,,,,,,,,,,,,,,,,,,,,,,,,,,,,,,,,,,,,,,,,,,,,,,,,,,,,,,,,,,,,,,,,,,,,,,,,,,,,,,,,,,,,,,,,,,,,,,,,,,,,,,,,,,,,,,,,,,,,,,,,,,,,,,,,,,,,,,,,,,,,,,,,,,,,,,,,,,,,,,,,,,,,,
"5847-Nebraska-Ave,-New-Port-Richey,-FL-34652","5847 Nebraska Ave, New Port Richey, FL 34652",5847 Nebraska Ave,,New Port Richey,FL,12,34652,Pasco,101,28.24995,-82.717369,Single Family,1,1.0,1100,,,Active,1200,Standard,2026-08-07T00:00:00.000Z,,2022-10-27T00:53:37.283Z,2026-08-07T03:06:47.262Z,1,Pasco,New Port Richey,,Rental Listing,1200,Standard,2026-08-07T00:00:00.000Z,,1,,,,,,,,,,,,,,,,,,,,,,,,,,,,,,,,,,,,,,,,,,,,,,,,,,,,,,,,,,,,,,,,,,,,,,,,,,,,,,,,,,,,,,,,,,,,,,,,,,,,,,,,,,,,,,,,,,,,,,,,,,,,,,,,,,,,,,,,,,,,,,,,,,,,,,,,,,,,,,,,,,,,,,,,,,,,,,,,,,,,,,,,,,,,,,,,,,,,,,,,,,,,,,,,,,,,,,,,,,,,,,,,,,,,,,,,,,,,,,,,,,,,,,,,,,,,,,,,,,,,,,,,,,,,,,,,,,,,,,,,,,,,,,,,,,,,,,,,,,,,,,,,,,,,,,,,,Rental Listing,1200.0,Standard,2024-11-11T00:00:00.000Z,2024-11-12T00:00:00.000Z,1.0,Rental Listing,1200.0,Standard,2024-12-19T00:00:00.000Z,2024-12-20T00:00:00.000Z,1.0,,,,,,,,,,,,,,,,,,,,,,,,,,,,,,,,,,,,,,,,,,,,,,,,,,,,,,,,,,,,,,,,,,,,,,,,,,,,,,,,,,,,,,,,,,,,,,,,,,,,,,,,,,,,,,,,,,,,,,,,,,,,,,,,,,,,,,,,,,,,,,,,,,,,,,,,,,,,,,,,,,,,,,,,,,,,,,
"2844-Coach-Manors-Way,-New-Port-Richey,-FL-34655","2844 Coach Manors Way, New Port Richey, FL 34655",2844 Coach Manors Way,,New Port Richey,FL,12,34655,Pasco,101,28.200218,-82.672511,Single Family,4,2.5,2466,,,Active,2625,Standard,2026-08-07T00:00:00.000Z,,2023-04-02T00:00:00.000Z,2026-08-07T03:06:47.254Z,1,Pasco,New Port Richey,,Rental Listing,2625,Standard,2026-08-07T00:00:00.000Z,,1,,,,,,,,,,,,,,,,,,,,,,,,,,,,,,,,,,,,,,,,,,,,,,,,,,,,,,,,,,,,,,,,,,,,,,,,,,,,,,,,,,,,,,,,,,,,,,,,,,,,,,,,,,,,,,,,,,,,,,,,,,,,,,,,,,,,,,,,,,,,,,,,,,,,,,,,,,,,,,,,,,,,,,,,,,,,,,,,,,,,,,,,,,,,,,,,,,,,,,,,,,,,,,,,,,,,,,,,,,,,,,,,,,,,,,,,,,,,,,,,,,,,,,,,,,,,,,,,,,,,,,,,,,,,,,,,,,,,,,,,,,,,,,,,,,,,,,,,,,,,,,,,,,,,,,,,,,,,,,,,,,,,,,,,,,,,,,,,,,,,,,,,,,,,,,,,,,,,,,,,,,,,,,,,,,,,,,,,,,,,,,,,,,,,,,,,,,,,,,,,,,,,,,,,,,,,,,,,,,,,,,,,,,,,,,,,,,,,,,,,,,,,,,,,,,,,,,,,,,,,,,,,,,,,,,,,,,,,,,,,,,,,,,,,,,,,,,,,,,
"8913-Wood-Lake-Ct,-New-Port-Richey,-FL-34653","8913 Wood Lake Ct, New Port Richey, FL 34653",8913 Wood Lake Ct,,New Port Richey,FL,12,34653,Pasco,101,28.223478,-82.667477,Single Family,4,2.0,1190,,,Active,2295,Standard,2026-08-07T00:00:00.000Z,,2026-05-21T00:00:00.000Z,2026-08-07T03:06:47.245Z,1,Pasco,New Port Richey,,Rental Listing,2295,Standard,2026-08-07T00:00:00.000Z,,1,,,,,,,,,,,,,,,,,,,,,,,,,,,,,,,,,,,,,,,,,,,,,,,,,,,,,,,,,,,,,,,,,,,,,,,,,,,,,,,,,,,,,,,,,,,,,,,,,,,,,,,,,,,,,,,,,,,,,,,,,,,,,,,,,,,,,,,,,,,,,,,,,,,,,,,,,,,,,,,,,,,,,,,,,,,,,,,,,,,,,Rental Listing,2295.0,Standard,2026-06-08T00:00:00.000Z,2026-06-09T00:00:00.000Z,1.0,,,,,,,,,,,,,,,,,,,,,,,,,,,,,,,,,,,,,,,,,,,,,,,,,,,,,,,,,,,,,,,,,,,,,,,,,,,,,,,,,,,,,,,,,,,,,,,,,,,,,,,,,,,,,,,,,,,,,,,,,,,,,,,,,,,,,,,,,,,,,,,,,,,,,,,,,,,,,,,,,,,,,,,,,,,,,,,,,,,,,,,,,,,,,,,,,,,,,,,,,,,,,,,,,,,,,,,,,,,,,,,,,,,,,,,,,,,,,,,,,,,,,,,,,,,,,,,,,,,,,,,,,,,,,,,,,,,,,,,,,,,,,,,,,,,,,,,,,,,,,,,,,,,,,,,,
"8459-Houndstooth-Enclave-Dr,-New-Port-Richey,-FL-34655","8459 Houndstooth Enclave Dr, New Port Richey, FL 34655",8459 Houndstooth Enclave Dr,,New Port Richey,FL,12,34655,Pasco,101,28.201583,-82.674988,Single Family,3,2.5,2319,,,Active,2449,Standard,2026-08-07T00:00:00.000Z,,2022-11-20T01:15:24.633Z,2026-08-07T03:05:40.070Z,1,Pasco,New Port Richey,,Rental Listing,2449,Standard,2026-08-07T00:00:00.000Z,,1,,,,,,,,,,,,,,,,,,,,,,,,,,,,,,,,,,,,,,,,,,,,,,,,,,,,,,,,,,,,,,,,,,,,,,,,,,,,,,,,,,,,,,,,,,,,,,,,,,,,,,,,,,,,,,,,,,,,,,,,,,,,,,,,,,,,,,,,,,,,,,,,,,,,,,,,,,,,,,,,,,,,,,,,,,,,,,,,,,,,,,,,,,,,,,,,,,,,,,,,,,,,,,,,,,,,,,,,,,,,,,,,,,,,,,,,,,,,,,,,,,,,,,,,,,,,,,,,,,,,,,,,,,,,,,,,,,,,,,,,,,,,,,,,,,,,,,,,,,,,,,,,,,,,,,,,,,,,,,,,,,,,,,,,,,,,,,,,,,,,,,,,,,,,,,,,,,,,,,,,,,,,,,,,,,,,,,,,,,,,,,,,,,,,,,,,,,,,,,,,,,,,,,,,,,,,,,,,,,,,,,,,,,,,,,,,,,,,,,,,,,,,,,,,,,,,,,,,,,,,,,,,,,,,,,,,,,,,,,,,,,,,,,,,,,,,,,,,,,
"2917-Gridiron-Isle,-New-Port-Richey,-FL-34655","2917 Gridiron Isle, New Port Richey, FL 34655",2917 Gridiron Isle,,New Port Richey,FL,12,34655,Pasco,101,28.201095,-82.672249,Single Family,3,2.5,2319,,,Active,2449,Standard,2026-08-07T00:00:00.000Z,,2023-06-10T00:00:00.000Z,2026-08-07T03:05:40.069Z,1,Pasco,New Port Richey,,Rental Listing,2449,Standard,2026-08-07T00:00:00.000Z,,1,,,,,,,,,,,,,,,,,,,,,,,,,,,,,,,,,,,,,,,,,,,,,,,,,,,,,,,,,,,,,,,,,,,,,,,,,,,,,,,,,,,,,,,,,,,,,,,,,,,,,,,,,,,,,,,,,,,,,,,,,,,,,,,,,,,,,,,,,,,,,,,,,,,,,,,,,,,,,,,,,,,,,,,,,,,,,,,,,,,,,,,,,,,,,,,,,,,,,,,,,,,,,,,,,,,,,,,,,,,,,,,,,,,,,,,,,,,,,,,,,,,,,,,,,,,,,,,,,,,,,,,,,,,,,,,,,,,,,,,,,,,,,,,,,,,,,,,,,,,,,,,,,,,,,,,,,,,,,,,,,,,,,,,,,,,,,,,,,,,,,,,,,,,,,,,,,,,,,,,,,,,,,,,,,,,,,,,,,,,,,,,,,,,,,,,,,,,,,,,,,,,,,,,,,,,,,,,,,,,,,,,,,,,,,,,,,,,,,,,,,,,,,,,,,,,,,,,,,,,,,,,,,,,,,,,,,,,,,,,,,,,,,,,,,,,,,,,,,,
"5245-Amulet-Dr,-New-Port-Richey,-FL-34652","5245 Amulet Dr, New Port Richey, FL 34652",5245 Amulet Dr,,New Port Richey,FL,12,34652,Pasco,101,28.235746,-82.732971,Condo,1,1.0,963,,,Active,1300,Standard,2026-08-07T00:00:00.000Z,,2024-04-02T00:00:00.000Z,2026-08-07T03:05:40.068Z,1,Pasco,New Port Richey,,Rental Listing,1300,Standard,2026-08-07T00:00:00.000Z,,1,,,,,,,,,,,,,,,,,,,,,,,,,,,,,,,,,,,,,,,,,,,,,,,,,,,,,,,,,,,,,,,,,,,,,,,,,,,,,,,,,,,,,,,,,,,,,,,,,,,,,,,,,,,,,,,,,,,,,,,,,,,,,,,,,,,,,,,,,,,,,,,,,,,,,,,,,,,,,,,,,,,,,,,,,,,,,,,,,,,,,,,,,,,,,,,,,,,,,,,,,,,,,,,,,,,,,,,,,,,,,,,,,,,,,,,,,,,,,,,,,,,,,,,,,,,,,,,,,,,,,,,,,,,,,,,,,,,,,,,,,,,,,,,,,,,,,,,,,,,,,,,,,,,,,,,,,,,,,,,,,,,,,,,,,,,,,,,,,,,,,,,,,,,,,,,,,,,,,,,,,,,,,,,,,,,,,,,,,,,,,,,,,,,,,,,,,,,,,,,,,,,,,,,,,,,,,,,,,,,,,,,,,,,,,,,,,,,,,,,,,,,,,,,,,,,,,,,,,,,,,,,,,,,,,,,,,,,,,,,,,,,,,,,,,,,,,,,,,,
"6413-Sutters-Mill-Rd,----fl,-New-Port-Richey,-FL-34653","6413 Sutters Mill Rd, # #fl, New Port Richey, FL 34653",6413 Sutters Mill Rd,# #fl,New Port Richey,FL,12,34653,Pasco,101,28.220654,-82.70842,Single Family,3,2.0,1080,,,Active,1499,Standard,2026-08-07T00:00:00.000Z,,2025-03-30T00:00:00.000Z,2026-08-07T03:05:40.051Z,1,Pasco,New Port Richey,,Rental Listing,1499,Standard,2026-08-07T00:00:00.000Z,,1,,,,,,,,,,,,,,,,,,,,,,,,,,,,,,,,,,,,,,,,,,,,,,,,,,,,,,,,,,,,,,,,,,,,,,,,,,,,,,,,,,,,,,,,,,,,,,,,,,,,,,,,,,,,,,,,,,,,,,,,,,,,,,,,,,,,,,,,,,,,,,,,,,,,,,,,,,,,,,,,,,,,,,,,,,,,,,,,,,,,,,,,,,,,,,,,,,,,,,,,,,,,,,,,,,,,,,,,,,,,,,,,,,,,,,,,,,,,,,,,,,,,,,,,,,,,,,,,,,,,,,,,,,,,,,,,,,,,,,,,,,,,,,,,,,,,,,,,,,,,,,,,,,,,,,,,,,,,,,,,,,,,,Rental Listing,1600.0,Standard,2025-04-01T00:00:00.000Z,2025-04-02T00:00:00.000Z,1.0,,,,,,,,,,,,,,,,,,,,,,,,,,,,,,,,,,,,,,,,,,,,,,,,,,,,,,,,,,,,,,,,,,,,,,,,,,,,,,,,,,,,,,,,,,,,,,,,,,,,,,,,,,,,,,,,,,,,,,,,,,,,,,,,,,,,,,,,,,,,,,,,,,,,,,,,,,,,,,,,,,,,,,,,
"4282-Rudder-Way,-New-Port-Richey,-FL-34652","4282 Rudder Way, New Port Richey, FL 34652",4282 Rudder Way,,New Port Richey,FL,12,34652,Pasco,101,28.227969,-82.743341,Single Family,3,2.0,1310,6098.0,1978.0,Active,2000,Standard,2026-08-07T00:00:00.000Z,,2026-05-23T00:00:00.000Z,2026-08-07T03:05:40.049Z,1,Pasco,New Port Richey,,Rental Listing,2000,Standard,2026-08-07T00:00:00.000Z,,1,,,,,,,,,,,,,,,,,,,,,,,,,,,,,,,,,,,,,,,,,,,,,,,,,,,,,,,,,,,,,,,,,,,,,,,,,,,,,,,,,,,,,,,,,,,,,,,,,,,,,,,,,,,,,,,,,,,,,,,,,,,,,,,,,,,,,,,,,,,,,,,,,,,,,,,,,,,,,,,,,,,,,,,,,,,,,,,,,,,,,,,,,,,,,,,,,,,,,,,,,,,,,,,,,,,,,,,,,,,,,,,,,,,,,,,,,,,,,,,,,,,,,,,,,,,,,,,,,,,,,,,,,,,,,,,,,,,,,,,,,,,,,,,,,,,,,,,,,,,,,,,,,,,,,,,,,,,,,,,,,,,,,,,,,,,,,,,,,,,,,,,,,,,,,,,,,,,,,,,,,,,,,,,,,,,,,,,,,,,,,,,,,,,,,,,,,,,,,,,,,,,,,,,,,,,,,,,,,,,,,,,,,,,,,,,,,,,,,,,,,,,,,,,,,,,,,,,,,,,,,,,,,,,,,,,,,,,,,,,,,,,,,,,,,,,,,,,,,,
"3153-Lodi-Dr,-New-Port-Richey,-FL-34655","3153 Lodi Dr, New Port Richey, FL 34655",3153 Lodi Dr,,New Port Richey,FL,12,34655,Pasco,101,28.205517,-82.695377,Single Family,3,2.0,1283,,,Active,1800,Standard,2026-08-07T00:00:00.000Z,,2022-04-13T00:11:53.420Z,2026-08-07T03:05:40.028Z,1,Pasco,New Port Richey,,Rental Listing,1800,Standard,2026-08-07T00:00:00.000Z,,1,Rental Listing,1800.0,Standard,2026-07-31T00:00:00.000Z,2026-08-01T00:00:00.000Z,1.0,,,,,,,,,,,,,,,,,,,,,,,,,,,,,,,,,,,,,,,,,,,,,,,,,,,,,,,,,,,,,,,,,,,,,,,,,,,,,,,,,,,,,,,,,,,,,,,,,,,,,,,,,,,,,,,,,,,,,,,,,,,,,,,,,,,,,,,,,,,,,,,,,,,,,,,,,,,,,,,,,,,,,,,,,,,,,,,,,,,,,,,,,,,,,,,,,,,,,,,,,,,,,,,,,,,,,,,,,,,,,,,,,,,,,,,,,,,,,,,,,,,,,,,,,,,,,,,,,,,,,,,,,,,,,,,,,,,,,,,,,,,,,,,,,,,,,,,,,,,,,,,,,,,,,,,,,,,,,,,,,,,,,Rental Listing,1800.0,Standard,2025-05-03T00:00:00.000Z,2025-05-04T00:00:00.000Z,1.0,,,,,,,,,,,,,,,,,,,,,,,,,,,,,,,,,,,,,,,,,,,,,,,,,,,,,,,,,,,,,,,,,,,,,,,,,,,,,,,,,,,,,,,,,,,,,,,,,,,,,,,,,,,,,,,,,,,,,,,,,,,,,,,,,,,,,,,,,,,,,,,,,,,,,,,,,,,,,,,,,,
"7839-Putnam-Cir,-New-Port-Richey,-FL-34655","7839 Putnam Cir, New Port Richey, FL 34655",7839 Putnam Cir,,New Port Richey,FL,12,34655,Pasco,101,28.207018,-82.684649,Single Family,3,2.0,1475,,,Active,2030,Standard,2026-08-07T00:00:00.000Z,,2019-04-15T03:22:42.631Z,2026-08-07T03:05:40.026Z,1,Pasco,New Port Richey,,Rental Listing,2030,Standard,2026-08-07T00:00:00.000Z,,1,,,,,,,,,,,,,,,,,,,,,,,,,,,,,,,,,,,,,,,,,,,,,,,,,,,,,,,,,,,,,,,,,,,,,,,,,,,,,,,,,,,,,,,,,,,,,,,,,,,,,,,,,,,,,,,,,,,,,,,,,,,,,,,,,,,,,,,,,,,,,,,,,,,,,,,,,,,,,,,,,,,,,,,,,,,,,,,,,,,,,,,,,,,,,,,,,,,,,,,,,,,,,,,,,,,,,,,,,,,,,,,,,,,,,,,,,,,,,,,,,,,,,,,,,,,,,,,,,,,,,,,,,,,,,,,,,,,,,,,,,,,,,,,,,,,,,,,,,,,,,,,,,,,,,,,,,,,,,,,,,,,,,,,,,,,,,,,,,,,,,,,,,,,,,,,,,,,,,,,,,,,,,,,,,,,,,,,,,,,,,,,,,,,,,,,,,,,,,,,,,,,,,,,,,,,,,,,,,,,,,,,,,,,,,,,,,,,,,,,,,,,,,,,,,,,,,,,,,,,,,,,,,,,,,,,,,,,,,,,,,,,,,,,,,,,,,,,,,,
"3814-Linkwood-St,-New-Port-Richey,-FL-34652","3814 Linkwood St, New Port Richey, FL 34652",3814 Linkwood St,,New Port Richey,FL,12,34652,Pasco,101,28.214597,-82.732028,Single Family,3,1.0,1104,,,Active,1625,Standard,2026-08-07T00:00:00.000Z,,2020-03-19T17:11:50.213Z,2026-08-07T03:05:40.016Z,1,Pasco,New Port Richey,,Rental Listing,1625,Standard,2026-08-07T00:00:00.000Z,,1,Rental Listing,1625.0,Standard,2026-07-31T00:00:00.000Z,2026-08-01T00:00:00.000Z,1.0,,,,,,,,,,,,,,,,,,,,,,,,,,,,,,,,,,,,,,,,,,,,,,,,,,,,,,,,,,,,,,,,,,,,,,,,,,,,,,,,,,,,,,,,,,,,,,,,,,,,,,,,,,,,,,,,,,,,,,,,,,,,,,,,,,,,,,,,,,,,,,,,,,,,,,,,,,,,,,,,,,,,,,,,,,,,,,,,,,,,,,,,,,,,,,,,,,,,,,,,,,,,,,,,,,,,,,,,,,,,,,,,,,,,,,,,,,,,,,,,,,,,,,,,,,,,,,,,,,,,,,,,,,,,,,,,,,,,,,,,,,,,,,,,,,,,,,,,,,,,,,,,,,,,,,,,,,,,,,,,,,,,,,,,,,,,,,,,,,,,,,,,,,,,,,,,,,,,,,,,,,,,,,,,,,,,,,,,,,,,,,,,,,,,,,,,,,,,,,,,,,,,,,,,,,,,,,,,,,,,,,,,,,,,,,,,,,,,,,,,,,,,,,,,,,,,,,,,,,,,,,,,,,,,,,,,,,,,,,,,,,,,,,,,,,,,
"5227-Tangerine-Dr,-New-Port-Richey,-FL-34652","5227 Tangerine Dr, New Port Richey, FL 34652",5227 Tangerine Dr,,New Port Richey,FL,12,34652,Pasco,101,28.231786,-82.72758,Single Family,2,1.5,996,,1959.0,Active,1500,Standard,2026-08-07T00:00:00.000Z,,2022-03-12T01:11:50.206Z,2026-08-07T03:05:40.015Z,1,Pasco,New Port Richey,,Rental Listing,1500,Standard,2026-08-07T00:00:00.000Z,,1,,,,,,,,,,,,,,,,,,,,,,,,,,,,,,,,,,,,,,,,,,,,,,,,,,,,,,,,,,,,,,,,,,,,,,,,,,,,,,,,,,,,,,,,,,,,,,,,,,,,,,,,,,,,,,,,,,,,,,,,,,,,,,,,,,,,,,,,,,,,,,,,,,,,,,,,,,,,,,,,,,,,,,,,,,,,,,,,,,,,,,,,,,,,,,,,,,,,,,,,,,,,,,,,,,,,,,,,,,,,,,,,,,,,,,,,,,,,,,,,,,,,,,,,,,,,,,,,,,,,,,,,,,,,,,,,,,,,,,,,,,,,,,,,,,,,,,,,,,,,,,,,,,,,,,,,,,,,,,,,,,,,,,,,,,,,,,,,,Rental Listing,1500.0,Standard,2024-09-23T00:00:00.000Z,2024-09-24T00:00:00.000Z,1.0,,,,,,,,,,,,,,,,,,,,,,,,,,,,,,,,,,,,,,,,,,,,,,,,,,,,,,,,,,,,,,,,,,,,,,,,,,,,,,,,,,,,,,,,,,,,,,,,,,,,,,,,,,,,,,,,,,,,,,,,,,,,,,,,,,,,,,,,,,,,,,,,,,,,,,,,,,,,
"3516-Teeside-Dr,-New-Port-Richey,-FL-34655","3516 Teeside Dr, New Port Richey, FL 34655",3516 Teeside Dr,,New Port Richey,FL,12,34655,Pasco,101,28.210341,-82.653832,Single Family,2,2.0,1288,22047458.0,1980.0,Active,1850,Standard,2026-08-07T00:00:00.000Z,,2025-01-03T00:00:00.000Z,2026-08-07T03:05:40.010Z,1,Pasco,New Port Richey,,Rental Listing,1850,Standard,2026-08-07T00:00:00.000Z,,1,,,,,,,,,,,,,,,,,,,,,,,,,,,,,,,,,,,,,,,,,,,,,,,,,,,,,,,,,,,,,,,,,,,,,,,,,,,,,,,,,,,,,,,,,,,,,,,,,,,,,,,,,,,,,,,,,,,,,,,,,,,,,,,,,,,,,,,,,,,,,,,,,,,,,,,,,,,,,,,,,,,,,,,,,,,,,,,,,,,,,,,,,,,,,,,,,,,,,,,,,,,,,,,,,,,Rental Listing,1750.0,Standard,2025-01-02T00:00:00.000Z,2025-01-23T00:00:00.000Z,21.0,,,,,,,,,,,,,,,,,,,,,,,,,,,,,,,,,,,,,,,,,,,,,,,,,,,,,,,,,,,,,,,,,,,,,,,,,,,,,,,,,,,,,,,,,,,,,,,,,,,,,,,,,,,,,,,,,,,,,,,,,,,,,,,,,,,,,,,,,,,,,,,,,,,,,,,,,,,,,,,,,,,,,,,,,,,,,,,,,,,,,,,,,,,,,,,,,,,,,,,,,,,,,,,,,,,,,,,,,,,,,,,,,,,,,,,,,,,,,,,,,,,,,,,,,,,,,,,,,,,,,,,,,,,,,,,,,,,,,,,,,,
"3910-Glissade-Dr,-New-Port-Richey,-FL-34652","3910 Glissade Dr, New Port Richey, FL 34652",3910 Glissade Dr,,New Port Richey,FL,12,34652,Pasco,101,28.215714,-82.744921,Single Family,3,2.0,1512,,,Active,1995,Standard,2026-08-07T00:00:00.000Z,,2021-12-28T02:54:06.020Z,2026-08-07T03:05:40.005Z,1,Pasco,New Port Richey,,Rental Listing,1995,Standard,2026-08-07T00:00:00.000Z,,1,,,,,,,,,,,,,,,,,,,,,,,,,,,,,,,,,,,,,,,,,,,,,,,,,,,,,,,,,,,,,,,,,,,,,,,,,,,,,,,,,,,,,,,,,,,,,,,,,,,,,,,,,,,,,,,,,,,,,,,,,,,,,,,,,,,,,,,,,,,,,,,,,,,,,,,,,,,,,,,,,,,,,,,,,,,,,,,,,,,,,,,,,,,,,,,,,,,,,,,,,,,,,,,,,,,,,,,,,,,,,,,,,,,,,,,,,,,,,,,,,,,,,,,,,,,,,,,,,,,,,,,,,,,,,,,,,,,,,,,,,,,,,,,,,,,,,,,,,,,,,,,,,,,,,,,,,,,,,,,,,,,,,,,,,,,,,,,,,,,,,,,,,,,,,,,,,,,,,,,,,,,,,,,,,,,,,,,,,,,,,,,,,,,,,,,,,,,,,,,,,,,,,,,,,,,,,,,,,,,,,,,,,,,,,,,,,,,,,,,,,,,,,,,,,,,,,,,,,,,,,,,,,,,,,,,,,,,,,,,,,,,,,,,,,,,,,,,,,,
"7505-Wimpole-Dr,-New-Port-Richey,-FL-34655","7505 Wimpole Dr, New Port Richey, FL 34655",7505 Wimpole Dr,,New Port Richey,FL,12,34655,Pasco,101,28.195994,-82.690638,Single Family,2,2.0,1268,,2001.0,Active,1995,Standard,2026-08-07T00:00:00.000Z,,2020-02-14T23:27:50.008Z,2026-08-07T03:05:40.001Z,1,Pasco,New Port Richey,,Rental Listing,1995,Standard,2026-08-07T00:00:00.000Z,,1,,,,,,,,,,,,,,,,,,,,,,,,,,,,,,,,,,,,,,,,,,,,,,,,,,,,,,,,,,,,,,,,,,,,,,,,,,,,,,,,,,,,,,,,,,,,,,,,,,,,,,,,,,,,,,,,,,,,,,,,,,,,,,,,,,,,,,,,,,,,,,,,,,,,,,,,,,,,,,,,,,,,,,,,,,,,,,,,,,,,,,,,,,,,,,,,,,,,,,,,,,,,,,,,,,,,,,,,,,,,,,,,,,,,,,,,,,,,,,,,,,,,,,,,,,,,,,,,,,,,,,,,,,,,,,,,,,,,,,,,,,,,,,,,,,,,,,,,,,,,,,,,,,,,,,,,,,,,,,,,,,,,,,,,,,,,,,,,,,,,,,,,,,,,,,,,,,,,,,,,,,,,,,,,,,,,,,,,,,,,,,,,,,,,,,,,,,,,,,,,,,,,,,,,,,,,,,,,,,,,,,,,,,,,,,,,,,,,,,,,,,,,,,,,,,,,,,,,,,,,,,,,,,,,,,,,,,,,,,,,,,,,,,,,,,,,,,,,,,
"7726-Sue-Ellen-Dr,-New-Port-Richey,-FL-34668","7726 Sue Ellen Dr, New Port Richey, FL 34668",7726 Sue Ellen Dr,,New Port Richey,FL,12,34668,Pasco,101,28.324806,-82.686522,Single Family,2,1.0,864,,1977.0,Active,1600,Standard,2026-08-07T00:00:00.000Z,,2023-03-12T00:00:00.000Z,2026-08-07T03:05:40.000Z,1,Pasco,New Port Richey,,Rental Listing,1600,Standard,2026-08-07T00:00:00.000Z,,1,,,,,,,,,,,,,,,,,,,,,,,,,,,,,,,,,,,,,,,,,,,,,,,,,,,,,,,,,,,,,,,,,,,,,,,,,,,,,,,,,,,,,,,,,,,,,,,,,,,,,,,,,,,,,,,,,,,,,,,,,,,,,,,,,,,,,,,,,,,,,,,,,,,,,,,,,,,,,,,,,,,,,,,,,,,,,,,,,,,,,,,,,,,,,,,,,,,,,,,,,,,,,,,,,,,,,,,,,,,,,,,,,,,,,,,,,,,,,,,,,Rental Listing,1500.0,Standard,2025-06-23T00:00:00.000Z,2025-06-24T00:00:00.000Z,1.0,,,,,,,,,,,,,,,,,,,,,,,,,,,,,,,,,,,,,,,,,,,,,,,,,,,,,,,,,,,,,,,,,,,,,,,,,,,,,,,,,,,,,,,,,,,,,,,,,,,,,,,,,,,,,,,,,,,,,,,,,,,,,,,,,,,,,,,,,,,,,,,,,,,,,,,,,,,,,,,,,,,,,,,,,,,,,,,,,,,,,,,,,,,,,,,,,,,,,,,,,,,,,,,,,,,,,,,,,,,,,,,,,,,,,,,,,,,,,,,,,,,,,,,,,,,,
"7148-Ramor-Ln,-New-Port-Richey,-FL-34653","7148 Ramor Ln, New Port Richey, FL 34653",7148 Ramor Ln,,New Port Richey,FL,12,34653,Pasco,101,28.261462,-82.712008,Single Family,3,2.0,1173,,,Active,1950,Standard,2026-08-07T00:00:00.000Z,,2026-06-18T00:00:00.000Z,2026-08-07T03:05:40.000Z,1,Pasco,New Port Richey,,Rental Listing,1950,Standard,2026-08-07T00:00:00.000Z,,1,,,,,,,,,,,,,,,,,,,,,,,,,,,,,,,,,,,,,,,,,,,,,,,,,,,,,,,,,,,,,,,,,,,,,,,,,,,,,,,,,,,,,,,,,,,,,,,,,,,,,,,,,,,,,,,,,,,,,,,,,,,,,,,,,,,,,,,,,,,,,,,,,,,,,,,,,,,,,,,,,,,,,,,,,,,,,,,,,,,,,,,,,,,,,,,,,,,,,,,,,,,,,,,,,,,,,,,,,,,,,,,,,,,,,,,,,,,,,,,,,,,,,,,,,,,,,,,,,,,,,,,,,,,,,,,,,,,,,,,,,,,,,,,,,,,,,,,,,,,,,,,,,,,,,,,,,,,,,,,,,,,,,,,,,,,,,,,,,,,,,,,,,,,,,,,,,,,,,,,,,,,,,,,,,,,,,,,,,,,,,,,,,,,,,,,,,,,,,,,,,,,,,,,,,,,,,,,,,,,,,,,,,,,,,,,,,,,,,,,,,,,,,,,,,,,,,,,,,,,,,,,,,,,,,,,,,,,,,,,,,,,,,,,,,,,,,,,,,,
"5215-Lochmead-Ter,-Zephyrhills,-FL-33541","5215 Lochmead Ter, Zephyrhills, FL 33541",5215 Lochmead Ter,,Zephyrhills,FL,12,33541,Pasco,101,28.233161,-82.236847,Single Family,2,2.0,1252,,,Active,1700,Standard,2026-08-07T00:00:00.000Z,,2026-01-24T00:00:00.000Z,2026-08-07T03:06:47.280Z,1,Pasco,Zephyrhills,,Rental Listing,1700,Standard,2026-08-07T00:00:00.000Z,,1,,,,,,,,,,,,,,,,,,,,,,,,,,,,,,,,,,,,,,,,,,,,,,,,,,,,,,,,,,,,,,,,,,,,,,,,,,,,,,,,,,,,,,,,,,,,,,,,,,,,,,,,,,,,,,,,,,,,,,,,,,,,,,,,,,,,,,,,,,,,,,,,,,,,,,,,,,,,,,,,,,,,,,,,,,,,,,,,,,,,,,,,,,,,,,,,,,,,,,,,,,,,,,,,,,,,,,,,,,,,,,,,,,,,,,,,,,,,,,,,,,,,,,,,,,,,,,,,,,,,,,,,,,,,,,,,,,,,,,,,,,,,,,,,,,,,,,,,,,,,,,,,,,,,,,,,,,,,,,,,,,,,,,,,,,,,,,,,,,,,,,,Rental Listing,1700.0,Standard,2026-02-22T00:00:00.000Z,2026-02-23T00:00:00.000Z,1.0,,,,,,,,,,,,,,,,,,,,,,,,,,,,,,,,,,,,,,,,,,,,,,,,,,,,,,,,,,,,,,,,,,,,,,,,,,,,,,,,,,,,,,,,,,,,,,,,,,,,,,,,,,,,,,,,,,,,,,,,,,,,,,,,,,,,,,,,,,,,,,,,,,,,,,
"5932-15th-St,-Zephyrhills,-FL-33542","5932 15th St, Zephyrhills, FL 33542",5932 15th St,,Zephyrhills,FL,12,33542,Pasco,101,28.244336,-82.176483,Single Family,3,2.0,1326,,,Active,1700,Standard,2026-08-07T00:00:00.000Z,,2019-07-08T20:51:38.270Z,2026-08-07T03:06:47.278Z,1,Pasco,Zephyrhills,,Rental Listing,1700,Standard,2026-08-07T00:00:00.000Z,,1,,,,,,,,,,,,,,,,,,,,,,,,,,,,,,,,,,,,,,,,,,,,,,,,,,,,,,,,,,,,,,,,,,,,,,,,,,,,,,,,,,,,,,,,,,,,,,,,,,,,,,,,,,,,,,,,,,,,,,,,,,,,,,,,,,,,,,,,,,,,,,,,,,,,,,,,,,,,,,,,,,,,,,,,,,,,,,,,,,,,,,,,,,,,,,,,,,,,,,,,,,,,,,,,,,,,,,,,,,,,,,,,,,,,,,,,,,,,,,,,,,,,,,,,,,,,,,,,,,,,,,,,,,,,,,,,,,,,,,,,,,,,,,,,,,,,,,,,,,,,,,,,,,,,,,,,,,,,,,,,,,,,,,,,,,,,,,,,,,,,,,,,,,,,,Rental Listing,1400.0,Standard,2026-04-03T00:00:00.000Z,2026-04-04T00:00:00.000Z,1.0,Rental Listing,1400.0,Standard,2026-05-24T00:00:00.000Z,2026-05-25T00:00:00.000Z,1.0,,,,,,,,,,,,,,,,,,,,,,,,,,,,,,,,,,,,,,,,,,,,,,,,,,,,,,,,,,,,,,,,,,,,,,,,,,,,,,,,,,,,,,,,,,,,,,,,,,,,,,,,,,,,,,,,,,,,,,,,,,,,,,,,,,,,,,,,,,
"4920-17th-St,-Zephyrhills,-FL-33542","4920 17th St, Zephyrhills, FL 33542",4920 17th St,,Zephyrhills,FL,12,33542,Pasco,101,28.229233,-82.174409,Apartment,1,1.0,450,,,Active,1000,Standard,2026-08-07T00:00:00.000Z,,2026-06-27T00:00:00.000Z,2026-08-07T03:06:47.255Z,1,Pasco,Zephyrhills,,Rental Listing,1000,Standard,2026-08-07T00:00:00.000Z,,1,,,,,,,,,,,,,,,,,,,,,,,,,,,,,,,,,,,,,,,,,,,,,,,,,,,,,,,,,,,,,,,,,,,,,,,,,,,,,,,,,,,,,,,,,,,,,,,,,,,,,,,,,,,,,,,,,,,,,,,,,,,,,,,,,,,,,,,,,,,,,,,,,,,,,,,,,,,,,,,,,,,,,,,,,,,,,,,,,,,,,,,,,,,,,,,,,,,,,,,,,,,,,,,,,,,,,,,,,,,,,,,,,,,,,,,,,,,,,,,,,,,,,,,,,,,,,,,,,,,,,,,,,,,,,,,,,,,,,,,,,,,,,,,,,,,,,,,,,,,,,,,,,,,,,,,,,,,,,,,,,,,,,,,,,,,,,,,,,,,,,,,,,,,,,,,,,,,,,,,,,,,,,,,,,,,,,,,,,,,,,,,,,,,,,,,,,,,,,,,,,,,,,,,,,,,,,,,,,,,,,,,,,,,,,,,,,,,,,,,,,,,,,,,,,,,,,,,,,,,,,,,,,,,,,,,,,,,,,,,,,,,,,,,,,,,,,,,,,,
"6851-Ripple-Pond-Loop,-Zephyrhills,-FL-33541","6851 Ripple Pond Loop, Zephyrhills, FL 33541",6851 Ripple Pond Loop,,Zephyrhills,FL,12,33541,Pasco,101,28.256869,-82.209426,Single Family,2,2.0,1400,,,Active,1900,Standard,2026-08-07T00:00:00.000Z,,2025-05-07T00:00:00.000Z,2026-08-07T03:06:47.251Z,1,Pasco,Zephyrhills,,Rental Listing,1900,Standard,2026-08-07T00:00:00.000Z,,1,,,,,,,,,,,,,,,,,,,,,,,,,,,,,,,,,,,,,,,,,,,,,,,,,,,,,,,,,,,,,,,,,,,,,,,,,,,,,,,,,,,,,,,,,,,,,,,,,,,,,,,,,,,,,,,,,,,,,,,,,,,,,,,,,,,,,,,,,,,,,,,,,,,,,,,,,,,,,,,,,,,,,,,,,,,,,,,,,,,,,,,,,,,,,,,,,,,,,,,,,,,,,,,,,,,,,,,,,,,,,,,,,,,,,,,,,,,,,,,,,,,,,,,,,,,,,,,,,,,,,,,,,,,,,,,,,,,,,,,,,,,,,,,,,,,,,,,,,,,,,,,,,,,,,,,,,,,,,,,,,,,,,,,,,,,,,,,,,,,,,,,,,,,,,,,,,,,,,,,,,Rental Listing,1900.0,Standard,2025-05-27T00:00:00.000Z,2025-05-28T00:00:00.000Z,1.0,Rental Listing,1875.0,Standard,2025-07-02T00:00:00.000Z,2025-07-03T00:00:00.000Z,1.0,,,,,,,,,,,,,,,,,,,,,,,,,,,,,,,,,,,,,,,,,,,,,,,,,,,,,,,,,,,,,,,,,,,,,,,,,,,,,,,,,,,,,,,,,,,,,,,,,,,,,,,,,,,,,,,,,,,,,,,,,,,,,,
"39132-Co-Rd,---54,-Zephyrhills,-FL-33542","39132 Co Rd, # 54, Zephyrhills, FL 33542",39132 Co Rd,# 54,Zephyrhills,FL,12,33542,Pasco,101,28.250528,-82.169083,Condo,2,2.0,864,,,Active,1400,Standard,2026-08-07T00:00:00.000Z,,2026-03-03T00:00:00.000Z,2026-08-07T03:05:40.045Z,1,Pasco,Zephyrhills,,Rental Listing,1400,Standard,2026-08-07T00:00:00.000Z,,1,,,,,,,,,,,,,,,,,,,,,,,,,,,,,,,,,,,,,,,,,,,,,,,,,,,,,,,,,,,,,,,,,,,,,,,,,,,,,,,,,,,,,,,,,,,,,,,,,,,,,,,,,,,,,,,,,,,,,,,,,,,,,,,,,,,,,,,,,,,,,,,,,,,,,,,,,,,,,,,,,,,,,,,,,,,,,,,,,,,,,,,,,,,,,,,,,,,,,,,,,,,,,,,,,,,,,,,,,,,,,,,,,,,,,,,,,,,,,,,,,,,,,,,,,,,,,,,,,,,,,,,,,,,,,,,,,,,,,,,,,,,,,,,,,,,,,,,,,,,,,,,,,,,,,,,,,,,,,,,,,,,,,,,,,,,,,,,,,,,,,,,,,,,,,,,,,,,,,,,,,,,,,,,,,,,,,Rental Listing,1400.0,Standard,2026-03-27T00:00:00.000Z,2026-03-28T00:00:00.000Z,1.0,,,,,,,,,,,,,,,,,,,,,,,,,,,,,,,,,,,,,,,,,,,,,,,,,,,,,,,,,,,,,,,,,,,,,,,,,,,,,,,,,,,,,,,,,,,,,,,,,,,,,,,,,,,,,,,,,,,,,,,,
"4352-6th-St,-Zephyrhills,-FL-33542","4352 6th St, Zephyrhills, FL 33542",4352 6th St,,Zephyrhills,FL,12,33542,Pasco,101,28.221304,-82.180807,Single Family,1,1.0,494,,,Active,1100,Standard,2026-08-07T00:00:00.000Z,,2020-05-23T13:15:08.471Z,2026-08-07T03:05:40.008Z,1,Pasco,Zephyrhills,,Rental Listing,1100,Standard,2026-08-07T00:00:00.000Z,,1,,,,,,,,,,,,,,,,,,,,,,,,,,,,,,,,,,,,,,,,,,,,,,,,,,,,,,,,,,,,,,,,,,,,,,,,,,,,,,,,,,,,,,,,,,,,,,,,,,,,,,,,,,,,,,,,,,,,,,,,,,,,,,,,,,,,,,,,,,,,,,,,,,,,,,,,,,,,,,,,,,,,,,,,,,,,,,,,,,,,,,,,,,,,,,,,,,,,,,,,,,,,,,,,,,,Rental Listing,1100.0,Standard,2025-01-02T00:00:00.000Z,2025-01-03T00:00:00.000Z,1.0,,,,,,,,,,,,,,,,,,,,,,,,,,,,,,,,,,,,,,,,,,,,,,,,,,,,,,,,,,,,,,,,,,,,,,,,,,,,,,,,,,,,,,,,,,,,,,,,,,,,,,,,,,,,,,,,,,,,,,,,,,,,,,,,,,,,,,,,,,,,,,,,,,,,,,,,,,,,,,,,,,,Rental Listing,1250.0,Standard,2025-03-31T00:00:00.000Z,2025-04-01T00:00:00.000Z,1.0,Rental Listing,1200.0,Standard,2026-03-03T00:00:00.000Z,2026-03-04T00:00:00.000Z,1.0,Rental Listing,1200.0,Standard,2026-03-26T00:00:00.000Z,2026-03-27T00:00:00.000Z,1.0,Rental Listing,1200.0,Standard,2026-04-09T00:00:00.000Z,2026-04-10T00:00:00.000Z,1.0,Rental Listing,1100.0,Standard,2026-05-23T00:00:00.000Z,2026-05-24T00:00:00.000Z,1.0,Rental Listing,1100.0,Standard,2026-05-31T00:00:00.000Z,2026-06-01T00:00:00.000Z,1.0,,,,,,,,,,,,,,,,,,,,,,,,,,,,,,,,,,,,,,,,,,,,,,,,,,,,,,,,,,,,,,,,,,,,,,,,,,,,,,,,,,,,
"5617-10th-St,-Zephyrhills,-FL-33542","5617 10th St, Zephyrhills, FL 33542",5617 10th St,,Zephyrhills,FL,12,33542,Pasco,101,28.239141,-82.180396,Single Family,1,1.0,480,,,Active,1395,Standard,2026-08-07T00:00:00.000Z,,2020-02-14T23:56:05.938Z,2026-08-07T03:05:40.006Z,1,Pasco,Zephyrhills,,Rental Listing,1395,Standard,2026-08-07T00:00:00.000Z,,1,,,,,,,,,,,,,,,,,,,,,,,,,,,,,,,,,,,,,,,,,,,,,,,,,,,,,,,,,,,,,,,,,,,,,,,,,,,,,,,,,,,,,,,,,,,,,,,,,,,,,,,,,,,,,,,,,,,,,,,,,,,,,,,,,,,,,,,,,,,,,,,,,,,,,,,,,,,,,,,,,,,,,,,,,,,,,,,,,,,,,,,,,,,,,,,,,,,,,,,,,,,,,,,,,,,,,,,,,,,,,,,,,,,,,,,,,,,,,,,,,,,,,,,,,,,,,,,,,,,,,,,,,,,,,,,,,,,,,,,,,,,,,,,,,,,,,,,,,,,,,,,,,,,,,,,,,,,,,,,,,,,,,,,,,,,,,,,,,,,,,,,,,,,,,,,,,,,,,,,,,,,,,,,,,,,,,,,,,,,,,,,,,,,,,,,,,,,,,,,,,,,,,,,,,,,,,,,,,,,,,,,,,,,,,,,,,,,,,,,,,,,,,,,,,,,,,,,,,,,,,,,,,,,,,,,,,,,,,,,,,,,,,,,,,,,,,,,,,,
"4829-6th-St,-Zephyrhills,-FL-33542","4829 6th St, Zephyrhills, FL 33542",4829 6th St,,Zephyrhills,FL,12,33542,Pasco,101,28.227954,-82.181338,Single Family,1,1.0,751,6582.0,1925.0,Active,1095,Standard,2026-08-07T00:00:00.000Z,,2020-04-07T05:34:01.273Z,2026-08-07T03:05:39.999Z,1,Pasco,Zephyrhills,,Rental Listing,1095,Standard,2026-08-07T00:00:00.000Z,,1,,,,,,,,,,,,,,,,,,,,,,,,,,,,,,,,,,,,,,,,,,,,,,,,,,,,,,,,,,,,,,,,,,,,,,,,,,,,,,,,,,,,,,,,,,,,,,,,,,,,,,,,,,,,,,,,,,,,,,,,,,,,,,,,,,,,,,,,,,,,,,,,,,,,,,,,,,,,,,,,,,,,,,,,,,,,,,,,,,,,,,,,,,,,,,,,,,,,,,,,,,,,,,,,,,,,,,,,,,,,,,,,,,,,,,,,,,,,,,,,,,,,,,,,,,,,,,,,,,,,,,,,,,,,,,,,,,,,,,,,,,,,,,,,,,,,,,,,,,,,,,,,,,,,,,,,,,,,,,,,,,,,,,,,,,,,,,,,,,,,,,,,,,,,,,,,,,,,,,,,,,,,,,,,,,,,,,,,,,,,,,,,,,,,,,,,,,,,,,,,,,,,,,,,,,,,,,,Rental Listing,1095.0,Standard,2025-01-07T00:00:00.000Z,2025-01-15T00:00:00.000Z,8.0,Rental Listing,1095.0,Standard,2025-12-03T00:00:00.000Z,2025-12-30T00:00:00.000Z,27.0,,,,,,,,,,,,,,,,,,,,,,,,,,,,,,,,,,,,,,,,,,,,,,,,,,,,,,,,,,,,,,,,,,,,,,,,
"38944-New-Dennison-Ln,-Zephyrhills,-FL-33542","38944 New Dennison Ln, Zephyrhills, FL 33542",38944 New Dennison Ln,,Zephyrhills,FL,12,33542,Pasco,101,28.256956,-82.17202,Single Family,3,2.0,534,,1960.0,Active,1600,Standard,2026-08-07T00:00:00.000Z,,2019-11-04T13:58:15.946Z,2026-08-07T03:05:39.996Z,1,Pasco,Zephyrhills,,Rental Listing,1600,Standard,2026-08-07T00:00:00.000Z,,1,,,,,,,,,,,,,,,,,,,,,,,,,,,,,,,,,,,,,,,,,,,,,,,,,,,,,,,,,,,,,,,,,,,,,,,,,,,,,,,,,,,,,,,,,,,,,,,,,,,,,,,,,,,,,,,,,,,,,,,,,,,,,,,,,,,,,,,,,,,,,,,,,,,,,,,,,,,,,,,,,,,,,,,,,,,,,,,,,,,,,,,,,,,,,,,,,,,,,,,,,,,,,,,,,,,,,,,,,,,,,,,,,,,,,,,,,,,,,,,,,,,,,,,,,,,,,,,,,,,,,,,,,,,,,,,,,,,,,,,,,,,,,,,,,,,,,,,,,,,,,,,,,,,,,,,,,,,,,,,,,,,,,,,,,,,,,,,,,,,,,,,,,,,,,,,,,,,,,,,,,,,,,,,,,,,,,,,,,,,,,,,,,,,,,,,,,,,,,,,,,,,,,,,,,,,,,,,,,,,,,,,,,,,Rental Listing,1750.0,Standard,2026-06-16T00:00:00.000Z,2026-06-17T00:00:00.000Z,1.0,,,,,,,,,,,,,,,,,,,,,,,,,,,,,,,,,,,,,,,,,,,,,,,,,,,,,,,,,,,,,,,,,,
"5168-Crooked-Ln,-Zephyrhills,-FL-33541","5168 Crooked Ln, Zephyrhills, FL 33541",5168 Crooked Ln,,Zephyrhills,FL,12,33541,Pasco,101,28.232575,-82.205306,Single Family,1,1.0,600,,,Active,1525,Standard,2026-08-07T00:00:00.000Z,,2023-08-10T00:00:00.000Z,2026-08-07T03:00:47.524Z,1,Pasco,Zephyrhills,,Rental Listing,1525,Standard,2026-08-07T00:00:00.000Z,,1,,,,,,,,,,,,,,,,,,,,,,,,,,,,,,,,,,,,,,,,,,,,,,,,,,,,,,,,,,,,,,,,,,,,,,,,,,,,,,,,,,,,,,,,,,,,,,,,,,,,,,,,,,,,,,,,,,,,,,,,,,,,,,,,,,,,,,,,,,,,,,,,,,,,,,,,,,,,,,,,,,,,,,,,,,,,,,,,,,,,,,,,,,,,,,,,,,,,,,,,,,,,,,,,,,,,,,,,,,,,,,,,,,,,,,,,,,,,,,,,,,,,,,,,,,,,,,,,,,,,,,,,,,,,,,,,,,,,,,,,,,,,,,,,,,,,,,,,,,,,,,,,,,,,,,,,,,,,,,,,,,,,,,,,,,,,,,,,,,,,,,,,,,,,,,,,,,,,,,,,,,,,,,,,,,,,,,,,,,,,,,,,,,,,,,,,,,,,,,,,,,,,,,,,,,,,,,,,,,,,,,,,,,,,,,,,,Rental Listing,1350.0,Standard,2026-03-31T00:00:00.000Z,2026-04-01T00:00:00.000Z,1.0,Rental Listing,1350.0,Standard,2026-04-15T00:00:00.000Z,2026-05-14T00:00:00.000Z,29.0,,,,,,,,,,,,,,,,,,,,,,,,,,,,,,,,,,,,,,,,,,,,,,,,,,,,,,
"37956-Dusty-Saddle-Ln,-Zephyrhills,-FL-33541","37956 Dusty Saddle Ln, Zephyrhills, FL 33541",37956 Dusty Saddle Ln,,Zephyrhills,FL,12,33541,Pasco,101,28.28242,-82.190789,Single Family,4,2.5,2297,,,Active,2500,Standard,2026-08-07T00:00:00.000Z,,2026-06-19T00:00:00.000Z,2026-08-07T03:00:47.488Z,1,Pasco,Zephyrhills,,Rental Listing,2500,Standard,2026-08-07T00:00:00.000Z,,1,,,,,,,,,,,,,,,,,,,,,,,,,,,,,,,,,,,,,,,,,,,,,,,,,,,,,,,,,,,,,,,,,,,,,,,,,,,,,,,,,,,,,,,,,,,,,,,,,,,,,,,,,,,,,,,,,,,,,,,,,,,,,,,,,,,,,,,,,,,,,,,,,,,,,,,,,,,,,,,,,,,,,,,,,,,,,,,,,,,,,,,,,,,,,,,,,,,,,,,,,,,,,,,,,,,,,,,,,,,,,,,,,,,,,,,,,,,,,,,,,,,,,,,,,,,,,,,,,,,,,,,,,,,,,,,,,,,,,,,,,,,,,,,,,,,,,,,,,,,,,,,,,,,,,,,,,,,,,,,,,,,,,,,,,,,,,,,,,,,,,,,,,,,,,,,,,,,,,,,,,,,,,,,,,,,,,,,,,,,,,,,,,,,,,,,,,,,,,,,,,,,,,,,,,,,,,,,,,,,,,,,,,,,,,,,,,,,,,,,,,,,,,,,,,,,,,,,,,,,,,,,,,,,,,,,,,,,,,,,,,,,,,,,,,,,,,,,,,,
"34990-Gravelly-Dr,-Zephyrhills,-FL-33541","34990 Gravelly Dr, Zephyrhills, FL 33541",34990 Gravelly Dr,,Zephyrhills,FL,12,33541,Pasco,101,28.198706,-82.238166,Single Family,4,2.5,1870,,,Active,2400,Standard,2026-08-07T00:00:00.000Z,,2026-07-21T00:00:00.000Z,2026-08-07T03:00:47.485Z,1,Pasco,Zephyrhills,,Rental Listing,2400,Standard,2026-08-07T00:00:00.000Z,,1,,,,,,,,,,,,,,,,,,,,,,,,,,,,,,,,,,,,,,,,,,,,,,,,,,,,,,,,,,,,,,,,,,,,,,,,,,,,,,,,,,,,,,,,,,,,,,,,,,,,,,,,,,,,,,,,,,,,,,,,,,,,,,,,,,,,,,,,,,,,,,,,,,,,,,,,,,,,,,,,,,,,,,,,,,,,,,,,,,,,,,,,,,,,,,,,,,,,,,,,,,,,,,,,,,,,,,,,,,,,,,,,,,,,,,,,,,,,,,,,,,,,,,,,,,,,,,,,,,,,,,,,,,,,,,,,,,,,,,,,,,,,,,,,,,,,,,,,,,,,,,,,,,,,,,,,,,,,,,,,,,,,,,,,,,,,,,,,,,,,,,,,,,,,,,,,,,,,,,,,,,,,,,,,,,,,,,,,,,,,,,,,,,,,,,,,,,,,,,,,,,,,,,,,,,,,,,,,,,,,,,,,,,,,,,,,,,,,,,,,,,,,,,,,,,,,,,,,,,,,,,,,,,,,,,,,,,,,,,,,,,,,,,,,,,,,,,,,,,
"3189-Lytton-Hall-Dr,-Zephyrhills,-FL-33540","3189 Lytton Hall Dr, Zephyrhills, FL 33540",3189 Lytton Hall Dr,,Zephyrhills,FL,12,33540,Pasco,101,28.203099,-82.161565,Single Family,4,2.0,1817,6970.0,2020.0,Active,2360,Standard,2026-08-07T00:00:00.000Z,,2022-03-02T00:02:36.390Z,2026-08-07T03:00:47.467Z,1,Pasco,Zephyrhills,77.0,Rental Listing,2360,Standard,2026-08-07T00:00:00.000Z,,1,,,,,,,,,,,,,,,,,,,,,,,,,,,,,,,,,,,,,,,,,,,,,,,,,,,,,,,,,,,,,,,,,,,,,,,,,,,,,,,,,,,,,,,,,,,,,,,,,,,,,,,,,,,,,,,,,,,,,,,,,,,,,,,,,,,,,,,,,,,,,,,,,,,,,,,,,,,,,,,,,,,,,,,,,,,,,,,,,,,,,,,,,,,,,,,,,,,,,,,,,,,,,,,,,,,,,,,,,,,,,,,,,,,,,,,,,,,,,,,,,,,,,,,,,,,,,,,,,,,,,,,,,,,,,,,,,,,,,,,,,,,,,,,,,,,,,,,,,,,,,,,,,,,,,,,,,,,,,,,,,,,,,,,,,,,,,,,,,,,,,,,,,,,,,,,,,,,,,,,,,,,,,,,,,,,,,,,,,,,,,,,,,,,,,,,,,,,,,,,,,,,,,,,,,,,,,,,,,,,,,,,,,,,,,,,,,,,,,,,,,,,,,,,,,,,,,,,,,,,,,,,,,,,,,,,,,,,,,,,,,,,,,,,,,,,,,,,,,,
"34801-Double-Eagle-Ct,-Zephyrhills,-FL-33541","34801 Double Eagle Ct, Zephyrhills, FL 33541",34801 Double Eagle Ct,,Zephyrhills,FL,12,33541,Pasco,101,28.230606,-82.241139,Condo,3,2.0,1577,,,Active,2000,Standard,2026-08-07T00:00:00.000Z,,2026-01-03T00:00:00.000Z,2026-08-07T03:00:47.307Z,1,Pasco,Zephyrhills,,Rental Listing,2000,Standard,2026-08-07T00:00:00.000Z,,1,,,,,,,,,,,,,,,,,,,,,,,,,,,,,,,,,,,,,,,,,,,,,,,,,,,,,,,,,,,,,,,,,,,,,,,,,,,,,,,,,,,,,,,,,,,,,,,,,,,,,,,,,,,,,,,,,,,,,,,,,,,,,,,,,,,,,,,,,,,,,,,,,,,,,,,,,,,,,,,,,,,,,,,,,,,,,,,,,,,,,,,,,,,,,,,,,,,,,,,,,,,,,,,,,,,,,,,,,,,,,,,,,,,,,,,,,,,,,,,,,,,,,,,,,,,,,,,,,,,,,,,,,,,,,,,,,,,,,,,,,,,,,,,,,,,,,,,,,,,,,,,,,,,,,,,,,,,,,,,,,,,,,,,,,,,,,,,,,,,,,,,,,,,,,,,,,,,,,,,,,,,,,,,,,,,,,,,,,,,,,,,,,,,,,,,,,,,,,,,,,,,,,,,,,,,,,,,,,,,,,,,,,,,,,,,,,,,,,,,,,,,,,Rental Listing,2000.0,Standard,2026-01-28T00:00:00.000Z,2026-01-29T00:00:00.000Z,1.0,Rental Listing,2000.0,Standard,2026-06-26T00:00:00.000Z,2026-06-27T00:00:00.000Z,1.0,,,,,,,,,,,,,,,,,,,,,,,,,,,,,,,,,,,,,,,,,,
"4719-Tangelo-Dr,-Zephyrhills,-FL-33541","4719 Tangelo Dr, Zephyrhills, FL 33541",4719 Tangelo Dr,,Zephyrhills,FL,12,33541,Pasco,101,28.22587,-82.24379,Single Family,2,2.0,1517,,,Active,1800,Standard,2026-08-07T00:00:00.000Z,,2026-06-27T00:00:00.000Z,2026-08-07T02:58:53.129Z,1,Pasco,Zephyrhills,,Rental Listing,1800,Standard,2026-08-07T00:00:00.000Z,,1,,,,,,,,,,,,,,,,,,,,,,,,,,,,,,,,,,,,,,,,,,,,,,,,,,,,,,,,,,,,,,,,,,,,,,,,,,,,,,,,,,,,,,,,,,,,,,,,,,,,,,,,,,,,,,,,,,,,,,,,,,,,,,,,,,,,,,,,,,,,,,,,,,,,,,,,,,,,,,,,,,,,,,,,,,,,,,,,,,,,,,,,,,,,,,,,,,,,,,,,,,,,,,,,,,,,,,,,,,,,,,,,,,,,,,,,,,,,,,,,,,,,,,,,,,,,,,,,,,,,,,,,,,,,,,,,,,,,,,,,,,,,,,,,,,,,,,,,,,,,,,,,,,,,,,,,,,,,,,,,,,,,,,,,,,,,,,,,,,,,,,,,,,,,,,,,,,,,,,,,,,,,,,,,,,,,,,,,,,,,,,,,,,,,,,,,,,,,,,,,,,,,,,,,,,,,,,,,,,,,,,,,,,,,,,,,,,,,,,,,,,,,,,,,,,,,,,,,,,,,,,,,,,,,,,,,,,,,,,,,,,,,,,,,,,,,,,,,,,
"7725-Forbes-Rd,-Zephyrhills,-FL-33540","7725 Forbes Rd, Zephyrhills, FL 33540",7725 Forbes Rd,,Zephyrhills,FL,12,33540,Pasco,101,28.269436,-82.155426,Single Family,2,1.0,784,,,Active,1150,Standard,2026-08-07T00:00:00.000Z,,2026-01-17T00:00:00.000Z,2026-08-07T02:58:53.120Z,1,Pasco,Zephyrhills,,Rental Listing,1150,Standard,2026-08-07T00:00:00.000Z,,1,,,,,,,,,,,,,,,,,,,,,,,,,,,,,,,,,,,,,,,,,,,,,,,,,,,,,,,,,,,,,,,,,,,,,,,,,,,,,,,,,,,,,,,,,,,,,,,,,,,,,,,,,,,,,,,,,,,,,,,,,,,,,,,,,,,,,,,,,,,,,,,,,,,,,,,,,,,,,,,,,,,,,,,,,,,,,,,,,,,,,,,,,,,,,,,,,,,,,,,,,,,,,,,,,,,,,,,,,,,,,,,,,,,,,,,,,,,,,,,,,,,,,,,,,,,,,,,,,,,,,,,,,,,,,,,,,,,,,,,,,,,,,,,,,,,,,,,,,,,,,,,,,,,,,,,,,,,,,,,,,,,,,,,,,,,,,,,,,,,,,,,,,,,,,,,,,,,,,,,,,,,,,,,,,,,,,,,,,,,,,,,,,,,,,,,,,,,,,,,,,,,,,,,,,,,,,,,,,,,,,,,,,,,,,,,,,,,,,,,,,,,,,,,,,,,,,,,,,Rental Listing,1150.0,Standard,2026-01-20T00:00:00.000Z,2026-01-21T00:00:00.000Z,1.0,Rental Listing,1150.0,Standard,2026-02-10T00:00:00.000Z,2026-02-11T00:00:00.000Z,1.0,Rental Listing,1150.0,Standard,2026-03-06T00:00:00.000Z,2026-03-07T00:00:00.000Z,1.0,,,,,,,,,,,,,,,,,,,,,,,,
"4550-Charter-St,-Zephyrhills,-FL-33542","4550 Charter St, Zephyrhills, FL 33542",4550 Charter St,,Zephyrhills,FL,12,33542,Pasco,101,28.224135,-82.184761,Single Family,2,2.0,1008,6970.0,1989.0,Active,1495,Standard,2026-08-07T00:00:00.000Z,,2026-07-01T00:00:00.000Z,2026-08-07T02:58:53.115Z,1,Pasco,Zephyrhills,,Rental Listing,1495,Standard,2026-08-07T00:00:00.000Z,,1,,,,,,,,,,,,,,,,,,,,,,,,,,,,,,,,,,,,,,,,,,,,,,,,,,,,,,,,,,,,,,,,,,,,,,,,,,,,,,,,,,,,,,,,,,,,,,,,,,,,,,,,,,,,,,,,,,,,,,,,,,,,,,,,,,,,,,,,,,,,,,,,,,,,,,,,,,,,,,,,,,,,,,,,,,,,,,,,,,,,,,,,,,,,,,,,,,,,,,,,,,,,,,,,,,,,,,,,,,,,,,,,,,,,,,,,,,,,,,,,,,,,,,,,,,,,,,,,,,,,,,,,,,,,,,,,,,,,,,,,,,,,,,,,,,,,,,,,,,,,,,,,,,,,,,,,,,,,,,,,,,,,,,,,,,,,,,,,,,,,,,,,,,,,,,,,,,,,,,,,,,,,,,,,,,,,,,,,,,,,,,,,,,,,,,,,,,,,,,,,,,,,,,,,,,,,,,,,,,,,,,,,,,,,,,,,,,,,,,,,,,,,,,,,,,,,,,,,,,,,,,,,,,,,,,,,,,,,,,,,,,,,,,,,,,,,,,,,,,
"31702-Spoonflower-Cir,-Zephyrhills,-FL-33545","31702 Spoonflower Cir, Zephyrhills, FL 33545",31702 Spoonflower Cir,,Zephyrhills,FL,12,33545,Pasco,101,28.259154,-82.292065,Single Family,3,2.5,1879,,,Active,2375,Standard,2026-08-07T00:00:00.000Z,,2022-12-03T02:45:35.411Z,2026-08-07T02:58:53.098Z,1,Pasco,Zephyrhills,,Rental Listing,2375,Standard,2026-08-07T00:00:00.000Z,,1,,,,,,,,,,,,,,,,,,,,,,,,,,,,,,,,,,,,,,,,,,,,,,,,,,,,,,,,,,,,,,,,,,,,,,,,,,,,,,,,,,,,,,,,,,,,,,,,,,,,,,,,,,,,,,,,,,,,,,,,,,,,,,,,,,,,,,,,,,,,,,,,,,,,,,,,,,,,,,,,,,,,,,,,,,,,,,,,,,,,,,,,,,,,,,,,,,,,,,,,,,,,,,,,,,,,,,,,,,,,,,,,,,,,,,,,,,,,,,,,,,,,,,,,,,,,,,,,,,,,,,,,,,,,,,,,,,,,,,,,,,,,,,,,,,,,,,,,,,,,,,,,,,,,,,,,,,,,,,,,,,,,,,,,,,,,,,,,,,,,,,,,,,,,,,,,,,,,,,,,,,,,,,,,,,,,,,,,,,,,,,,,,,,,,,,,,,,,,,,,,,,,,,,,,,,,,,,,,,,,,,,,,,,,,,,,,,,,,,,,,,,,,,,,,,,,,,,,,,,,,,,,,,,,,,,,,,,,,,,,,,,,,,,,,,,,,,,,,,
"38311-A-Ave,-Zephyrhills,-FL-33542","38311 A Ave, Zephyrhills, FL 33542",38311 A Ave,,Zephyrhills,FL,12,33542,Pasco,101,28.228958,-82.182986,Single Family,2,2.0,948,,,Active,1350,Standard,2026-08-07T00:00:00.000Z,,2024-06-23T00:00:00.000Z,2026-08-07T02:58:53.097Z,1,Pasco,Zephyrhills,,Rental Listing,1350,Standard,2026-08-07T00:00:00.000Z,,1,,,,,,,,,,,,,,,,,,,,,,,,,,,,,,,,,,,,,,,,,,,,,,,,,,,,,,,,,,,,,,,,,,,,,,,,,,,,,,,,,,,,,,,,,,,,,,,,,,,,,,,,,,,,,,,,,,,,,,,,,,,,,,,,,,,,,,,,,,,,,,,,,,,,,,,,,,,,,,,,,,,,,,,,,,,,,,,,,,,,,,,,,,,,,,,,,,,,,,,,,,,,,,,,,,,,,,,,,,,,,,,,,,,,,,,,,,,,,,,,,,,,,,,,,,,,,,,,,,,,,,,,,,,,,,,,,,,,,,,,,,,,,,,,,,,,,,,,,,,,,,,,,,,,,,,,,,,,,,,,,,,,,,,,,,,,,,,,,,,,,,,,,,,,,,,,,,,,,,,,,,,,,,,,,,,,,,,,,,,,,,,,,,,,,,,,,,,,,,,,,,,,,,,,,,,,,,,,,,,,,,,,,,,,,,,,,,,,,,,,,,,,,,,,,,,,,,,,,,,,,,,,,,,,,,,,,,,Rental Listing,1350.0,Standard,2026-02-12T00:00:00.000Z,2026-02-13T00:00:00.000Z,1.0,Rental Listing,1350.0,Standard,2026-07-18T00:00:00.000Z,2026-07-19T00:00:00.000Z,1.0,,,,,,,,,,,,
"7205-Royal-George-Ct,-Zephyrhills,-FL-33545","7205 Royal George Ct, Zephyrhills, FL 33545",7205 Royal George Ct,,Zephyrhills,FL,12,33545,Pasco,101,28.262124,-82.305024,Single Family,4,2.0,1544,7405.0,2005.0,Active,2070,Standard,2026-08-07T00:00:00.000Z,,2019-11-25T23:22:18.584Z,2026-08-07T02:58:53.089Z,1,Pasco,Zephyrhills,,Rental Listing,2070,Standard,2026-08-07T00:00:00.000Z,,1,,,,,,,,,,,,,,,,,,,,,,,,,,,,,,,,,,,,,,,,,,,,,,,,,,,,,,,,,,,,,,,,,,,,,,,,,,,,,,,,,,,,,,,,,,,,,,,,,,,,,,,,,,,,,,,,,,,,,,,,,,,,,,,,,,,,,,,,,,,,,,,,,,,,,,,,,,,,,,,,,,,,,,,,,,,,,,,,,,,,,,,,,,,,,,,,,,,,,,,,,,,,,,,,,,,,,,,,,,,,,,,,,,,,,,,,,,,,,,,,,,,,,,,,,,,,,,,,,,,,,,,,,,,,,,,,,,,,,,,,,,,,,,,,,,,,,,,,,,,,,,,,,,,,,,,,,,,,,,,,,,,,,,,,,,,,,,,,,,,,,,,,,,,,,,,,,,,,,,,,,,,,,,,,,,,,,,,,,,,,,,,,,,,,,,,,,,,,,,,,,,,,,,,,,,,,,,,,,,,,,,,,,,,,,,,,,,,,,,,,,,,,,,,,,,,,,,,,,,,,,,,,,,,,,,,,,,,,,,,,,,,,,,,,,,,,,,,,,,
"5150-6th-St,-Apt-3,-Zephyrhills,-FL-33542","5150 6th St, Apt 3, Zephyrhills, FL 33542",5150 6th St,Apt 3,Zephyrhills,FL,12,33542,Pasco,101,28.232796,-82.182274,Apartment,1,1.0,600,,,Active,1000,Standard,2026-08-07T00:00:00.000Z,,2022-12-26T01:34:44.626Z,2026-08-07T02:58:53.085Z,1,Pasco,Zephyrhills,,Rental Listing,1000,Standard,2026-08-07T00:00:00.000Z,,1,,,,,,,,,,,,,,,,,,,,,,,,,,,,,,,,,,,,,,,,,,,,,,,,,,,,,,,,,,,,,,,,,,,,,,,,,,,,,,,,,,,,,,,,,,,,,,,,,,,,,,,,,,,,,,,,,,,,,,,,,,,,,,,,,,,,,,,,,,,,,,,,,,,,,,,,,,,,,,,,,,,,,,,,,,,,,,,,,,,,,,,,,,,,,,,,,,,,,,,,,,,,,,,,,,,,,,,,,,,,,,,,,,,,,,,,,,,,,,,,,,,,,,,,,,,,,,,,,,,,,,,,,,,,,,,,,,,,,,,,,,,,,,,,,,,,,,,,,,,,,,,,,,,,,,,,,,,,,,,,,,,,,,,,,,,,,,,,,,,,,,,,,,,,,,,,,,,,,,,,,,,,,,,,,,,,,,,,,,,,,,,,,,,,,,,,,,,,,,,,,,,,,,,,,,,,,,,,,,,,,,,,,,,,,,,,,,,,,,,,,,,,,,,,,,,,,,,,,,,,,,,,,,,,,,,,,,,,,,,,,,,,,,,,,,,,,,,,,,
"37819-Alissa-Dr,-Zephyrhills,-FL-33542","37819 Alissa Dr, Zephyrhills, FL 33542",37819 Alissa Dr,,Zephyrhills,FL,12,33542,Pasco,101,28.223474,-82.191176,Condo,2,2.0,864,,,Active,1450,Standard,2026-08-07T00:00:00.000Z,,2025-05-18T00:00:00.000Z,2026-08-07T02:58:53.083Z,1,Pasco,Zephyrhills,,Rental Listing,1450,Standard,2026-08-07T00:00:00.000Z,,1,,,,,,,,,,,,,,,,,,,,,,,,,,,,,,,,,,,,,,,,,,,,,,,,,,,,,,,,,,,,,,,,,,,,,,,,,,,,,,,,,,,,,,,,,,,,,,,,,,,,,,,,,,,,,,,,,,,,,,,,,,,,,,,,,,,,,,,,,,,,,,,,,Rental Listing,1450.0,Standard,2026-07-30T00:00:00.000Z,2026-07-31T00:00:00.000Z,1.0,,,,,,,,,,,,,,,,,,,,,,,,,,,,,,,,,,,,,,,,,,,,,,,,,,,,,,,,,,,,,,,,,,,,,,,,,,,,,,,,,,,,,,,,,,,,,,,,,,,,,,,,,,,,,,,,,,,,,,,,,,,,,,,,,,,,,,,,,,,,,,,,,,,,,,,,,,,,,,,,,,,,,,,,,,,,,,,,,,,,,,,,,,,,,,,,,,,,,,,,,,,,,,,,,,,,,,,,,,,,,,,,,,,,,,,,,,,,,,,,,,,,,,,,,,,,,,,,,,,,,,,,,,,,,,,,,,,,,,,,,,,,,,,,,,,,,,,,,,,,,,,,,,,,,,,,,,,,,,,,,,,,,,,,,,,,,,,,,Rental Listing,1500.0,Standard,2025-08-02T00:00:00.000Z,2025-08-03T00:00:00.000Z,1.0,,,,,,
"5912-Bramble-Bush-Ct,-Zephyrhills,-FL-33541","5912 Bramble Bush Ct, Zephyrhills, FL 33541",5912 Bramble Bush Ct,,Zephyrhills,FL,12,33541,Pasco,101,28.243273,-82.23629,Single Family,4,3.0,2243,10454.0,2006.0,Active,2495,Standard,2026-08-07T00:00:00.000Z,,2023-06-15T00:00:00.000Z,2026-08-07T02:58:53.076Z,1,Pasco,Zephyrhills,43.0,Rental Listing,2495,Standard,2026-08-07T00:00:00.000Z,,1,,,,,,,,,,,,,,,,,,,,,,,,,,,,,,,,,,,,,,,,,,,,,,,,,,,,,,,,,,,,,,,,,,,,,,,,,,,,,,,,,,,,,,,,,,,,,,,,,,,,,,,,,,,,,,,,,,,,,,,,,,,,,,,,,,,,,,,,,,,,,,,,,,,,,,,,,,,,,,,,,,,,,,,,,,,,,,,,,,,,,,,,,,,,,,,,,,,,,,,,,,,,,,,,,,,,,,,,,,,,,,,,,,,,,,,,,,,,,,,,,,,,,,,,,,,,,,,,,,,,,,,,,,,,,,,,,,,,,,,,,,,,,,,,,,,,,,,,,,,,,,,,,,,,,,,,,,,,,,,,,,,,,,,,,,,,,,,,,,,,,,,,,,,,,,,,,,,,,,,,,,,,,,,,,,,,,,,,,,,,,,,,,,,,,,,,,,,,,,,,,,,,,,,,,,,,,,,,,,,,,,,,,,,,,,,,,,,,,,,,,,,,,,,,,,,,,,,,,,,,,,,,,,,,,,,,,,,,,,,,,,,,,,,,,,,,,,,,,,
"6035-Pointe-Pleasant-Blvd,-Zephyrhills,-FL-33545","6035 Pointe Pleasant Blvd, Zephyrhills, FL 33545",6035 Pointe Pleasant Blvd,,Zephyrhills,FL,12,33545,Pasco,101,28.244949,-82.342735,Single Family,4,2.0,1415,,,Active,2120,Standard,2026-08-07T00:00:00.000Z,,2020-02-29T02:19:18.195Z,2026-08-07T02:58:53.074Z,1,Pasco,Zephyrhills,,Rental Listing,2120,Standard,2026-08-07T00:00:00.000Z,,1,,,,,,,,,,,,,,,,,,,,,,,,,,,,,,,,,,,,,,,,,,,,,,,,,,,,,,,,,,,,,,,,,,,,,,,,,,,,,,,,,,,,,,,,,,,,,,,,,,,,,,,,,,,,,,,,,,,,,,,,,,,,,,,,,,,,,,,,,,,,,,,,,,,,,,,,,,,,,,,,,,,,,,,,,,,,,,,,,,,,,,,,,,,,,,,,,,,,,,,,,,,,,,,,,,,,,,,,,,,,,,,,,,,,,,,,,,,,,,,,,,,,,,,,,,,,,,,,,,,,,,,,,,,,,,,,,,,,,,,,,,,,,,,,,,,,,,,,,,,,,,,,,,,,,,,,,,,,,,,,,,,,,,,,,,,,,,,,,,,,,,,,,,,,,,,,,,,,,,,,,,,,,,,,,,,,,,,,,,,,,,,,,,,,,,,,,,,,,,,,,,,,,,,,,,,,,,,,,,,,,,,,,,,,,,,,,,,,,,,,,,,,,,,,,,,,,,,,,,,,,,,,,,,,,,,,,,,,,,,,,,,,,,,,,,,,,Rental Listing,3330.0,Standard,2026-04-28T00:00:00.000Z,2026-04-29T00:00:00.000Z,1.0
"7413-Pulteney-Dr,-Zephyrhills,-FL-33545","7413 Pulteney Dr, Zephyrhills, FL 33545",7413 Pulteney Dr,,Zephyrhills,FL,12,33545,Pasco,101,28.265068,-82.301231,Single Family,3,2.0,2042,,,Active,2390,Standard,2026-08-07T00:00:00.000Z,,2026-07-15T00:00:00.000Z,2026-08-07T02:58:53.047Z,1,Pasco,Zephyrhills,,Rental Listing,2390,Standard,2026-08-07T00:00:00.000Z,,1,,,,,,,,,,,,,,,,,,,,,,,,,,,,,,,,,,,,,,,,,,,,,,,,,Rental Listing,2390.0,Standard,2026-07-26T00:00:00.000Z,2026-07-27T00:00:00.000Z,1.0,,,,,,,,,,,,,,,,,,,,,,,,,,,,,,,,,,,,,,,,,,,,,,,,,,,,,,,,,,,,,,,,,,,,,,,,,,,,,,,,,,,,,,,,,,,,,,,,,,,,,,,,,,,,,,,,,,,,,,,,,,,,,,,,,,,,,,,,,,,,,,,,,,,,,,,,,,,,,,,,,,,,,,,,,,,,,,,,,,,,,,,,,,,,,,,,,,,,,,,,,,,,,,,,,,,,,,,,,,,,,,,,,,,,,,,,,,,,,,,,,,,,,,,,,,,,,,,,,,,,,,,,,,,,,,,,,,,,,,,,,,,,,,,,,,,,,,,,,,,,,,,,,,,,,,,,,,,,,,,,,,,,,,,,,,,,,,,,,,,,,,,,,,,,,,,,,,,,,,,,,,,,,,,,,,,,,,,,,,,,,,,,,,,,,,,,,,,,,,,,,,,,,,,,,,,,,,,,,,,,,,,,,,,,,,,,,,,,,,,,,,,,
