id,formattedAddress,addressLine1,addressLine2,city,state,stateFips,zipCode,county,countyFips,latitude,longitude,propertyType,bedrooms,bathrooms,squareFootage,status,price,listingType,listedDate,removedDate,createdDate,lastSeenDate,daysOnMarket,meta_source_county,meta_source_city,history.2026-08-13.event,history.2026-08-13.price,history.2026-08-13.listingType,history.2026-08-13.listedDate,history.2026-08-13.removedDate,history.2026-08-13.daysOnMarket,history.2026-07-31.event,history.2026-07-31.price,history.2026-07-31.listingType,history.2026-07-31.listedDate,history.2026-07-31.removedDate,history.2026-07-31.daysOnMarket,lotSize,yearBuilt,hoa.fee,history.2025-06-03.event,history.2025-06-03.price,history.2025-06-03.listingType,history.2025-06-03.listedDate,history.2025-06-03.removedDate,history.2025-06-03.daysOnMarket,history.2025-06-01.event,history.2025-06-01.price,history.2025-06-01.listingType,history.2025-06-01.listedDate,history.2025-06-01.removedDate,history.2025-06-01.daysOnMarket,history.2025-07-25.event,history.2025-07-25.price,history.2025-07-25.listingType,history.2025-07-25.listedDate,history.2025-07-25.removedDate,history.2025-07-25.daysOnMarket,history.2025-07-17.event,history.2025-07-17.price,history.2025-07-17.listingType,history.2025-07-17.listedDate,history.2025-07-17.removedDate,history.2025-07-17.daysOnMarket,history.2025-08-03.event,history.2025-08-03.price,history.2025-08-03.listingType,history.2025-08-03.listedDate,history.2025-08-03.removedDate,history.2025-08-03.daysOnMarket,history.2026-07-16.event,history.2026-07-16.price,history.2026-07-16.listingType,history.2026-07-16.listedDate,history.2026-07-16.removedDate,history.2026-07-16.daysOnMarket,history.2026-07-21.event,history.2026-07-21.price,history.2026-07-21.listingType,history.2026-07-21.listedDate,history.2026-07-21.removedDate,history.2026-07-21.daysOnMarket,history.2025-12-04.event,history.2025-12-04.price,history.2025-12-04.listingType,history.2025-12-04.listedDate,history.2025-12-04.removedDate,history.2025-12-04.daysOnMarket,history.2026-06-18.event,history.2026-06-18.price,history.2026-06-18.listingType,history.2026-06-18.listedDate,history.2026-06-18.removedDate,history.2026-06-18.daysOnMarket,history.2026-07-26.event,history.2026-07-26.price,history.2026-07-26.listingType,history.2026-07-26.listedDate,history.2026-07-26.removedDate,history.2026-07-26.daysOnMarket,history.2024-10-17.event,history.2024-10-17.price,history.2024-10-17.listingType,history.2024-10-17.listedDate,history.2024-10-17.removedDate,history.2024-10-17.daysOnMarket,history.2024-10-25.event,history.2024-10-25.price,history.2024-10-25.listingType,history.2024-10-25.listedDate,history.2024-10-25.removedDate,history.2024-10-25.daysOnMarket,history.2025-04-22.event,history.2025-04-22.price,history.2025-04-22.listingType,history.2025-04-22.listedDate,history.2025-04-22.removedDate,history.2025-04-22.daysOnMarket,history.2025-06-19.event,history.2025-06-19.price,history.2025-06-19.listingType,history.2025-06-19.listedDate,history.2025-06-19.removedDate,history.2025-06-19.daysOnMarket,history.2026-08-04.event,history.2026-08-04.price,history.2026-08-04.listingType,history.2026-08-04.listedDate,history.2026-08-04.removedDate,history.2026-08-04.daysOnMarket,history.2026-04-20.event,history.2026-04-20.price,history.2026-04-20.listingType,history.2026-04-20.listedDate,history.2026-04-20.removedDate,history.2026-04-20.daysOnMarket,history.2026-05-15.event,history.2026-05-15.price,history.2026-05-15.listingType,history.2026-05-15.listedDate,history.2026-05-15.removedDate,history.2026-05-15.daysOnMarket,history.2026-06-03.event,history.2026-06-03.price,history.2026-06-03.listingType,history.2026-06-03.listedDate,history.2026-06-03.removedDate,history.2026-06-03.daysOnMarket,history.2026-06-08.event,history.2026-06-08.price,history.2026-06-08.listingType,history.2026-06-08.listedDate,history.2026-06-08.removedDate,history.2026-06-08.daysOnMarket,history.2026-06-14.event,history.2026-06-14.price,history.2026-06-14.listingType,history.2026-06-14.listedDate,history.2026-06-14.removedDate,history.2026-06-14.daysOnMarket,history.2026-05-22.event,history.2026-05-22.price,history.2026-05-22.listingType,history.2026-05-22.listedDate,history.2026-05-22.removedDate,history.2026-05-22.daysOnMarket,history.2026-07-30.event,history.2026-07-30.price,history.2026-07-30.listingType,history.2026-07-30.listedDate,history.2026-07-30.removedDate,history.2026-07-30.daysOnMarket,history.2025-06-05.event,history.2025-06-05.price,history.2025-06-05.listingType,history.2025-06-05.listedDate,history.2025-06-05.removedDate,history.2025-06-05.daysOnMarket,history.2025-08-30.event,history.2025-08-30.price,history.2025-08-30.listingType,history.2025-08-30.listedDate,history.2025-08-30.removedDate,history.2025-08-30.daysOnMarket,history.2024-10-01.event,history.2024-10-01.price,history.2024-10-01.listingType,history.2024-10-01.listedDate,history.2024-10-01.removedDate,history.2024-10-01.daysOnMarket,history.2026-07-05.event,history.2026-07-05.price,history.2026-07-05.listingType,history.2026-07-05.listedDate,history.2026-07-05.removedDate,history.2026-07-05.daysOnMarket,history.2025-01-02.event,history.2025-01-02.price,history.2025-01-02.listingType,history.2025-01-02.listedDate,history.2025-01-02.removedDate,history.2025-01-02.daysOnMarket,history.2025-12-10.event,history.2025-12-10.price,history.2025-12-10.listingType,history.2025-12-10.listedDate,history.2025-12-10.removedDate,history.2025-12-10.daysOnMarket,history.2025-05-30.event,history.2025-05-30.price,history.2025-05-30.listingType,history.2025-05-30.listedDate,history.2025-05-30.removedDate,history.2025-05-30.daysOnMarket,history.2025-11-19.event,history.2025-11-19.price,history.2025-11-19.listingType,history.2025-11-19.listedDate,history.2025-11-19.removedDate,history.2025-11-19.daysOnMarket,history.2025-03-25.event,history.2025-03-25.price,history.2025-03-25.listingType,history.2025-03-25.listedDate,history.2025-03-25.removedDate,history.2025-03-25.daysOnMarket,history.2025-07-12.event,history.2025-07-12.price,history.2025-07-12.listingType,history.2025-07-12.listedDate,history.2025-07-12.removedDate,history.2025-07-12.daysOnMarket,history.2025-10-04.event,history.2025-10-04.price,history.2025-10-04.listingType,history.2025-10-04.listedDate,history.2025-10-04.removedDate,history.2025-10-04.daysOnMarket,history.2025-11-05.event,history.2025-11-05.price,history.2025-11-05.listingType,history.2025-11-05.listedDate,history.2025-11-05.removedDate,history.2025-11-05.daysOnMarket,history.2025-12-20.event,history.2025-12-20.price,history.2025-12-20.listingType,history.2025-12-20.listedDate,history.2025-12-20.removedDate,history.2025-12-20.daysOnMarket,history.2026-01-07.event,history.2026-01-07.price,history.2026-01-07.listingType,history.2026-01-07.listedDate,history.2026-01-07.removedDate,history.2026-01-07.daysOnMarket,history.2026-02-08.event,history.2026-02-08.price,history.2026-02-08.listingType,history.2026-02-08.listedDate,history.2026-02-08.removedDate,history.2026-02-08.daysOnMarket,history.2026-02-27.event,history.2026-02-27.price,history.2026-02-27.listingType,history.2026-02-27.listedDate,history.2026-02-27.removedDate,history.2026-02-27.daysOnMarket,history.2026-03-14.event,history.2026-03-14.price,history.2026-03-14.listingType,history.2026-03-14.listedDate,history.2026-03-14.removedDate,history.2026-03-14.daysOnMarket,history.2026-04-04.event,history.2026-04-04.price,history.2026-04-04.listingType,history.2026-04-04.listedDate,history.2026-04-04.removedDate,history.2026-04-04.daysOnMarket,history.2025-06-12.event,history.2025-06-12.price,history.2025-06-12.listingType,history.2025-06-12.listedDate,history.2025-06-12.removedDate,history.2025-06-12.daysOnMarket,history.2024-11-11.event,history.2024-11-11.price,history.2024-11-11.listingType,history.2024-11-11.listedDate,history.2024-11-11.removedDate,history.2024-11-11.daysOnMarket,history.2024-12-19.event,history.2024-12-19.price,history.2024-12-19.listingType,history.2024-12-19.listedDate,history.2024-12-19.removedDate,history.2024-12-19.daysOnMarket,history.2024-09-23.event,history.2024-09-23.price,history.2024-09-23.listingType,history.2024-09-23.listedDate,history.2024-09-23.removedDate,history.2024-09-23.daysOnMarket,history.2025-05-03.event,history.2025-05-03.price,history.2025-05-03.listingType,history.2025-05-03.listedDate,history.2025-05-03.removedDate,history.2025-05-03.daysOnMarket,history.2025-06-23.event,history.2025-06-23.price,history.2025-06-23.listingType,history.2025-06-23.listedDate,history.2025-06-23.removedDate,history.2025-06-23.daysOnMarket,history.2024-10-11.event,history.2024-10-11.price,history.2024-10-11.listingType,history.2024-10-11.listedDate,history.2024-10-11.removedDate,history.2024-10-11.daysOnMarket,history.2024-10-23.event,history.2024-10-23.price,history.2024-10-23.listingType,history.2024-10-23.listedDate,history.2024-10-23.removedDate,history.2024-10-23.daysOnMarket,history.2024-08-26.event,history.2024-08-26.price,history.2024-08-26.listingType,history.2024-08-26.listedDate,history.2024-08-26.removedDate,history.2024-08-26.daysOnMarket,history.2026-03-27.event,history.2026-03-27.price,history.2026-03-27.listingType,history.2026-03-27.listedDate,history.2026-03-27.removedDate,history.2026-03-27.daysOnMarket,history.2026-06-10.event,history.2026-06-10.price,history.2026-06-10.listingType,history.2026-06-10.listedDate,history.2026-06-10.removedDate,history.2026-06-10.daysOnMarket,history.2025-06-11.event,history.2025-06-11.price,history.2025-06-11.listingType,history.2025-06-11.listedDate,history.2025-06-11.removedDate,history.2025-06-11.daysOnMarket,history.2025-07-27.event,history.2025-07-27.price,history.2025-07-27.listingType,history.2025-07-27.listedDate,history.2025-07-27.removedDate,history.2025-07-27.daysOnMarket,history.2026-08-03.event,history.2026-08-03.price,history.2026-08-03.listingType,history.2026-08-03.listedDate,history.2026-08-03.removedDate,history.2026-08-03.daysOnMarket,history.2026-05-29.event,history.2026-05-29.price,history.2026-05-29.listingType,history.2026-05-29.listedDate,history.2026-05-29.removedDate,history.2026-05-29.daysOnMarket,history.2026-06-26.event,history.2026-06-26.price,history.2026-06-26.listingType,history.2026-06-26.listedDate,history.2026-06-26.removedDate,history.2026-06-26.daysOnMarket,history.2026-06-16.event,history.2026-06-16.price,history.2026-06-16.listingType,history.2026-06-16.listedDate,history.2026-06-16.removedDate,history.2026-06-16.daysOnMarket,history.2025-05-27.event,history.2025-05-27.price,history.2025-05-27.listingType,history.2025-05-27.listedDate,history.2025-05-27.removedDate,history.2025-05-27.daysOnMarket,history.2025-07-02.event,history.2025-07-02.price,history.2025-07-02.listingType,history.2025-07-02.listedDate,history.2025-07-02.removedDate,history.2025-07-02.daysOnMarket,history.2026-02-22.event,history.2026-02-22.price,history.2026-02-22.listingType,history.2026-02-22.listedDate,history.2026-02-22.removedDate,history.2026-02-22.daysOnMarket,history.2026-04-03.event,history.2026-04-03.price,history.2026-04-03.listingType,history.2026-04-03.listedDate,history.2026-04-03.removedDate,history.2026-04-03.daysOnMarket,history.2026-05-24.event,history.2026-05-24.price,history.2026-05-24.listingType,history.2026-05-24.listedDate,history.2026-05-24.removedDate,history.2026-05-24.daysOnMarket,history.2025-03-31.event,history.2025-03-31.price,history.2025-03-31.listingType,history.2025-03-31.listedDate,history.2025-03-31.removedDate,history.2025-03-31.daysOnMarket,history.2026-03-03.event,history.2026-03-03.price,history.2026-03-03.listingType,history.2026-03-03.listedDate,history.2026-03-03.removedDate,history.2026-03-03.daysOnMarket,history.2026-03-26.event,history.2026-03-26.price,history.2026-03-26.listingType,history.2026-03-26.listedDate,history.2026-03-26.removedDate,history.2026-03-26.daysOnMarket,history.2026-04-09.event,history.2026-04-09.price,history.2026-04-09.listingType,history.2026-04-09.listedDate,history.2026-04-09.removedDate,history.2026-04-09.daysOnMarket,history.2026-05-23.event,history.2026-05-23.price,history.2026-05-23.listingType,history.2026-05-23.listedDate,history.2026-05-23.removedDate,history.2026-05-23.daysOnMarket,history.2026-05-31.event,history.2026-05-31.price,history.2026-05-31.listingType,history.2026-05-31.listedDate,history.2026-05-31.removedDate,history.2026-05-31.daysOnMarket,history.2026-03-31.event,history.2026-03-31.price,history.2026-03-31.listingType,history.2026-03-31.listedDate,history.2026-03-31.removedDate,history.2026-03-31.daysOnMarket,history.2026-04-15.event,history.2026-04-15.price,history.2026-04-15.listingType,history.2026-04-15.listedDate,history.2026-04-15.removedDate,history.2026-04-15.daysOnMarket,history.2026-01-20.event,history.2026-01-20.price,history.2026-01-20.listingType,history.2026-01-20.listedDate,history.2026-01-20.removedDate,history.2026-01-20.daysOnMarket,history.2026-02-10.event,history.2026-02-10.price,history.2026-02-10.listingType,history.2026-02-10.listedDate,history.2026-02-10.removedDate,history.2026-02-10.daysOnMarket,history.2026-03-06.event,history.2026-03-06.price,history.2026-03-06.listingType,history.2026-03-06.listedDate,history.2026-03-06.removedDate,history.2026-03-06.daysOnMarket,history.2026-04-28.event,history.2026-04-28.price,history.2026-04-28.listingType,history.2026-04-28.listedDate,history.2026-04-28.removedDate,history.2026-04-28.daysOnMarket,history.2025-07-14.event,history.2025-07-14.price,history.2025-07-14.listingType,history.2025-07-14.listedDate,history.2025-07-14.removedDate,history.2025-07-14.daysOnMarket,history.2025-08-02.event,history.2025-08-02.price,history.2025-08-02.listingType,history.2025-08-02.listedDate,history.2025-08-02.removedDate,history.2025-08-02.daysOnMarket,history.2026-02-12.event,history.2026-02-12.price,history.2026-02-12.listingType,history.2026-02-12.listedDate,history.2026-02-12.removedDate,history.2026-02-12.daysOnMarket,history.2026-07-18.event,history.2026-07-18.price,history.2026-07-18.listingType,history.2026-07-18.listedDate,history.2026-07-18.removedDate,history.2026-07-18.daysOnMarket
"18447-Red-Willow-Way,-Land-O-Lakes,-FL-34638","18447 Red Willow Way, Land O Lakes, FL 34638",18447 Red Willow Way,,Land O Lakes,FL,12,34638,Pasco,101,28.301633,-82.51064,Single Family,3,2.0,2150.0,Active,2520,Standard,2026-08-13T00:00:00.000Z,,2020-12-12T01:03:52.073Z,2026-08-13T02:43:34.610Z,1,Pasco,Land O Lakes,Rental Listing,2520,Standard,2026-08-13T00:00:00.000Z,,1,,,,,,,,,,,,,,,,,,,,,,,,,,,,,,,,,,,,,,,,,,,,,,,,,,,,,,,,,,,,,,,,,,,,,,,,,,,,,,,,,,,,,,,,,,,,,,,,,,,,,,,,,,,,,,,,,,,,,,,,,,,,,,,,,,,,,,,,,,,,,,,,,,,,,,,,,,,,,,,,,,,,,,,,,,,,,,,,,,,,,,,,,,,,,,,,,,,,,,,,,,,,,,,,,,,,,,,,,,,,,,,,,,,,,,,,,,,,,,,,,,,,,,,,,,,,,,,,,,,,,,,,,,,,,,,,,,,,,,,,,,,,,,,,,,,,,,,,,,,,,,,,,,,,,,,,,,,,,,,,,,,,,,,,,,,,,,,,,,,,,,,,,,,,,,,,,,,,,,,,,,,,,,,,,,,,,,,,,,,,,,,,,,,,,,,,,,,,,,,,,,,,,,,,,,,,,,,,,,,,,,,,,,,,,,,,,,,,,,,,,,,,,,,,,,,,,,,,,,,,,,,,,,,,,,,,,,,,,
"25924-Terrawood-Loop,-Land-O-Lakes,-FL-34639","25924 Terrawood Loop, Land O Lakes, FL 34639",25924 Terrawood Loop,,Land O Lakes,FL,12,34639,Pasco,101,28.2221,-82.387022,Single Family,3,2.0,1340.0,Active,2060,Standard,2026-08-13T00:00:00.000Z,,2023-10-28T00:00:00.000Z,2026-08-13T02:43:34.609Z,1,Pasco,Land O Lakes,Rental Listing,2060,Standard,2026-08-13T00:00:00.000Z,,1,Rental Listing,2100.0,Standard,2026-07-31T00:00:00.000Z,2026-08-01T00:00:00.000Z,1.0,,,,,,,,,,,,,,,,,,,,,,,,,,,,,,,,,,,,,,,,,,,,,,,,,,,,,,,,,,,,,,,,,,,,,,,,,,,,,,,,,,,,,,,,,,,,,,,,,,,,,,,,,,,,,,,,,,,,,,,,,,,,,,,,,,,,,,,,,,,,,,,,,,,,,,,,,,,,,,,,,,,,,,,,,,,,,,,,,,,,,,,,,,,,,,,,,,,,,,,,,,,,,,,,,,,,,,,,,,,,,,,,,,,,,,,,,,,,,,,,,,,,,,,,,,,,,,,,,,,,,,,,,,,,,,,,,,,,,,,,,,,,,,,,,,,,,,,,,,,,,,,,,,,,,,,,,,,,,,,,,,,,,,,,,,,,,,,,,,,,,,,,,,,,,,,,,,,,,,,,,,,,,,,,,,,,,,,,,,,,,,,,,,,,,,,,,,,,,,,,,,,,,,,,,,,,,,,,,,,,,,,,,,,,,,,,,,,,,,,,,,,,,,,,,,,,,,,,,,,,,,,,,,,,,,,
"4786-Ballantrae-Blvd,-Land-O-Lakes,-FL-34638","4786 Ballantrae Blvd, Land O Lakes, FL 34638",4786 Ballantrae Blvd,,Land O Lakes,FL,12,34638,Pasco,101,28.223013,-82.522079,Single Family,3,2.0,2101.0,Active,3100,Standard,2026-08-13T00:00:00.000Z,,2023-05-04T00:00:00.000Z,2026-08-13T02:43:34.546Z,1,Pasco,Land O Lakes,Rental Listing,3100,Standard,2026-08-13T00:00:00.000Z,,1,,,,,,,6534.0,2020.0,48.0,,,,,,,,,,,,,,,,,,,,,,,,,,,,,,,,,,,,,,,,,,,,,,,,,,,,,,,,,,,,,,,,,,,,,,,,,,,,,,,,,,,,,,,,,,,,,,,,,,,,,,,,,,,,,,,,,,,,,,,,,,,,,,,,,,,,,,,,,,,,,,,,,,,,,,,,,,,,,,,,,,,,,,,,,,,,,,,,,,,,,,,,,,,,,,,,,,,,,,,,,,,,,,,,,,,,,,,,,,,,,,,,,,,,,,,,,,,,,,,,,,,,,,,,,,,,,,,,,,,,,,,,,,,,,,,,,,,,,,,,,,,,,,,,,,,,,,,,,,,,,,,,,,,,,,,,,,,,,,,,,,,,,,,,,,,,,,,,,,,,,,,,,,,,,,,,,,,,,,,,,,,,,,,,,,,,,,,,,,,,,,,,,,,,,,,,,,,,,,,,,,,,,,,,,,,,,,,,,,,,,,,,,,,,,,,,,,,,,,,,,,,,,,,,,,,,,,,,,,,,,,,,,,,,
"10503-Farm-Hill-Ave,-Land-O-Lakes,-FL-34638","10503 Farm Hill Ave, Land O Lakes, FL 34638",10503 Farm Hill Ave,,Land O Lakes,FL,12,34638,Pasco,101,28.309803,-82.52367,Single Family,4,3.0,2756.0,Active,3500,Standard,2026-08-13T00:00:00.000Z,,2025-06-03T00:00:00.000Z,2026-08-13T02:43:34.511Z,1,Pasco,Land O Lakes,Rental Listing,3500,Standard,2026-08-13T00:00:00.000Z,,1,,,,,,,6941.0,2025.0,,Rental Listing,3000.0,New Construction,2025-06-03T00:00:00.000Z,2025-07-25T00:00:00.000Z,52.0,,,,,,,,,,,,,,,,,,,,,,,,,,,,,,,,,,,,,,,,,,,,,,,,,,,,,,,,,,,,,,,,,,,,,,,,,,,,,,,,,,,,,,,,,,,,,,,,,,,,,,,,,,,,,,,,,,,,,,,,,,,,,,,,,,,,,,,,,,,,,,,,,,,,,,,,,,,,,,,,,,,,,,,,,,,,,,,,,,,,,,,,,,,,,,,,,,,,,,,,,,,,,,,,,,,,,,,,,,,,,,,,,,,,,,,,,,,,,,,,,,,,,,,,,,,,,,,,,,,,,,,,,,,,,,,,,,,,,,,,,,,,,,,,,,,,,,,,,,,,,,,,,,,,,,,,,,,,,,,,,,,,,,,,,,,,,,,,,,,,,,,,,,,,,,,,,,,,,,,,,,,,,,,,,,,,,,,,,,,,,,,,,,,,,,,,,,,,,,,,,,,,,,,,,,,,,,,,,,,,,,,,,,,,,,,,,,,,,,,,,,,,,,,,,,,,,,,,,,,,,,
"22407-Bellini-Cir,-Land-O-Lakes,-FL-34639","22407 Bellini Cir, Land O Lakes, FL 34639",22407 Bellini Cir,,Land O Lakes,FL,12,34639,Pasco,101,28.215575,-82.444074,Single Family,4,3.0,2245.0,Active,2820,Standard,2026-08-13T00:00:00.000Z,,2026-08-13T00:00:00.000Z,2026-08-13T02:43:34.489Z,1,Pasco,Land O Lakes,Rental Listing,2820,Standard,2026-08-13T00:00:00.000Z,,1,,,,,,,,2022.0,,,,,,,,,,,,,,,,,,,,,,,,,,,,,,,,,,,,,,,,,,,,,,,,,,,,,,,,,,,,,,,,,,,,,,,,,,,,,,,,,,,,,,,,,,,,,,,,,,,,,,,,,,,,,,,,,,,,,,,,,,,,,,,,,,,,,,,,,,,,,,,,,,,,,,,,,,,,,,,,,,,,,,,,,,,,,,,,,,,,,,,,,,,,,,,,,,,,,,,,,,,,,,,,,,,,,,,,,,,,,,,,,,,,,,,,,,,,,,,,,,,,,,,,,,,,,,,,,,,,,,,,,,,,,,,,,,,,,,,,,,,,,,,,,,,,,,,,,,,,,,,,,,,,,,,,,,,,,,,,,,,,,,,,,,,,,,,,,,,,,,,,,,,,,,,,,,,,,,,,,,,,,,,,,,,,,,,,,,,,,,,,,,,,,,,,,,,,,,,,,,,,,,,,,,,,,,,,,,,,,,,,,,,,,,,,,,,,,,,,,,,,,,,,,,,,,,,,,,,,,,,,,,,,,
"5743-Eden-Ln,-Land-O-Lakes,-FL-34639","5743 Eden Ln, Land O Lakes, FL 34639",5743 Eden Ln,,Land O Lakes,FL,12,34639,Pasco,101,28.240479,-82.449326,Single Family,3,2.0,1288.0,Active,2060,Standard,2026-08-13T00:00:00.000Z,,2022-12-07T02:44:44.777Z,2026-08-13T02:43:34.486Z,1,Pasco,Land O Lakes,Rental Listing,2060,Standard,2026-08-13T00:00:00.000Z,,1,,,,,,,,,,,,,,,,Rental Listing,2095.0,Standard,2025-06-01T00:00:00.000Z,2025-06-02T00:00:00.000Z,1.0,Rental Listing,1960.0,Standard,2025-07-25T00:00:00.000Z,2025-07-26T00:00:00.000Z,1.0,,,,,,,,,,,,,,,,,,,,,,,,,,,,,,,,,,,,,,,,,,,,,,,,,,,,,,,,,,,,,,,,,,,,,,,,,,,,,,,,,,,,,,,,,,,,,,,,,,,,,,,,,,,,,,,,,,,,,,,,,,,,,,,,,,,,,,,,,,,,,,,,,,,,,,,,,,,,,,,,,,,,,,,,,,,,,,,,,,,,,,,,,,,,,,,,,,,,,,,,,,,,,,,,,,,,,,,,,,,,,,,,,,,,,,,,,,,,,,,,,,,,,,,,,,,,,,,,,,,,,,,,,,,,,,,,,,,,,,,,,,,,,,,,,,,,,,,,,,,,,,,,,,,,,,,,,,,,,,,,,,,,,,,,,,,,,,,,,,,,,,,,,,,,,,,,,,,,,,,,,,,,,,,,,,,,,,,,,,,,,,,,,,,,,,,,,,,,,,,,,,,,,,,,,,,,,,,,,,,,,,,,,,,,,,,,,,,,,,,,,,,,,,,,,,
"18269-Falling-Pine-Needle-Ln,-Land-O-Lakes,-FL-34638","18269 Falling Pine Needle Ln, Land O Lakes, FL 34638",18269 Falling Pine Needle Ln,,Land O Lakes,FL,12,34638,Pasco,101,28.311752,-82.51378,Single Family,4,2.0,1829.0,Active,2395,Standard,2026-08-13T00:00:00.000Z,,2022-09-17T02:51:14.516Z,2026-08-13T02:43:34.481Z,1,Pasco,Land O Lakes,Rental Listing,2395,Standard,2026-08-13T00:00:00.000Z,,1,,,,,,,,,,,,,,,,,,,,,,,,,,,,Rental Listing,2385.0,Standard,2025-07-17T00:00:00.000Z,2025-07-18T00:00:00.000Z,1.0,Rental Listing,2195.0,Standard,2025-08-03T00:00:00.000Z,2025-08-04T00:00:00.000Z,1.0,,,,,,,,,,,,,,,,,,,,,,,,,,,,,,,,,,,,,,,,,,,,,,,,,,,,,,,,,,,,,,,,,,,,,,,,,,,,,,,,,,,,,,,,,,,,,,,,,,,,,,,,,,,,,,,,,,,,,,,,,,,,,,,,,,,,,,,,,,,,,,,,,,,,,,,,,,,,,,,,,,,,,,,,,,,,,,,,,,,,,,,,,,,,,,,,,,,,,,,,,,,,,,,,,,,,,,,,,,,,,,,,,,,,,,,,,,,,,,,,,,,,,,,,,,,,,,,,,,,,,,,,,,,,,,,,,,,,,,,,,,,,,,,,,,,,,,,,,,,,,,,,,,,,,,,,,,,,,,,,,,,,,,,,,,,,,,,,,,,,,,,,,,,,,,,,,,,,,,,,,,,,,,,,,,,,,,,,,,,,,,,,,,,,,,,,,,,,,,,,,,,,,,,,,,,,,,,,,,,,,,,,,,,,,,,,,,,,,,
"7742-Citrus-Blossom-Dr,-Land-O-Lakes,-FL-34637","7742 Citrus Blossom Dr, Land O Lakes, FL 34637",7742 Citrus Blossom Dr,,Land O Lakes,FL,12,34637,Pasco,101,28.270541,-82.46746,Single Family,3,2.0,1359.0,Active,2065,Standard,2026-08-13T00:00:00.000Z,,2018-09-16T05:05:47.000Z,2026-08-13T02:43:34.471Z,1,Pasco,Land O Lakes,Rental Listing,2065,Standard,2026-08-13T00:00:00.000Z,,1,,,,,,,,2003.0,,,,,,,,,,,,,,,,,,,,,,,,,,,,,,,,,,,,,,,,,,,,,,,,,,,,,,,,,,,,,,,,,,,,,,,,,,,,,,,,,,,,,,,,,,,,,,,,,,,,,,,,,,,,,,,,,,,,,,,,,,,,,,,,,,,,,,,,,,,,,,,,,,,,,,,,,,,,,,,,,,,,,,,,,,,,,,,,,,,,,,,,,,,,,,,,,,,,,,,,,,,,,,,,,,,,,,,,,,,,,,,,,,,,,,,,,,,,,,,,,,,,,,,,,,,,,,,,,,,,,,,,,,,,,,,,,,,,,,,,,,,,,,,,,,,,,,,,,,,,,,,,,,,,,,,,,,,,,,,,,,,,,,,,,,,,,,,,,,,,,,,,,,,,,,,,,,,,,,,,,,,,,,,,,,,,,,,,,,,,,,,,,,,,,,,,,,,,,,,,,,,,,,,,,,,,,,,,,,,,,,,,,,,,,,,,,,,,,,,,,,,,,,,,,,,,,,,,,,,,,,,,,,,,,
"2330-Tioga-Dr,-Land-O-Lakes,-FL-34639","2330 Tioga Dr, Land O Lakes, FL 34639",2330 Tioga Dr,,Land O Lakes,FL,12,34639,Pasco,101,28.190896,-82.416006,Single Family,3,2.0,1448.0,Active,2295,Standard,2026-08-13T00:00:00.000Z,,2022-06-09T01:15:53.921Z,2026-08-13T02:43:34.467Z,1,Pasco,Land O Lakes,Rental Listing,2295,Standard,2026-08-13T00:00:00.000Z,,1,,,,,,,,,,,,,,,,,,,,,,,,,,,,,,,,,,,,,,,,,,,,,,,,,,,,,,,,,,,,,,,,,,,,,,,,,,,,,,,,,,,,,,,,,,,,,,,,,,,,,,,,,,,,,,,,,,,,,,,,,,,,,,,,,,,,,,,,,,,,,,,,,,,,,,,,,,,,,,,,,,,,,,,,,,,,,,,,,,,,,,,,,,,,,,,,,,,,,,,,,,,,,,,,,,,,,,,,,,,,,,,,,,,,,,,,,,,,,,,,,,,,,,,,,,,,,,,,,,,,,,,,,,,,,,,,,,,,,,,,,,,,,,,,,,,,,,,,,,,,,,,,,,,,,,,,,,,,,,,,,,,,,,,,,,,,,,,,,,,,,,,,,,,,,,,,,,,,,,,,,,,,,,,,,,,,,,,,,,,,,,,,,,,,,,,,,,,,,,,,,,,,,,,,,,,,,,,,,,,,,,,,,,,,,,,,,,,,,,,,,,,,,,,,,,,,,,,,,,,,,,,,,,,,,,,,,,,,,
"18025-Cypress-Bay-Pkwy,-Land-O-Lakes,-FL-34638","18025 Cypress Bay Pkwy, Land O Lakes, FL 34638",18025 Cypress Bay Pkwy,,Land O Lakes,FL,12,34638,Pasco,101,28.303555,-82.516462,Single Family,3,2.0,1484.0,Active,2100,Standard,2026-08-13T00:00:00.000Z,,2021-06-15T00:41:15.594Z,2026-08-13T02:43:34.458Z,1,Pasco,Land O Lakes,Rental Listing,2100,Standard,2026-08-13T00:00:00.000Z,,1,,,,,,,,2008.0,,,,,,,,,,,,,,,,,,,,,,,,,,,,,,,,,,,,,,,,,,,,,,,,,,,,,,,,,,,,,,,,,,,,,,,,,,,,,,,,,,,,,,,,,,,,,,,,,,,,,,,,,,,,,,,,,,,,,,,,,,,,,,,,,,,,,,,,,,,,,,,,,,,,,,,,,,,,,,,,,,,,,,,,,,,,,,,,,,,,,,,,,,,,,,,,,,,,,,,,,,,,,,,,,,,,,,,,,,,,,,,,,,,,,,,,,,,,,,,,,,,,,,,,,,,,,,,,,,,,,,,,,,,,,,,,,,,,,,,,,,,,,,,,,,,,,,,,,,,,,,,,,,,,,,,,,,,,,,,,,,,,,,,,,,,,,,,,,,,,,,,,,,,,,,,,,,,,,,,,,,,,,,,,,,,,,,,,,,,,,,,,,,,,,,,,,,,,,,,,,,,,,,,,,,,,,,,,,,,,,,,,,,,,,,,,,,,,,,,,,,,,,,,,,,,,,,,,,,,,,,,,,,,,,
"20781-Monza-Loop,-Land-O-Lakes,-FL-34638","20781 Monza Loop, Land O Lakes, FL 34638",20781 Monza Loop,,Land O Lakes,FL,12,34638,Pasco,101,28.258096,-82.479214,Single Family,5,3.0,2615.0,Active,2999,Standard,2026-08-13T00:00:00.000Z,,2026-06-20T00:00:00.000Z,2026-08-13T02:43:34.441Z,1,Pasco,Land O Lakes,Rental Listing,2999,Standard,2026-08-13T00:00:00.000Z,,1,,,,,,,7841.0,2022.0,,,,,,,,,,,,,,,,,,,,,,,,,,,,,,,,Rental Listing,3150.0,Standard,2026-07-16T00:00:00.000Z,2026-07-25T00:00:00.000Z,9.0,,,,,,,,,,,,,,,,,,,,,,,,,,,,,,,,,,,,,,,,,,,,,,,,,,,,,,,,,,,,,,,,,,,,,,,,,,,,,,,,,,,,,,,,,,,,,,,,,,,,,,,,,,,,,,,,,,,,,,,,,,,,,,,,,,,,,,,,,,,,,,,,,,,,,,,,,,,,,,,,,,,,,,,,,,,,,,,,,,,,,,,,,,,,,,,,,,,,,,,,,,,,,,,,,,,,,,,,,,,,,,,,,,,,,,,,,,,,,,,,,,,,,,,,,,,,,,,,,,,,,,,,,,,,,,,,,,,,,,,,,,,,,,,,,,,,,,,,,,,,,,,,,,,,,,,,,,,,,,,,,,,,,,,,,,,,,,,,,,,,,,,,,,,,,,,,,,,,,,,,,,,,,,,,,,,,,,,,,,,,,,,,,,,,,,,,,,,,,,,,,,,,,,,,,,,,,,,,,,,,,,,,,,,,,,,,
"17051-Lixberry-Way,-Land-O-Lakes,-FL-34638","17051 Lixberry Way, Land O Lakes, FL 34638",17051 Lixberry Way,,Land O Lakes,FL,12,34638,Pasco,101,28.208982,-82.533038,Single Family,4,2.5,1892.0,Active,2390,Standard,2026-08-13T00:00:00.000Z,,2019-07-09T21:02:03.431Z,2026-08-13T02:43:34.432Z,1,Pasco,Land O Lakes,Rental Listing,2390,Standard,2026-08-13T00:00:00.000Z,,1,,,,,,,,2008.0,,,,,,,,,,,,,,,,,,,,,,,,,,,,,,,,,,,,,,,,,,,,,,,,,,,,,,,,,,,,,,,,,,,,,,,,,,,,,,,,,,,,,,,,,,,,,,,,,,,,,,,,,,,,,,,,,,,,,,,,,,,,,,,,,,,,,,,,,,,,,,,,,,,,,,,,,,,,,,,,,,,,,,,,,,,,,,,,,,,,,,,,,,,,,,,,,,,,,,,,,,,,,,,,,,,,,,,,,,,,,,,,,,,,,,,,,,,,,,,,,,,,,,,,,,,,,,,,,,,,,,,,,,,,,,,,,,,,,,,,,,,,,,,,,,,,,,,,,,,,,,,,,,,,,,,,,,,,,,,,,,,,,,,,,,,,,,,,,,,,,,,,,,,,,,,,,,,,,,,,,,,,,,,,,,,,,,,,,,,,,,,,,,,,,,,,,,,,,,,,,,,,,,,,,,,,,,,,,,,,,,,,,,,,,,,,,,,,,,,,,,,,,,,,,,,,,,,,,,,,,,,,,,,,,
"21027-Voyager-Blvd,-Apt-K8,-Land-O-Lakes,-FL-34638","21027 Voyager Blvd, Apt K8, Land O Lakes, FL 34638",21027 Voyager Blvd,Apt K8,Land O Lakes,FL,12,34638,Pasco,101,28.216344,-82.467837,Condo,2,1.0,800.0,Active,1325,Standard,2026-08-13T00:00:00.000Z,,2026-06-28T00:00:00.000Z,2026-08-13T02:43:34.430Z,1,Pasco,Land O Lakes,Rental Listing,1325,Standard,2026-08-13T00:00:00.000Z,,1,,,,,,,,,,,,,,,,,,,,,,,,,,,,,,,,,,,,,,,,,,,,,,Rental Listing,1325.0,Standard,2026-07-21T00:00:00.000Z,2026-07-22T00:00:00.000Z,1.0,,,,,,,,,,,,,,,,,,,,,,,,,,,,,,,,,,,,,,,,,,,,,,,,,,,,,,,,,,,,,,,,,,,,,,,,,,,,,,,,,,,,,,,,,,,,,,,,,,,,,,,,,,,,,,,,,,,,,,,,,,,,,,,,,,,,,,,,,,,,,,,,,,,,,,,,,,,,,,,,,,,,,,,,,,,,,,,,,,,,,,,,,,,,,,,,,,,,,,,,,,,,,,,,,,,,,,,,,,,,,,,,,,,,,,,,,,,,,,,,,,,,,,,,,,,,,,,,,,,,,,,,,,,,,,,,,,,,,,,,,,,,,,,,,,,,,,,,,,,,,,,,,,,,,,,,,,,,,,,,,,,,,,,,,,,,,,,,,,,,,,,,,,,,,,,,,,,,,,,,,,,,,,,,,,,,,,,,,,,,,,,,,,,,,,,,,,,,,,,,,,,,,,,,,,,,,,,,,,,,,,,,,,
"17634-Terrazzo-Way,-Land-O-Lakes,-FL-34638","17634 Terrazzo Way, Land O Lakes, FL 34638",17634 Terrazzo Way,,Land O Lakes,FL,12,34638,Pasco,101,28.218118,-82.525136,Townhouse,3,2.0,1755.0,Active,2600,Standard,2026-08-13T00:00:00.000Z,,2026-07-23T00:00:00.000Z,2026-08-13T02:42:35.888Z,1,Pasco,Land O Lakes,Rental Listing,2600,Standard,2026-08-13T00:00:00.000Z,,1,,,,,,,,2017.0,,,,,,,,,,,,,,,,,,,,,,,,,,,,,,,,,,,,,,,,,,,,,,,,,,,,,,,,,,,,,,,,,,,,,,,,,,,,,,,,,,,,,,,,,,,,,,,,,,,,,,,,,,,,,,,,,,,,,,,,,,,,,,,,,,,,,,,,,,,,,,,,,,,,,,,,,,,,,,,,,,,,,,,,,,,,,,,,,,,,,,,,,,,,,,,,,,,,,,,,,,,,,,,,,,,,,,,,,,,,,,,,,,,,,,,,,,,,,,,,,,,,,,,,,,,,,,,,,,,,,,,,,,,,,,,,,,,,,,,,,,,,,,,,,,,,,,,,,,,,,,,,,,,,,,,,,,,,,,,,,,,,,,,,,,,,,,,,,,,,,,,,,,,,,,,,,,,,,,,,,,,,,,,,,,,,,,,,,,,,,,,,,,,,,,,,,,,,,,,,,,,,,,,,,,,,,,,,,,,,,,,,,,,,,,,,,,,,,,,,,,,,,,,,,,,,,,,,,,,,,,,,,,,,,
"19408-Otters-Wick-Way,-Land-O-Lakes,-FL-34638","19408 Otters Wick Way, Land O Lakes, FL 34638",19408 Otters Wick Way,,Land O Lakes,FL,12,34638,Pasco,101,28.219469,-82.494875,Single Family,3,2.0,1598.0,Active,2245,Standard,2026-08-13T00:00:00.000Z,,2021-11-15T00:47:18.607Z,2026-08-13T02:42:35.886Z,1,Pasco,Land O Lakes,Rental Listing,2245,Standard,2026-08-13T00:00:00.000Z,,1,,,,,,,,,,,,,,,,,,,,,,,,,,,,,,,,,,,,,,,,,,,,,,,,,,,,Rental Listing,2070.0,Standard,2025-12-04T00:00:00.000Z,2025-12-05T00:00:00.000Z,1.0,,,,,,,,,,,,,,,,,,,,,,,,,,,,,,,,,,,,,,,,,,,,,,,,,,,,,,,,,,,,,,,,,,,,,,,,,,,,,,,,,,,,,,,,,,,,,,,,,,,,,,,,,,,,,,,,,,,,,,,,,,,,,,,,,,,,,,,,,,,,,,,,,,,,,,,,,,,,,,,,,,,,,,,,,,,,,,,,,,,,,,,,,,,,,,,,,,,,,,,,,,,,,,,,,,,,,,,,,,,,,,,,,,,,,,,,,,,,,,,,,,,,,,,,,,,,,,,,,,,,,,,,,,,,,,,,,,,,,,,,,,,,,,,,,,,,,,,,,,,,,,,,,,,,,,,,,,,,,,,,,,,,,,,,,,,,,,,,,,,,,,,,,,,,,,,,,,,,,,,,,,,,,,,,,,,,,,,,,,,,,,,,,,,,,,,,,,,,,,,,,,,,,,,,,,,,,,,,,,,,
"22721-Beltrees-Ct,-Land-O-Lakes,-FL-34639","22721 Beltrees Ct, Land O Lakes, FL 34639",22721 Beltrees Ct,,Land O Lakes,FL,12,34639,Pasco,101,28.225601,-82.440026,Single Family,3,2.0,2057.0,Active,2549,Standard,2026-08-13T00:00:00.000Z,,2022-08-05T04:07:17.610Z,2026-08-13T02:42:35.885Z,1,Pasco,Land O Lakes,Rental Listing,2549,Standard,2026-08-13T00:00:00.000Z,,1,,,,,,,,,,,,,,,,,,,,,,,,,,,,,,,,,,,,,,,,,,,,,,,,,,,,,,,,,,,,,,,,,,,,,,,,,,,,,,,,,,,,,,,,,,,,,,,,,,,,,,,,,,,,,,,,,,,,,,,,,,,,,,,,,,,,,,,,,,,,,,,,,,,,,,,,,,,,,,,,,,,,,,,,,,,,,,,,,,,,,,,,,,,,,,,,,,,,,,,,,,,,,,,,,,,,,,,,,,,,,,,,,,,,,,,,,,,,,,,,,,,,,,,,,,,,,,,,,,,,,,,,,,,,,,,,,,,,,,,,,,,,,,,,,,,,,,,,,,,,,,,,,,,,,,,,,,,,,,,,,,,,,,,,,,,,,,,,,,,,,,,,,,,,,,,,,,,,,,,,,,,,,,,,,,,,,,,,,,,,,,,,,,,,,,,,,,,,,,,,,,,,,,,,,,,,,,,,,,,,,,,,,,,,,,,,,,,,,,,,,,,,,,,,,,,,,,,,,,,,,,,,,,,,,,,,,,,,,
"4315-Marchmont-Blvd,-Land-O-Lakes,-FL-34638","4315 Marchmont Blvd, Land O Lakes, FL 34638",4315 Marchmont Blvd,,Land O Lakes,FL,12,34638,Pasco,101,28.22046,-82.496215,Single Family,3,2.0,1837.0,Active,2270,Standard,2026-08-13T00:00:00.000Z,,2020-05-30T02:51:26.540Z,2026-08-13T02:42:35.882Z,1,Pasco,Land O Lakes,Rental Listing,2270,Standard,2026-08-13T00:00:00.000Z,,1,,,,,,,,,,,,,,,,,,,,,,,,,,,,,,,,,,,,,,,,,,,,,,,,,,,,,,,,,,,,,,,,,,,,,,,,,,,,,,,,,,,,,,,,,,,,,,,,,,,,,,,,,,,,,,,,,,,,,,,,,,,,,,,,,,,,,,,,,,,,,,,,,,,,,,,,,,,,,,,,,,,,,,,,,,,,,,,,,,,,,,,,,,,,,,,,,,,,,,,,,,,,,,,,,,,,,,,,,,,,,,,,,,,,,,,,,,,,,,,,,,,,,,,,,,,,,,,,,,,,,,,,,,,,,,,,,,,,,,,,,,,,,,,,,,,,,,,,,,,,,,,,,,,,,,,,,,,,,,,,,,,,,,,,,,,,,,,,,,,,,,,,,,,,,,,,,,,,,,,,,,,,,,,,,,,,,,,,,,,,,,,,,,,,,,,,,,,,,,,,,,,,,,,,,,,,,,,,,,,,,,,,,,,,,,,,,,,,,,,,,,,,,,,,,,,,,,,,,,,,,,,,,,,,,,,,,,,,,
"4313-Longshore-Dr,-Land-O-Lakes,-FL-34639","4313 Longshore Dr, Land O Lakes, FL 34639",4313 Longshore Dr,,Land O Lakes,FL,12,34639,Pasco,101,28.219834,-82.4347,Single Family,3,2.0,1227.0,Active,1965,Standard,2026-08-13T00:00:00.000Z,,2021-02-20T01:52:15.962Z,2026-08-13T02:42:35.881Z,1,Pasco,Land O Lakes,Rental Listing,1965,Standard,2026-08-13T00:00:00.000Z,,1,,,,,,,4030.0,1995.0,40.0,,,,,,,,,,,,,,,,,,,,,,,,,,,,,,,,,,,,,,,,,,,,,,,,,,,,,,,,,,,,,,,,,,,,,,,,,,,,,,,,,,,,,,,,,,,,,,,,,,,,,,,,,,,,,,,,,,,,,,,,,,,,,,,,,,,,,,,,,,,,,,,,,,,,,,,,,,,,,,,,,,,,,,,,,,,,,,,,,,,,,,,,,,,,,,,,,,,,,,,,,,,,,,,,,,,,,,,,,,,,,,,,,,,,,,,,,,,,,,,,,,,,,,,,,,,,,,,,,,,,,,,,,,,,,,,,,,,,,,,,,,,,,,,,,,,,,,,,,,,,,,,,,,,,,,,,,,,,,,,,,,,,,,,,,,,,,,,,,,,,,,,,,,,,,,,,,,,,,,,,,,,,,,,,,,,,,,,,,,,,,,,,,,,,,,,,,,,,,,,,,,,,,,,,,,,,,,,,,,,,,,,,,,,,,,,,,,,,,,,,,,,,,,,,,,,,,,,,,,,,,,,,,,,,
"7108-Kendall-Heath-Way,-Land-O-Lakes,-FL-34637","7108 Kendall Heath Way, Land O Lakes, FL 34637",7108 Kendall Heath Way,,Land O Lakes,FL,12,34637,Pasco,101,28.260858,-82.452532,Single Family,4,2.0,1415.0,Active,2130,Standard,2026-08-13T00:00:00.000Z,,2026-06-18T00:00:00.000Z,2026-08-13T02:42:35.876Z,1,Pasco,Land O Lakes,Rental Listing,2130,Standard,2026-08-13T00:00:00.000Z,,1,,,,,,,,,,,,,,,,,,,,,,,,,,,,,,,,,,,,,,,,,,,,,,,,,,,,,,,,,,Rental Listing,2195.0,Standard,2026-06-18T00:00:00.000Z,2026-06-19T00:00:00.000Z,1.0,,,,,,,,,,,,,,,,,,,,,,,,,,,,,,,,,,,,,,,,,,,,,,,,,,,,,,,,,,,,,,,,,,,,,,,,,,,,,,,,,,,,,,,,,,,,,,,,,,,,,,,,,,,,,,,,,,,,,,,,,,,,,,,,,,,,,,,,,,,,,,,,,,,,,,,,,,,,,,,,,,,,,,,,,,,,,,,,,,,,,,,,,,,,,,,,,,,,,,,,,,,,,,,,,,,,,,,,,,,,,,,,,,,,,,,,,,,,,,,,,,,,,,,,,,,,,,,,,,,,,,,,,,,,,,,,,,,,,,,,,,,,,,,,,,,,,,,,,,,,,,,,,,,,,,,,,,,,,,,,,,,,,,,,,,,,,,,,,,,,,,,,,,,,,,,,,,,,,,,,,,,,,,,,,,,,,,,,,,,,,,,,,,,,,,,,,,,,,,,,,,,,,,,,,,,,,,
"19608-Timberbluff-Dr,-Land-O-Lakes,-FL-34638","19608 Timberbluff Dr, Land O Lakes, FL 34638",19608 Timberbluff Dr,,Land O Lakes,FL,12,34638,Pasco,101,28.290322,-82.499082,Single Family,5,3.0,2657.0,Active,2895,Standard,2026-08-13T00:00:00.000Z,,2023-07-19T00:00:00.000Z,2026-08-13T02:42:35.865Z,1,Pasco,Land O Lakes,Rental Listing,2895,Standard,2026-08-13T00:00:00.000Z,,1,,,,,,,,,,,,,,,,,,,,,,,,,,,,,,,,,,,,,,,,,,,,,,,,,,,,,,,,,,,,,,,,,,,,,,,,,,,,,,,,,,,,,,,,,,,,,,,,,,,,,,,,,,,,,,,,,,,,,,,,,,,,,,,,,,,,,,,,,,,,,,,,,,,,,,,,,,,,,,,,,,,,,,,,,,,,,,,,,,,,,,,,,,,,,,,,,,,,,,,,,,,,,,,,,,,,,,,,,,,,,,,,,,,,,,,,,,,,,,,,,,,,,,,,,,,,,,,,,,,,,,,,,,,,,,,,,,,,,,,,,,,,,,,,,,,,,,,,,,,,,,,,,,,,,,,,,,,,,,,,,,,,,,,,,,,,,,,,,,,,,,,,,,,,,,,,,,,,,,,,,,,,,,,,,,,,,,,,,,,,,,,,,,,,,,,,,,,,,,,,,,,,,,,,,,,,,,,,,,,,,,,,,,,,,,,,,,,,,,,,,,,,,,,,,,,,,,,,,,,,,,,,,,,,,,,,,,,,,
"2546-Bartolo-Dr,-Land-O-Lakes,-FL-34639","2546 Bartolo Dr, Land O Lakes, FL 34639",2546 Bartolo Dr,,Land O Lakes,FL,12,34639,Pasco,101,28.193581,-82.419453,Single Family,3,2.0,1979.0,Active,2630,Standard,2026-08-13T00:00:00.000Z,,2026-08-05T00:00:00.000Z,2026-08-13T02:42:35.857Z,1,Pasco,Land O Lakes,Rental Listing,2630,Standard,2026-08-13T00:00:00.000Z,,1,,,,,,,,,,,,,,,,,,,,,,,,,,,,,,,,,,,,,,,,,,,,,,,,,,,,,,,,,,,,,,,,,,,,,,,,,,,,,,,,,,,,,,,,,,,,,,,,,,,,,,,,,,,,,,,,,,,,,,,,,,,,,,,,,,,,,,,,,,,,,,,,,,,,,,,,,,,,,,,,,,,,,,,,,,,,,,,,,,,,,,,,,,,,,,,,,,,,,,,,,,,,,,,,,,,,,,,,,,,,,,,,,,,,,,,,,,,,,,,,,,,,,,,,,,,,,,,,,,,,,,,,,,,,,,,,,,,,,,,,,,,,,,,,,,,,,,,,,,,,,,,,,,,,,,,,,,,,,,,,,,,,,,,,,,,,,,,,,,,,,,,,,,,,,,,,,,,,,,,,,,,,,,,,,,,,,,,,,,,,,,,,,,,,,,,,,,,,,,,,,,,,,,,,,,,,,,,,,,,,,,,,,,,,,,,,,,,,,,,,,,,,,,,,,,,,,,,,,,,,,,,,,,,,,,,,,,,,,
"18934-Randall-Pl,-Land-O-Lakes,-FL-34638","18934 Randall Pl, Land O Lakes, FL 34638",18934 Randall Pl,,Land O Lakes,FL,12,34638,Pasco,101,28.296631,-82.502448,Single Family,3,2.5,1545.0,Active,2085,Standard,2026-08-13T00:00:00.000Z,,2020-01-04T00:49:51.435Z,2026-08-13T02:42:35.855Z,1,Pasco,Land O Lakes,Rental Listing,2085,Standard,2026-08-13T00:00:00.000Z,,1,,,,,,,,2009.0,,,,,,,,,,,,,,,,,,,,,,,,,,,,,,,,,,,,,,,,,,,,,,,,,,,,,,,,,,,,,,,,,,,,,,,,,,,,,,,,,,,,,,,,,,,,,,,,,,,,,,,,,,,,,,,,,,,,,,,,,,,,,,,,,,,,,,,,,,,,,,,,,,,,,,,,,,,,,,,,,,,,,,,,,,,,,,,,,,,,,,,,,,,,,,,,,,,,,,,,,,,,,,,,,,,,,,,,,,,,,,,,,,,,,,,,,,,,,,,,,,,,,,,,,,,,,,,,,,,,,,,,,,,,,,,,,,,,,,,,,,,,,,,,,,,,,,,,,,,,,,,,,,,,,,,,,,,,,,,,,,,,,,,,,,,,,,,,,,,,,,,,,,,,,,,,,,,,,,,,,,,,,,,,,,,,,,,,,,,,,,,,,,,,,,,,,,,,,,,,,,,,,,,,,,,,,,,,,,,,,,,,,,,,,,,,,,,,,,,,,,,,,,,,,,,,,,,,,,,,,,,,,,,,,
"22744-Robins-Nest-Ct,-Land-O-Lakes,-FL-34639","22744 Robins Nest Ct, Land O Lakes, FL 34639",22744 Robins Nest Ct,,Land O Lakes,FL,12,34639,Pasco,101,28.214529,-82.439319,Single Family,4,3.0,2930.0,Active,3260,Standard,2026-08-13T00:00:00.000Z,,2020-07-17T03:35:37.422Z,2026-08-13T02:42:35.854Z,1,Pasco,Land O Lakes,Rental Listing,3260,Standard,2026-08-13T00:00:00.000Z,,1,,,,,,,,,,,,,,,,,,,,,,,,,,,,,,,,,,,,,,,,,,,,,,,,,,,,,,,,,,,,,,,,Rental Listing,3345.0,Standard,2026-07-26T00:00:00.000Z,2026-07-27T00:00:00.000Z,1.0,,,,,,,,,,,,,,,,,,,,,,,,,,,,,,,,,,,,,,,,,,,,,,,,,,,,,,,,,,,,,,,,,,,,,,,,,,,,,,,,,,,,,,,,,,,,,,,,,,,,,,,,,,,,,,,,,,,,,,,,,,,,,,,,,,,,,,,,,,,,,,,,,,,,,,,,,,,,,,,,,,,,,,,,,,,,,,,,,,,,,,,,,,,,,,,,,,,,,,,,,,,,,,,,,,,,,,,,,,,,,,,,,,,,,,,,,,,,,,,,,,,,,,,,,,,,,,,,,,,,,,,,,,,,,,,,,,,,,,,,,,,,,,,,,,,,,,,,,,,,,,,,,,,,,,,,,,,,,,,,,,,,,,,,,,,,,,,,,,,,,,,,,,,,,,,,,,,,,,,,,,,,,,,,,,,,,,,,,,,,,,,,,,,,,,,,,,,,,,,,,,,,,,,,
"4615-Winding-River-Way,-Land-O-Lakes,-FL-34639","4615 Winding River Way, Land O Lakes, FL 34639",4615 Winding River Way,,Land O Lakes,FL,12,34639,Pasco,101,28.221848,-82.386729,Condo,3,2.5,1536.0,Active,1835,Standard,2026-08-13T00:00:00.000Z,,2026-06-06T00:00:00.000Z,2026-08-13T02:42:35.854Z,1,Pasco,Land O Lakes,Rental Listing,1835,Standard,2026-08-13T00:00:00.000Z,,1,,,,,,,,2005.0,,,,,,,,,,,,,,,,,,,,,,,,,,,,,,,,,,,,,,,,,,,,,,,,,,,,,,,,,,,,,,,,,,,,,,,,,,,,,,,,,,,,,,,,,,,,,,,,,,,,,,,,,,,,,,,,,,,,,,,,,,,,,,,,,,,,,,,,,,,,,,,,,,,,,,,,,,,,,,,,,,,,,,,,,,,,,,,,,,,,,,,,,,,,,,,,,,,,,,,,,,,,,,,,,,,,,,,,,,,,,,,,,,,,,,,,,,,,,,,,,,,,,,,,,,,,,,,,,,,,,,,,,,,,,,,,,,,,,,,,,,,,,,,,,,,,,,,,,,,,,,,,,,,,,,,,,,,,,,,,,,,,,,,,,,,,,,,,,,,,,,,,,,,,,,,,,,,,,,,,,,,,,,,,,,,,,,,,,,,,,,,,,,,,,,,,,,,,,,,,,,,,,,,,,,,,,,,,,,,,,,,,,,,,,,,,,,,,,,,,,,,,,,,,,,,,,,,,,,,,,,,,,,,,,
"3457-Bellericay-Ln,-Land-O-Lakes,-FL-34638","3457 Bellericay Ln, Land O Lakes, FL 34638",3457 Bellericay Ln,,Land O Lakes,FL,12,34638,Pasco,101,28.208457,-82.533862,Single Family,3,2.0,1158.0,Active,2000,Standard,2026-08-13T00:00:00.000Z,,2020-11-23T02:21:55.276Z,2026-08-13T02:42:35.852Z,1,Pasco,Land O Lakes,Rental Listing,2000,Standard,2026-08-13T00:00:00.000Z,,1,,,,,,,4400.0,2009.0,,,,,,,,,,,,,,,,,,,,,,,,,,,,,,,,,,,,,,,,,,,,,,,,,,,,,,,,,,,,,,,,,,,,,,,,,,,,,,,,,,,,,,,,,,,,,,,,,,,,,,,,,,,,,,,,,,,,,,,,,,,,,,,,,,,,,,,,,,,,,,,,,,,,,,,,,,,,,,,,,,,,,,,,,,,,,,,,,,,,,,,,,,,,,,,,,,,,,,,,,,,,,,,,,,,,,,,,,,,,,,,,,,,,,,,,,,,,,,,,,,,,,,,,,,,,,,,,,,,,,,,,,,,,,,,,,,,,,,,,,,,,,,,,,,,,,,,,,,,,,,,,,,,,,,,,,,,,,,,,,,,,,,,,,,,,,,,,,,,,,,,,,,,,,,,,,,,,,,,,,,,,,,,,,,,,,,,,,,,,,,,,,,,,,,,,,,,,,,,,,,,,,,,,,,,,,,,,,,,,,,,,,,,,,,,,,,,,,,,,,,,,,,,,,,,,,,,,,,,,,,,,,,,,,
"1430-Maximilian-Dr,-Wesley-Chapel,-FL-33543","1430 Maximilian Dr, Wesley Chapel, FL 33543",1430 Maximilian Dr,,Wesley Chapel,FL,12,33543,Pasco,101,28.178011,-82.330814,Single Family,3,2.0,1690.0,Active,3930,Standard,2026-08-13T00:00:00.000Z,,2020-06-30T01:04:39.594Z,2026-08-13T02:43:34.623Z,1,Pasco,Wesley Chapel,Rental Listing,3930,Standard,2026-08-13T00:00:00.000Z,,1,,,,,,,5227.0,1995.0,,,,,,,,,,,,,,,,,,,,,,,,,,,,,,,,,,,,,,,,,,,,,,,,,,,,,,,,,,,,,,,,,,,,,,,,,,,,,,,,,,,,,,,,,,,,,,,,,,,,,,,,,,,,,,,,,,,,,,,,,,,,,,,,,,,,,,,,,,,,,,,,,,,,,,,,,,,,,,,,,,,,,,,,,,,,,,,,,,,,,,,,,,,,,,,,,,,,,,,,,,,,,,,,,,,,,,,,,,,,,,,,,,,,,,,,,,,,,,,,,,,,,,,,,,,,,,,,,,,,,,,,,,,,,,,,,,,,,,,,,,,,,,,,,,,,,,,,,,,,,,,,,,,,,,,,,,,,,,,,,,,,,,,,,,,,,,,,,,,,,,,,,,,,,,,,,,,,,,,,,,,,,,,,,,,,,,,,,,,,,,,,,,,,,,,,,,,,,,,,,,,,,,,,,,,,,,,,,,,,,,,,,,,,,,,,,,,,,,,,,,,,,,,,,,,,,,,,,,,,,,,,,,,,,
"3636-Grecko-Dr,-Wesley-Chapel,-FL-33543","3636 Grecko Dr, Wesley Chapel, FL 33543",3636 Grecko Dr,,Wesley Chapel,FL,12,33543,Pasco,101,28.210263,-82.270887,Single Family,3,2.0,1528.0,Active,2085,Standard,2026-08-13T00:00:00.000Z,,2026-05-22T00:00:00.000Z,2026-08-13T02:43:34.611Z,1,Pasco,Wesley Chapel,Rental Listing,2085,Standard,2026-08-13T00:00:00.000Z,,1,,,,,,,,,,,,,,,,,,,,,,,,,,,,,,,,,,,,,,,,,,,,,,,,,,,,,,,,,,,,,,,,,,,,,,,,,,,,,,,,,,,,,,,,,,,,,,,,,,,,,,,,,,,,,,,,,,,,,,,,,,,,,,,,,,,,,,,,,,,,,,,,,,,,,,,,,,,,,,,,,,,,,,,,,,,,,,,,,,,,,,,,,,,,,,,,,,,,,,,,,,,,,,,,,,,,,,,,,,,,,,,,,,,,,,,,,,,,,,,,,,,,,,,,,,,,,,,,,,,,,,,,,,,,,,,,,,,,,,,,,,,,,,,,,,,,,,,,,,,,,,,,,,,,,,,,,,,,,,,,,,,,,,,,,,,,,,,,,,,,,,,,,,,,,,,,,,,,,,,,,,,,,,,,,,,,,,,,,,,,,,,,,,,,,,,,,,,,,,,,,,,,,,,,,,,,,,,,,,,,,,,,,,,,,,,,,,,,,,,,,,,,,,,,,,,,,,,,,,,,,,,,,,,,,,,,,,,,,
"4944-Cactus-Needle-Ln,-Wesley-Chapel,-FL-33544","4944 Cactus Needle Ln, Wesley Chapel, FL 33544",4944 Cactus Needle Ln,,Wesley Chapel,FL,12,33544,Pasco,101,28.229334,-82.360881,Townhouse,3,2.5,1534.0,Active,1895,Standard,2026-08-13T00:00:00.000Z,,2026-08-09T00:00:00.000Z,2026-08-13T02:43:34.604Z,1,Pasco,Wesley Chapel,Rental Listing,1895,Standard,2026-08-13T00:00:00.000Z,,1,,,,,,,,,,,,,,,,,,,,,,,,,,,,,,,,,,,,,,,,,,,,,,,,,,,,,,,,,,,,,,,,,,,,,,,,,,,,,,,,,,,,,,,,,,,,,,,,,,,,,,,,,,,,,,,,,,,,,,,,,,,,,,,,,,,,,,,,,,,,,,,,,,,,,,,,,,,,,,,,,,,,,,,,,,,,,,,,,,,,,,,,,,,,,,,,,,,,,,,,,,,,,,,,,,,,,,,,,,,,,,,,,,,,,,,,,,,,,,,,,,,,,,,,,,,,,,,,,,,,,,,,,,,,,,,,,,,,,,,,,,,,,,,,,,,,,,,,,,,,,,,,,,,,,,,,,,,,,,,,,,,,,,,,,,,,,,,,,,,,,,,,,,,,,,,,,,,,,,,,,,,,,,,,,,,,,,,,,,,,,,,,,,,,,,,,,,,,,,,,,,,,,,,,,,,,,,,,,,,,,,,,,,,,,,,,,,,,,,,,,,,,,,,,,,,,,,,,,,,,,,,,,,,,,,,,,,,,,
"6452-Tabogi-Trl,-Wesley-Chapel,-FL-33545","6452 Tabogi Trl, Wesley Chapel, FL 33545",6452 Tabogi Trl,,Wesley Chapel,FL,12,33545,Pasco,101,28.250478,-82.315811,Single Family,3,2.0,1292.0,Active,1890,Standard,2026-08-13T00:00:00.000Z,,2020-04-11T04:46:46.472Z,2026-08-13T02:43:34.598Z,1,Pasco,Wesley Chapel,Rental Listing,1890,Standard,2026-08-13T00:00:00.000Z,,1,,,,,,,4000.0,2005.0,,,,,,,,,,,,,,,,,,,,,,,,,,,,,,,,,,,,,,,,,,,,,,,,,,,,,,,,,,,,,,,,,,,,,,,,,,,,,,,,,,,,,,,,,,,,,,,,,,,,,,,,,,,,,,,,,,,,,,,,,,,,,,,,,,,,,,,,,,,,,,,,,,,,,,,,,,,,,,,,,,,,,,,,,,,,,,,,,,,,,,,,,,,,,,,,,,,,,,,,,,,,,,,,,,,,,,,,,,,,,,,,,,,,,,,,,,,,,,,,,,,,,,,,,,,,,,,,,,,,,,,,,,,,,,,,,,,,,,,,,,,,,,,,,,,,,,,,,,,,,,,,,,,,,,,,,,,,,,,,,,,,,,,,,,,,,,,,,,,,,,,,,,,,,,,,,,,,,,,,,,,,,,,,,,,,,,,,,,,,,,,,,,,,,,,,,,,,,,,,,,,,,,,,,,,,,,,,,,,,,,,,,,,,,,,,,,,,,,,,,,,,,,,,,,,,,,,,,,,,,,,,,,,,,
"29828-Cooper-Rd,-Wesley-Chapel,-FL-33545","29828 Cooper Rd, Wesley Chapel, FL 33545",29828 Cooper Rd,,Wesley Chapel,FL,12,33545,Pasco,101,28.25093,-82.322623,Single Family,3,2.0,1440.0,Active,2300,Standard,2026-08-13T00:00:00.000Z,,2022-07-06T01:34:58.394Z,2026-08-13T02:43:34.593Z,1,Pasco,Wesley Chapel,Rental Listing,2300,Standard,2026-08-13T00:00:00.000Z,,1,,,,,,,,,,,,,,,,,,,,,,,,,,,,,,,,,,,,,,,,,,,,,,,,,,,,,,,,,,,,,,,,,,,,,,Rental Listing,2350.0,Standard,2024-10-17T00:00:00.000Z,2024-10-18T00:00:00.000Z,1.0,Rental Listing,2350.0,Standard,2024-10-25T00:00:00.000Z,2024-10-26T00:00:00.000Z,1.0,Rental Listing,2300.0,Standard,2025-04-22T00:00:00.000Z,2025-04-23T00:00:00.000Z,1.0,Rental Listing,2300.0,Standard,2025-06-19T00:00:00.000Z,2025-06-20T00:00:00.000Z,1.0,,,,,,,,,,,,,,,,,,,,,,,,,,,,,,,,,,,,,,,,,,,,,,,,,,,,,,,,,,,,,,,,,,,,,,,,,,,,,,,,,,,,,,,,,,,,,,,,,,,,,,,,,,,,,,,,,,,,,,,,,,,,,,,,,,,,,,,,,,,,,,,,,,,,,,,,,,,,,,,,,,,,,,,,,,,,,,,,,,,,,,,,,,,,,,,,,,,,,,,,,,,,,,,,,,,,,,,,,,,,,,,,,,,,,,,,,,,,,,,,,,,,,,,,,,,,,,,,,,,,,,,,,,,,,,,,,,,,,,,,,,,,,,,,,,,,,,,,,,,,,,,,,,,,,,,,,,,,,,,,,,,,,,,,,,,,,,,,,,,,,,,,,,,,,,,,,,,,,,,,,,,,,,,,,,,,,,,,,,,,,,,,
"31260-Penny-Surf-Loop,-Wesley-Chapel,-FL-33545","31260 Penny Surf Loop, Wesley Chapel, FL 33545",31260 Penny Surf Loop,,Wesley Chapel,FL,12,33545,Pasco,101,28.276095,-82.299464,Single Family,3,2.0,1531.0,Active,2200,Standard,2026-08-13T00:00:00.000Z,,2021-12-11T01:27:02.133Z,2026-08-13T02:43:34.589Z,1,Pasco,Wesley Chapel,Rental Listing,2200,Standard,2026-08-13T00:00:00.000Z,,1,,,,,,,,,,,,,,,,,,,,,,,,,,,,,,,,,,,,,,,,,,,,,,,,,,,,,,,,,,,,,,,,,,,,,,,,,,,,,,,,,,,,,,,,,,,,,,,,,,,,,,,,,,,,,,,,,,,,,,,,,,,,,,,,,,,,,,,,,,,,,,,,,,,,,,,,,,,,,,,,,,,,,,,,,,,,,,,,,,,,,,,,,,,,,,,,,,,,,,,,,,,,,,,,,,,,,,,,,,,,,,,,,,,,,,,,,,,,,,,,,,,,,,,,,,,,,,,,,,,,,,,,,,,,,,,,,,,,,,,,,,,,,,,,,,,,,,,,,,,,,,,,,,,,,,,,,,,,,,,,,,,,,,,,,,,,,,,,,,,,,,,,,,,,,,,,,,,,,,,,,,,,,,,,,,,,,,,,,,,,,,,,,,,,,,,,,,,,,,,,,,,,,,,,,,,,,,,,,,,,,,,,,,,,,,,,,,,,,,,,,,,,,,,,,,,,,,,,,,,,,,,,,,,,,,,,,,,,,
"30057-Southwell-Ln,-Wesley-Chapel,-FL-33543","30057 Southwell Ln, Wesley Chapel, FL 33543",30057 Southwell Ln,,Wesley Chapel,FL,12,33543,Pasco,101,28.195153,-82.320166,Townhouse,3,2.5,1853.0,Active,2150,Standard,2026-08-13T00:00:00.000Z,,2022-04-12T00:53:50.137Z,2026-08-13T02:43:34.582Z,1,Pasco,Wesley Chapel,Rental Listing,2150,Standard,2026-08-13T00:00:00.000Z,,1,,,,,,,2001.0,2018.0,237.0,,,,,,,,,,,,,,,,,,,,,,,,,,,,,,,,,,,,,,,,,,,,,,,,,,,,,,,,,,,,,,,,,,,,,,,,,,,,,,,,,,,,,,,,,,,,,,,,,,,,,,,,,,,,,,,,,,,,,,,,,,,,,,,,,,,,,,,,,,,,,,,,,,,,,,,,,,,,,,,,,,,,,,,,,,,,,,,,,,,,,,,,,,,,,,,,,,,,,,,,,,,,,,,,,,,,,,,,,,,,,,,,,,,,,,,,,,,,,,,,,,,,,,,,,,,,,,,,,,,,,,,,,,,,,,,,,,,,,,,,,,,,,,,,,,,,,,,,,,,,,,,,,,,,,,,,,,,,,,,,,,,,,,,,,,,,,,,,,,,,,,,,,,,,,,,,,,,,,,,,,,,,,,,,,,,,,,,,,,,,,,,,,,,,,,,,,,,,,,,,,,,,,,,,,,,,,,,,,,,,,,,,,,,,,,,,,,,,,,,,,,,,,,,,,,,,,,,,,,,,,,,,,,,,
"28591-Cozy-Creek-Dr,-Wesley-Chapel,-FL-33543","28591 Cozy Creek Dr, Wesley Chapel, FL 33543",28591 Cozy Creek Dr,,Wesley Chapel,FL,12,33543,Pasco,101,28.208367,-82.343779,Single Family,4,3.5,2798.0,Active,3295,Standard,2026-08-13T00:00:00.000Z,,2022-05-15T00:29:32.492Z,2026-08-13T02:43:34.550Z,1,Pasco,Wesley Chapel,Rental Listing,3295,Standard,2026-08-13T00:00:00.000Z,,1,,,,,,,4792.0,2022.0,,,,,,,,,,,,,,,,,,,,,,,,,,,,,,,,,,,,,,,,,,,,,,,,,,,,,,,,,,,,,,,,,,,,,,,,,,,,,,,,,,,,,,,,,,,,,,,,,,,,,,,,,,,,,,,,,,,,,,,,,,,,,,,,,,,,,,,,,,,,,,,,,,,,,,,,,,,,,,,,,,,,,,,,,,,,,,,,,,,,,,,,,,,,,,,,,,,,,,,,,,,,,,,,,,,,,,,,,,,,,,,,,,,,,,,,,,,,,,,,,,,,,,,,,,,,,,,,,,,,,,,,,,,,,,,,,,,,,,,,,,,,,,,,,,,,,,,,,,,,,,,,,,,,,,,,,,,,,,,,,,,,,,,,,,,,,,,,,,,,,,,,,,,,,,,,,,,,,,,,,,,,,,,,,,,,,,,,,,,,,,,,,,,,,,,,,,,,,,,,,,,,,,,,,,,,,,,,,,,,,,,,,,,,,,,,,,,,,,,,,,,,,,,,,,,,,,,,,,,,,,,,,,,,,
"4272-Fennwood-Ct,-Wesley-Chapel,-FL-33543","4272 Fennwood Ct, Wesley Chapel, FL 33543",4272 Fennwood Ct,,Wesley Chapel,FL,12,33543,Pasco,101,28.220272,-82.302049,Townhouse,3,2.0,1636.0,Active,2000,Standard,2026-08-13T00:00:00.000Z,,2026-07-09T00:00:00.000Z,2026-08-13T02:43:34.506Z,1,Pasco,Wesley Chapel,Rental Listing,2000,Standard,2026-08-13T00:00:00.000Z,,1,,,,,,,,2014.0,175.0,,,,,,,,,,,,,,,,,,,,,,,,,,,,,,,,,,,,,,,,,,,,,,,,,,,,,,,,,,,,,,,,,,,,,,,,,,,,,,,,,,,,,,,,,,,,,,,,,,,,,,,,,,,,,,,,,,,,,,,,,,,,,,,,,,,,,,,,,,,,,,,,,,,,,,,,,,,,,,,,,,,,,,,,,,,,,,,,,,,,,,,,,,,,,,,,,,,,,,,,,,,,,,,,,,,,,,,,,,,,,,,,,,,,,,,,,,,,,,,,,,,,,,,,,,,,,,,,,,,,,,,,,,,,,,,,,,,,,,,,,,,,,,,,,,,,,,,,,,,,,,,,,,,,,,,,,,,,,,,,,,,,,,,,,,,,,,,,,,,,,,,,,,,,,,,,,,,,,,,,,,,,,,,,,,,,,,,,,,,,,,,,,,,,,,,,,,,,,,,,,,,,,,,,,,,,,,,,,,,,,,,,,,,,,,,,,,,,,,,,,,,,,,,,,,,,,,,,,,,,,,,,,,,,
"32382-Weathered-Oak-Dr,-Wesley-Chapel,-FL-33543","32382 Weathered Oak Dr, Wesley Chapel, FL 33543",32382 Weathered Oak Dr,,Wesley Chapel,FL,12,33543,Pasco,101,28.186312,-82.281128,Single Family,4,2.0,1665.0,Active,2595,Standard,2026-08-13T00:00:00.000Z,,2026-08-13T00:00:00.000Z,2026-08-13T02:43:34.496Z,1,Pasco,Wesley Chapel,Rental Listing,2595,Standard,2026-08-13T00:00:00.000Z,,1,,,,,,,,,,,,,,,,,,,,,,,,,,,,,,,,,,,,,,,,,,,,,,,,,,,,,,,,,,,,,,,,,,,,,,,,,,,,,,,,,,,,,,,,,,,,,,,,,,,,,,,,,,,,,,,,,,,,,,,,,,,,,,,,,,,,,,,,,,,,,,,,,,,,,,,,,,,,,,,,,,,,,,,,,,,,,,,,,,,,,,,,,,,,,,,,,,,,,,,,,,,,,,,,,,,,,,,,,,,,,,,,,,,,,,,,,,,,,,,,,,,,,,,,,,,,,,,,,,,,,,,,,,,,,,,,,,,,,,,,,,,,,,,,,,,,,,,,,,,,,,,,,,,,,,,,,,,,,,,,,,,,,,,,,,,,,,,,,,,,,,,,,,,,,,,,,,,,,,,,,,,,,,,,,,,,,,,,,,,,,,,,,,,,,,,,,,,,,,,,,,,,,,,,,,,,,,,,,,,,,,,,,,,,,,,,,,,,,,,,,,,,,,,,,,,,,,,,,,,,,,,,,,,,,,,,,,,,,
"3922-Washburn-Pl,-Wesley-Chapel,-FL-33543","3922 Washburn Pl, Wesley Chapel, FL 33543",3922 Washburn Pl,,Wesley Chapel,FL,12,33543,Pasco,101,28.214104,-82.30303,Single Family,3,2.0,1622.0,Active,2200,Standard,2026-08-13T00:00:00.000Z,,2022-12-09T00:03:51.634Z,2026-08-13T02:43:34.493Z,1,Pasco,Wesley Chapel,Rental Listing,2200,Standard,2026-08-13T00:00:00.000Z,,1,,,,,,,5500.0,2006.0,,,,,,,,,,,,,,,,,,,,,,,,,,,,,,,,,,,,,,,,,,,,,,,,,,,,,,,,,,,,,,,,,,,,,,,,,,,,,,,,,,,,,,Rental Listing,2200.0,Standard,2026-08-04T00:00:00.000Z,2026-08-05T00:00:00.000Z,1.0,,,,,,,,,,,,,,,,,,,,,,,,,,,,,,,,,,,,,,,,,,,,,,,,,,,,,,,,,,,,,,,,,,,,,,,,,,,,,,,,,,,,,,,,,,,,,,,,,,,,,,,,,,,,,,,,,,,,,,,,,,,,,,,,,,,,,,,,,,,,,,,,,,,,,,,,,,,,,,,,,,,,,,,,,,,,,,,,,,,,,,,,,,,,,,,,,,,,,,,,,,,,,,,,,,,,,,,,,,,,,,,,,,,,,,,,,,,,,,,,,,,,,,,,,,,,,,,,,,,,,,,,,,,,,,,,,,,,,,,,,,,,,,,,,,,,,,,,,,,,,,,,,,,,,,,,,,,,,,,,,,,,,,,,,,,,,,,,,,,,,,,,,,,,,,,,,,,,,,,,,,,,,,,,,,,,,,,,,,
"30513-Randall-Manor-St,-Wesley-Chapel,-FL-33545","30513 Randall Manor St, Wesley Chapel, FL 33545",30513 Randall Manor St,,Wesley Chapel,FL,12,33545,Pasco,101,28.272239,-82.311941,Single Family,4,2.0,1665.0,Active,2300,Standard,2026-08-13T00:00:00.000Z,,2023-01-12T00:41:08.005Z,2026-08-13T02:43:34.484Z,1,Pasco,Wesley Chapel,Rental Listing,2300,Standard,2026-08-13T00:00:00.000Z,,1,,,,,,,6050.0,2005.0,,,,,,,,,,,,,,,,,,,,,,,,,,,,,,,,,,,,,,,,,,,,,,,,,,,,,,,,,,,,,,,,,,,,,,,,,,,,,,,,,,,,,,,,,,,,Rental Listing,2495.0,Standard,2026-04-20T00:00:00.000Z,2026-04-21T00:00:00.000Z,1.0,Rental Listing,2495.0,Standard,2026-05-15T00:00:00.000Z,2026-05-16T00:00:00.000Z,1.0,Rental Listing,2495.0,Standard,2026-06-03T00:00:00.000Z,2026-06-04T00:00:00.000Z,1.0,,,,,,,,,,,,,,,,,,,,,,,,,,,,,,,,,,,,,,,,,,,,,,,,,,,,,,,,,,,,,,,,,,,,,,,,,,,,,,,,,,,,,,,,,,,,,,,,,,,,,,,,,,,,,,,,,,,,,,,,,,,,,,,,,,,,,,,,,,,,,,,,,,,,,,,,,,,,,,,,,,,,,,,,,,,,,,,,,,,,,,,,,,,,,,,,,,,,,,,,,,,,,,,,,,,,,,,,,,,,,,,,,,,,,,,,,,,,,,,,,,,,,,,,,,,,,,,,,,,,,,,,,,,,,,,,,,,,,,,,,,,,,,,,,,,,,,,,,,,,,,,,,,,,,,,,,,,,,,,,,,,,,,,,,,,,,,,,,,,,,,,,,,,,,,,,,,,,,,,,
"31832-Spoonflower-Cir,-Wesley-Chapel,-FL-33545","31832 Spoonflower Cir, Wesley Chapel, FL 33545",31832 Spoonflower Cir,,Wesley Chapel,FL,12,33545,Pasco,101,28.260435,-82.290134,Single Family,3,2.5,2260.0,Active,2530,Standard,2026-08-13T00:00:00.000Z,,2019-10-30T21:40:48.332Z,2026-08-13T02:43:34.482Z,1,Pasco,Wesley Chapel,Rental Listing,2530,Standard,2026-08-13T00:00:00.000Z,,1,,,,,,,,,,,,,,,,,,,,,,,,,,,,,,,,,,,,,,,,,,,,,,,,,,,,,,,,,,,,,,,,,,,,,,,,,,,,,,,,,,,,,,,,,,,,,,,,,,,,,,,,,,,,,,,,,,,,,,,,,,,,,,,,,,,,,,,,,,,,,,,,,,,,,,,,,,,,,,,,,,,,,,,,,,,,,,,,,,,,,,,,,,,,,,,,,,,,,,,,,,,,,,,,,,,,,,,,,,,,,,,,,,,,,,,,,,,,,,,,,,,,,,,,,,,,,,,,,,,,,,,,,,,,,,,,,,,,,,,,,,,,,,,,,,,,,,,,,,,,,,,,,,,,,,,,,,,,,,,,,,,,,,,,,,,,,,,,,,,,,,,,,,,,,,,,,,,,,,,,,,,,,,,,,,,,,,,,,,,,,,,,,,,,,,,,,,,,,,,,,,,,,,,,,,,,,,,,,,,,,,,,,,,,,,,,,,,,,,,,,,,,,,,,,,,,,,,,,,,,,,,,,,,,,,,,,,,,,
"30151-Barnaby-Ln,-Wesley-Chapel,-FL-33543","30151 Barnaby Ln, Wesley Chapel, FL 33543",30151 Barnaby Ln,,Wesley Chapel,FL,12,33543,Pasco,101,28.177936,-82.31714,Single Family,3,2.5,1401.0,Active,1850,Standard,2026-08-13T00:00:00.000Z,,2026-07-21T00:00:00.000Z,2026-08-13T02:43:34.475Z,1,Pasco,Wesley Chapel,Rental Listing,1850,Standard,2026-08-13T00:00:00.000Z,,1,,,,,,,,,,,,,,,,,,,,,,,,,,,,,,,,,,,,,,,,,,,,,,,,,,,,,,,,,,,,,,,,,,,,,,,,,,,,,,,,,,,,,,,,,,,,,,,,,,,,,,,,,,,,,,,,,,,,,,,,,,,,,,,,,,,,,,,,,,,,,,,,,,,,,,,,,,,,,,,,,,,,,,,,,,,,,,,,,,,,,,,,,,,,,,,,,,,,,,,,,,,,,,,,,,,,,,,,,,,,,,,,,,,,,,,,,,,,,,,,,,,,,,,,,,,,,,,,,,,,,,,,,,,,,,,,,,,,,,,,,,,,,,,,,,,,,,,,,,,,,,,,,,,,,,,,,,,,,,,,,,,,,,,,,,,,,,,,,,,,,,,,,,,,,,,,,,,,,,,,,,,,,,,,,,,,,,,,,,,,,,,,,,,,,,,,,,,,,,,,,,,,,,,,,,,,,,,,,,,,,,,,,,,,,,,,,,,,,,,,,,,,,,,,,,,,,,,,,,,,,,,,,,,,,,,,,,,,,
"34335-Lodge-Dr,-Wesley-Chapel,-FL-33543","34335 Lodge Dr, Wesley Chapel, FL 33543",34335 Lodge Dr,,Wesley Chapel,FL,12,33543,Pasco,101,28.201079,-82.248291,Single Family,3,2.0,1456.0,Active,1850,Standard,2026-08-13T00:00:00.000Z,,2024-04-09T00:00:00.000Z,2026-08-13T02:43:34.451Z,1,Pasco,Wesley Chapel,Rental Listing,1850,Standard,2026-08-13T00:00:00.000Z,,1,,,,,,,,,,,,,,,,,,,,,,,,,,,,,,,,,,,,,,,,,,,,,,,,,,,,,,,,,,,,,,,,,,,,,,,,,,,,,,,,,,,,,,,,,,,,,,,,,,,,,,,,,,,,,,,,,,,,,,,,,,,,,,,,,,,,,,,,,,,,,,,,,,,,,,,,,,,,,,,,,,,,,,,,,,,,,,,,,,,,,,,,,,,,,,,,,,,,,,,,,,,,,,,,,,,,,,,,,,,,,,,,,,,,,,,,,,,,,,,,,,,,,,,,,,,,,,,,,,,,,,,,,,,,,,,,,,,,,,,,,,,,,,,,,,,,,,,,,,,,,,,,,,,,,,,,,,,,,,,,,,,,,,,,,,,,,,,,,,,,,,,,,,,,,,,,,,,,,,,,,,,,,,,,,,,,,,,,,,,,,,,,,,,,,,,,,,,,,,,,,,,,,,,,,,,,,,,,,,,,,,,,,,,,,,,,,,,,,,,,,,,,,,,,,,,,,,,,,,,,,,,,,,,,,,,,,,,,,
"30126-Rattana-Ct,-Wesley-Chapel,-FL-33545","30126 Rattana Ct, Wesley Chapel, FL 33545",30126 Rattana Ct,,Wesley Chapel,FL,12,33545,Pasco,101,28.250733,-82.317572,Single Family,4,2.5,1891.0,Active,2165,Standard,2026-08-13T00:00:00.000Z,,2020-02-14T23:27:50.028Z,2026-08-13T02:43:34.446Z,1,Pasco,Wesley Chapel,Rental Listing,2165,Standard,2026-08-13T00:00:00.000Z,,1,,,,,,,,2005.0,,,,,,,,,,,,,,,,,,,,,,,,,,,,,,,,,,,,,,,,,,,,,,,,,,,,,,,,,,,,,,,,,,,,,,,,,,,,,,,,,,,,,,,,,,,,,,,,,,,,,,,,Rental Listing,2240.0,Standard,2026-06-03T00:00:00.000Z,2026-06-04T00:00:00.000Z,1.0,Rental Listing,2240.0,Standard,2026-06-08T00:00:00.000Z,2026-06-09T00:00:00.000Z,1.0,Rental Listing,2260.0,Standard,2026-06-14T00:00:00.000Z,2026-06-15T00:00:00.000Z,1.0,,,,,,,,,,,,,,,,,,,,,,,,,,,,,,,,,,,,,,,,,,,,,,,,,,,,,,,,,,,,,,,,,,,,,,,,,,,,,,,,,,,,,,,,,,,,,,,,,,,,,,,,,,,,,,,,,,,,,,,,,,,,,,,,,,,,,,,,,,,,,,,,,,,,,,,,,,,,,,,,,,,,,,,,,,,,,,,,,,,,,,,,,,,,,,,,,,,,,,,,,,,,,,,,,,,,,,,,,,,,,,,,,,,,,,,,,,,,,,,,,,,,,,,,,,,,,,,,,,,,,,,,,,,,,,,,,,,,,,,,,,,,,,,,,,,,,,,,,,,,,,,,,,,,,,,,,,,,,,,,,,,,,,,,,,,,,,,,,,,,,,,,,,,,
"6453-Tabogi-Trl,-Wesley-Chapel,-FL-33545","6453 Tabogi Trl, Wesley Chapel, FL 33545",6453 Tabogi Trl,,Wesley Chapel,FL,12,33545,Pasco,101,28.250067,-82.31591,Single Family,3,2.0,1292.0,Active,1960,Standard,2026-08-13T00:00:00.000Z,,2019-12-25T11:24:12.145Z,2026-08-13T02:42:35.892Z,1,Pasco,Wesley Chapel,Rental Listing,1960,Standard,2026-08-13T00:00:00.000Z,,1,,,,,,,,2005.0,,,,,,,,,,,,,,,,,,,,,,,,,,,,,,,,,,,,,,,,,,,,,,,,,,,,,,,,,,,,,,,,,,,,,,,,,,,,,,,,,,,,,,,,,,,,,,,,,,,,,,,,,,,,,,,,,,,,,,,,,,Rental Listing,2010.0,Standard,2026-05-22T00:00:00.000Z,2026-05-23T00:00:00.000Z,1.0,Rental Listing,1960.0,Standard,2026-07-30T00:00:00.000Z,2026-07-31T00:00:00.000Z,1.0,,,,,,,,,,,,,,,,,,,,,,,,,,,,,,,,,,,,,,,,,,,,,,,,,,,,,,,,,,,,,,,,,,,,,,,,,,,,,,,,,,,,,,,,,,,,,,,,,,,,,,,,,,,,,,,,,,,,,,,,,,,,,,,,,,,,,,,,,,,,,,,,,,,,,,,,,,,,,,,,,,,,,,,,,,,,,,,,,,,,,,,,,,,,,,,,,,,,,,,,,,,,,,,,,,,,,,,,,,,,,,,,,,,,,,,,,,,,,,,,,,,,,,,,,,,,,,,,,,,,,,,,,,,,,,,,,,,,,,,,,,,,,,,,,,,,,,,,,,,,,,,,,,,,,,,,,,,,,,,,,,,,,,,,,,,,,,,,
"28546-Tall-Grass-Dr,-Wesley-Chapel,-FL-33543","28546 Tall Grass Dr, Wesley Chapel, FL 33543",28546 Tall Grass Dr,,Wesley Chapel,FL,12,33543,Pasco,101,28.171462,-82.343946,Single Family,3,2.0,1626.0,Active,2345,Standard,2026-08-13T00:00:00.000Z,,2026-06-13T00:00:00.000Z,2026-08-13T02:42:35.886Z,1,Pasco,Wesley Chapel,Rental Listing,2345,Standard,2026-08-13T00:00:00.000Z,,1,,,,,,,,,,,,,,,,,,,,,,,,,,,,,,,,,,,,,,,,,,,,,,,,,,,,,,,,,,,,,,,,,,,,,,,,,,,,,,,,,,,,,,,,,,,,,,,,,,,,,,,,,,,,,,,,,,,,,,,,,,,,,,,,,,,,,,,,,,,,,,,,,,,,,,,,,,,,,,,,,,,,,,,,,,,,,,,,,,,,,,,,,,,,,,,,,,,,,,,,,,,,,,,,,,,,,,,,,,,,,,,,,,,,,,,,,,,,,,,,,,,,,,,,,,,,,,,,,,,,,,,,,,,,,,,,,,,,,,,,,,,,,,,,,,,,,,,,,,,,,,,,,,,,,,,,,,,,,,,,,,,,,,,,,,,,,,,,,,,,,,,,,,,,,,,,,,,,,,,,,,,,,,,,,,,,,,,,,,,,,,,,,,,,,,,,,,,,,,,,,,,,,,,,,,,,,,,,,,,,,,,,,,,,,,,,,,,,,,,,,,,,,,,,,,,,,,,,,,,,,,,,,,,,,,,,,,,,,
"2404-Spring-Hollow-Loop,-Wesley-Chapel,-FL-33544","2404 Spring Hollow Loop, Wesley Chapel, FL 33544",2404 Spring Hollow Loop,,Wesley Chapel,FL,12,33544,Pasco,101,28.191511,-82.356942,Single Family,3,2.5,2278.0,Active,2395,Standard,2026-08-13T00:00:00.000Z,,2025-05-07T00:00:00.000Z,2026-08-13T02:42:35.884Z,1,Pasco,Wesley Chapel,Rental Listing,2395,Standard,2026-08-13T00:00:00.000Z,,1,,,,,,,,,,,,,,,,,,,,,,,,,,,,,,,,,,,,,,,,,,,,,,,,,,,,,,,,,,,,,,,,,,,,,,,,,,,,,,,,,,,,,,,,,,,,,,,,,,,,,,,,,,,,,,,,,,,,,,,,,,,,,,,,,,,,,,,,,,,,,,Rental Listing,2299.0,Standard,2025-06-05T00:00:00.000Z,2025-06-06T00:00:00.000Z,1.0,Rental Listing,2045.0,Standard,2025-08-30T00:00:00.000Z,2025-08-31T00:00:00.000Z,1.0,,,,,,,,,,,,,,,,,,,,,,,,,,,,,,,,,,,,,,,,,,,,,,,,,,,,,,,,,,,,,,,,,,,,,,,,,,,,,,,,,,,,,,,,,,,,,,,,,,,,,,,,,,,,,,,,,,,,,,,,,,,,,,,,,,,,,,,,,,,,,,,,,,,,,,,,,,,,,,,,,,,,,,,,,,,,,,,,,,,,,,,,,,,,,,,,,,,,,,,,,,,,,,,,,,,,,,,,,,,,,,,,,,,,,,,,,,,,,,,,,,,,,,,,,,,,,,,,,,,,,,,,,,,,,,,,,,,,,,,,,,,,,,,,,,,,,,,,,,,,,,,,,,,,,,,,,,,,,,,,,,,,
"1641-Firewheel-Dr,-Wesley-Chapel,-FL-33543","1641 Firewheel Dr, Wesley Chapel, FL 33543",1641 Firewheel Dr,,Wesley Chapel,FL,12,33543,Pasco,101,28.180999,-82.331214,Single Family,3,2.0,1640.0,Active,2450,Standard,2026-08-13T00:00:00.000Z,,2026-07-03T00:00:00.000Z,2026-08-13T02:42:35.874Z,1,Pasco,Wesley Chapel,Rental Listing,2450,Standard,2026-08-13T00:00:00.000Z,,1,,,,,,,,,,,,,,,,,,,,,,,,,,,,,,,,,,,,,,,,,,,,,,,,,,,,,,,,,,,,,,,,,,,,,,,,,,,,,,,,,,,,,,,,,,,,,,,,,,,,,,,,,,,,,,,,,,,,,,,,,,,,,,,,,,,,,,,,,,,,,,,,,,,,,,,,,,,,,,,,,,,,,,,,,,,,,,,,,,,,,,,,,,,,,,,,,,,,,,,,,,,,,,,,,,,,,,,,,,,,,,,,,,,,,,,,,,,,,,,,,,,,,,,,,,,,,,,,,,,,,,,,,,,,,,,,,,,,,,,,,,,,,,,,,,,,,,,,,,,,,,,,,,,,,,,,,,,,,,,,,,,,,,,,,,,,,,,,,,,,,,,,,,,,,,,,,,,,,,,,,,,,,,,,,,,,,,,,,,,,,,,,,,,,,,,,,,,,,,,,,,,,,,,,,,,,,,,,,,,,,,,,,,,,,,,,,,,,,,,,,,,,,,,,,,,,,,,,,,,,,,,,,,,,,,,,,,,,,
"5840-Carina-Trce,-Wesley-Chapel,-FL-33545","5840 Carina Trce, Wesley Chapel, FL 33545",5840 Carina Trce,,Wesley Chapel,FL,12,33545,Pasco,101,28.242238,-82.327592,Single Family,5,3.0,3388.0,Active,3199,Standard,2026-08-13T00:00:00.000Z,,2019-08-23T21:11:32.528Z,2026-08-13T02:42:35.866Z,1,Pasco,Wesley Chapel,Rental Listing,3199,Standard,2026-08-13T00:00:00.000Z,,1,,,,,,,,,,,,,,,,,,,,,,,,,,,,,,,,,,,,,,,,,,,,,,,,,,,,,,,,,,,,,,,,,,,,,,,,,,,,,,,,,,,,,,,,,,,,,,,,,,,,,,,,,,,,,,,,,,,,,,,,,,,,,,,,,,,,,,,,,,,,,,,,,,,,,,,,,,,,,,,,,,,,,,,,,,,,,,,,,,,,,,,,,,,,,,,,,,,,,,,,,,,,,,,,,,,,,,,,,,,,,,,,,,,,,,,,,,,,,,,,,,,,,,,,,,,,,,,,,,,,,,,,,,,,,,,,,,,,,,,,,,,,,,,,,,,,,,,,,,,,,,,,,,,,,,,,,,,,,,,,,,,,,,,,,,,,,,,,,,,,,,,,,,,,,,,,,,,,,,,,,,,,,,,,,,,,,,,,,,,,,,,,,,,,,,,,,,,,,,,,,,,,,,,,,,,,,,,,,,,,,,,,,,,,,,,,,,,,,,,,,,,,,,,,,,,,,,,,,,,,,,,,,,,,,,,,,,,,,
"29942-Morningmist-Dr,-Wesley-Chapel,-FL-33543","29942 Morningmist Dr, Wesley Chapel, FL 33543",29942 Morningmist Dr,,Wesley Chapel,FL,12,33543,Pasco,101,28.183667,-82.32279,Single Family,4,2.0,1665.0,Active,2340,Standard,2026-08-13T00:00:00.000Z,,2020-01-13T18:46:26.001Z,2026-08-13T02:42:35.864Z,1,Pasco,Wesley Chapel,Rental Listing,2340,Standard,2026-08-13T00:00:00.000Z,,1,,,,,,,6534.0,1998.0,,,,,,,,,,,,,,,,,,,,,,,,,,,,,,,,,,,,,,,,,,,,,,,,,,,,,,,,,,,,,,,,,,,,,,,,,,,,,,,,,,,,,,,,,,,,,,,,,,,,,,,,,,,,,,,,,,,,,,,,,,,,,,,,,,,,,,,,,,,,,,,,,,,,,,,,,,,,,,,,,,,,,,,,,,,,,,,,,,,,,,,,,,,,,,,,,,,,,,,,,,,,,,,,,,,,,,,,,,,,,,,,,,,,,,,,,,,,,,,,,,,,,,,,,,,,,,,,,,,,,,,,,,,,,,,,,,,,,,,,,,,,,,,,,,,,,,,,,,,,,,,,,,,,,,,,,,,,,,,,,,,,,,,,,,,,,,,,,,,,,,,,,,,,,,,,,,,,,,,,,,,,,,,,,,,,,,,,,,,,,,,,,,,,,,,,,,,,,,,,,,,,,,,,,,,,,,,,,,,,,,,,,,,,,,,,,,,,,,,,,,,,,,,,,,,,,,,,,,,,,,,,,,,,,
"26702-Middleground-Loop,-Wesley-Chapel,-FL-33544","26702 Middleground Loop, Wesley Chapel, FL 33544",26702 Middleground Loop,,Wesley Chapel,FL,12,33544,Pasco,101,28.236936,-82.374585,Single Family,3,2.0,1870.0,Active,2800,Standard,2026-08-13T00:00:00.000Z,,2024-07-24T00:00:00.000Z,2026-08-13T02:42:35.864Z,1,Pasco,Wesley Chapel,Rental Listing,2800,Standard,2026-08-13T00:00:00.000Z,,1,,,,,,,5607.0,1999.0,,,,,,,,,,,,,,,,,,,,,,,,,,,,,,,,,,,,,,,,,,,,,,,,,,,,,,,,,,,,,,,,,,,,,,,,,,,,,,,,,,,,,,,,,,,,,,,,,,,,,,,,,,,,,,,,,,,,,,,,,,,,,,,,,,,,,,,,,,,,,,,,,,Rental Listing,2300.0,Standard,2024-10-01T00:00:00.000Z,2024-10-25T00:00:00.000Z,24.0,,,,,,,,,,,,,,,,,,,,,,,,,,,,,,,,,,,,,,,,,,,,,,,,,,,,,,,,,,,,,,,,,,,,,,,,,,,,,,,,,,,,,,,,,,,,,,,,,,,,,,,,,,,,,,,,,,,,,,,,,,,,,,,,,,,,,,,,,,,,,,,,,,,,,,,,,,,,,,,,,,,,,,,,,,,,,,,,,,,,,,,,,,,,,,,,,,,,,,,,,,,,,,,,,,,,,,,,,,,,,,,,,,,,,,,,,,,,,,,,,,,,,,,,,,,,,,,,,,,,,,,,,,,,,,,,,,,,,,,,,,,,,,,,,,,,,,,,,,,,,,,,,,,,,,,,,,,,,,
"5152-Blue-Roan-Way,-Wesley-Chapel,-FL-33544","5152 Blue Roan Way, Wesley Chapel, FL 33544",5152 Blue Roan Way,,Wesley Chapel,FL,12,33544,Pasco,101,28.232213,-82.359844,Single Family,3,2.5,1686.0,Active,1945,Standard,2026-08-13T00:00:00.000Z,,2023-07-22T00:00:00.000Z,2026-08-13T02:42:35.861Z,1,Pasco,Wesley Chapel,Rental Listing,1945,Standard,2026-08-13T00:00:00.000Z,,1,,,,,,,,,,,,,,,,,,,,,,,,,,,,,,,,,,,,,,,,,,,,,,,,,,,,,,,,,,,,,,,,,,,,,,,,,,,,,,,,,,,,,,,,,,,,,,,,,,,,,,,,,,,,,,,,,,,,,,,,,,,,,,,,,,,,,,,,,,,,,,,,,,,,,,,,,,,,,,,,Rental Listing,2130.0,Standard,2026-07-05T00:00:00.000Z,2026-07-06T00:00:00.000Z,1.0,,,,,,,,,,,,,,,,,,,,,,,,,,,,,,,,,,,,,,,,,,,,,,,,,,,,,,,,,,,,,,,,,,,,,,,,,,,,,,,,,,,,,,,,,,,,,,,,,,,,,,,,,,,,,,,,,,,,,,,,,,,,,,,,,,,,,,,,,,,,,,,,,,,,,,,,,,,,,,,,,,,,,,,,,,,,,,,,,,,,,,,,,,,,,,,,,,,,,,,,,,,,,,,,,,,,,,,,,,,,,,,,,,,,,,,,,,,,,,,,,,,,,,,,,,,,,,,,,,,,,,,,,,,,,,,,,,,,,,,,,,,,,,,,,,,,,,,,,,,,,,,,,,,,,,,,
"30250-Rattana-Ct,-Wesley-Chapel,-FL-33545","30250 Rattana Ct, Wesley Chapel, FL 33545",30250 Rattana Ct,,Wesley Chapel,FL,12,33545,Pasco,101,28.250751,-82.315436,Single Family,3,2.0,1190.0,Active,2145,Standard,2026-08-13T00:00:00.000Z,,2021-08-04T01:42:18.800Z,2026-08-13T02:42:35.859Z,1,Pasco,Wesley Chapel,Rental Listing,2145,Standard,2026-08-13T00:00:00.000Z,,1,,,,,,,,,,,,,,,,,,,,,,,,,,,,,,,,,,,,,,,,,,,,,,,,,,,,,,,,,,,,,,,,,,,,,,,,,,,,,,,,,,,,,,,,,,,,,,,,,,,,,,,,,,,,,,,,,,,,,,,,,,,,,,,,,,,,,,,,,,,,,,,,,,,,,,,,,,,,,,,,,,,,,,,,,,,,,,,,,,,,,,,,,,,,,,,,,,,,,,,,,,,,,,,,,,,,,,,,,,,,,,,,,,,,,,,,,,,,,,,,,,,,,,,,,,,,,,,,,,,,,,,,,,,,,,,,,,,,,,,,,,,,,,,,,,,,,,,,,,,,,,,,,,,,,,,,,,,,,,,,,,,,,,,,,,,,,,,,,,,,,,,,,,,,,,,,,,,,,,,,,,,,,,,,,,,,,,,,,,,,,,,,,,,,,,,,,,,,,,,,,,,,,,,,,,,,,,,,,,,,,,,,,,,,,,,,,,,,,,,,,,,,,,,,,,,,,,,,,,,,,,,,,,,,,,,,,,,,,
"5917-Missouri-Ave,-New-Port-Richey,-FL-34652","5917 Missouri Ave, New Port Richey, FL 34652",5917 Missouri Ave,,New Port Richey,FL,12,34652,Pasco,101,28.249329,-82.71645,Single Family,3,2.0,1007.0,Active,1890,Standard,2026-08-13T00:00:00.000Z,,2019-07-10T03:11:08.877Z,2026-08-13T02:43:34.611Z,1,Pasco,New Port Richey,Rental Listing,1890,Standard,2026-08-13T00:00:00.000Z,,1,,,,,,,,,,,,,,,,,,,,,,,,,,,,,,,,,,,,,,,,,,,,,,,,,,,,,,,,,,,,,,,,,,,,,,,,,,,,,,,,,,,,,,,,,,,,,,,,,,,,,,,,,,,,,,,,,,,,,,,,,,,,,,,,,,,,,,,,,,,,,,,,,,,,,,,,,,,,,,,,,,,,,,,,,,,,,,,,,,,,,,,,,,,,,,,,,,,,,,,,,,,,,,,,,,,,,,,,,,,,,,,,,,,,,,,,,,,,,,,,,,,,,,,,,,,,,,,,,,,,,,,,,,,,,,,,,,,,,,,,,,,,,,,,,,,,,,,,,,,,,,,,,,,,,,,,,,,,,,,,,,,,,,,,,,,,,,,,,,,,,,,,,,,,,,,,,,,,,,,,,,,,,,,,,,,,,,,,,,,,,,,,,,,,,,,,,,,,,,,,,,,,,,,,,,,,,,,,,,,,,,,,,,,,,,,,,,,,,,,,,,,,,,,,,,,,,,,,,,,,,,,,,,,,,,,,,,,,,
"9351-Beaufort-Ct,-New-Port-Richey,-FL-34654","9351 Beaufort Ct, New Port Richey, FL 34654",9351 Beaufort Ct,,New Port Richey,FL,12,34654,Pasco,101,28.293661,-82.619407,Single Family,3,2.0,1819.0,Active,2075,Standard,2026-08-13T00:00:00.000Z,,2026-07-10T00:00:00.000Z,2026-08-13T02:43:34.558Z,1,Pasco,New Port Richey,Rental Listing,2075,Standard,2026-08-13T00:00:00.000Z,,1,,,,,,,,,,,,,,,,,,,,,,,,,,,,,,,,,,,,,,,,,,,,,,,,,,,,,,,,,,,,,,,,,,,,,,,,,,,,,,,,,,,,,,,,,,,,,,,,,,,,,,,,,,,,,,,,,,,,,,,,,,,,,,,,,,,,,,,,,,,,,,,,,,,,,,,,,,,,,,,,,,,,,,,,,,,,,,,,,,,,,,,,,,,,,,,,,,,,,,,,,,,,,,,,,,,,,,,,,,,,,,,,,,,,,,,,,,,,,,,,,,,,,,,,,,,,,,,,,,,,,,,,,,,,,,,,,,,,,,,,,,,,,,,,,,,,,,,,,,,,,,,,,,,,,,,,,,,,,,,,,,,,,,,,,,,,,,,,,,,,,,,,,,,,,,,,,,,,,,,,,,,,,,,,,,,,,,,,,,,,,,,,,,,,,,,,,,,,,,,,,,,,,,,,,,,,,,,,,,,,,,,,,,,,,,,,,,,,,,,,,,,,,,,,,,,,,,,,,,,,,,,,,,,,,,,,,,,,,
"8913-Wood-Lake-Ct,-New-Port-Richey,-FL-34653","8913 Wood Lake Ct, New Port Richey, FL 34653",8913 Wood Lake Ct,,New Port Richey,FL,12,34653,Pasco,101,28.223478,-82.667477,Single Family,4,2.0,1190.0,Active,2295,Standard,2026-08-13T00:00:00.000Z,,2026-05-21T00:00:00.000Z,2026-08-13T02:43:34.542Z,1,Pasco,New Port Richey,Rental Listing,2295,Standard,2026-08-13T00:00:00.000Z,,1,,,,,,,,,,,,,,,,,,,,,,,,,,,,,,,,,,,,,,,,,,,,,,,,,,,,,,,,,,,,,,,,,,,,,,,,,,,,,,,,,,,,,,,,,,,,,,,,,,,,,,,,,,,,,,,,,,,,,,Rental Listing,2295.0,Standard,2026-06-08T00:00:00.000Z,2026-06-09T00:00:00.000Z,1.0,,,,,,,,,,,,,,,,,,,,,,,,,,,,,,,,,,,,,,,,,,,,,,,,,,,,,,,,,,,,,,,,,,,,,,,,,,,,,,,,,,,,,,,,,,,,,,,,,,,,,,,,,,,,,,,,,,,,,,,,,,,,,,,,,,,,,,,,,,,,,,,,,,,,,,,,,,,,,,,,,,,,,,,,,,,,,,,,,,,,,,,,,,,,,,,,,,,,,,,,,,,,,,,,,,,,,,,,,,,,,,,,,,,,,,,,,,,,,,,,,,,,,,,,,,,,,,,,,,,,,,,,,,,,,,,,,,,,,,,,,,,,,,,,,,,,,,,,,,,,,,,,,,,,,,,,,,,,,,,,,,,,,,,,,,,,,,,,,,,,,,,,,,,,,,,,,,
"4610-Audrey-Ln,-New-Port-Richey,-FL-34652","4610 Audrey Ln, New Port Richey, FL 34652",4610 Audrey Ln,,New Port Richey,FL,12,34652,Pasco,101,28.224897,-82.726898,Apartment,2,1.0,750.0,Active,1295,Standard,2026-08-13T00:00:00.000Z,,2022-12-14T03:00:33.413Z,2026-08-13T02:43:34.519Z,1,Pasco,New Port Richey,Rental Listing,1295,Standard,2026-08-13T00:00:00.000Z,,1,,,,,,,,,,,,,,,,,,,,,,,,,,,,,,,,,,,,,,,,,,,,,,,,,,,,,,,,,,,,,,,,,,,,,,,,,,,,,,,,,,,,,,,,,,,,,,,,,,,,,,,,,,,,,,,,,,,,,,,,,,,,,,,,,,,,,,,,,,,,,,,,,,,,,,,,,,,,,,,,,,,,,,Rental Listing,1400.0,Standard,2025-01-02T00:00:00.000Z,2025-01-03T00:00:00.000Z,1.0,Rental Listing,1295.0,Standard,2025-12-10T00:00:00.000Z,2025-12-11T00:00:00.000Z,1.0,,,,,,,,,,,,,,,,,,,,,,,,,,,,,,,,,,,,,,,,,,,,,,,,,,,,,,,,,,,,,,,,,,,,,,,,,,,,,,,,,,,,,,,,,,,,,,,,,,,,,,,,,,,,,,,,,,,,,,,,,,,,,,,,,,,,,,,,,,,,,,,,,,,,,,,,,,,,,,,,,,,,,,,,,,,,,,,,,,,,,,,,,,,,,,,,,,,,,,,,,,,,,,,,,,,,,,,,,,,,,,,,,,,,,,,,,,,,,,,,,,,,,,,,,,,,,,,,,,,,,,,,,,,,,,,,,,,,,,,,,,,,,,,,,,,,,,,,,,,,
"9135-Maynard-Ave,-New-Port-Richey,-FL-34654","9135 Maynard Ave, New Port Richey, FL 34654",9135 Maynard Ave,,New Port Richey,FL,12,34654,Pasco,101,28.282229,-82.663675,Single Family,2,2.0,846.0,Active,1515,Standard,2026-08-13T00:00:00.000Z,,2023-10-24T00:00:00.000Z,2026-08-13T02:43:34.503Z,1,Pasco,New Port Richey,Rental Listing,1515,Standard,2026-08-13T00:00:00.000Z,,1,,,,,,,,,,,,,,,,,,,,,,,,,,,,,,,,,,,,,,,,,,,,,,,,,,,,,,,,,,,,,,,,,,,,,,,,,,,,,,,,,,,,,,,,,,,,,,,,,,,,,,,,,,,,,,,,,,,,,,,,,,,,,,,,,,,,,,,,,,,,,,,,,,,,,,,,,,,,,,,,,,,,,,,,,,,,,,,,,,,,,,,,,,,,,,,,,,,,,,,,,,,,,,,,,,,,,,,,,,,,,,,,,,,,,,,,,,,,,,,,,,,,,,,,,,,,,,,,,,,,,,,,,,,,,,,,,,,,,,,,,,,,,,,,,,,,,,,,,,,,,,,,,,,,,,,,,,,,,,,,,,,,,,,,,,,,,,,,,,,,,,,,,,,,,,,,,,,,,,,,,,,,,,,,,,,,,,,,,,,,,,,,,,,,,,,,,,,,,,,,,,,,,,,,,,,,,,,,,,,,,,,,,,,,,,,,,,,,,,,,,,,,,,,,,,,,,,,,,,,,,,,,,,,,,,,,,,,,,
"6839-Forest-Ave,-New-Port-Richey,-FL-34653","6839 Forest Ave, New Port Richey, FL 34653",6839 Forest Ave,,New Port Richey,FL,12,34653,Pasco,101,28.257242,-82.713661,Single Family,1,1.0,620.0,Active,1095,Standard,2026-08-13T00:00:00.000Z,,2025-05-03T00:00:00.000Z,2026-08-13T02:43:34.502Z,1,Pasco,New Port Richey,Rental Listing,1095,Standard,2026-08-13T00:00:00.000Z,,1,,,,,,,,,,,,,,,,,,,,,,,,,,,,,,,,,,,,,,,,,,,,,,,,,,,,,,,,,,,,,,,,,,,,,,,,,,,,,,,,,,,,,,,,,,,,,,,,,,,,,,,,,,,,,,,,,,,,,,,,,,,,,,,,,,,,,,,,,,,,,,,,,,,,,,,,,,,,,,,,,,,,,,,,,,,,,,,,,,Rental Listing,1075.0,Standard,2025-05-30T00:00:00.000Z,2025-05-31T00:00:00.000Z,1.0,Rental Listing,1050.0,Standard,2025-11-19T00:00:00.000Z,2025-11-20T00:00:00.000Z,1.0,,,,,,,,,,,,,,,,,,,,,,,,,,,,,,,,,,,,,,,,,,,,,,,,,,,,,,,,,,,,,,,,,,,,,,,,,,,,,,,,,,,,,,,,,,,,,,,,,,,,,,,,,,,,,,,,,,,,,,,,,,,,,,,,,,,,,,,,,,,,,,,,,,,,,,,,,,,,,,,,,,,,,,,,,,,,,,,,,,,,,,,,,,,,,,,,,,,,,,,,,,,,,,,,,,,,,,,,,,,,,,,,,,,,,,,,,,,,,,,,,,,,,,,,,,,,,,,,,,,,,,,,,,,,,,,,,,,,,,,,,,,,,,,,
"5525-Wahoo-Ct,-New-Port-Richey,-FL-34652","5525 Wahoo Ct, New Port Richey, FL 34652",5525 Wahoo Ct,,New Port Richey,FL,12,34652,Pasco,101,28.239613,-82.732902,Townhouse,3,3.0,1607.0,Active,2100,Standard,2026-08-13T00:00:00.000Z,,2022-09-22T02:16:19.530Z,2026-08-13T02:43:34.495Z,1,Pasco,New Port Richey,Rental Listing,2100,Standard,2026-08-13T00:00:00.000Z,,1,,,,,,,1227.0,2022.0,,,,,,,,,,,,,,,,,,,,,,,,,,,,,,,,,,,,,,,,,,,,,,,,,,,,,,,,,,,,,,,,,,,,,,,,,,,,,,,,,,,,,,,,,,,,,,,,,,,,,,,,,,,,,,,,,,,,,,,,,,,,,,,,,,,,,,,,,,,,,,,,,,,,,,,,,,,,,,,,,,,,,,,,,,,,,,,,,,,,,,Rental Listing,1800.0,Standard,2025-03-25T00:00:00.000Z,2025-03-26T00:00:00.000Z,1.0,Rental Listing,2100.0,Standard,2025-07-12T00:00:00.000Z,2025-07-13T00:00:00.000Z,1.0,Rental Listing,2100.0,Standard,2025-10-04T00:00:00.000Z,2025-10-05T00:00:00.000Z,1.0,Rental Listing,2100.0,Standard,2025-11-05T00:00:00.000Z,2025-11-06T00:00:00.000Z,1.0,Rental Listing,2100.0,Standard,2025-12-20T00:00:00.000Z,2025-12-21T00:00:00.000Z,1.0,Rental Listing,2100.0,Standard,2026-01-07T00:00:00.000Z,2026-01-08T00:00:00.000Z,1.0,Rental Listing,2100.0,Standard,2026-02-08T00:00:00.000Z,2026-02-09T00:00:00.000Z,1.0,Rental Listing,2100.0,Standard,2026-02-27T00:00:00.000Z,2026-02-28T00:00:00.000Z,1.0,Rental Listing,2100.0,Standard,2026-03-14T00:00:00.000Z,2026-03-15T00:00:00.000Z,1.0,Rental Listing,2100.0,Standard,2026-04-04T00:00:00.000Z,2026-04-05T00:00:00.000Z,1.0,,,,,,,,,,,,,,,,,,,,,,,,,,,,,,,,,,,,,,,,,,,,,,,,,,,,,,,,,,,,,,,,,,,,,,,,,,,,,,,,,,,,,,,,,,,,,,,,,,,,,,,,,,,,,,,,,,,,,,,,,,,,,,,,,,,,,,,,,,,,,,,,,,,,,,,,,,,,,,,,,,,,,,,,,,,,,,,,,,,,,,,,,,,,,,,,,,,,,,,,,,,,,,,,,,,,,,,,,,,,,,,,,,,,
"7552-Cumber-Dr,-New-Port-Richey,-FL-34653","7552 Cumber Dr, New Port Richey, FL 34653",7552 Cumber Dr,,New Port Richey,FL,12,34653,Pasco,101,28.260934,-82.689296,Single Family,2,1.5,1193.0,Active,1600,Standard,2026-08-13T00:00:00.000Z,,2025-06-13T00:00:00.000Z,2026-08-13T02:43:34.480Z,1,Pasco,New Port Richey,Rental Listing,1600,Standard,2026-08-13T00:00:00.000Z,,1,,,,,,,6400.0,1972.0,,,,,,,,,,,,,,,,,,,,,,,,,,,,,,,,,,,,,,,,,,,,,,,,,,,,,,,,,,,,,,,,,,,,,,,,,,,,,,,,,,,,,,,,,,,,,,,,,,,,,,,,,,,,,,,,,,,,,,,,,,,,,,,,,,,,,,,,,,,,,,,,,,,,,,,,,,,,,,,,,,,,,,,,,,,,,,,,,,,,,,,,,,,,,,,,,,,,,,,,,,,,,,,,,,,,,,,,,,,,,,,,,,,,,,,,,,,,,,,,,,Rental Listing,1600.0,Standard,2025-06-12T00:00:00.000Z,2025-06-26T00:00:00.000Z,14.0,,,,,,,,,,,,,,,,,,,,,,,,,,,,,,,,,,,,,,,,,,,,,,,,,,,,,,,,,,,,,,,,,,,,,,,,,,,,,,,,,,,,,,,,,,,,,,,,,,,,,,,,,,,,,,,,,,,,,,,,,,,,,,,,,,,,,,,,,,,,,,,,,,,,,,,,,,,,,,,,,,,,,,,,,,,,,,,,,,,,,,,,,,,,,,,,,,,,,,,,,,,,,,,,,,,,,,,,,,,,,,
"4618-Audrey-Ln,-New-Port-Richey,-FL-34652","4618 Audrey Ln, New Port Richey, FL 34652",4618 Audrey Ln,,New Port Richey,FL,12,34652,Pasco,101,28.224907,-82.726746,Apartment,2,1.0,750.0,Active,1350,Standard,2026-08-13T00:00:00.000Z,,2026-07-25T00:00:00.000Z,2026-08-13T02:43:34.463Z,1,Pasco,New Port Richey,Rental Listing,1350,Standard,2026-08-13T00:00:00.000Z,,1,,,,,,,,,,,,,,,,,,,,,,,,,,,,,,,,,,,,,,,,,,,,,,,,,,,,,,,,,,,,,,,,,,,,,,,,,,,,,,,,,,,,,,,,,,,,,,,,,,,,,,,,,,,,,,,,,,,,,,,,,,,,,,,,,,,,,,,,,,,,,,,,,,,,,,,,,,,,,,,,,,,,,,,,,,,,,,,,,,,,,,,,,,,,,,,,,,,,,,,,,,,,,,,,,,,,,,,,,,,,,,,,,,,,,,,,,,,,,,,,,,,,,,,,,,,,,,,,,,,,,,,,,,,,,,,,,,,,,,,,,,,,,,,,,,,,,,,,,,,,,,,,,,,,,,,,,,,,,,,,,,,,,,,,,,,,,,,,,,,,,,,,,,,,,,,,,,,,,,,,,,,,,,,,,,,,,,,,,,,,,,,,,,,,,,,,,,,,,,,,,,,,,,,,,,,,,,,,,,,,,,,,,,,,,,,,,,,,,,,,,,,,,,,,,,,,,,,,,,,,,,,,,,,,,,,,,,,,,
"4282-Rudder-Way,-New-Port-Richey,-FL-34652","4282 Rudder Way, New Port Richey, FL 34652",4282 Rudder Way,,New Port Richey,FL,12,34652,Pasco,101,28.227969,-82.743341,Single Family,3,2.0,1310.0,Active,2000,Standard,2026-08-13T00:00:00.000Z,,2026-05-23T00:00:00.000Z,2026-08-13T02:43:34.456Z,1,Pasco,New Port Richey,Rental Listing,2000,Standard,2026-08-13T00:00:00.000Z,,1,,,,,,,6098.0,1978.0,,,,,,,,,,,,,,,,,,,,,,,,,,,,,,,,,,,,,,,,,,,,,,,,,,,,,,,,,,,,,,,,,,,,,,,,,,,,,,,,,,,,,,,,,,,,,,,,,,,,,,,,,,,,,,,,,,,,,,,,,,,,,,,,,,,,,,,,,,,,,,,,,,,,,,,,,,,,,,,,,,,,,,,,,,,,,,,,,,,,,,,,,,,,,,,,,,,,,,,,,,,,,,,,,,,,,,,,,,,,,,,,,,,,,,,,,,,,,,,,,,,,,,,,,,,,,,,,,,,,,,,,,,,,,,,,,,,,,,,,,,,,,,,,,,,,,,,,,,,,,,,,,,,,,,,,,,,,,,,,,,,,,,,,,,,,,,,,,,,,,,,,,,,,,,,,,,,,,,,,,,,,,,,,,,,,,,,,,,,,,,,,,,,,,,,,,,,,,,,,,,,,,,,,,,,,,,,,,,,,,,,,,,,,,,,,,,,,,,,,,,,,,,,,,,,,,,,,,,,,,,,,,,,,,
"5847-Nebraska-Ave,-New-Port-Richey,-FL-34652","5847 Nebraska Ave, New Port Richey, FL 34652",5847 Nebraska Ave,,New Port Richey,FL,12,34652,Pasco,101,28.24995,-82.717369,Single Family,1,1.0,900.0,Active,1200,Standard,2026-08-13T00:00:00.000Z,,2022-10-27T00:53:37.283Z,2026-08-13T02:43:34.443Z,1,Pasco,New Port Richey,Rental Listing,1200,Standard,2026-08-13T00:00:00.000Z,,1,,,,,,,,,,,,,,,,,,,,,,,,,,,,,,,,,,,,,,,,,,,,,,,,,,,,,,,,,,,,,,,,,,,,,,,,,,,,,,,,,,,,,,,,,,,,,,,,,,,,,,,,,,,,,,,,,,,,,,,,,,,,,,,,,,,,,,,,,,,,,,,,,,,,,,,,,,,,,,,,,,,,,,,,,,,,,,,,,,,,,,,,,,,,,,,,,,,,,,,,,,,,,,,,,,,,,,,,,,,,,,,,,,,,,,,,,,,,,,,,,,,,,,,,,,,,,,,,Rental Listing,1200.0,Standard,2024-11-11T00:00:00.000Z,2024-11-12T00:00:00.000Z,1.0,Rental Listing,1200.0,Standard,2024-12-19T00:00:00.000Z,2024-12-20T00:00:00.000Z,1.0,,,,,,,,,,,,,,,,,,,,,,,,,,,,,,,,,,,,,,,,,,,,,,,,,,,,,,,,,,,,,,,,,,,,,,,,,,,,,,,,,,,,,,,,,,,,,,,,,,,,,,,,,,,,,,,,,,,,,,,,,,,,,,,,,,,,,,,,,,,,,,,,,,,,,,,,,,,,,,,,,,,,,,,,,,,,,,,,,,,,,,,,,,,,,,,,,,,,,,,,,,,,,,,,,,
"5245-Amulet-Dr,-New-Port-Richey,-FL-34652","5245 Amulet Dr, New Port Richey, FL 34652",5245 Amulet Dr,,New Port Richey,FL,12,34652,Pasco,101,28.235746,-82.732971,Condo,1,1.0,963.0,Active,1300,Standard,2026-08-13T00:00:00.000Z,,2024-04-02T00:00:00.000Z,2026-08-13T02:43:34.439Z,1,Pasco,New Port Richey,Rental Listing,1300,Standard,2026-08-13T00:00:00.000Z,,1,,,,,,,,,,,,,,,,,,,,,,,,,,,,,,,,,,,,,,,,,,,,,,,,,,,,,,,,,,,,,,,,,,,,,,,,,,,,,,,,,,,,,,,,,,,,,,,,,,,,,,,,,,,,,,,,,,,,,,,,,,,,,,,,,,,,,,,,,,,,,,,,,,,,,,,,,,,,,,,,,,,,,,,,,,,,,,,,,,,,,,,,,,,,,,,,,,,,,,,,,,,,,,,,,,,,,,,,,,,,,,,,,,,,,,,,,,,,,,,,,,,,,,,,,,,,,,,,,,,,,,,,,,,,,,,,,,,,,,,,,,,,,,,,,,,,,,,,,,,,,,,,,,,,,,,,,,,,,,,,,,,,,,,,,,,,,,,,,,,,,,,,,,,,,,,,,,,,,,,,,,,,,,,,,,,,,,,,,,,,,,,,,,,,,,,,,,,,,,,,,,,,,,,,,,,,,,,,,,,,,,,,,,,,,,,,,,,,,,,,,,,,,,,,,,,,,,,,,,,,,,,,,,,,,,,,,,,,,
"7505-Wimpole-Dr,-New-Port-Richey,-FL-34655","7505 Wimpole Dr, New Port Richey, FL 34655",7505 Wimpole Dr,,New Port Richey,FL,12,34655,Pasco,101,28.195994,-82.690638,Single Family,2,2.0,1268.0,Active,1995,Standard,2026-08-13T00:00:00.000Z,,2020-02-14T23:27:50.008Z,2026-08-13T02:42:35.890Z,1,Pasco,New Port Richey,Rental Listing,1995,Standard,2026-08-13T00:00:00.000Z,,1,,,,,,,,2001.0,,,,,,,,,,,,,,,,,,,,,,,,,,,,,,,,,,,,,,,,,,,,,,,,,,,,,,,,,,,,,,,,,,,,,,,,,,,,,,,,,,,,,,,,,,,,,,,,,,,,,,,,,,,,,,,,,,,,,,,,,,,,,,,,,,,,,,,,,,,,,,,,,,,,,,,,,,,,,,,,,,,,,,,,,,,,,,,,,,,,,,,,,,,,,,,,,,,,,,,,,,,,,,,,,,,,,,,,,,,,,,,,,,,,,,,,,,,,,,,,,,,,,,,,,,,,,,,,,,,,,,,,,,,,,,,,,,,,,,,,,,,,,,,,,,,,,,,,,,,,,,,,,,,,,,,,,,,,,,,,,,,,,,,,,,,,,,,,,,,,,,,,,,,,,,,,,,,,,,,,,,,,,,,,,,,,,,,,,,,,,,,,,,,,,,,,,,,,,,,,,,,,,,,,,,,,,,,,,,,,,,,,,,,,,,,,,,,,,,,,,,,,,,,,,,,,,,,,,,,,,,,,,,,,,
"5227-Tangerine-Dr,-New-Port-Richey,-FL-34652","5227 Tangerine Dr, New Port Richey, FL 34652",5227 Tangerine Dr,,New Port Richey,FL,12,34652,Pasco,101,28.231786,-82.72758,Single Family,2,1.5,996.0,Active,1500,Standard,2026-08-13T00:00:00.000Z,,2022-03-12T01:11:50.206Z,2026-08-13T02:42:35.887Z,1,Pasco,New Port Richey,Rental Listing,1500,Standard,2026-08-13T00:00:00.000Z,,1,,,,,,,,1959.0,,,,,,,,,,,,,,,,,,,,,,,,,,,,,,,,,,,,,,,,,,,,,,,,,,,,,,,,,,,,,,,,,,,,,,,,,,,,,,,,,,,,,,,,,,,,,,,,,,,,,,,,,,,,,,,,,,,,,,,,,,,,,,,,,,,,,,,,,,,,,,,,,,,,,,,,,,,,,,,,,,,,,,,,,,,,,,,,,,,,,,,,,,,,,,,,,,,,,,,,,,,,,,,,,,,,,,,,,,,,,,,,,,,,,,,,,,,,,,,,,,,,,,,,,,,,,,,,,,,,Rental Listing,1500.0,Standard,2024-09-23T00:00:00.000Z,2024-09-24T00:00:00.000Z,1.0,,,,,,,,,,,,,,,,,,,,,,,,,,,,,,,,,,,,,,,,,,,,,,,,,,,,,,,,,,,,,,,,,,,,,,,,,,,,,,,,,,,,,,,,,,,,,,,,,,,,,,,,,,,,,,,,,,,,,,,,,,,,,,,,,,,,,,,,,,,,,,,,,,,,,,,,,,,,,,,,,,,,,,,,,,,,,,,,,,,,,,,,,,,,,,,,,,,,,,,,,,,,
"3153-Lodi-Dr,-New-Port-Richey,-FL-34655","3153 Lodi Dr, New Port Richey, FL 34655",3153 Lodi Dr,,New Port Richey,FL,12,34655,Pasco,101,28.205517,-82.695377,Single Family,3,2.0,1283.0,Active,1800,Standard,2026-08-13T00:00:00.000Z,,2022-04-13T00:11:53.420Z,2026-08-13T02:42:35.880Z,1,Pasco,New Port Richey,Rental Listing,1800,Standard,2026-08-13T00:00:00.000Z,,1,Rental Listing,1800.0,Standard,2026-07-31T00:00:00.000Z,2026-08-01T00:00:00.000Z,1.0,,,,,,,,,,,,,,,,,,,,,,,,,,,,,,,,,,,,,,,,,,,,,,,,,,,,,,,,,,,,,,,,,,,,,,,,,,,,,,,,,,,,,,,,,,,,,,,,,,,,,,,,,,,,,,,,,,,,,,,,,,,,,,,,,,,,,,,,,,,,,,,,,,,,,,,,,,,,,,,,,,,,,,,,,,,,,,,,,,,,,,,,,,,,,,,,,,,,,,,,,,,,,,,,,,,,,,,,,,,,,,,,,,,,,,,,,,,,,,,,,,,,,,,,,,,,,,,,,,,,,,,,,,,,Rental Listing,1800.0,Standard,2025-05-03T00:00:00.000Z,2025-05-04T00:00:00.000Z,1.0,,,,,,,,,,,,,,,,,,,,,,,,,,,,,,,,,,,,,,,,,,,,,,,,,,,,,,,,,,,,,,,,,,,,,,,,,,,,,,,,,,,,,,,,,,,,,,,,,,,,,,,,,,,,,,,,,,,,,,,,,,,,,,,,,,,,,,,,,,,,,,,,,,,,,,,,,,,,,,,,,,,,,,,,,,,,,,,,,,,,,,,,,,,,,,,,,,,,,,
"7148-Ramor-Ln,-New-Port-Richey,-FL-34653","7148 Ramor Ln, New Port Richey, FL 34653",7148 Ramor Ln,,New Port Richey,FL,12,34653,Pasco,101,28.261462,-82.712008,Single Family,3,2.0,1173.0,Active,1950,Standard,2026-08-13T00:00:00.000Z,,2026-06-18T00:00:00.000Z,2026-08-13T02:42:35.878Z,1,Pasco,New Port Richey,Rental Listing,1950,Standard,2026-08-13T00:00:00.000Z,,1,,,,,,,,,,,,,,,,,,,,,,,,,,,,,,,,,,,,,,,,,,,,,,,,,,,,,,,,,,,,,,,,,,,,,,,,,,,,,,,,,,,,,,,,,,,,,,,,,,,,,,,,,,,,,,,,,,,,,,,,,,,,,,,,,,,,,,,,,,,,,,,,,,,,,,,,,,,,,,,,,,,,,,,,,,,,,,,,,,,,,,,,,,,,,,,,,,,,,,,,,,,,,,,,,,,,,,,,,,,,,,,,,,,,,,,,,,,,,,,,,,,,,,,,,,,,,,,,,,,,,,,,,,,,,,,,,,,,,,,,,,,,,,,,,,,,,,,,,,,,,,,,,,,,,,,,,,,,,,,,,,,,,,,,,,,,,,,,,,,,,,,,,,,,,,,,,,,,,,,,,,,,,,,,,,,,,,,,,,,,,,,,,,,,,,,,,,,,,,,,,,,,,,,,,,,,,,,,,,,,,,,,,,,,,,,,,,,,,,,,,,,,,,,,,,,,,,,,,,,,,,,,,,,,,,,,,,,,,
"7726-Sue-Ellen-Dr,-New-Port-Richey,-FL-34668","7726 Sue Ellen Dr, New Port Richey, FL 34668",7726 Sue Ellen Dr,,New Port Richey,FL,12,34668,Pasco,101,28.324806,-82.686522,Single Family,2,1.0,864.0,Active,1600,Standard,2026-08-13T00:00:00.000Z,,2023-03-12T00:00:00.000Z,2026-08-13T02:42:35.876Z,1,Pasco,New Port Richey,Rental Listing,1600,Standard,2026-08-13T00:00:00.000Z,,1,,,,,,,,1977.0,,,,,,,,,,,,,,,,,,,,,,,,,,,,,,,,,,,,,,,,,,,,,,,,,,,,,,,,,,,,,,,,,,,,,,,,,,,,,,,,,,,,,,,,,,,,,,,,,,,,,,,,,,,,,,,,,,,,,,,,,,,,,,,,,,,,,,,,,,,,,,,,,,,,,,,,,,,,,,,,,,,,,,,,,,,,,,,,,,,,,,,,,,,,,,,,,,,,,,,,,,,,,,,,,,,,,,,,,,,,,,,,,,,,,,,,,,,,,,,,,,,,,,,,,,,,,,,,,,,,,,,,,,,,,,,,Rental Listing,1500.0,Standard,2025-06-23T00:00:00.000Z,2025-06-24T00:00:00.000Z,1.0,,,,,,,,,,,,,,,,,,,,,,,,,,,,,,,,,,,,,,,,,,,,,,,,,,,,,,,,,,,,,,,,,,,,,,,,,,,,,,,,,,,,,,,,,,,,,,,,,,,,,,,,,,,,,,,,,,,,,,,,,,,,,,,,,,,,,,,,,,,,,,,,,,,,,,,,,,,,,,,,,,,,,,,,,,,,,,,,,,,,,,,,,,,,,,,,
"6029-Bayway-Ct,-New-Port-Richey,-FL-34652","6029 Bayway Ct, New Port Richey, FL 34652",6029 Bayway Ct,,New Port Richey,FL,12,34652,Pasco,101,28.246584,-82.739911,Single Family,4,3.0,3064.0,Active,6100,Standard,2026-08-13T00:00:00.000Z,,2023-12-06T00:00:00.000Z,2026-08-13T02:42:35.863Z,1,Pasco,New Port Richey,Rental Listing,6100,Standard,2026-08-13T00:00:00.000Z,,1,,,,,,,,1986.0,,,,,,,,,,,,,,,,,,,,,,,,,,,,,,,,,,,,,,,,,,,,,,,,,,,,,,,,,,,,,,,,,,,,,,,,,,,,,,,,,,,,,,,,,,,,,,,,,,,,,,,,,,,,,,,,,,,,,,,,,,,,,,,,,,,,,,,,,,,,,,,,,,,,,,,,,,,,,,,,,,,,,,,,,,,,,,,,,,,,,,,,,,,,,,,,,,,,,,,,,,,,,,,,,,,,,,,,,,,,,,,,,,,,,,,,,,,,,,,,,,,,,,,,,,,,,,,,,,,,,,,,,,,,,,,,,,,,,,,,,,,,,,,,,,,,,,,,,,,,,,,,,,,,,,,,,,,,,,,,,,,,,,,,,,,,,,,,,,,,,,,,,,,,,,,,,,,,,,,,,,,,,,,,,,,,,,,,,,,,,,,,,,,,,,,,,,,,,,,,,,,,,,,,,,,,,,,,,,,,,,,,,,,,,,,,,,,,,,,,,,,,,,,,,,,,,,,,,,,,,,,,,,,,,
"4916-Gulf-Waters-Dr,-New-Port-Richey,-FL-34652","4916 Gulf Waters Dr, New Port Richey, FL 34652",4916 Gulf Waters Dr,,New Port Richey,FL,12,34652,Pasco,101,28.240394,-82.732445,Townhouse,3,2.5,1607.0,Active,2000,Standard,2026-08-13T00:00:00.000Z,,2021-10-27T01:39:51.960Z,2026-08-13T02:42:35.862Z,1,Pasco,New Port Richey,Rental Listing,2000,Standard,2026-08-13T00:00:00.000Z,,1,,,,,,,1228.0,2021.0,,,,,,,,,,,,,,,,,,,,,,,,,,,,,,,,,,,,,,,,,,,,,,,,,,,,,,,,,,,,,,,,,,,,,,,,,,,,,,,,,,,,,,,,,,,,,,,,,,,,,,,,,,,,,,,,,,,,,,,,,,,,,,,,,,,,,,,,,,,,,,,,,,,,,,,,,,,,,,,,,,,,,,,,,,,,,,,,,,,,,,,,,,,,,,,,,,,,,,,,,,,,,,,,,,,,,,,,,,,,,,,,,,,,,,,,,,,,,,,,,,,,,,,,,,,,,,,,,,,,,,,,,,,,,,,,,,,,,,,,,,,,,,,,,,,,,,,,,,,,,,,,,,,,,,,,,,,,,,,,,,,,,,,,,,,,,,,,,,,,,,,,,,,,,,,,,,,,,,,,,,,,,,,,,,,,,,,,,,,,,,,,,,,,,,,,,,,,,,,,,,,,,,,,,,,,,,,,,,,,,,,,,,,,,,,,,,,,,,,,,,,,,,,,,,,,,,,,,,,,,,,,,,,,,
"7907-Osteen-Rd,-New-Port-Richey,-FL-34653","7907 Osteen Rd, New Port Richey, FL 34653",7907 Osteen Rd,,New Port Richey,FL,12,34653,Pasco,101,28.272073,-82.682917,Single Family,3,2.0,1120.0,Active,1785,Standard,2026-08-13T00:00:00.000Z,,2022-07-15T02:18:01.648Z,2026-08-13T02:42:35.860Z,1,Pasco,New Port Richey,Rental Listing,1785,Standard,2026-08-13T00:00:00.000Z,,1,,,,,,,,,,,,,,,,,,,,,,,,,,,,,,,,,,,,,,,,,,,,,,,,,,,,,,,,,,,,,,,,,,,,,,,,,,,,,,,,,,,,,,,,,,,,,,,,,,,,,,,,,,,,,,,,,,,,,,,,,,,,,,,,,,,,,,,,,,,,,,,,,,,,,,,,,,,,,,,,,,,,,,,,,,,,,,,,,,,,,,,,,,,,,,,,,,,,,,,,,,,,,,,,,,,,,,,,,,,,,,,,,,,,,,,,,,,,,,,,,,,,,,,,,,,,,,,,,,,,,,,,,,,,,,,,,,,,,,,,,,,,,,Rental Listing,1735.0,Standard,2024-10-11T00:00:00.000Z,2024-10-12T00:00:00.000Z,1.0,Rental Listing,1735.0,Standard,2024-10-23T00:00:00.000Z,2024-10-24T00:00:00.000Z,1.0,,,,,,,,,,,,,,,,,,,,,,,,,,,,,,,,,,,,,,,,,,,,,,,,,,,,,,,,,,,,,,,,,,,,,,,,,,,,,,,,,,,,,,,,,,,,,,,,,,,,,,,,,,,,,,,,,,,,,,,,,,,,,,,,,,,,,,,,,,,,,,,,,,,,,,,,,,,,,,,,,,,,,,,,,,,,,,,,,,,,
"7140-Bellaire-Ter,-New-Port-Richey,-FL-34653","7140 Bellaire Ter, New Port Richey, FL 34653",7140 Bellaire Ter,,New Port Richey,FL,12,34653,Pasco,101,28.261281,-82.704891,Single Family,2,1.0,776.0,Active,1350,Standard,2026-08-13T00:00:00.000Z,,2023-06-09T00:00:00.000Z,2026-08-13T02:42:35.859Z,1,Pasco,New Port Richey,Rental Listing,1350,Standard,2026-08-13T00:00:00.000Z,,1,,,,,,,21344.0,1978.0,,,,,,,,,,,,,,,,,,,,,,,,,,,,,,,,,,,,,,,,,,,,,,,,,,,,,,,,,,,,,,,,,,,,,,,,,,,,,,,,,,,,,,,,,,,,,,,,,,,,,,,,,,,,,,,,,,,,,,,,,,,,,,,,,,,,,,,,,,,,,,,,,,,,,,,,,,,,,,,,,,,,,,,,,,,,,,,,,,,,,,,,,,,,,,,,,,,,,,,,,,,,,,,,,,,,,,,,,,,,,,,,,,,,,,,,,,,,,,,,,,,,,,,,,,,,,,,,,,,,,,,,,,,,,,,,,,,,,,,,,,,,,,,,,,Rental Listing,1350.0,Standard,2024-08-26T00:00:00.000Z,2024-10-02T00:00:00.000Z,37.0,Rental Listing,1350.0,Standard,2026-03-27T00:00:00.000Z,2026-03-28T00:00:00.000Z,1.0,Rental Listing,1350.0,Standard,2026-06-10T00:00:00.000Z,2026-06-11T00:00:00.000Z,1.0,,,,,,,,,,,,,,,,,,,,,,,,,,,,,,,,,,,,,,,,,,,,,,,,,,,,,,,,,,,,,,,,,,,,,,,,,,,,,,,,,,,,,,,,,,,,,,,,,,,,,,,,,,,,,,,,,,,,,,,,,,,,,,,,,,,,,,,,,,,,,,,,,,,,,,,,,,,,,,,,,,
"9101-Easthaven-Ct,-New-Port-Richey,-FL-34655","9101 Easthaven Ct, New Port Richey, FL 34655",9101 Easthaven Ct,,New Port Richey,FL,12,34655,Pasco,101,28.238569,-82.664349,Single Family,3,2.0,1837.0,Active,2140,Standard,2026-08-13T00:00:00.000Z,,2022-03-01T01:33:29.645Z,2026-08-13T02:42:35.858Z,1,Pasco,New Port Richey,Rental Listing,2140,Standard,2026-08-13T00:00:00.000Z,,1,,,,,,,,,,,,,,,,,,,,,,,,,,,,,,,,,,,,,,,,,,,,,,,,,,,,,,,,,,,,,,,,,,,,,,,,,,,,,,,,,,,,,,,,,,,,,,,,,,,,,,,,,,,,,,,,,,,,,,,,,,,,,,,,,,,,,,,,,,,,,,,,,,,,,,,,,,,,,,,,,,,,,,,,,,,,,,,,,,,,,,,,,,,,,,,,,,,,,,,,,,,,,,,,,,,,,,,,,,,,,,,,,,,,,,,,,,,,,,,,,,,,,,,,,,,,,,,,,,,,,,,,,,,,,,,,,,,,,,,,Rental Listing,2395.0,Standard,2025-06-23T00:00:00.000Z,2025-06-24T00:00:00.000Z,1.0,,,,,,,,,,,,,,,,,,,,,,,,,,,,,,,Rental Listing,2520.0,Standard,2025-06-11T00:00:00.000Z,2025-06-12T00:00:00.000Z,1.0,Rental Listing,2220.0,Standard,2025-07-27T00:00:00.000Z,2025-07-28T00:00:00.000Z,1.0,,,,,,,,,,,,,,,,,,,,,,,,,,,,,,,,,,,,,,,,,,,,,,,,,,,,,,,,,,,,,,,,,,,,,,,,,,,,,,,,,,,,,,,,,,,,,,,,,,,,,,,,,,,,,,,,,,,,,,,,,,,,,,,,,,,,,,,,,,,,,,,,,,,,,,
"3814-Linkwood-St,-New-Port-Richey,-FL-34652","3814 Linkwood St, New Port Richey, FL 34652",3814 Linkwood St,,New Port Richey,FL,12,34652,Pasco,101,28.214597,-82.732028,Single Family,3,1.0,1104.0,Active,1625,Standard,2026-08-13T00:00:00.000Z,,2020-03-19T17:11:50.213Z,2026-08-13T02:42:35.856Z,1,Pasco,New Port Richey,Rental Listing,1625,Standard,2026-08-13T00:00:00.000Z,,1,Rental Listing,1625.0,Standard,2026-07-31T00:00:00.000Z,2026-08-01T00:00:00.000Z,1.0,,,,,,,,,,,,,,,,,,,,,,,,,,,,,,,,,,,,,,,,,,,,,,,,,,,,,,,,,,,,,,,,,,,,,,,,,,,,,,,,,,,,,,,,,,,,,,,,,,,,,,,,,,,,,,,,,,,,,,,,,,,,,,,,,,,,,,,,,,,,,,,,,,,,,,,,,,,,,,,,,,,,,,,,,,,,,,,,,,,,,,,,,,,,,,,,,,,,,,,,,,,,,,,,,,,,,,,,,,,,,,,,,,,,,,,,,,,,,,,,,,,,,,,,,,,,,,,,,,,,,,,,,,,,,,,,,,,,,,,,,,,,,,,,,,,,,,,,,,,,,,,,,,,,,,,,,,,,,,,,,,,,,,,,,,,,,,,,,,,,,,,,,,,,,,,,,,,,,,,,,,,,,,,,,,,,,,,,,,,,,,,,,,,,,,,,,,,,,,,,,,,,,,,,,,,,,,,,,,,,,,,,,,,,,,,,,,,,,,,,,,,,,,,,,,,,,,,,,,,,,,,,,,,,,,,
"7839-Putnam-Cir,-New-Port-Richey,-FL-34655","7839 Putnam Cir, New Port Richey, FL 34655",7839 Putnam Cir,,New Port Richey,FL,12,34655,Pasco,101,28.207018,-82.684649,Single Family,3,2.0,1475.0,Active,2030,Standard,2026-08-13T00:00:00.000Z,,2019-04-15T03:22:42.631Z,2026-08-13T02:42:35.855Z,1,Pasco,New Port Richey,Rental Listing,2030,Standard,2026-08-13T00:00:00.000Z,,1,,,,,,,,,,,,,,,,,,,,,,,,,,,,,,,,,,,,,,,,,,,,,,,,,,,,,,,,,,,,,,,,,,,,,,,,,,,,,,,,,,,,,,,,,,,,,,,,,,,,,,,,,,,,,,,,,,,,,,,,,,,,,,,,,,,,,,,,,,,,,,,,,,,,,,,,,,,,,,,,,,,,,,,,,,,,,,,,,,,,,,,,,,,,,,,,,,,,,,,,,,,,,,,,,,,,,,,,,,,,,,,,,,,,,,,,,,,,,,,,,,,,,,,,,,,,,,,,,,,,,,,,,,,,,,,,,,,,,,,,,,,,,,,,,,,,,,,,,,,,,,,,,,,,,,,,,,,,,,,,,,,,,,,,,,,,,,,,,,,,,,,,,,,,,,,,,,,,,,,,,,,,,,,,,,,,,,,,,,,,,,,,,,,,,,,,,,,,,,,,,,,,,,,,,,,,,,,,,,,,,,,,,,,,,,,,,,,,,,,,,,,,,,,,,,,,,,,,,,,,,,,,,,,,,,,,,,,,,
"3065-Pinnacle-Peak-Dr,-New-Port-Richey,-FL-34655","3065 Pinnacle Peak Dr, New Port Richey, FL 34655",3065 Pinnacle Peak Dr,,New Port Richey,FL,12,34655,Pasco,101,28.203311,-82.678255,Single Family,3,2.5,1634.0,Active,2075,Standard,2026-08-13T00:00:00.000Z,,2023-03-11T00:00:00.000Z,2026-08-13T02:42:35.832Z,1,Pasco,New Port Richey,Rental Listing,2075,Standard,2026-08-13T00:00:00.000Z,,1,,,,,,,,,,,,,,,,,,,,,,,,,,,,,,,,,,,,,,,,,,,,,,,,,,,,,,,,,,,,,,,,,,,,,,,,,,,,,,,,,,,,,,,,,,,,,,,,,,,,,,,,,,,,,,,,,,,,,,,,,,,,,,,,,,,,,,,,,,,,,,,,,,,,,,,,,,,,,,,,,,,,,,,,,,,,,,,,,,,,,,,,,,,,,,,,,,,,,,,,,,,,,,,,,,,,,,,,,,,,,,,,,,,,,,,,,,,,,,,,,,,,,,,,,,,,,,,,,,,,,,,,,,,,,,,,,,,,,,,,,,,,,,,,,,,,,,,,,,,,,,,,,,,,,,,,,,,,,,,,,,,,,,,,Rental Listing,1970.0,Standard,2026-08-03T00:00:00.000Z,2026-08-04T00:00:00.000Z,1.0,,,,,,,,,,,,,,,,,,,,,,,,,,,,,,,,,,,,,,,,,,,,,,,,,,,,,,,,,,,,,,,,,,,,,,,,,,,,,,,,,,,,,,,,,,,,,,,,,,,,,,,,,,,,,,,,,,,,,,,,,,,,,,,,,,,,,,,,,,,,,,,,
"5410-4th-St-N,-Unit-B,-Zephyrhills,-FL-33542","5410 4th St N, Unit B, Zephyrhills, FL 33542",5410 4th St N,Unit B,Zephyrhills,FL,12,33542,Pasco,101,28.236292,-82.186516,Condo,4,1.0,,Active,1900,Standard,2026-08-13T00:00:00.000Z,,2026-05-13T00:00:00.000Z,2026-08-13T02:43:34.592Z,1,Pasco,Zephyrhills,Rental Listing,1900,Standard,2026-08-13T00:00:00.000Z,,1,,,,,,,,,,,,,,,,,,,,,,,,,,,,,,,,,,,,,,,,,,,,,,,,,,,,,,,,,,,,,,,,,,,,,,,,,,,,,,,,,,,,,,,,,,,,,,,,,,,,,,,,,,,,,,,,,,,,,,,,,,,,,,,,,,,,,,,,,,,,,,,,,,,,,,,,,,,,,,,,,,,,,,,,,,,,,,,,,,,,,,,,,,,,,,,,,,,,,,,,,,,,,,,,,,,,,,,,,,,,,,,,,,,,,,,,,,,,,,,,,,,,,,,,,,,,,,,,,,,,,,,,,,,,,,,,,,,,,,,,,,,,,,,,,,,,,,,,,,,,,,,,,,,,,,,,,,,,,,,,,,,,,,,,,,,,,,Rental Listing,1900.0,Standard,2026-05-29T00:00:00.000Z,2026-05-30T00:00:00.000Z,1.0,Rental Listing,1900.0,Standard,2026-06-26T00:00:00.000Z,2026-06-27T00:00:00.000Z,1.0,,,,,,,,,,,,,,,,,,,,,,,,,,,,,,,,,,,,,,,,,,,,,,,,,,,,,,,,,,,,,,,,,,,,,,,,,,,,,,,,,,,,,,,,,,,,,,,,,,,,,,,,,,,,,,,,,,,,,,,,,,,,,,,,,,,,
"35491-Shade-Fern-Ln,-Zephyrhills,-FL-33541","35491 Shade Fern Ln, Zephyrhills, FL 33541",35491 Shade Fern Ln,,Zephyrhills,FL,12,33541,Pasco,101,28.249362,-82.229579,Single Family,3,2.0,1412.0,Active,1900,Standard,2026-08-13T00:00:00.000Z,,2023-07-05T00:00:00.000Z,2026-08-13T02:43:34.508Z,1,Pasco,Zephyrhills,Rental Listing,1900,Standard,2026-08-13T00:00:00.000Z,,1,,,,,,,4800.0,2022.0,,,,,,,,,,,,,,,,,,,,,,,,,,,,,,,,,,,,,,,,,,,,,,,,,,,,,,,,,,,,,,,,,,,,,,,,,,,,,,,,,,,,,,,,,,,,,,,,,,,,,,,,,,,,,,,,,,,,,,,,,,,,,,,,,,,,,,,,,,,,,,,,,,,,,,,,,,,,,,,,,,,,,,,,,,,,,,,,,,,,,,,,,,,,,,,,,,,,,,,,,,,,,,,,,,,,,,,,,,,,,,,,,,,,,,,,,,,,,,,,,,,,,,,,,,,,,,,,,,,,,,,,,,,,,,,,,,,,,,,,,,,,,,,,,,,,,,,,,,,,,,,,,,,,,,,,,,,,,,,,,,,,,,,,,,,,,,,,,,,,,,,,,,,,,,,,,,,,,,,,,,,,,,,,,,,,,,,,,,,,,,,,,,,,,,,,,,,,,,,,,,,,,,,,,,,,,,,,,,,,,,,,,,,,,,,,,,,,,,,,,,,,,,,,,,,,,,,,,,,,,,,,,,,,,
"4920-17th-St,-Zephyrhills,-FL-33542","4920 17th St, Zephyrhills, FL 33542",4920 17th St,,Zephyrhills,FL,12,33542,Pasco,101,28.229233,-82.174409,Apartment,1,1.0,450.0,Active,1000,Standard,2026-08-13T00:00:00.000Z,,2026-06-27T00:00:00.000Z,2026-08-13T02:43:34.497Z,1,Pasco,Zephyrhills,Rental Listing,1000,Standard,2026-08-13T00:00:00.000Z,,1,,,,,,,,,,,,,,,,,,,,,,,,,,,,,,,,,,,,,,,,,,,,,,,,,,,,,,,,,,,,,,,,,,,,,,,,,,,,,,,,,,,,,,,,,,,,,,,,,,,,,,,,,,,,,,,,,,,,,,,,,,,,,,,,,,,,,,,,,,,,,,,,,,,,,,,,,,,,,,,,,,,,,,,,,,,,,,,,,,,,,,,,,,,,,,,,,,,,,,,,,,,,,,,,,,,,,,,,,,,,,,,,,,,,,,,,,,,,,,,,,,,,,,,,,,,,,,,,,,,,,,,,,,,,,,,,,,,,,,,,,,,,,,,,,,,,,,,,,,,,,,,,,,,,,,,,,,,,,,,,,,,,,,,,,,,,,,,,,,,,,,,,,,,,,,,,,,,,,,,,,,,,,,,,,,,,,,,,,,,,,,,,,,,,,,,,,,,,,,,,,,,,,,,,,,,,,,,,,,,,,,,,,,,,,,,,,,,,,,,,,,,,,,,,,,,,,,,,,,,,,,,,,,,,,,,,,,,,,
"38944-New-Dennison-Ln,-Zephyrhills,-FL-33542","38944 New Dennison Ln, Zephyrhills, FL 33542",38944 New Dennison Ln,,Zephyrhills,FL,12,33542,Pasco,101,28.256956,-82.17202,Single Family,3,2.0,534.0,Active,1550,Standard,2026-08-13T00:00:00.000Z,,2019-11-04T13:58:15.946Z,2026-08-13T02:43:34.477Z,1,Pasco,Zephyrhills,Rental Listing,1550,Standard,2026-08-13T00:00:00.000Z,,1,,,,,,,,1960.0,,,,,,,,,,,,,,,,,,,,,,,,,,,,,,,,,,,,,,,,,,,,,,,,,,,,,,,,,,,,,,,,,,,,,,,,,,,,,,,,,,,,,,,,,,,,,,,,,,,,,,,,,,,,,,,,,,,,,,,,,,,,,,,,,,,,,,,,,,,,,,,,,,,,,,,,,,,,,,,,,,,,,,,,,,,,,,,,,,,,,,,,,,,,,,,,,,,,,,,,,,,,,,,,,,,,,,,,,,,,,,,,,,,,,,,,,,,,,,,,,,,,,,,,,,,,,,,,,,,,,,,,,,,,,,,,,,,,,,,,,,,,,,,,,,,,,,,,,,,,,,,,,,,,,,,,,,,,,,,,,,,,,,,,,,,,,,,,,,Rental Listing,1750.0,Standard,2026-06-16T00:00:00.000Z,2026-06-17T00:00:00.000Z,1.0,,,,,,,,,,,,,,,,,,,,,,,,,,,,,,,,,,,,,,,,,,,,,,,,,,,,,,,,,,,,,,,,,,,,,,,,,,,,,,,,,,,,,,,,,,,,,,,,,,,,,,,,,,,,,,,,,,,,,,,,,,,,,,
"4922-17th-St,-Zephyrhills,-FL-33542","4922 17th St, Zephyrhills, FL 33542",4922 17th St,,Zephyrhills,FL,12,33542,Pasco,101,28.229219,-82.174409,Apartment,2,1.0,900.0,Active,1900,Standard,2026-08-13T00:00:00.000Z,,2026-06-27T00:00:00.000Z,2026-08-13T02:43:34.468Z,1,Pasco,Zephyrhills,Rental Listing,1900,Standard,2026-08-13T00:00:00.000Z,,1,,,,,,,,,,,,,,,,,,,,,,,,,,,,,,,,,,,,,,,,,,,,,,,,,,,,,,,,,,,,,,,,,,,,,,,,,,,,,,,,,,,,,,,,,,,,,,,,,,,,,,,,,,,,,,,,,,,,,,,,,,,,,,,,,,,,,,,,,,,,,,,,,,,,,,,,,,,,,,,,,,,,,,,,,,,,,,,,,,,,,,,,,,,,,,,,,,,,,,,,,,,,,,,,,,,,,,,,,,,,,,,,,,,,,,,,,,,,,,,,,,,,,,,,,,,,,,,,,,,,,,,,,,,,,,,,,,,,,,,,,,,,,,,,,,,,,,,,,,,,,,,,,,,,,,,,,,,,,,,,,,,,,,,,,,,,,,,,,,,,,,,,,,,,,,,,,,,,,,,,,,,,,,,,,,,,,,,,,,,,,,,,,,,,,,,,,,,,,,,,,,,,,,,,,,,,,,,,,,,,,,,,,,,,,,,,,,,,,,,,,,,,,,,,,,,,,,,,,,,,,,,,,,,,,,,,,,,,,
"6851-Ripple-Pond-Loop,-Zephyrhills,-FL-33541","6851 Ripple Pond Loop, Zephyrhills, FL 33541",6851 Ripple Pond Loop,,Zephyrhills,FL,12,33541,Pasco,101,28.256869,-82.209426,Single Family,2,2.0,1400.0,Active,1900,Standard,2026-08-13T00:00:00.000Z,,2025-05-07T00:00:00.000Z,2026-08-13T02:43:34.460Z,1,Pasco,Zephyrhills,Rental Listing,1900,Standard,2026-08-13T00:00:00.000Z,,1,,,,,,,,,,,,,,,,,,,,,,,,,,,,,,,,,,,,,,,,,,,,,,,,,,,,,,,,,,,,,,,,,,,,,,,,,,,,,,,,,,,,,,,,,,,,,,,,,,,,,,,,,,,,,,,,,,,,,,,,,,,,,,,,,,,,,,,,,,,,,,,,,,,,,,,,,,,,,,,,,,,,,,,,,,,,,,,,,,,,,,,,,,,,,,,,,,,,,,,,,,,,,,,,,,,,,,,,,,,,,,,,,,,,,,,,,,,,,,,,,,,,,,,,,,,,,,,,,,,,,,,,,,,,,,,,,,,,,,,,,,,,,,,,,,,,,,,,,,,,,,,,,,,,,,,,,,,,,,,,,,,,,,,,,,,,,,,,,,,,,,,,,,,,,,,,Rental Listing,1900.0,Standard,2025-05-27T00:00:00.000Z,2025-05-28T00:00:00.000Z,1.0,Rental Listing,1875.0,Standard,2025-07-02T00:00:00.000Z,2025-07-03T00:00:00.000Z,1.0,,,,,,,,,,,,,,,,,,,,,,,,,,,,,,,,,,,,,,,,,,,,,,,,,,,,,,,,,,,,,,,,,,,,,,,,,,,,,,,,,,,,,,,,,,,,,,,,,,,,,,,,,,,,,,,,,,
"5215-Lochmead-Ter,-Zephyrhills,-FL-33541","5215 Lochmead Ter, Zephyrhills, FL 33541",5215 Lochmead Ter,,Zephyrhills,FL,12,33541,Pasco,101,28.233161,-82.236847,Single Family,2,2.0,1252.0,Active,1700,Standard,2026-08-13T00:00:00.000Z,,2026-01-24T00:00:00.000Z,2026-08-13T02:43:34.457Z,1,Pasco,Zephyrhills,Rental Listing,1700,Standard,2026-08-13T00:00:00.000Z,,1,,,,,,,,,,,,,,,,,,,,,,,,,,,,,,,,,,,,,,,,,,,,,,,,,,,,,,,,,,,,,,,,,,,,,,,,,,,,,,,,,,,,,,,,,,,,,,,,,,,,,,,,,,,,,,,,,,,,,,,,,,,,,,,,,,,,,,,,,,,,,,,,,,,,,,,,,,,,,,,,,,,,,,,,,,,,,,,,,,,,,,,,,,,,,,,,,,,,,,,,,,,,,,,,,,,,,,,,,,,,,,,,,,,,,,,,,,,,,,,,,,,,,,,,,,,,,,,,,,,,,,,,,,,,,,,,,,,,,,,,,,,,,,,,,,,,,,,,,,,,,,,,,,,,,,,,,,,,,,,,,,,,,,,,,,,,,,,,,,,,,,,,,,,,,,,,,,,,,,,,,,,,Rental Listing,1700.0,Standard,2026-02-22T00:00:00.000Z,2026-02-23T00:00:00.000Z,1.0,,,,,,,,,,,,,,,,,,,,,,,,,,,,,,,,,,,,,,,,,,,,,,,,,,,,,,,,,,,,,,,,,,,,,,,,,,,,,,,,,,,,,,,,,,,,,,,,,,,,,,,,,,,,
"5932-15th-St,-Zephyrhills,-FL-33542","5932 15th St, Zephyrhills, FL 33542",5932 15th St,,Zephyrhills,FL,12,33542,Pasco,101,28.244336,-82.176483,Single Family,3,2.0,1326.0,Active,1700,Standard,2026-08-13T00:00:00.000Z,,2019-07-08T20:51:38.270Z,2026-08-13T02:43:34.454Z,1,Pasco,Zephyrhills,Rental Listing,1700,Standard,2026-08-13T00:00:00.000Z,,1,,,,,,,,,,,,,,,,,,,,,,,,,,,,,,,,,,,,,,,,,,,,,,,,,,,,,,,,,,,,,,,,,,,,,,,,,,,,,,,,,,,,,,,,,,,,,,,,,,,,,,,,,,,,,,,,,,,,,,,,,,,,,,,,,,,,,,,,,,,,,,,,,,,,,,,,,,,,,,,,,,,,,,,,,,,,,,,,,,,,,,,,,,,,,,,,,,,,,,,,,,,,,,,,,,,,,,,,,,,,,,,,,,,,,,,,,,,,,,,,,,,,,,,,,,,,,,,,,,,,,,,,,,,,,,,,,,,,,,,,,,,,,,,,,,,,,,,,,,,,,,,,,,,,,,,,,,,,,,,,,,,,,,,,,,,,,,,,,,,,,,,,,,,,,,,,,,,,,,,,,,,,,,,,,,Rental Listing,1400.0,Standard,2026-04-03T00:00:00.000Z,2026-04-04T00:00:00.000Z,1.0,Rental Listing,1400.0,Standard,2026-05-24T00:00:00.000Z,2026-05-25T00:00:00.000Z,1.0,,,,,,,,,,,,,,,,,,,,,,,,,,,,,,,,,,,,,,,,,,,,,,,,,,,,,,,,,,,,,,,,,,,,,,,,,,,,,,,,,,,,,,,,,,,,,,,,
"3385-Lapis-Lake-Dr,-Zephyrhills,-FL-33541","3385 Lapis Lake Dr, Zephyrhills, FL 33541",3385 Lapis Lake Dr,,Zephyrhills,FL,12,33541,Pasco,101,28.206463,-82.218651,Townhouse,3,3.0,1807.0,Active,2100,Standard,2026-08-13T00:00:00.000Z,,2026-08-13T00:00:00.000Z,2026-08-13T02:43:34.448Z,1,Pasco,Zephyrhills,Rental Listing,2100,Standard,2026-08-13T00:00:00.000Z,,1,,,,,,,,,,,,,,,,,,,,,,,,,,,,,,,,,,,,,,,,,,,,,,,,,,,,,,,,,,,,,,,,,,,,,,,,,,,,,,,,,,,,,,,,,,,,,,,,,,,,,,,,,,,,,,,,,,,,,,,,,,,,,,,,,,,,,,,,,,,,,,,,,,,,,,,,,,,,,,,,,,,,,,,,,,,,,,,,,,,,,,,,,,,,,,,,,,,,,,,,,,,,,,,,,,,,,,,,,,,,,,,,,,,,,,,,,,,,,,,,,,,,,,,,,,,,,,,,,,,,,,,,,,,,,,,,,,,,,,,,,,,,,,,,,,,,,,,,,,,,,,,,,,,,,,,,,,,,,,,,,,,,,,,,,,,,,,,,,,,,,,,,,,,,,,,,,,,,,,,,,,,,,,,,,,,,,,,,,,,,,,,,,,,,,,,,,,,,,,,,,,,,,,,,,,,,,,,,,,,,,,,,,,,,,,,,,,,,,,,,,,,,,,,,,,,,,,,,,,,,,,,,,,,,,,,,,,,,,
"5617-10th-St,-Zephyrhills,-FL-33542","5617 10th St, Zephyrhills, FL 33542",5617 10th St,,Zephyrhills,FL,12,33542,Pasco,101,28.239141,-82.180396,Single Family,1,1.0,480.0,Active,1395,Standard,2026-08-13T00:00:00.000Z,,2020-02-14T23:56:05.938Z,2026-08-13T02:42:35.890Z,1,Pasco,Zephyrhills,Rental Listing,1395,Standard,2026-08-13T00:00:00.000Z,,1,,,,,,,,,,,,,,,,,,,,,,,,,,,,,,,,,,,,,,,,,,,,,,,,,,,,,,,,,,,,,,,,,,,,,,,,,,,,,,,,,,,,,,,,,,,,,,,,,,,,,,,,,,,,,,,,,,,,,,,,,,,,,,,,,,,,,,,,,,,,,,,,,,,,,,,,,,,,,,,,,,,,,,,,,,,,,,,,,,,,,,,,,,,,,,,,,,,,,,,,,,,,,,,,,,,,,,,,,,,,,,,,,,,,,,,,,,,,,,,,,,,,,,,,,,,,,,,,,,,,,,,,,,,,,,,,,,,,,,,,,,,,,,,,,,,,,,,,,,,,,,,,,,,,,,,,,,,,,,,,,,,,,,,,,,,,,,,,,,,,,,,,,,,,,,,,,,,,,,,,,,,,,,,,,,,,,,,,,,,,,,,,,,,,,,,,,,,,,,,,,,,,,,,,,,,,,,,,,,,,,,,,,,,,,,,,,,,,,,,,,,,,,,,,,,,,,,,,,,,,,,,,,,,,,,,,,,,,,
"4352-6th-St,-Zephyrhills,-FL-33542","4352 6th St, Zephyrhills, FL 33542",4352 6th St,,Zephyrhills,FL,12,33542,Pasco,101,28.221304,-82.180807,Single Family,1,1.0,494.0,Active,1100,Standard,2026-08-13T00:00:00.000Z,,2020-05-23T13:15:08.471Z,2026-08-13T02:42:35.889Z,1,Pasco,Zephyrhills,Rental Listing,1100,Standard,2026-08-13T00:00:00.000Z,,1,,,,,,,,,,,,,,,,,,,,,,,,,,,,,,,,,,,,,,,,,,,,,,,,,,,,,,,,,,,,,,,,,,,,,,,,,,,,,,,,,,,,,,,,,,,,,,,,,,,,,,,,,,,,,,,,,,,,,,,,,,,,,,,,,,,,,,,,,,,,,,,,,,,,,,,,,,,,,,,,,,,,,,Rental Listing,1100.0,Standard,2025-01-02T00:00:00.000Z,2025-01-03T00:00:00.000Z,1.0,,,,,,,,,,,,,,,,,,,,,,,,,,,,,,,,,,,,,,,,,,,,,,,,,,,,,,,,,,,,,,,,,,,,,,,,,,,,,,,,,,,,,,,,,,,,,,,,,,,,,,,,,,,,,,,,,,,,,,,,,,,,,,,,,,,,,,,,,,,,,,,,,,,,,,,,,,,,,,,,,,,,,,,,,,,,,,,,,,,,,,,,,,,,,,,,,,,,,,,,,,,,,,,,,,,Rental Listing,1250.0,Standard,2025-03-31T00:00:00.000Z,2025-04-01T00:00:00.000Z,1.0,Rental Listing,1200.0,Standard,2026-03-03T00:00:00.000Z,2026-03-04T00:00:00.000Z,1.0,Rental Listing,1200.0,Standard,2026-03-26T00:00:00.000Z,2026-03-27T00:00:00.000Z,1.0,Rental Listing,1200.0,Standard,2026-04-09T00:00:00.000Z,2026-04-10T00:00:00.000Z,1.0,Rental Listing,1100.0,Standard,2026-05-23T00:00:00.000Z,2026-05-24T00:00:00.000Z,1.0,Rental Listing,1100.0,Standard,2026-05-31T00:00:00.000Z,2026-06-01T00:00:00.000Z,1.0,,,,,,,,,,,,,,,,,,,,,,,,,,,,,,,,,,,,,,,,,,,,,,,,,,,,,,,,,,,,
"5225-11th-St,-Zephyrhills,-FL-33542","5225 11th St, Zephyrhills, FL 33542",5225 11th St,,Zephyrhills,FL,12,33542,Pasco,101,28.233456,-82.1761,Single Family,3,2.0,796.0,Active,1795,Standard,2026-08-13T00:00:00.000Z,,2023-06-14T00:00:00.000Z,2026-08-13T02:42:35.880Z,1,Pasco,Zephyrhills,Rental Listing,1795,Standard,2026-08-13T00:00:00.000Z,,1,,,,,,,,,,,,,,,,,,,,,,,,,,,,,,,,,,,,,,,,,,,,,,,,,,,,,,,,,,,,,,,,,,,,,,,,,,,,,,,,,,,,,,,,,,,,,,,,,,,,,,,,,,,,,,,,,,,,,,,,,,,,,,,,,,,,,,,,,,,,,,,,,,,,,,,,,,,,,,,,,,,,,,,,,,,,,,,,,,,,,,,,,,,,,,,,,,,,,,,,,,,,,,,,,,,,,,,,,,,,,,,,,,,,,,,,,,,,,,,,,,,,,,,,,,,,,,,,,,,,,,,,,,,,,,,,,,,,,,,,,,,,,,,,,,,,,,,,,,,,,,,,,,,,,,,,,,,,,,,,,,,,,,,,,,,,,,,,,,,,,,,,,,,,,,,,,,,,,,,,,,,,,,,,,,,,,,,,,,,,,,,,,,,,,,,,,,,,,,,,,,,,,,,,,,,,,,,,,,,,,,,,,,,,,,,,,,,,,,,,,,,,,,,,,,,,,,,,,,,,,,,,,,,,,,,,,,,,,
"34990-Gravelly-Dr,-Zephyrhills,-FL-33541","34990 Gravelly Dr, Zephyrhills, FL 33541",34990 Gravelly Dr,,Zephyrhills,FL,12,33541,Pasco,101,28.198706,-82.238166,Single Family,4,2.5,1870.0,Active,2400,Standard,2026-08-13T00:00:00.000Z,,2026-07-21T00:00:00.000Z,2026-08-13T02:40:13.547Z,1,Pasco,Zephyrhills,Rental Listing,2400,Standard,2026-08-13T00:00:00.000Z,,1,,,,,,,,,,,,,,,,,,,,,,,,,,,,,,,,,,,,,,,,,,,,,,,,,,,,,,,,,,,,,,,,,,,,,,,,,,,,,,,,,,,,,,,,,,,,,,,,,,,,,,,,,,,,,,,,,,,,,,,,,,,,,,,,,,,,,,,,,,,,,,,,,,,,,,,,,,,,,,,,,,,,,,,,,,,,,,,,,,,,,,,,,,,,,,,,,,,,,,,,,,,,,,,,,,,,,,,,,,,,,,,,,,,,,,,,,,,,,,,,,,,,,,,,,,,,,,,,,,,,,,,,,,,,,,,,,,,,,,,,,,,,,,,,,,,,,,,,,,,,,,,,,,,,,,,,,,,,,,,,,,,,,,,,,,,,,,,,,,,,,,,,,,,,,,,,,,,,,,,,,,,,,,,,,,,,,,,,,,,,,,,,,,,,,,,,,,,,,,,,,,,,,,,,,,,,,,,,,,,,,,,,,,,,,,,,,,,,,,,,,,,,,,,,,,,,,,,,,,,,,,,,,,,,,,,,,,,,,
"5168-Crooked-Ln,-Zephyrhills,-FL-33541","5168 Crooked Ln, Zephyrhills, FL 33541",5168 Crooked Ln,,Zephyrhills,FL,12,33541,Pasco,101,28.232575,-82.205306,Single Family,1,1.0,600.0,Active,1525,Standard,2026-08-13T00:00:00.000Z,,2023-08-10T00:00:00.000Z,2026-08-13T02:40:13.481Z,1,Pasco,Zephyrhills,Rental Listing,1525,Standard,2026-08-13T00:00:00.000Z,,1,,,,,,,,,,,,,,,,,,,,,,,,,,,,,,,,,,,,,,,,,,,,,,,,,,,,,,,,,,,,,,,,,,,,,,,,,,,,,,,,,,,,,,,,,,,,,,,,,,,,,,,,,,,,,,,,,,,,,,,,,,,,,,,,,,,,,,,,,,,,,,,,,,,,,,,,,,,,,,,,,,,,,,,,,,,,,,,,,,,,,,,,,,,,,,,,,,,,,,,,,,,,,,,,,,,,,,,,,,,,,,,,,,,,,,,,,,,,,,,,,,,,,,,,,,,,,,,,,,,,,,,,,,,,,,,,,,,,,,,,,,,,,,,,,,,,,,,,,,,,,,,,,,,,,,,,,,,,,,,,,,,,,,,,,,,,,,,,,,,,,,,,,,,,,,,,,,,,,,,,,,,,,,,,,,,,,,,,,,,,,,,,,,,,,,,,,,,,,,,,,,,,,,,,,,,,,,,,,,Rental Listing,1350.0,Standard,2026-03-31T00:00:00.000Z,2026-04-01T00:00:00.000Z,1.0,Rental Listing,1350.0,Standard,2026-04-15T00:00:00.000Z,2026-05-14T00:00:00.000Z,29.0,,,,,,,,,,,,,,,,,,,,,,,,,,,,,,,,,,,,,,,,,,,,,,,,
"37956-Dusty-Saddle-Ln,-Zephyrhills,-FL-33541","37956 Dusty Saddle Ln, Zephyrhills, FL 33541",37956 Dusty Saddle Ln,,Zephyrhills,FL,12,33541,Pasco,101,28.28242,-82.190789,Single Family,4,2.5,2297.0,Active,2500,Standard,2026-08-13T00:00:00.000Z,,2026-06-19T00:00:00.000Z,2026-08-13T02:40:13.474Z,1,Pasco,Zephyrhills,Rental Listing,2500,Standard,2026-08-13T00:00:00.000Z,,1,,,,,,,,,,,,,,,,,,,,,,,,,,,,,,,,,,,,,,,,,,,,,,,,,,,,,,,,,,,,,,,,,,,,,,,,,,,,,,,,,,,,,,,,,,,,,,,,,,,,,,,,,,,,,,,,,,,,,,,,,,,,,,,,,,,,,,,,,,,,,,,,,,,,,,,,,,,,,,,,,,,,,,,,,,,,,,,,,,,,,,,,,,,,,,,,,,,,,,,,,,,,,,,,,,,,,,,,,,,,,,,,,,,,,,,,,,,,,,,,,,,,,,,,,,,,,,,,,,,,,,,,,,,,,,,,,,,,,,,,,,,,,,,,,,,,,,,,,,,,,,,,,,,,,,,,,,,,,,,,,,,,,,,,,,,,,,,,,,,,,,,,,,,,,,,,,,,,,,,,,,,,,,,,,,,,,,,,,,,,,,,,,,,,,,,,,,,,,,,,,,,,,,,,,,,,,,,,,,,,,,,,,,,,,,,,,,,,,,,,,,,,,,,,,,,,,,,,,,,,,,,,,,,,,,,,,,,,,
"7205-Royal-George-Ct,-Zephyrhills,-FL-33545","7205 Royal George Ct, Zephyrhills, FL 33545",7205 Royal George Ct,,Zephyrhills,FL,12,33545,Pasco,101,28.262124,-82.305024,Single Family,4,2.0,1544.0,Active,2070,Standard,2026-08-13T00:00:00.000Z,,2019-11-25T23:22:18.584Z,2026-08-13T02:40:13.468Z,1,Pasco,Zephyrhills,Rental Listing,2070,Standard,2026-08-13T00:00:00.000Z,,1,,,,,,,7405.0,2005.0,,,,,,,,,,,,,,,,,,,,,,,,,,,,,,,,,,,,,,,,,,,,,,,,,,,,,,,,,,,,,,,,,,,,,,,,,,,,,,,,,,,,,,,,,,,,,,,,,,,,,,,,,,,,,,,,,,,,,,,,,,,,,,,,,,,,,,,,,,,,,,,,,,,,,,,,,,,,,,,,,,,,,,,,,,,,,,,,,,,,,,,,,,,,,,,,,,,,,,,,,,,,,,,,,,,,,,,,,,,,,,,,,,,,,,,,,,,,,,,,,,,,,,,,,,,,,,,,,,,,,,,,,,,,,,,,,,,,,,,,,,,,,,,,,,,,,,,,,,,,,,,,,,,,,,,,,,,,,,,,,,,,,,,,,,,,,,,,,,,,,,,,,,,,,,,,,,,,,,,,,,,,,,,,,,,,,,,,,,,,,,,,,,,,,,,,,,,,,,,,,,,,,,,,,,,,,,,,,,,,,,,,,,,,,,,,,,,,,,,,,,,,,,,,,,,,,,,,,,,,,,,,,,,,,
"7725-Forbes-Rd,-Zephyrhills,-FL-33540","7725 Forbes Rd, Zephyrhills, FL 33540",7725 Forbes Rd,,Zephyrhills,FL,12,33540,Pasco,101,28.269436,-82.155426,Single Family,2,1.0,784.0,Active,1150,Standard,2026-08-13T00:00:00.000Z,,2026-01-17T00:00:00.000Z,2026-08-13T02:40:13.459Z,1,Pasco,Zephyrhills,Rental Listing,1150,Standard,2026-08-13T00:00:00.000Z,,1,,,,,,,,,,,,,,,,,,,,,,,,,,,,,,,,,,,,,,,,,,,,,,,,,,,,,,,,,,,,,,,,,,,,,,,,,,,,,,,,,,,,,,,,,,,,,,,,,,,,,,,,,,,,,,,,,,,,,,,,,,,,,,,,,,,,,,,,,,,,,,,,,,,,,,,,,,,,,,,,,,,,,,,,,,,,,,,,,,,,,,,,,,,,,,,,,,,,,,,,,,,,,,,,,,,,,,,,,,,,,,,,,,,,,,,,,,,,,,,,,,,,,,,,,,,,,,,,,,,,,,,,,,,,,,,,,,,,,,,,,,,,,,,,,,,,,,,,,,,,,,,,,,,,,,,,,,,,,,,,,,,,,,,,,,,,,,,,,,,,,,,,,,,,,,,,,,,,,,,,,,,,,,,,,,,,,,,,,,,,,,,,,,,,,,,,,,,,,,,,,,,,,,,,,,,,,,,,,,,,,,,,,,,,,,Rental Listing,1150.0,Standard,2026-01-20T00:00:00.000Z,2026-01-21T00:00:00.000Z,1.0,Rental Listing,1150.0,Standard,2026-02-10T00:00:00.000Z,2026-02-11T00:00:00.000Z,1.0,Rental Listing,1150.0,Standard,2026-03-06T00:00:00.000Z,2026-03-07T00:00:00.000Z,1.0,,,,,,,,,,,,,,,,,,,,,,,,,,,,,,
"4719-Tangelo-Dr,-Zephyrhills,-FL-33541","4719 Tangelo Dr, Zephyrhills, FL 33541",4719 Tangelo Dr,,Zephyrhills,FL,12,33541,Pasco,101,28.22587,-82.24379,Single Family,2,2.0,1517.0,Active,1800,Standard,2026-08-13T00:00:00.000Z,,2026-06-27T00:00:00.000Z,2026-08-13T02:40:13.445Z,1,Pasco,Zephyrhills,Rental Listing,1800,Standard,2026-08-13T00:00:00.000Z,,1,,,,,,,,,,,,,,,,,,,,,,,,,,,,,,,,,,,,,,,,,,,,,,,,,,,,,,,,,,,,,,,,,,,,,,,,,,,,,,,,,,,,,,,,,,,,,,,,,,,,,,,,,,,,,,,,,,,,,,,,,,,,,,,,,,,,,,,,,,,,,,,,,,,,,,,,,,,,,,,,,,,,,,,,,,,,,,,,,,,,,,,,,,,,,,,,,,,,,,,,,,,,,,,,,,,,,,,,,,,,,,,,,,,,,,,,,,,,,,,,,,,,,,,,,,,,,,,,,,,,,,,,,,,,,,,,,,,,,,,,,,,,,,,,,,,,,,,,,,,,,,,,,,,,,,,,,,,,,,,,,,,,,,,,,,,,,,,,,,,,,,,,,,,,,,,,,,,,,,,,,,,,,,,,,,,,,,,,,,,,,,,,,,,,,,,,,,,,,,,,,,,,,,,,,,,,,,,,,,,,,,,,,,,,,,,,,,,,,,,,,,,,,,,,,,,,,,,,,,,,,,,,,,,,,,,,,,,,,
"4550-Charter-St,-Zephyrhills,-FL-33542","4550 Charter St, Zephyrhills, FL 33542",4550 Charter St,,Zephyrhills,FL,12,33542,Pasco,101,28.224135,-82.184761,Single Family,2,2.0,1008.0,Active,1495,Standard,2026-08-13T00:00:00.000Z,,2026-07-01T00:00:00.000Z,2026-08-13T02:40:13.439Z,1,Pasco,Zephyrhills,Rental Listing,1495,Standard,2026-08-13T00:00:00.000Z,,1,,,,,,,6970.0,1989.0,,,,,,,,,,,,,,,,,,,,,,,,,,,,,,,,,,,,,,,,,,,,,,,,,,,,,,,,,,,,,,,,,,,,,,,,,,,,,,,,,,,,,,,,,,,,,,,,,,,,,,,,,,,,,,,,,,,,,,,,,,,,,,,,,,,,,,,,,,,,,,,,,,,,,,,,,,,,,,,,,,,,,,,,,,,,,,,,,,,,,,,,,,,,,,,,,,,,,,,,,,,,,,,,,,,,,,,,,,,,,,,,,,,,,,,,,,,,,,,,,,,,,,,,,,,,,,,,,,,,,,,,,,,,,,,,,,,,,,,,,,,,,,,,,,,,,,,,,,,,,,,,,,,,,,,,,,,,,,,,,,,,,,,,,,,,,,,,,,,,,,,,,,,,,,,,,,,,,,,,,,,,,,,,,,,,,,,,,,,,,,,,,,,,,,,,,,,,,,,,,,,,,,,,,,,,,,,,,,,,,,,,,,,,,,,,,,,,,,,,,,,,,,,,,,,,,,,,,,,,,,,,,,,,,
"6035-Pointe-Pleasant-Blvd,-Zephyrhills,-FL-33545","6035 Pointe Pleasant Blvd, Zephyrhills, FL 33545",6035 Pointe Pleasant Blvd,,Zephyrhills,FL,12,33545,Pasco,101,28.244949,-82.342735,Single Family,4,2.0,1415.0,Active,2080,Standard,2026-08-13T00:00:00.000Z,,2020-02-29T02:19:18.195Z,2026-08-13T02:37:54.480Z,1,Pasco,Zephyrhills,Rental Listing,2080,Standard,2026-08-13T00:00:00.000Z,,1,,,,,,,,,,,,,,,,,,,,,,,,,,,,,,,,,,,,,,,,,,,,,,,,,,,,,,,,,,,,,,,,,,,,,,,,,,,,,,,,,,,,,,,,,,,,,,,,,,,,,,,,,,,,,,,,,,,,,,,,,,,,,,,,,,,,,,,,,,,,,,,,,,,,,,,,,,,,,,,,,,,,,,,,,,,,,,,,,,,,,,,,,,,,,,,,,,,,,,,,,,,,,,,,,,,,,,,,,,,,,,,,,,,,,,,,,,,,,,,,,,,,,,,,,,,,,,,,,,,,,,,,,,,,,,,,,,,,,,,,,,,,,,,,,,,,,,,,,,,,,,,,,,,,,,,,,,,,,,,,,,,,,,,,,,,,,,,,,,,,,,,,,,,,,,,,,,,,,,,,,,,,,,,,,,,,,,,,,,,,,,,,,,,,,,,,,,,,,,,,,,,,,,,,,,,,,,,,,,,,,,,,,,,,,,,,,,,,,,,,,,,,,,,,Rental Listing,3330.0,Standard,2026-04-28T00:00:00.000Z,2026-04-29T00:00:00.000Z,1.0,,,,,,,,,,,,,,,,,,,,,,,,
"5517-18th-St,-Zephyrhills,-FL-33542","5517 18th St, Zephyrhills, FL 33542",5517 18th St,,Zephyrhills,FL,12,33542,Pasco,101,28.237615,-82.173872,Single Family,2,1.0,1372.0,Active,1395,Standard,2026-08-13T00:00:00.000Z,,2019-10-02T23:05:41.695Z,2026-08-13T02:37:54.476Z,1,Pasco,Zephyrhills,Rental Listing,1395,Standard,2026-08-13T00:00:00.000Z,,1,,,,,,,,,,,,,,,,,,,,,,,,,,,,,,,,,,,,,,,,,,,,,,,,,,,,,,,,,,,,,,,,,,,,,,,,,,,,,,,,,,,,,,,,,,,,,,,,,,,,,,,,,,,,,,,,,,,,,,,,,,,,,,,,,,,,,,,,,,,,,,,,,,,,,,,,,,,,,,,,,,,,,,,,,,,,,,,,,,,,,,,,,,,,,,,,,,,,,,,,,,,,,,,,,,,,,,,,,,,,,,,,,,,,,,,,,,,,,,,,,,,,,,,,,,,,,,,,,,,,,,,,,,,,,,,,,,,,,,,,,,,,,,,,,,,,,,,,,,,,,,,,,,,,,,,,,,,,,,,,,,,,,,,,,,,,,,,,,,,,,,,,,,,,,,,,,,,,,,,,,,,,,,,,,,,,,,,,,,,,,,,,,,,,,,,,,,,,,,,,,,,,,,,,,,,,,,,,,,,,,,,,,,,,,,,,,,,,,,,,,,,,,,,,,,,,,,Rental Listing,1100.0,Standard,2025-07-14T00:00:00.000Z,2025-07-15T00:00:00.000Z,1.0,,,,,,,,,,,,,,,,,,
"37819-Alissa-Dr,-Zephyrhills,-FL-33542","37819 Alissa Dr, Zephyrhills, FL 33542",37819 Alissa Dr,,Zephyrhills,FL,12,33542,Pasco,101,28.223474,-82.191176,Condo,2,2.0,864.0,Active,1650,Standard,2026-08-13T00:00:00.000Z,,2025-05-18T00:00:00.000Z,2026-08-13T02:37:54.442Z,1,Pasco,Zephyrhills,Rental Listing,1650,Standard,2026-08-13T00:00:00.000Z,,1,,,,,,,,,,,,,,,,,,,,,,,,,,,,,,,,,,,,,,,,,,,,,,,,,,,,,,,,,,,,,,,,,,,,,,,,,,,,,,,,,,,,,,,,,,,,,,,,,,,,,,,,,,,,,,,,,,,,,,,,,,,,,,,,,,,,,,,,Rental Listing,1450.0,Standard,2026-07-30T00:00:00.000Z,2026-07-31T00:00:00.000Z,1.0,,,,,,,,,,,,,,,,,,,,,,,,,,,,,,,,,,,,,,,,,,,,,,,,,,,,,,,,,,,,,,,,,,,,,,,,,,,,,,,,,,,,,,,,,,,,,,,,,,,,,,,,,,,,,,,,,,,,,,,,,,,,,,,,,,,,,,,,,,,,,,,,,,,,,,,,,,,,,,,,,,,,,,,,,,,,,,,,,,,,,,,,,,,,,,,,,,,,,,,,,,,,,,,,,,,,,,,,,,,,,,,,,,,,,,,,,,,,,,,,,,,,,,,,,,,,,,,,,,,,,,,,,,,,,,,,,,,,,,,,,,,,,,,,,,,,,,,,,,,,,,,,,,,,,,,,,,,,,,,Rental Listing,1500.0,Standard,2025-08-02T00:00:00.000Z,2025-08-03T00:00:00.000Z,1.0,,,,,,,,,,,,
"31702-Spoonflower-Cir,-Zephyrhills,-FL-33545","31702 Spoonflower Cir, Zephyrhills, FL 33545",31702 Spoonflower Cir,,Zephyrhills,FL,12,33545,Pasco,101,28.259154,-82.292065,Single Family,3,2.5,1879.0,Active,2315,Standard,2026-08-13T00:00:00.000Z,,2022-12-03T02:45:35.411Z,2026-08-13T02:37:54.431Z,1,Pasco,Zephyrhills,Rental Listing,2315,Standard,2026-08-13T00:00:00.000Z,,1,,,,,,,,,,,,,,,,,,,,,,,,,,,,,,,,,,,,,,,,,,,,,,,,,,,,,,,,,,,,,,,,,,,,,,,,,,,,,,,,,,,,,,,,,,,,,,,,,,,,,,,,,,,,,,,,,,,,,,,,,,,,,,,,,,,,,,,,,,,,,,,,,,,,,,,,,,,,,,,,,,,,,,,,,,,,,,,,,,,,,,,,,,,,,,,,,,,,,,,,,,,,,,,,,,,,,,,,,,,,,,,,,,,,,,,,,,,,,,,,,,,,,,,,,,,,,,,,,,,,,,,,,,,,,,,,,,,,,,,,,,,,,,,,,,,,,,,,,,,,,,,,,,,,,,,,,,,,,,,,,,,,,,,,,,,,,,,,,,,,,,,,,,,,,,,,,,,,,,,,,,,,,,,,,,,,,,,,,,,,,,,,,,,,,,,,,,,,,,,,,,,,,,,,,,,,,,,,,,,,,,,,,,,,,,,,,,,,,,,,,,,,,,,,,,,,,,,,,,,,,,,,,,,,,,,,,,,,,
"38311-A-Ave,-Zephyrhills,-FL-33542","38311 A Ave, Zephyrhills, FL 33542",38311 A Ave,,Zephyrhills,FL,12,33542,Pasco,101,28.228958,-82.182986,Single Family,2,2.0,948.0,Active,1350,Standard,2026-08-13T00:00:00.000Z,,2024-06-23T00:00:00.000Z,2026-08-13T02:37:54.430Z,1,Pasco,Zephyrhills,Rental Listing,1350,Standard,2026-08-13T00:00:00.000Z,,1,,,,,,,,,,,,,,,,,,,,,,,,,,,,,,,,,,,,,,,,,,,,,,,,,,,,,,,,,,,,,,,,,,,,,,,,,,,,,,,,,,,,,,,,,,,,,,,,,,,,,,,,,,,,,,,,,,,,,,,,,,,,,,,,,,,,,,,,,,,,,,,,,,,,,,,,,,,,,,,,,,,,,,,,,,,,,,,,,,,,,,,,,,,,,,,,,,,,,,,,,,,,,,,,,,,,,,,,,,,,,,,,,,,,,,,,,,,,,,,,,,,,,,,,,,,,,,,,,,,,,,,,,,,,,,,,,,,,,,,,,,,,,,,,,,,,,,,,,,,,,,,,,,,,,,,,,,,,,,,,,,,,,,,,,,,,,,,,,,,,,,,,,,,,,,,,,,,,,,,,,,,,,,,,,,,,,,,,,,,,,,,,,,,,,,,,,,,,,,,,,,,,,,,,,,,,,,,,,,,,,,,,,,,,,,,,,,,,,,,,,,,,,,,,,,,,,,,,,,,,,,,,,,Rental Listing,1350.0,Standard,2026-02-12T00:00:00.000Z,2026-02-13T00:00:00.000Z,1.0,Rental Listing,1350.0,Standard,2026-07-18T00:00:00.000Z,2026-07-19T00:00:00.000Z,1.0
"5912-Bramble-Bush-Ct,-Zephyrhills,-FL-33541","5912 Bramble Bush Ct, Zephyrhills, FL 33541",5912 Bramble Bush Ct,,Zephyrhills,FL,12,33541,Pasco,101,28.243273,-82.23629,Single Family,4,3.0,2243.0,Active,2495,Standard,2026-08-13T00:00:00.000Z,,2023-06-15T00:00:00.000Z,2026-08-13T02:37:54.423Z,1,Pasco,Zephyrhills,Rental Listing,2495,Standard,2026-08-13T00:00:00.000Z,,1,,,,,,,10454.0,2006.0,43.0,,,,,,,,,,,,,,,,,,,,,,,,,,,,,,,,,,,,,,,,,,,,,,,,,,,,,,,,,,,,,,,,,,,,,,,,,,,,,,,,,,,,,,,,,,,,,,,,,,,,,,,,,,,,,,,,,,,,,,,,,,,,,,,,,,,,,,,,,,,,,,,,,,,,,,,,,,,,,,,,,,,,,,,,,,,,,,,,,,,,,,,,,,,,,,,,,,,,,,,,,,,,,,,,,,,,,,,,,,,,,,,,,,,,,,,,,,,,,,,,,,,,,,,,,,,,,,,,,,,,,,,,,,,,,,,,,,,,,,,,,,,,,,,,,,,,,,,,,,,,,,,,,,,,,,,,,,,,,,,,,,,,,,,,,,,,,,,,,,,,,,,,,,,,,,,,,,,,,,,,,,,,,,,,,,,,,,,,,,,,,,,,,,,,,,,,,,,,,,,,,,,,,,,,,,,,,,,,,,,,,,,,,,,,,,,,,,,,,,,,,,,,,,,,,,,,,,,,,,,,,,,,,,,,
