id,formattedAddress,addressLine1,addressLine2,city,state,stateFips,zipCode,county,countyFips,latitude,longitude,propertyType,bedrooms,bathrooms,squareFootage,status,price,listingType,listedDate,removedDate,createdDate,lastSeenDate,daysOnMarket,meta_source_county,meta_source_city,history.2026-09-20.event,history.2026-09-20.price,history.2026-09-20.listingType,history.2026-09-20.listedDate,history.2026-09-20.removedDate,history.2026-09-20.daysOnMarket,history.2026-08-28.event,history.2026-08-28.price,history.2026-08-28.listingType,history.2026-08-28.listedDate,history.2026-08-28.removedDate,history.2026-08-28.daysOnMarket,history.2026-07-31.event,history.2026-07-31.price,history.2026-07-31.listingType,history.2026-07-31.listedDate,history.2026-07-31.removedDate,history.2026-07-31.daysOnMarket,lotSize,yearBuilt,hoa.fee,history.2026-09-11.event,history.2026-09-11.price,history.2026-09-11.listingType,history.2026-09-11.listedDate,history.2026-09-11.removedDate,history.2026-09-11.daysOnMarket,history.2024-09-09.event,history.2024-09-09.price,history.2024-09-09.listingType,history.2024-09-09.listedDate,history.2024-09-09.removedDate,history.2024-09-09.daysOnMarket,history.2026-09-10.event,history.2026-09-10.price,history.2026-09-10.listingType,history.2026-09-10.listedDate,history.2026-09-10.removedDate,history.2026-09-10.daysOnMarket,history.2024-12-18.event,history.2024-12-18.price,history.2024-12-18.listingType,history.2024-12-18.listedDate,history.2024-12-18.removedDate,history.2024-12-18.daysOnMarket,history.2026-05-31.event,history.2026-05-31.price,history.2026-05-31.listingType,history.2026-05-31.listedDate,history.2026-05-31.removedDate,history.2026-05-31.daysOnMarket,history.2024-10-25.event,history.2024-10-25.price,history.2024-10-25.listingType,history.2024-10-25.listedDate,history.2024-10-25.removedDate,history.2024-10-25.daysOnMarket,history.2026-07-16.event,history.2026-07-16.price,history.2026-07-16.listingType,history.2026-07-16.listedDate,history.2026-07-16.removedDate,history.2026-07-16.daysOnMarket,history.2026-07-21.event,history.2026-07-21.price,history.2026-07-21.listingType,history.2026-07-21.listedDate,history.2026-07-21.removedDate,history.2026-07-21.daysOnMarket,history.2024-09-22.event,history.2024-09-22.price,history.2024-09-22.listingType,history.2024-09-22.listedDate,history.2024-09-22.removedDate,history.2024-09-22.daysOnMarket,history.2024-10-19.event,history.2024-10-19.price,history.2024-10-19.listingType,history.2024-10-19.listedDate,history.2024-10-19.removedDate,history.2024-10-19.daysOnMarket,history.2025-10-22.event,history.2025-10-22.price,history.2025-10-22.listingType,history.2025-10-22.listedDate,history.2025-10-22.removedDate,history.2025-10-22.daysOnMarket,history.2026-03-14.event,history.2026-03-14.price,history.2026-03-14.listingType,history.2026-03-14.listedDate,history.2026-03-14.removedDate,history.2026-03-14.daysOnMarket,history.2026-04-22.event,history.2026-04-22.price,history.2026-04-22.listingType,history.2026-04-22.listedDate,history.2026-04-22.removedDate,history.2026-04-22.daysOnMarket,history.2026-06-02.event,history.2026-06-02.price,history.2026-06-02.listingType,history.2026-06-02.listedDate,history.2026-06-02.removedDate,history.2026-06-02.daysOnMarket,history.2026-08-26.event,history.2026-08-26.price,history.2026-08-26.listingType,history.2026-08-26.listedDate,history.2026-08-26.removedDate,history.2026-08-26.daysOnMarket,history.2025-12-04.event,history.2025-12-04.price,history.2025-12-04.listingType,history.2025-12-04.listedDate,history.2025-12-04.removedDate,history.2025-12-04.daysOnMarket,history.2026-08-10.event,history.2026-08-10.price,history.2026-08-10.listingType,history.2026-08-10.listedDate,history.2026-08-10.removedDate,history.2026-08-10.daysOnMarket,history.2026-08-14.event,history.2026-08-14.price,history.2026-08-14.listingType,history.2026-08-14.listedDate,history.2026-08-14.removedDate,history.2026-08-14.daysOnMarket,history.2026-08-31.event,history.2026-08-31.price,history.2026-08-31.listingType,history.2026-08-31.listedDate,history.2026-08-31.removedDate,history.2026-08-31.daysOnMarket,history.2026-09-06.event,history.2026-09-06.price,history.2026-09-06.listingType,history.2026-09-06.listedDate,history.2026-09-06.removedDate,history.2026-09-06.daysOnMarket,history.2025-02-23.event,history.2025-02-23.price,history.2025-02-23.listingType,history.2025-02-23.listedDate,history.2025-02-23.removedDate,history.2025-02-23.daysOnMarket,history.2025-02-28.event,history.2025-02-28.price,history.2025-02-28.listingType,history.2025-02-28.listedDate,history.2025-02-28.removedDate,history.2025-02-28.daysOnMarket,history.2025-01-22.event,history.2025-01-22.price,history.2025-01-22.listingType,history.2025-01-22.listedDate,history.2025-01-22.removedDate,history.2025-01-22.daysOnMarket,history.2026-04-24.event,history.2026-04-24.price,history.2026-04-24.listingType,history.2026-04-24.listedDate,history.2026-04-24.removedDate,history.2026-04-24.daysOnMarket,history.2026-08-04.event,history.2026-08-04.price,history.2026-08-04.listingType,history.2026-08-04.listedDate,history.2026-08-04.removedDate,history.2026-08-04.daysOnMarket,history.2025-08-13.event,history.2025-08-13.price,history.2025-08-13.listingType,history.2025-08-13.listedDate,history.2025-08-13.removedDate,history.2025-08-13.daysOnMarket,history.2025-04-29.event,history.2025-04-29.price,history.2025-04-29.listingType,history.2025-04-29.listedDate,history.2025-04-29.removedDate,history.2025-04-29.daysOnMarket,history.2025-04-04.event,history.2025-04-04.price,history.2025-04-04.listingType,history.2025-04-04.listedDate,history.2025-04-04.removedDate,history.2025-04-04.daysOnMarket,history.2026-04-21.event,history.2026-04-21.price,history.2026-04-21.listingType,history.2026-04-21.listedDate,history.2026-04-21.removedDate,history.2026-04-21.daysOnMarket,history.2026-05-19.event,history.2026-05-19.price,history.2026-05-19.listingType,history.2026-05-19.listedDate,history.2026-05-19.removedDate,history.2026-05-19.daysOnMarket,history.2026-06-04.event,history.2026-06-04.price,history.2026-06-04.listingType,history.2026-06-04.listedDate,history.2026-06-04.removedDate,history.2026-06-04.daysOnMarket,history.2026-06-26.event,history.2026-06-26.price,history.2026-06-26.listingType,history.2026-06-26.listedDate,history.2026-06-26.removedDate,history.2026-06-26.daysOnMarket,history.2025-03-19.event,history.2025-03-19.price,history.2025-03-19.listingType,history.2025-03-19.listedDate,history.2025-03-19.removedDate,history.2025-03-19.daysOnMarket,history.2026-01-16.event,history.2026-01-16.price,history.2026-01-16.listingType,history.2026-01-16.listedDate,history.2026-01-16.removedDate,history.2026-01-16.daysOnMarket,history.2024-10-16.event,history.2024-10-16.price,history.2024-10-16.listingType,history.2024-10-16.listedDate,history.2024-10-16.removedDate,history.2024-10-16.daysOnMarket,history.2025-10-08.event,history.2025-10-08.price,history.2025-10-08.listingType,history.2025-10-08.listedDate,history.2025-10-08.removedDate,history.2025-10-08.daysOnMarket,history.2026-03-07.event,history.2026-03-07.price,history.2026-03-07.listingType,history.2026-03-07.listedDate,history.2026-03-07.removedDate,history.2026-03-07.daysOnMarket,history.2026-06-05.event,history.2026-06-05.price,history.2026-06-05.listingType,history.2026-06-05.listedDate,history.2026-06-05.removedDate,history.2026-06-05.daysOnMarket,history.2025-03-25.event,history.2025-03-25.price,history.2025-03-25.listingType,history.2025-03-25.listedDate,history.2025-03-25.removedDate,history.2025-03-25.daysOnMarket,history.2025-07-12.event,history.2025-07-12.price,history.2025-07-12.listingType,history.2025-07-12.listedDate,history.2025-07-12.removedDate,history.2025-07-12.daysOnMarket,history.2025-10-04.event,history.2025-10-04.price,history.2025-10-04.listingType,history.2025-10-04.listedDate,history.2025-10-04.removedDate,history.2025-10-04.daysOnMarket,history.2025-11-05.event,history.2025-11-05.price,history.2025-11-05.listingType,history.2025-11-05.listedDate,history.2025-11-05.removedDate,history.2025-11-05.daysOnMarket,history.2025-12-20.event,history.2025-12-20.price,history.2025-12-20.listingType,history.2025-12-20.listedDate,history.2025-12-20.removedDate,history.2025-12-20.daysOnMarket,history.2026-01-07.event,history.2026-01-07.price,history.2026-01-07.listingType,history.2026-01-07.listedDate,history.2026-01-07.removedDate,history.2026-01-07.daysOnMarket,history.2026-02-08.event,history.2026-02-08.price,history.2026-02-08.listingType,history.2026-02-08.listedDate,history.2026-02-08.removedDate,history.2026-02-08.daysOnMarket,history.2026-02-27.event,history.2026-02-27.price,history.2026-02-27.listingType,history.2026-02-27.listedDate,history.2026-02-27.removedDate,history.2026-02-27.daysOnMarket,history.2026-04-04.event,history.2026-04-04.price,history.2026-04-04.listingType,history.2026-04-04.listedDate,history.2026-04-04.removedDate,history.2026-04-04.daysOnMarket,history.2026-05-18.event,history.2026-05-18.price,history.2026-05-18.listingType,history.2026-05-18.listedDate,history.2026-05-18.removedDate,history.2026-05-18.daysOnMarket,history.2026-06-22.event,history.2026-06-22.price,history.2026-06-22.listingType,history.2026-06-22.listedDate,history.2026-06-22.removedDate,history.2026-06-22.daysOnMarket,history.2025-05-03.event,history.2025-05-03.price,history.2025-05-03.listingType,history.2025-05-03.listedDate,history.2025-05-03.removedDate,history.2025-05-03.daysOnMarket,history.2024-11-23.event,history.2024-11-23.price,history.2024-11-23.listingType,history.2024-11-23.listedDate,history.2024-11-23.removedDate,history.2024-11-23.daysOnMarket,history.2026-03-24.event,history.2026-03-24.price,history.2026-03-24.listingType,history.2026-03-24.listedDate,history.2026-03-24.removedDate,history.2026-03-24.daysOnMarket,history.2025-07-11.event,history.2025-07-11.price,history.2025-07-11.listingType,history.2025-07-11.listedDate,history.2025-07-11.removedDate,history.2025-07-11.daysOnMarket,history.2025-10-18.event,history.2025-10-18.price,history.2025-10-18.listingType,history.2025-10-18.listedDate,history.2025-10-18.removedDate,history.2025-10-18.daysOnMarket,history.2024-11-02.event,history.2024-11-02.price,history.2024-11-02.listingType,history.2024-11-02.listedDate,history.2024-11-02.removedDate,history.2024-11-02.daysOnMarket,history.2026-08-06.event,history.2026-08-06.price,history.2026-08-06.listingType,history.2026-08-06.listedDate,history.2026-08-06.removedDate,history.2026-08-06.daysOnMarket,history.2026-08-21.event,history.2026-08-21.price,history.2026-08-21.listingType,history.2026-08-21.listedDate,history.2026-08-21.removedDate,history.2026-08-21.daysOnMarket,history.2026-02-12.event,history.2026-02-12.price,history.2026-02-12.listingType,history.2026-02-12.listedDate,history.2026-02-12.removedDate,history.2026-02-12.daysOnMarket,history.2026-06-19.event,history.2026-06-19.price,history.2026-06-19.listingType,history.2026-06-19.listedDate,history.2026-06-19.removedDate,history.2026-06-19.daysOnMarket,history.2026-03-27.event,history.2026-03-27.price,history.2026-03-27.listingType,history.2026-03-27.listedDate,history.2026-03-27.removedDate,history.2026-03-27.daysOnMarket,history.2025-09-10.event,history.2025-09-10.price,history.2025-09-10.listingType,history.2025-09-10.listedDate,history.2025-09-10.removedDate,history.2025-09-10.daysOnMarket,history.2023-05-03.event,history.2023-05-03.price,history.2023-05-03.listingType,history.2023-05-03.listedDate,history.2023-05-03.removedDate,history.2023-05-03.daysOnMarket,history.2026-05-14.event,history.2026-05-14.price,history.2026-05-14.listingType,history.2026-05-14.listedDate,history.2026-05-14.removedDate,history.2026-05-14.daysOnMarket,history.2026-05-26.event,history.2026-05-26.price,history.2026-05-26.listingType,history.2026-05-26.listedDate,history.2026-05-26.removedDate,history.2026-05-26.daysOnMarket,history.2026-06-15.event,history.2026-06-15.price,history.2026-06-15.listingType,history.2026-06-15.listedDate,history.2026-06-15.removedDate,history.2026-06-15.daysOnMarket,history.2026-08-03.event,history.2026-08-03.price,history.2026-08-03.listingType,history.2026-08-03.listedDate,history.2026-08-03.removedDate,history.2026-08-03.daysOnMarket,history.2025-06-25.event,history.2025-06-25.price,history.2025-06-25.listingType,history.2025-06-25.listedDate,history.2025-06-25.removedDate,history.2025-06-25.daysOnMarket,history.2025-07-30.event,history.2025-07-30.price,history.2025-07-30.listingType,history.2025-07-30.listedDate,history.2025-07-30.removedDate,history.2025-07-30.daysOnMarket,history.2026-04-28.event,history.2026-04-28.price,history.2026-04-28.listingType,history.2026-04-28.listedDate,history.2026-04-28.removedDate,history.2026-04-28.daysOnMarket,history.2025-06-19.event,history.2025-06-19.price,history.2025-06-19.listingType,history.2025-06-19.listedDate,history.2025-06-19.removedDate,history.2025-06-19.daysOnMarket,history.2026-01-20.event,history.2026-01-20.price,history.2026-01-20.listingType,history.2026-01-20.listedDate,history.2026-01-20.removedDate,history.2026-01-20.daysOnMarket,history.2026-02-10.event,history.2026-02-10.price,history.2026-02-10.listingType,history.2026-02-10.listedDate,history.2026-02-10.removedDate,history.2026-02-10.daysOnMarket,history.2026-03-06.event,history.2026-03-06.price,history.2026-03-06.listingType,history.2026-03-06.listedDate,history.2026-03-06.removedDate,history.2026-03-06.daysOnMarket
"18136-Cypress-Bay-Pkwy,-Land-O-Lakes,-FL-34638","18136 Cypress Bay Pkwy, Land O Lakes, FL 34638",18136 Cypress Bay Pkwy,,Land O Lakes,FL,12,34638,Pasco,101,28.302351,-82.515594,Single Family,3,2.0,1271,Active,1890,Standard,2026-09-20T00:00:00.000Z,,2024-08-02T00:00:00.000Z,2026-09-20T03:08:35.688Z,1,Pasco,Land O Lakes,Rental Listing,1890,Standard,2026-09-20T00:00:00.000Z,,1,,,,,,,,,,,,,,,,,,,,,,,,,,,,,,,,,,,,,,,,,,,,,,,,,,,,,,,,,,,,,,,,,,,,,,,,,,,,,,,,,,,,,,,,,,,,,,,,,,,,,,,,,,,,,,,,,,,,,,,,,,,,,,,,,,,,,,,,,,,,,,,,,,,,,,,,,,,,,,,,,,,,,,,,,,,,,,,,,,,,,,,,,,,,,,,,,,,,,,,,,,,,,,,,,,,,,,,,,,,,,,,,,,,,,,,,,,,,,,,,,,,,,,,,,,,,,,,,,,,,,,,,,,,,,,,,,,,,,,,,,,,,,,,,,,,,,,,,,,,,,,,,,,,,,,,,,,,,,,,,,,,,,,,,,,,,,,,,,,,,,,,,,,,,,,,,,,,,,,,,,,,,,,,,,,,,,,,,,,,,,,,,,,,,,,,,,,,,,,,,,,,,,,,,,,,,,,,,,,,,,,,,,,,,,,,,,,,,,,,,,,,,,,,,,,,,,
"18447-Red-Willow-Way,-Land-O-Lakes,-FL-34638","18447 Red Willow Way, Land O Lakes, FL 34638",18447 Red Willow Way,,Land O Lakes,FL,12,34638,Pasco,101,28.301633,-82.51064,Single Family,3,2.0,2150,Active,2480,Standard,2026-09-20T00:00:00.000Z,,2020-12-12T01:03:52.073Z,2026-09-20T03:08:35.687Z,1,Pasco,Land O Lakes,Rental Listing,2480,Standard,2026-09-20T00:00:00.000Z,,1,Rental Listing,2790.0,Standard,2026-08-28T00:00:00.000Z,2026-08-29T00:00:00.000Z,1.0,,,,,,,,,,,,,,,,,,,,,,,,,,,,,,,,,,,,,,,,,,,,,,,,,,,,,,,,,,,,,,,,,,,,,,,,,,,,,,,,,,,,,,,,,,,,,,,,,,,,,,,,,,,,,,,,,,,,,,,,,,,,,,,,,,,,,,,,,,,,,,,,,,,,,,,,,,,,,,,,,,,,,,,,,,,,,,,,,,,,,,,,,,,,,,,,,,,,,,,,,,,,,,,,,,,,,,,,,,,,,,,,,,,,,,,,,,,,,,,,,,,,,,,,,,,,,,,,,,,,,,,,,,,,,,,,,,,,,,,,,,,,,,,,,,,,,,,,,,,,,,,,,,,,,,,,,,,,,,,,,,,,,,,,,,,,,,,,,,,,,,,,,,,,,,,,,,,,,,,,,,,,,,,,,,,,,,,,,,,,,,,,,,,,,,,,,,,,,,,,,,,,,,,,,,,,,,,,,,,,,,,,,,,,,,,,,,,,,,,,,,,,,,,
"18525-Dajana-Ave,-Land-O-Lakes,-FL-34638","18525 Dajana Ave, Land O Lakes, FL 34638",18525 Dajana Ave,,Land O Lakes,FL,12,34638,Pasco,101,28.299055,-82.50938,Single Family,3,2.0,1489,Active,2050,Standard,2026-09-20T00:00:00.000Z,,2021-01-21T01:15:55.037Z,2026-09-20T03:08:35.684Z,1,Pasco,Land O Lakes,Rental Listing,2050,Standard,2026-09-20T00:00:00.000Z,,1,,,,,,,Rental Listing,2125.0,Standard,2026-07-31T00:00:00.000Z,2026-08-01T00:00:00.000Z,1.0,,,,,,,,,,,,,,,,,,,,,,,,,,,,,,,,,,,,,,,,,,,,,,,,,,,,,,,,,,,,,,,,,,,,,,,,,,,,,,,,,,,,,,,,,,,,,,,,,,,,,,,,,,,,,,,,,,,,,,,,,,,,,,,,,,,,,,,,,,,,,,,,,,,,,,,,,,,,,,,,,,,,,,,,,,,,,,,,,,,,,,,,,,,,,,,,,,,,,,,,,,,,,,,,,,,,,,,,,,,,,,,,,,,,,,,,,,,,,,,,,,,,,,,,,,,,,,,,,,,,,,,,,,,,,,,,,,,,,,,,,,,,,,,,,,,,,,,,,,,,,,,,,,,,,,,,,,,,,,,,,,,,,,,,,,,,,,,,,,,,,,,,,,,,,,,,,,,,,,,,,,,,,,,,,,,,,,,,,,,,,,,,,,,,,,,,,,,,,,,,,,,,,,,,,,,,,,,,,,,,,,,,,,,,,,,,,,,,,,,,,
"4313-Longshore-Dr,-Land-O-Lakes,-FL-34639","4313 Longshore Dr, Land O Lakes, FL 34639",4313 Longshore Dr,,Land O Lakes,FL,12,34639,Pasco,101,28.219834,-82.4347,Single Family,3,2.0,1227,Active,1820,Standard,2026-09-20T00:00:00.000Z,,2021-02-20T01:52:15.962Z,2026-09-20T03:08:35.683Z,1,Pasco,Land O Lakes,Rental Listing,1820,Standard,2026-09-20T00:00:00.000Z,,1,,,,,,,,,,,,,4030.0,1995.0,40.0,Rental Listing,1885.0,Standard,2026-09-11T00:00:00.000Z,2026-09-12T00:00:00.000Z,1.0,,,,,,,,,,,,,,,,,,,,,,,,,,,,,,,,,,,,,,,,,,,,,,,,,,,,,,,,,,,,,,,,,,,,,,,,,,,,,,,,,,,,,,,,,,,,,,,,,,,,,,,,,,,,,,,,,,,,,,,,,,,,,,,,,,,,,,,,,,,,,,,,,,,,,,,,,,,,,,,,,,,,,,,,,,,,,,,,,,,,,,,,,,,,,,,,,,,,,,,,,,,,,,,,,,,,,,,,,,,,,,,,,,,,,,,,,,,,,,,,,,,,,,,,,,,,,,,,,,,,,,,,,,,,,,,,,,,,,,,,,,,,,,,,,,,,,,,,,,,,,,,,,,,,,,,,,,,,,,,,,,,,,,,,,,,,,,,,,,,,,,,,,,,,,,,,,,,,,,,,,,,,,,,,,,,,,,,,,,,,,,,,,,,,,,,,,,,,,,,,,,,,,,,,,,,,,,,,,,,,,,,,,,,,,,,,
"24146-Cross-Ln,-Land-O-Lakes,-FL-34639","24146 Cross Ln, Land O Lakes, FL 34639",24146 Cross Ln,,Land O Lakes,FL,12,34639,Pasco,101,28.188647,-82.416422,Single Family,3,2.0,1608,Active,2425,Standard,2026-09-20T00:00:00.000Z,,2020-12-15T02:15:22.817Z,2026-09-20T03:08:35.675Z,1,Pasco,Land O Lakes,Rental Listing,2425,Standard,2026-09-20T00:00:00.000Z,,1,,,,,,,,,,,,,,,,,,,,,,,,,,,,,,,,,,,,,,,,,,,,,,,,,,,,,,,,,,,,,,,,,,,,,,,,,,,,,,,,,,,,,,,,,,,,,,,,,,,,,,,,,,,,,,,,,,,,,,,,,,,,,,,,,,,,,,,,,,,,,,,,,,,,,,,,,,,,,,,,,,,,,,,,,,,,,,,,,,,,,,,,,,,,,,,,,,,,,,,,,,,,,,,,,,,,,,,,,,,,,,,,,,,,,,,,,,,,,,,,,,,,,,,,,,,,,,,,,,,,,,,,,,,,,,,,,,,,,,,,,,,,,,,,,,,,,,,,,,,,,,,,,,,,,,,,,,,,,,,,,,,,,,,,,,,,,,,,,,,,,,,,,,,,,,,,,,,,,,,,,,,,,,,,,,,,,,,,,,,,,,,,,,,,,,,,,,,,,,,,,,,,,,,,,,,,,,,,,,,,,,,,,,,,,,,,,,,,,,,,,,,,,,,,,,,,,
"25924-Terrawood-Loop,-Land-O-Lakes,-FL-34639","25924 Terrawood Loop, Land O Lakes, FL 34639",25924 Terrawood Loop,,Land O Lakes,FL,12,34639,Pasco,101,28.2221,-82.387022,Single Family,3,2.0,1340,Active,2050,Standard,2026-09-20T00:00:00.000Z,,2023-10-28T00:00:00.000Z,2026-09-20T03:08:35.673Z,1,Pasco,Land O Lakes,Rental Listing,2050,Standard,2026-09-20T00:00:00.000Z,,1,,,,,,,Rental Listing,2100.0,Standard,2026-07-31T00:00:00.000Z,2026-08-01T00:00:00.000Z,1.0,,,,,,,,,,,,,,,,,,,,,,,,,,,,,,,,,,,,,,,,,,,,,,,,,,,,,,,,,,,,,,,,,,,,,,,,,,,,,,,,,,,,,,,,,,,,,,,,,,,,,,,,,,,,,,,,,,,,,,,,,,,,,,,,,,,,,,,,,,,,,,,,,,,,,,,,,,,,,,,,,,,,,,,,,,,,,,,,,,,,,,,,,,,,,,,,,,,,,,,,,,,,,,,,,,,,,,,,,,,,,,,,,,,,,,,,,,,,,,,,,,,,,,,,,,,,,,,,,,,,,,,,,,,,,,,,,,,,,,,,,,,,,,,,,,,,,,,,,,,,,,,,,,,,,,,,,,,,,,,,,,,,,,,,,,,,,,,,,,,,,,,,,,,,,,,,,,,,,,,,,,,,,,,,,,,,,,,,,,,,,,,,,,,,,,,,,,,,,,,,,,,,,,,,,,,,,,,,,,,,,,,,,,,,,,,,,,,,,,,,,
"25151-Seven-Rivers-Cir,-Land-O-Lakes,-FL-34639","25151 Seven Rivers Cir, Land O Lakes, FL 34639",25151 Seven Rivers Cir,,Land O Lakes,FL,12,34639,Pasco,101,28.206089,-82.401321,Single Family,3,2.0,1440,Active,2120,Standard,2026-09-20T00:00:00.000Z,,2023-06-27T00:00:00.000Z,2026-09-20T03:08:35.670Z,1,Pasco,Land O Lakes,Rental Listing,2120,Standard,2026-09-20T00:00:00.000Z,,1,,,,,,,,,,,,,,,,,,,,,,Rental Listing,2070.0,Standard,2024-09-09T00:00:00.000Z,2024-10-10T00:00:00.000Z,31.0,Rental Listing,2165.0,Standard,2026-09-10T00:00:00.000Z,2026-09-11T00:00:00.000Z,1.0,,,,,,,,,,,,,,,,,,,,,,,,,,,,,,,,,,,,,,,,,,,,,,,,,,,,,,,,,,,,,,,,,,,,,,,,,,,,,,,,,,,,,,,,,,,,,,,,,,,,,,,,,,,,,,,,,,,,,,,,,,,,,,,,,,,,,,,,,,,,,,,,,,,,,,,,,,,,,,,,,,,,,,,,,,,,,,,,,,,,,,,,,,,,,,,,,,,,,,,,,,,,,,,,,,,,,,,,,,,,,,,,,,,,,,,,,,,,,,,,,,,,,,,,,,,,,,,,,,,,,,,,,,,,,,,,,,,,,,,,,,,,,,,,,,,,,,,,,,,,,,,,,,,,,,,,,,,,,,,,,,,,,,,,,,,,,,,,,,,,,,,,,,,,,,,,,,,,,,,,,,,,,,,,,,,,,,,,,,,,,,,,,,,,,,,,,,,,,,,,,,,,,,,,,,,,,,,,,,,,
"18588-Hunters-Meadow-Walk,-Land-O-Lakes,-FL-34638","18588 Hunters Meadow Walk, Land O Lakes, FL 34638",18588 Hunters Meadow Walk,,Land O Lakes,FL,12,34638,Pasco,101,28.304242,-82.508984,Single Family,3,2.0,1753,Active,2345,Standard,2026-09-20T00:00:00.000Z,,2022-08-05T04:07:17.603Z,2026-09-20T03:08:35.668Z,1,Pasco,Land O Lakes,Rental Listing,2345,Standard,2026-09-20T00:00:00.000Z,,1,,,,,,,,,,,,,,,,,,,,,,,,,,,,,,,,,,Rental Listing,2220.0,Standard,2024-12-18T00:00:00.000Z,2026-08-01T00:00:00.000Z,591.0,,,,,,,,,,,,,,,,,,,,,,,,,,,,,,,,,,,,,,,,,,,,,,,,,,,,,,,,,,,,,,,,,,,,,,,,,,,,,,,,,,,,,,,,,,,,,,,,,,,,,,,,,,,,,,,,,,,,,,,,,,,,,,,,,,,,,,,,,,,,,,,,,,,,,,,,,,,,,,,,,,,,,,,,,,,,,,,,,,,,,,,,,,,,,,,,,,,,,,,,,,,,,,,,,,,,,,,,,,,,,,,,,,,,,,,,,,,,,,,,,,,,,,,,,,,,,,,,,,,,,,,,,,,,,,,,,,,,,,,,,,,,,,,,,,,,,,,,,,,,,,,,,,,,,,,,,,,,,,,,,,,,,,,,,,,,,,,,,,,,,,,,,,,,,,,,,,,,,,,,,,,,,,,,,,,,,,,,,,,,,,,,,,,,,,,,,,,,,,,,,,,,,,,,,,,,,,
"21402-Preservation-Dr,-Land-O-Lakes,-FL-34638","21402 Preservation Dr, Land O Lakes, FL 34638",21402 Preservation Dr,,Land O Lakes,FL,12,34638,Pasco,101,28.239543,-82.462171,Single Family,4,2.5,2509,Active,2765,Standard,2026-09-20T00:00:00.000Z,,2026-05-23T00:00:00.000Z,2026-09-20T03:08:35.664Z,1,Pasco,Land O Lakes,Rental Listing,2765,Standard,2026-09-20T00:00:00.000Z,,1,,,,,,,,,,,,,,,,,,,,,,,,,,,,,,,,,,,,,,,,Rental Listing,3070.0,Standard,2026-05-31T00:00:00.000Z,2026-06-01T00:00:00.000Z,1.0,,,,,,,,,,,,,,,,,,,,,,,,,,,,,,,,,,,,,,,,,,,,,,,,,,,,,,,,,,,,,,,,,,,,,,,,,,,,,,,,,,,,,,,,,,,,,,,,,,,,,,,,,,,,,,,,,,,,,,,,,,,,,,,,,,,,,,,,,,,,,,,,,,,,,,,,,,,,,,,,,,,,,,,,,,,,,,,,,,,,,,,,,,,,,,,,,,,,,,,,,,,,,,,,,,,,,,,,,,,,,,,,,,,,,,,,,,,,,,,,,,,,,,,,,,,,,,,,,,,,,,,,,,,,,,,,,,,,,,,,,,,,,,,,,,,,,,,,,,,,,,,,,,,,,,,,,,,,,,,,,,,,,,,,,,,,,,,,,,,,,,,,,,,,,,,,,,,,,,,,,,,,,,,,,,,,,,,,,,,,,,,,,,,,,,,,,,,,,,,,,,,,,,,,
"23217-Bayou-Grove-St,-Land-O-Lakes,-FL-34639","23217 Bayou Grove St, Land O Lakes, FL 34639",23217 Bayou Grove St,,Land O Lakes,FL,12,34639,Pasco,101,28.206479,-82.431978,Single Family,3,2.0,1532,Active,2315,Standard,2026-09-20T00:00:00.000Z,,2024-10-24T00:00:00.000Z,2026-09-20T03:08:35.648Z,1,Pasco,Land O Lakes,Rental Listing,2315,Standard,2026-09-20T00:00:00.000Z,,1,,,,,,,,,,,,,,,,,,,,,,,,,,,,,,,,,,,,,,,,,,,,,,Rental Listing,2260.0,Standard,2024-10-25T00:00:00.000Z,2024-12-17T00:00:00.000Z,53.0,,,,,,,,,,,,,,,,,,,,,,,,,,,,,,,,,,,,,,,,,,,,,,,,,,,,,,,,,,,,,,,,,,,,,,,,,,,,,,,,,,,,,,,,,,,,,,,,,,,,,,,,,,,,,,,,,,,,,,,,,,,,,,,,,,,,,,,,,,,,,,,,,,,,,,,,,,,,,,,,,,,,,,,,,,,,,,,,,,,,,,,,,,,,,,,,,,,,,,,,,,,,,,,,,,,,,,,,,,,,,,,,,,,,,,,,,,,,,,,,,,,,,,,,,,,,,,,,,,,,,,,,,,,,,,,,,,,,,,,,,,,,,,,,,,,,,,,,,,,,,,,,,,,,,,,,,,,,,,,,,,,,,,,,,,,,,,,,,,,,,,,,,,,,,,,,,,,,,,,,,,,,,,,,,,,,,,,,,,,,,,,,,,,,,,,,,,,,,,,,,,
"11164-Treasure-Swale-Way,-Land-O-Lakes,-FL-34638","11164 Treasure Swale Way, Land O Lakes, FL 34638",11164 Treasure Swale Way,,Land O Lakes,FL,12,34638,Pasco,101,28.317877,-82.526532,Townhouse,3,3.0,1673,Active,2145,Standard,2026-09-20T00:00:00.000Z,,2026-09-18T00:00:00.000Z,2026-09-20T03:08:35.637Z,1,Pasco,Land O Lakes,Rental Listing,2145,Standard,2026-09-20T00:00:00.000Z,,1,,,,,,,,,,,,,,,,,,,,,,,,,,,,,,,,,,,,,,,,,,,,,,,,,,,,,,,,,,,,,,,,,,,,,,,,,,,,,,,,,,,,,,,,,,,,,,,,,,,,,,,,,,,,,,,,,,,,,,,,,,,,,,,,,,,,,,,,,,,,,,,,,,,,,,,,,,,,,,,,,,,,,,,,,,,,,,,,,,,,,,,,,,,,,,,,,,,,,,,,,,,,,,,,,,,,,,,,,,,,,,,,,,,,,,,,,,,,,,,,,,,,,,,,,,,,,,,,,,,,,,,,,,,,,,,,,,,,,,,,,,,,,,,,,,,,,,,,,,,,,,,,,,,,,,,,,,,,,,,,,,,,,,,,,,,,,,,,,,,,,,,,,,,,,,,,,,,,,,,,,,,,,,,,,,,,,,,,,,,,,,,,,,,,,,,,,,,,,,,,,,,,,,,,,,,,,,,,,,,,,,,,,,,,,,,,,,,,,,,,,,,,,,,,,,,,,
"17348-Lawn-Orchid-Loop,-Land-O-Lakes,-FL-34638","17348 Lawn Orchid Loop, Land O Lakes, FL 34638",17348 Lawn Orchid Loop,,Land O Lakes,FL,12,34638,Pasco,101,28.196208,-82.528289,Single Family,3,2.0,1655,Active,2345,Standard,2026-09-20T00:00:00.000Z,,2026-09-18T00:00:00.000Z,2026-09-20T03:08:35.632Z,1,Pasco,Land O Lakes,Rental Listing,2345,Standard,2026-09-20T00:00:00.000Z,,1,,,,,,,,,,,,,,,,,,,,,,,,,,,,,,,,,,,,,,,,,,,,,,,,,,,,,,,,,,,,,,,,,,,,,,,,,,,,,,,,,,,,,,,,,,,,,,,,,,,,,,,,,,,,,,,,,,,,,,,,,,,,,,,,,,,,,,,,,,,,,,,,,,,,,,,,,,,,,,,,,,,,,,,,,,,,,,,,,,,,,,,,,,,,,,,,,,,,,,,,,,,,,,,,,,,,,,,,,,,,,,,,,,,,,,,,,,,,,,,,,,,,,,,,,,,,,,,,,,,,,,,,,,,,,,,,,,,,,,,,,,,,,,,,,,,,,,,,,,,,,,,,,,,,,,,,,,,,,,,,,,,,,,,,,,,,,,,,,,,,,,,,,,,,,,,,,,,,,,,,,,,,,,,,,,,,,,,,,,,,,,,,,,,,,,,,,,,,,,,,,,,,,,,,,,,,,,,,,,,,,,,,,,,,,,,,,,,,,,,,,,,,,,,,,,,,,
"4786-Ballantrae-Blvd,-Land-O-Lakes,-FL-34638","4786 Ballantrae Blvd, Land O Lakes, FL 34638",4786 Ballantrae Blvd,,Land O Lakes,FL,12,34638,Pasco,101,28.223013,-82.522079,Single Family,3,2.0,2101,Active,3000,Standard,2026-09-20T00:00:00.000Z,,2023-05-04T00:00:00.000Z,2026-09-20T03:08:35.624Z,1,Pasco,Land O Lakes,Rental Listing,3000,Standard,2026-09-20T00:00:00.000Z,,1,,,,,,,,,,,,,6534.0,2020.0,48.0,,,,,,,,,,,,,,,,,,,,,,,,,,,,,,,,,,,,,,,,,,,,,,,,,,,,,,,,,,,,,,,,,,,,,,,,,,,,,,,,,,,,,,,,,,,,,,,,,,,,,,,,,,,,,,,,,,,,,,,,,,,,,,,,,,,,,,,,,,,,,,,,,,,,,,,,,,,,,,,,,,,,,,,,,,,,,,,,,,,,,,,,,,,,,,,,,,,,,,,,,,,,,,,,,,,,,,,,,,,,,,,,,,,,,,,,,,,,,,,,,,,,,,,,,,,,,,,,,,,,,,,,,,,,,,,,,,,,,,,,,,,,,,,,,,,,,,,,,,,,,,,,,,,,,,,,,,,,,,,,,,,,,,,,,,,,,,,,,,,,,,,,,,,,,,,,,,,,,,,,,,,,,,,,,,,,,,,,,,,,,,,,,,,,,,,,,,,,,,,,,,,,,,,,,,,,,,,,,,,,,,,,,,,,,,,,,,,,,,
"20781-Monza-Loop,-Land-O-Lakes,-FL-34638","20781 Monza Loop, Land O Lakes, FL 34638",20781 Monza Loop,,Land O Lakes,FL,12,34638,Pasco,101,28.258096,-82.479214,Single Family,5,3.0,2615,Active,2999,Standard,2026-09-20T00:00:00.000Z,,2026-06-20T00:00:00.000Z,2026-09-20T03:08:35.621Z,1,Pasco,Land O Lakes,Rental Listing,2999,Standard,2026-09-20T00:00:00.000Z,,1,,,,,,,,,,,,,7841.0,2022.0,,,,,,,,,,,,,,,,,,,,,,,,,,,,,,,,,,,,,,Rental Listing,3150.0,Standard,2026-07-16T00:00:00.000Z,2026-07-25T00:00:00.000Z,9.0,,,,,,,,,,,,,,,,,,,,,,,,,,,,,,,,,,,,,,,,,,,,,,,,,,,,,,,,,,,,,,,,,,,,,,,,,,,,,,,,,,,,,,,,,,,,,,,,,,,,,,,,,,,,,,,,,,,,,,,,,,,,,,,,,,,,,,,,,,,,,,,,,,,,,,,,,,,,,,,,,,,,,,,,,,,,,,,,,,,,,,,,,,,,,,,,,,,,,,,,,,,,,,,,,,,,,,,,,,,,,,,,,,,,,,,,,,,,,,,,,,,,,,,,,,,,,,,,,,,,,,,,,,,,,,,,,,,,,,,,,,,,,,,,,,,,,,,,,,,,,,,,,,,,,,,,,,,,,,,,,,,,,,,,,,,,,,,,,,,,,,,,,,,,,,,,,,,,,,,,,,,,,,,,,,,,,,,,,,,,,,,,,,,,,,,,,,,,
"21027-Voyager-Blvd,-Apt-K8,-Land-O-Lakes,-FL-34638","21027 Voyager Blvd, Apt K8, Land O Lakes, FL 34638",21027 Voyager Blvd,Apt K8,Land O Lakes,FL,12,34638,Pasco,101,28.216344,-82.467837,Condo,2,1.0,800,Active,1299,Standard,2026-09-20T00:00:00.000Z,,2026-06-28T00:00:00.000Z,2026-09-20T03:04:54.251Z,1,Pasco,Land O Lakes,Rental Listing,1299,Standard,2026-09-20T00:00:00.000Z,,1,,,,,,,,,,,,,,,,,,,,,,,,,,,,,,,,,,,,,,,,,,,,,,,,,,,,,,,,,,Rental Listing,1325.0,Standard,2026-07-21T00:00:00.000Z,2026-07-22T00:00:00.000Z,1.0,,,,,,,,,,,,,,,,,,,,,,,,,,,,,,,,,,,,,,,,,,,,,,,,,,,,,,,,,,,,,,,,,,,,,,,,,,,,,,,,,,,,,,,,,,,,,,,,,,,,,,,,,,,,,,,,,,,,,,,,,,,,,,,,,,,,,,,,,,,,,,,,,,,,,,,,,,,,,,,,,,,,,,,,,,,,,,,,,,,,,,,,,,,,,,,,,,,,,,,,,,,,,,,,,,,,,,,,,,,,,,,,,,,,,,,,,,,,,,,,,,,,,,,,,,,,,,,,,,,,,,,,,,,,,,,,,,,,,,,,,,,,,,,,,,,,,,,,,,,,,,,,,,,,,,,,,,,,,,,,,,,,,,,,,,,,,,,,,,,,,,,,,,,,,,,,,,,,,,,,,,,,,,,,,,,,,,,,,,,,,,,,,,,,,,
"17513-Stinchar-Dr,-Land-O-Lakes,-FL-34638","17513 Stinchar Dr, Land O Lakes, FL 34638",17513 Stinchar Dr,,Land O Lakes,FL,12,34638,Pasco,101,28.19951,-82.526166,Single Family,3,3.0,1768,Active,2245,Standard,2026-09-20T00:00:00.000Z,,2022-06-15T01:35:14.444Z,2026-09-20T03:04:54.248Z,1,Pasco,Land O Lakes,Rental Listing,2245,Standard,2026-09-20T00:00:00.000Z,,1,,,,,,,,,,,,,,,,,,,,,,,,,,,,,,,,,,,,,,,,,,,,,,,,,,,,,,,,,,,,,,,,Rental Listing,2145.0,Standard,2024-09-22T00:00:00.000Z,2024-09-23T00:00:00.000Z,1.0,Rental Listing,1995.0,Standard,2024-10-19T00:00:00.000Z,2024-10-20T00:00:00.000Z,1.0,Rental Listing,2045.0,Standard,2025-10-22T00:00:00.000Z,2025-10-23T00:00:00.000Z,1.0,,,,,,,,,,,,,,,,,,,,,,,,,,,,,,,,,,,,,,,,,,,,,,,,,,,,,,,,,,,,,,,,,,,,,,,,,,,,,,,,,,,,,,,,,,,,,,,,,,,,,,,,,,,,,,,,,,,,,,,,,,,,,,,,,,,,,,,,,,,,,,,,,,,,,,,,,,,,,,,,,,,,,,,,,,,,,,,,,,,,,,,,,,,,,,,,,,,,,,,,,,,,,,,,,,,,,,,,,,,,,,,,,,,,,,,,,,,,,,,,,,,,,,,,,,,,,,,,,,,,,,,,,,,,,,,,,,,,,,,,,,,,,,,,,,,,,,,,,,,,,,,,,,,,,,,,,,,,,,,,,,,,,,,,,,,,,,,,,,,,,,,,,,,,,,,,,,,,,,,,,,,,,,,,,,,,
"17515-Sandgate-Ct,-Land-O-Lakes,-FL-34638","17515 Sandgate Ct, Land O Lakes, FL 34638",17515 Sandgate Ct,,Land O Lakes,FL,12,34638,Pasco,101,28.205368,-82.525882,Single Family,3,3.0,2112,Active,2400,Standard,2026-09-20T00:00:00.000Z,,2020-03-14T03:32:32.613Z,2026-09-20T03:04:54.245Z,1,Pasco,Land O Lakes,Rental Listing,2400,Standard,2026-09-20T00:00:00.000Z,,1,,,,,,,,,,,,,,,,,,,,,,,,,,,,,,,,,,,,,,,,,,,,,,,,,,,,,,,,,,,,,,,,,,,,,,,,,,,,,,,,,,Rental Listing,2550.0,Standard,2026-03-14T00:00:00.000Z,2026-03-15T00:00:00.000Z,1.0,Rental Listing,2550.0,Standard,2026-04-22T00:00:00.000Z,2026-04-23T00:00:00.000Z,1.0,Rental Listing,2550.0,Standard,2026-06-02T00:00:00.000Z,2026-06-03T00:00:00.000Z,1.0,Rental Listing,2400.0,Standard,2026-08-26T00:00:00.000Z,2026-08-27T00:00:00.000Z,1.0,,,,,,,,,,,,,,,,,,,,,,,,,,,,,,,,,,,,,,,,,,,,,,,,,,,,,,,,,,,,,,,,,,,,,,,,,,,,,,,,,,,,,,,,,,,,,,,,,,,,,,,,,,,,,,,,,,,,,,,,,,,,,,,,,,,,,,,,,,,,,,,,,,,,,,,,,,,,,,,,,,,,,,,,,,,,,,,,,,,,,,,,,,,,,,,,,,,,,,,,,,,,,,,,,,,,,,,,,,,,,,,,,,,,,,,,,,,,,,,,,,,,,,,,,,,,,,,,,,,,,,,,,,,,,,,,,,,,,,,,,,,,,,,,,,,,,,,,,,,,,,,,,,,,,,,,,,,,,,,,,,,,,,,,,,,,,,,,,,,,,,,,,,,,
"19408-Otters-Wick-Way,-Land-O-Lakes,-FL-34638","19408 Otters Wick Way, Land O Lakes, FL 34638",19408 Otters Wick Way,,Land O Lakes,FL,12,34638,Pasco,101,28.219469,-82.494875,Single Family,3,2.0,1598,Active,2190,Standard,2026-09-20T00:00:00.000Z,,2021-11-15T00:47:18.607Z,2026-09-20T03:04:54.237Z,1,Pasco,Land O Lakes,Rental Listing,2190,Standard,2026-09-20T00:00:00.000Z,,1,,,,,,,,,,,,,,,,,,,,,,,,,,,,,,,,,,,,,,,,,,,,,,,,,,,,,,,,,,,,,,,,,,,,,,,,,,,,,,,,,,,,,,,,,,,,,,,,,,,,,,,,,,Rental Listing,2070.0,Standard,2025-12-04T00:00:00.000Z,2025-12-05T00:00:00.000Z,1.0,,,,,,,,,,,,,,,,,,,,,,,,,,,,,,,,,,,,,,,,,,,,,,,,,,,,,,,,,,,,,,,,,,,,,,,,,,,,,,,,,,,,,,,,,,,,,,,,,,,,,,,,,,,,,,,,,,,,,,,,,,,,,,,,,,,,,,,,,,,,,,,,,,,,,,,,,,,,,,,,,,,,,,,,,,,,,,,,,,,,,,,,,,,,,,,,,,,,,,,,,,,,,,,,,,,,,,,,,,,,,,,,,,,,,,,,,,,,,,,,,,,,,,,,,,,,,,,,,,,,,,,,,,,,,,,,,,,,,,,,,,,,,,,,,,,,,,,,,,,,,,,,,,,,,,,,,,,,,,,,,,,,,,,,,,,,,,,,,,,,,,
"4609-Braesgate-Ct,-Land-O-Lakes,-FL-34639","4609 Braesgate Ct, Land O Lakes, FL 34639",4609 Braesgate Ct,,Land O Lakes,FL,12,34639,Pasco,101,28.223996,-82.437005,Single Family,4,2.0,1940,Active,2510,Standard,2026-09-20T00:00:00.000Z,,2020-04-18T14:59:40.653Z,2026-09-20T03:04:54.178Z,1,Pasco,Land O Lakes,Rental Listing,2510,Standard,2026-09-20T00:00:00.000Z,,1,,,,,,,,,,,,,,,,,,,,,,,,,,,,,,,,,,,,,,,,,,,,,,,,,,,,,,,,,,,,,,,,,,,,,,,,,,,,,,,,,,,,,,,,,,,,,,,,,,,,,,,,,,,,,,,,,,,,,,,,,,,,,,,,,,,,,,,,,,,,,,,,,,,,,,,,,,,,,,,,,,,,,,,,,,,,,,,,,,,,,,,,,,,,,,,,,,,,,,,,,,,,,,,,,,,,,,,,,,,,,,,,,,,,,,,,,,,,,,,,,,,,,,,,,,,,,,,,,,,,,,,,,,,,,,,,,,,,,,,,,,,,,,,,,,,,,,,,,,,,,,,,,,,,,,,,,,,,,,,,,,,,,,,,,,,,,,,,,,,,,,,,,,,,,,,,,,,,,,,,,,,,,,,,,,,,,,,,,,,,,,,,,,,,,,,,,,,,,,,,,,,,,,,,,,,,,,,,,,,,,,,,,,,,,,,,,,,,,,,,,,,,,,,,,,,,,
"5801-Candytuft-Pl,-Land-O-Lakes,-FL-34639","5801 Candytuft Pl, Land O Lakes, FL 34639",5801 Candytuft Pl,,Land O Lakes,FL,12,34639,Pasco,101,28.241003,-82.445426,Single Family,4,3.0,2453,Active,2695,Standard,2026-09-20T00:00:00.000Z,,2020-08-02T15:31:10.580Z,2026-09-20T03:04:54.174Z,1,Pasco,Land O Lakes,Rental Listing,2695,Standard,2026-09-20T00:00:00.000Z,,1,,,,,,,,,,,,,,,,,,,,,,,,,,,,,,,,,,,,,,,,,,,,,,,,,,,,,,,,,,,,,,,,,,,,,,,,,,,,,,,,,,,,,,,,,,,,,,,,,,,,,,,,,,,,,,,,,,,,,,,,,,,,,,,,,,,,,,,,,,,,,,,,,,,,,,,,,,,,,,,,,,,,,,,,,,,,,,,,,,,,,,,,,,,,,,,,,,,,,,,,,,,,,,,,,,,,,,,,,,,,,,,,,,,,,,,,,,,,,,,,,,,,,,,,,,,,,,,,,,,,,,,,,,,,,,,,,,,,,,,,,,,,,,,,,,,,,,,,,,,,,,,,,,,,,,,,,,,,,,,,,,,,,,,,,,,,,,,,,,,,,,,,,,,,,,,,,,,,,,,,,,,,,,,,,,,,,,,,,,,,,,,,,,,,,,,,,,,,,,,,,,,,,,,,,,,,,,,,,,,,,,,,,,,,,,,,,,,,,,,,,,,,,,,,,,,,,
"9253-Black-Thorn-Loop,-Land-O-Lakes,-FL-34638","9253 Black Thorn Loop, Land O Lakes, FL 34638",9253 Black Thorn Loop,,Land O Lakes,FL,12,34638,Pasco,101,28.292476,-82.495643,Single Family,4,2.0,1824,Active,2190,Standard,2026-09-20T00:00:00.000Z,,2021-02-05T00:37:37.882Z,2026-09-20T03:04:54.173Z,1,Pasco,Land O Lakes,Rental Listing,2190,Standard,2026-09-20T00:00:00.000Z,,1,,,,,,,,,,,,,,2005.0,,,,,,,,,,,,,,,,,,,,,,,,,,,,,,,,,,,,,,,,,,,,,,,,,,,,,,,,,,,,,,,,,,,,,,,,,,,,,,,,,,,,,,,,,,,,,,,,,,Rental Listing,2295.0,Standard,2026-08-10T00:00:00.000Z,2026-08-11T00:00:00.000Z,1.0,,,,,,,,,,,,,,,,,,,,,,,,,,,,,,,,,,,,,,,,,,,,,,,,,,,,,,,,,,,,,,,,,,,,,,,,,,,,,,,,,,,,,,,,,,,,,,,,,,,,,,,,,,,,,,,,,,,,,,,,,,,,,,,,,,,,,,,,,,,,,,,,,,,,,,,,,,,,,,,,,,,,,,,,,,,,,,,,,,,,,,,,,,,,,,,,,,,,,,,,,,,,,,,,,,,,,,,,,,,,,,,,,,,,,,,,,,,,,,,,,,,,,,,,,,,,,,,,,,,,,,,,,,,,,,,,,,,,,,,,,,,,,,,,,,,,,,,,,,,,,,,,,,,,,,,,,,,,,,,,,,,,,,,,,,,,,,,,
"19608-Timberbluff-Dr,-Land-O-Lakes,-FL-34638","19608 Timberbluff Dr, Land O Lakes, FL 34638",19608 Timberbluff Dr,,Land O Lakes,FL,12,34638,Pasco,101,28.290322,-82.499082,Single Family,5,3.0,2657,Active,2795,Standard,2026-09-20T00:00:00.000Z,,2023-07-19T00:00:00.000Z,2026-09-20T03:04:54.168Z,1,Pasco,Land O Lakes,Rental Listing,2795,Standard,2026-09-20T00:00:00.000Z,,1,,,,,,,,,,,,,,,,,,,,,,,,,,,,,,,,,,,,,,,,,,,,,,,,,,,,,,,,,,,,,,,,,,,,,,,,,,,,,,,,,,,,,,,,,,,,,,,,,,,,,,,,,,,,,,,,,,,,,,,,,,,,,,,,,,,,,,,,,,,,,,,,,,,,,,,,,,,,,,,,,,,,,,,,,,,,,,,,,,,,,,,,,,,,,,,,,,,,,,,,,,,,,,,,,,,,,,,,,,,,,,,,,,,,,,,,,,,,,,,,,,,,,,,,,,,,,,,,,,,,,,,,,,,,,,,,,,,,,,,,,,,,,,,,,,,,,,,,,,,,,,,,,,,,,,,,,,,,,,,,,,,,,,,,,,,,,,,,,,,,,,,,,,,,,,,,,,,,,,,,,,,,,,,,,,,,,,,,,,,,,,,,,,,,,,,,,,,,,,,,,,,,,,,,,,,,,,,,,,,,,,,,,,,,,,,,,,,,,,,,,,,,,,,,,,,,,
"3207-Clover-Blossom-Cir,-Land-O-Lakes,-FL-34638","3207 Clover Blossom Cir, Land O Lakes, FL 34638",3207 Clover Blossom Cir,,Land O Lakes,FL,12,34638,Pasco,101,28.203549,-82.528144,Single Family,4,2.0,1990,Active,2600,Standard,2026-09-20T00:00:00.000Z,,2026-09-01T00:00:00.000Z,2026-09-20T03:04:54.160Z,1,Pasco,Land O Lakes,Rental Listing,2600,Standard,2026-09-20T00:00:00.000Z,,1,,,,,,,,,,,,,,,,,,,,,,,,,,,,,,,,,,,,,,,,,,,,,,,,,,,,,,,,,,,,,,,,,,,,,,,,,,,,,,,,,,,,,,,,,,,,,,,,,,,,,,,,,,,,,,,,,,,,,,,,,,,,,,,,,,,,,,,,,,,,,,,,,,,,,,,,,,,,,,,,,,,,,,,,,,,,,,,,,,,,,,,,,,,,,,,,,,,,,,,,,,,,,,,,,,,,,,,,,,,,,,,,,,,,,,,,,,,,,,,,,,,,,,,,,,,,,,,,,,,,,,,,,,,,,,,,,,,,,,,,,,,,,,,,,,,,,,,,,,,,,,,,,,,,,,,,,,,,,,,,,,,,,,,,,,,,,,,,,,,,,,,,,,,,,,,,,,,,,,,,,,,,,,,,,,,,,,,,,,,,,,,,,,,,,,,,,,,,,,,,,,,,,,,,,,,,,,,,,,,,,,,,,,,,,,,,,,,,,,,,,,,,,,,,,,,,,
"5641-Sheer-Bliss-Loop,-Land-O-Lakes,-FL-34639","5641 Sheer Bliss Loop, Land O Lakes, FL 34639",5641 Sheer Bliss Loop,,Land O Lakes,FL,12,34639,Pasco,101,28.239608,-82.442033,Single Family,4,2.0,1938,Active,2325,Standard,2026-09-20T00:00:00.000Z,,2026-07-31T00:00:00.000Z,2026-09-20T03:04:54.154Z,1,Pasco,Land O Lakes,Rental Listing,2325,Standard,2026-09-20T00:00:00.000Z,,1,,,,,,,,,,,,,,,,,,,,,,,,,,,,,,,,,,,,,,,,,,,,,,,,,,,,,,,,,,,,,,,,,,,,,,,,,,,,,,,,,,,,,,,,,,,,,,,,,,,,,,,,,,,,,,,,,,,,,,,,,,,,,,,,,,,,,,,,,,,,,,,,,,,,,,,,,,,,,,,,,,,,,,,,,,,,,,,,,,,,,,,,,,,,,,,,,,,,,,,,,,,,,,,,,,,,,,,,,,,,,,,,,,,,,,,,,,,,,,,,,,,,,,,,,,,,,,,,,,,,,,,,,,,,,,,,,,,,,,,,,,,,,,,,,,,,,,,,,,,,,,,,,,,,,,,,,,,,,,,,,,,,,,,,,,,,,,,,,,,,,,,,,,,,,,,,,,,,,,,,,,,,,,,,,,,,,,,,,,,,,,,,,,,,,,,,,,,,,,,,,,,,,,,,,,,,,,,,,,,,,,,,,,,,,,,,,,,,,,,,,,,,,,,,,,,,,
"18934-Randall-Pl,-Land-O-Lakes,-FL-34638","18934 Randall Pl, Land O Lakes, FL 34638",18934 Randall Pl,,Land O Lakes,FL,12,34638,Pasco,101,28.296631,-82.502448,Single Family,3,2.5,1545,Active,1985,Standard,2026-09-20T00:00:00.000Z,,2020-01-04T00:49:51.435Z,2026-09-20T03:04:54.153Z,1,Pasco,Land O Lakes,Rental Listing,1985,Standard,2026-09-20T00:00:00.000Z,,1,,,,,,,,,,,,,,2009.0,,,,,,,,,,,,,,,,,,,,,,,,,,,,,,,,,,,,,,,,,,,,,,,,,,,,,,,,,,,,,,,,,,,,,,,,,,,,,,,,,,,,,,,,,,,,,,,,,,,,,,,,Rental Listing,2085.0,Standard,2026-08-14T00:00:00.000Z,2026-08-15T00:00:00.000Z,1.0,,,,,,,,,,,,,,,,,,,,,,,,,,,,,,,,,,,,,,,,,,,,,,,,,,,,,,,,,,,,,,,,,,,,,,,,,,,,,,,,,,,,,,,,,,,,,,,,,,,,,,,,,,,,,,,,,,,,,,,,,,,,,,,,,,,,,,,,,,,,,,,,,,,,,,,,,,,,,,,,,,,,,,,,,,,,,,,,,,,,,,,,,,,,,,,,,,,,,,,,,,,,,,,,,,,,,,,,,,,,,,,,,,,,,,,,,,,,,,,,,,,,,,,,,,,,,,,,,,,,,,,,,,,,,,,,,,,,,,,,,,,,,,,,,,,,,,,,,,,,,,,,,,,,,,,,,,,,,,,,,,,,,,,,,,
"1641-Firewheel-Dr,-Wesley-Chapel,-FL-33543","1641 Firewheel Dr, Wesley Chapel, FL 33543",1641 Firewheel Dr,,Wesley Chapel,FL,12,33543,Pasco,101,28.180999,-82.331214,Single Family,3,2.0,1640,Active,2175,Standard,2026-09-20T00:00:00.000Z,,2026-07-03T00:00:00.000Z,2026-09-20T03:08:35.688Z,1,Pasco,Wesley Chapel,Rental Listing,2175,Standard,2026-09-20T00:00:00.000Z,,1,,,,,,,,,,,,,,,,,,,,,,,,,,,,,,,,,,,,,,,,,,,,,,,,,,,,,,,,,,,,,,,,,,,,,,,,,,,,,,,,,,,,,,,,,,,,,,,,,,,,,,,,,,,,,,,,,,,,,,,,,,,,,,,,,,,,,,,,,,,,,,,,,,,,,,,,,,,,,,,,,,,,,,,,,,,,,,,,,,,,,,,,,,,,,,,,,,,,,,,,,,,,,,,,,,,,,,,,,,,,,,,,,,,,,,,,,,,,,,,,,,,,,,,,,,,,,,,,,,,,,,,,,,,,,,,,,,,,,,,,,,,,,,,,,,,,,,,,,,,,,,,,,,,,,,,,,,,,,,,,,,,,,,,,,,,,,,,,,,,,,,,,,,,,,,,,,,,,,,,,,,,,,,,,,,,,,,,,,,,,,,,,,,,,,,,,,,,,,,,,,,,,,,,,,,,,,,,,,,,,,,,,,,,,,,,,,,,,,,,,,,,,,,,,,,,,,
"26641-Sea-Hero-Cir,-Wesley-Chapel,-FL-33544","26641 Sea Hero Cir, Wesley Chapel, FL 33544",26641 Sea Hero Cir,,Wesley Chapel,FL,12,33544,Pasco,101,28.238378,-82.375095,Single Family,4,2.0,1936,Active,2405,Standard,2026-09-20T00:00:00.000Z,,2019-12-19T06:40:20.454Z,2026-09-20T03:08:35.686Z,1,Pasco,Wesley Chapel,Rental Listing,2405,Standard,2026-09-20T00:00:00.000Z,,1,,,,,,,,,,,,,,,,,,,,,,,,,,,,,,,,,,,,,,,,,,,,,,,,,,,,,,,,,,,,,,,,,,,,,,,,,,,,,,,,,,,,,,,,,,,,,,,,,,,,,,,,,,,,,,,,,,,,,,,,,,,,,,,,,,,,,,,,,,,,,,,,,,,,,,,,,,,,,,,,,,,,,,,,,,,,,,,,,,,,,,,,,,,,,,,,,,,,,,,,,,,,,,,,,,,,,,,,,,,,,,,,,,,,,,,,,,,,,,,,,,,,,,,,,,,,,,,,,,,,,,,,,,,,,,,,,,,,,,,,,,,,,,,,,,,,,,,,,,,,,,,,,,,,,,,,,,,,,,,,,,,,,,,,,,,,,,,,,,,,,,,,,,,,,,,,,,,,,,,,,,,,,,,,,,,,,,,,,,,,,,,,,,,,,,,,,,,,,,,,,,,,,,,,,,,,,,,,,,,,,,,,,,,,,,,,,,,,,,,,,,,,,,,,,,,,,
"6452-Tabogi-Trl,-Wesley-Chapel,-FL-33545","6452 Tabogi Trl, Wesley Chapel, FL 33545",6452 Tabogi Trl,,Wesley Chapel,FL,12,33545,Pasco,101,28.250478,-82.315811,Single Family,3,2.0,1292,Active,1850,Standard,2026-09-20T00:00:00.000Z,,2020-04-11T04:46:46.472Z,2026-09-20T03:08:35.686Z,1,Pasco,Wesley Chapel,Rental Listing,1850,Standard,2026-09-20T00:00:00.000Z,,1,,,,,,,,,,,,,4000.0,2005.0,,,,,,,,,,,,,,,,,,,,,,,,,,,,,,,,,,,,,,,,,,,,,,,,,,,,,,,,,,,,,,,,,,,,,,,,,,,,,,,,,,,,,,,,,,,,,,,,,,,,,,,,,,,,,,,,,,,,,,,,,,,,,,,,,,,,,,,,,,,,,,,,,,,,,,,,,,,,,,,,,,,,,,,,,,,,,,,,,,,,,,,,,,,,,,,,,,,,,,,,,,,,,,,,,,,,,,,,,,,,,,,,,,,,,,,,,,,,,,,,,,,,,,,,,,,,,,,,,,,,,,,,,,,,,,,,,,,,,,,,,,,,,,,,,,,,,,,,,,,,,,,,,,,,,,,,,,,,,,,,,,,,,,,,,,,,,,,,,,,,,,,,,,,,,,,,,,,,,,,,,,,,,,,,,,,,,,,,,,,,,,,,,,,,,,,,,,,,,,,,,,,,,,,,,,,,,,,,,,,,,,,,,,,,,,,,,,,,,,,
"1430-Maximilian-Dr,-Wesley-Chapel,-FL-33543","1430 Maximilian Dr, Wesley Chapel, FL 33543",1430 Maximilian Dr,,Wesley Chapel,FL,12,33543,Pasco,101,28.178011,-82.330814,Single Family,4,2.0,1690,Active,2470,Standard,2026-09-20T00:00:00.000Z,,2020-06-30T01:04:39.594Z,2026-09-20T03:08:35.684Z,1,Pasco,Wesley Chapel,Rental Listing,2470,Standard,2026-09-20T00:00:00.000Z,,1,,,,,,,,,,,,,5227.0,1995.0,,,,,,,,,,,,,,,,,,,,,,,,,,,,,,,,,,,,,,,,,,,,,,,,,,,,,,,,,,,,,,,,,,,,,,,,,,,,,,,,,,,,,,,,,,,,,,,,,,,,,,,,,,,,,,,,,,,,,,,,,,,,,,,,,,,,,,,,,,,,,,,,,,,,,,,,,,,,,,,,,,,,,,,,,,,,,,,,,,,,,,,,,,,,,,,,,,,,,,,,,,,,,,,,,,,,,,,,,,,,,,,,,,,,,,,,,,,,,,,,,,,,,,,,,,,,,,,,,,,,,,,,,,,,,,,,,,,,,,,,,,,,,,,,,,,,,,,,,,,,,,,,,,,,,,,,,,,,,,,,,,,,,,,,,,,,,,,,,,,,,,,,,,,,,,,,,,,,,,,,,,,,,,,,,,,,,,,,,,,,,,,,,,,,,,,,,,,,,,,,,,,,,,,,,,,,,,,,,,,,,,,,,,,,,,,,,,,,,,,
"7907-Outerbridge-St,-Wesley-Chapel,-FL-33545","7907 Outerbridge St, Wesley Chapel, FL 33545",7907 Outerbridge St,,Wesley Chapel,FL,12,33545,Pasco,101,28.272219,-82.3141,Single Family,4,4.0,2559,Active,2800,Standard,2026-09-20T00:00:00.000Z,,2021-06-16T01:37:09.329Z,2026-09-20T03:08:35.683Z,1,Pasco,Wesley Chapel,Rental Listing,2800,Standard,2026-09-20T00:00:00.000Z,,1,,,,,,,,,,,,,,,,,,,,,,,,,,,,,,,,,,,,,,,,,,,,,,,,,,,,,,,,,,,,,,,,,,,,,,,,,,,,,,,,,,,,,,,,,,,,,,,,,,,,,,,,,,,,,,,,,,,,,,,,,,,,,,,,,,,,,,,,,,,,,,,,,,,,,,,,,,,,,,,,,,,,,,,,,,,,,,,,,,,,,,,,,,,,,,,,,,,,,,,,,,,,,,,,,,,,,,,,,,,,,,,,,,,,,,,,,,,,,,,,,,,,,,,,,,,,,,,,,,,,,,,,,,,,,,,,,,,,,,,,,,,,,,,,,,,,,,,,,,,,,,,,,,,,,,,,,,,,,,,,,,,,,,,,,,,,,,,,,,,,,,,,,,,,,,,,,,,,,,,,,,,,,,,,,,,,,,,,,,,,,,,,,,,,,,,,,,,,,,,,,,,,,,,,,,,,,,,,,,,,,,,,,,,,,,,,,,,,,,,,,,,,,,,,,,,,,
"30250-Rattana-Ct,-Wesley-Chapel,-FL-33545","30250 Rattana Ct, Wesley Chapel, FL 33545",30250 Rattana Ct,,Wesley Chapel,FL,12,33545,Pasco,101,28.250751,-82.315436,Single Family,3,2.0,1190,Active,1840,Standard,2026-09-20T00:00:00.000Z,,2021-08-04T01:42:18.800Z,2026-09-20T03:08:35.682Z,1,Pasco,Wesley Chapel,Rental Listing,1840,Standard,2026-09-20T00:00:00.000Z,,1,,,,,,,,,,,,,,,,Rental Listing,1875.0,Standard,2026-09-11T00:00:00.000Z,2026-09-12T00:00:00.000Z,1.0,,,,,,,,,,,,,,,,,,,,,,,,,,,,,,,,,,,,,,,,,,,,,,,,,,,,,,,,,,,,,,,,,,,,,,,,,,,,,,,,,,,,,,,,,,,,,,,,,,,,,,,Rental Listing,1910.0,Standard,2026-08-31T00:00:00.000Z,2026-09-01T00:00:00.000Z,1.0,,,,,,,,,,,,,,,,,,,,,,,,,,,,,,,,,,,,,,,,,,,,,,,,,,,,,,,,,,,,,,,,,,,,,,,,,,,,,,,,,,,,,,,,,,,,,,,,,,,,,,,,,,,,,,,,,,,,,,,,,,,,,,,,,,,,,,,,,,,,,,,,,,,,,,,,,,,,,,,,,,,,,,,,,,,,,,,,,,,,,,,,,,,,,,,,,,,,,,,,,,,,,,,,,,,,,,,,,,,,,,,,,,,,,,,,,,,,,,,,,,,,,,,,,,,,,,,,,,,,,,,,,,,,,,,,,,,,,,,,,,,,,,,,,,,,,,,,,,,,,,,,,,,,,,,,,,,,,,,,,,,,
"6241-Perdita-Ct,-Wesley-Chapel,-FL-33545","6241 Perdita Ct, Wesley Chapel, FL 33545",6241 Perdita Ct,,Wesley Chapel,FL,12,33545,Pasco,101,28.247893,-82.312002,Single Family,3,2.0,1324,Active,2010,Standard,2026-09-20T00:00:00.000Z,,2020-11-14T02:42:17.150Z,2026-09-20T03:08:35.677Z,1,Pasco,Wesley Chapel,Rental Listing,2010,Standard,2026-09-20T00:00:00.000Z,,1,,,,,,,,,,,,,,,,,,,,,,Rental Listing,1905.0,Standard,2024-09-09T00:00:00.000Z,2024-10-17T00:00:00.000Z,38.0,,,,,,,,,,,,,,,,,,,,,,,,,,,,,,,,,,,,,,,,,,,,,,,,,,,,,,,,,,,,,,,,,,,,,,,,,,,,,,,,,,,,,,,,,,,,,,,,,,,,,,,,,,,,,,,,,,,,,,,,,,,,,,,,,,,,,,,,,,,,,,,,,,,,,,,,,,,,,,,,,,,,,,,,,,,,,,,,,,,,,,,,,,,,,,,,,,,,,,,,,,,,,,,,,,,,,,,,,,,,,,,,,,,,,,,,,,,,,,,,,,,,,,,,,,,,,,,,,,,,,,,,,,,,,,,,,,,,,,,,,,,,,,,,,,,,,,,,,,,,,,,,,,,,,,,,,,,,,,,,,,,,,,,,,,,,,,,,,,,,,,,,,,,,,,,,,,,,,,,,,,,,,,,,,,,,,,,,,,,,,,,,,,,,,,,,,,,,,,,,,,,,,,,,,,,,,,,,,,,,,,,,,,
"3636-Grecko-Dr,-Wesley-Chapel,-FL-33543","3636 Grecko Dr, Wesley Chapel, FL 33543",3636 Grecko Dr,,Wesley Chapel,FL,12,33543,Pasco,101,28.210263,-82.270887,Single Family,3,2.0,1528,Active,2055,Standard,2026-09-20T00:00:00.000Z,,2026-05-22T00:00:00.000Z,2026-09-20T03:08:35.674Z,1,Pasco,Wesley Chapel,Rental Listing,2055,Standard,2026-09-20T00:00:00.000Z,,1,,,,,,,,,,,,,,,,,,,,,,,,,,,,,,,,,,,,,,,,,,,,,,,,,,,,,,,,,,,,,,,,,,,,,,,,,,,,,,,,,,,,,,,,,,,,,,,,,,,,Rental Listing,2140.0,Standard,2026-08-26T00:00:00.000Z,2026-08-27T00:00:00.000Z,1.0,,,,,,,,,,,,,Rental Listing,2085.0,Standard,2026-08-14T00:00:00.000Z,2026-08-15T00:00:00.000Z,1.0,,,,,,,Rental Listing,2120.0,Standard,2026-09-06T00:00:00.000Z,2026-09-07T00:00:00.000Z,1.0,,,,,,,,,,,,,,,,,,,,,,,,,,,,,,,,,,,,,,,,,,,,,,,,,,,,,,,,,,,,,,,,,,,,,,,,,,,,,,,,,,,,,,,,,,,,,,,,,,,,,,,,,,,,,,,,,,,,,,,,,,,,,,,,,,,,,,,,,,,,,,,,,,,,,,,,,,,,,,,,,,,,,,,,,,,,,,,,,,,,,,,,,,,,,,,,,,,,,,,,,,,,,,,,,,,,,,,,,,,,,,,,,,,,,,,,,,,,,,,,,,,,,,,,,,,,,,,,,,,,,,,,,,,,,,,,,,,,,,,,,,,,,,,,,,,,,,,,,,,,,,,,,,,,,,,,,,,,,,
"33839-Coddle-Ct,-Wesley-Chapel,-FL-33543","33839 Coddle Ct, Wesley Chapel, FL 33543",33839 Coddle Ct,,Wesley Chapel,FL,12,33543,Pasco,101,28.209017,-82.256394,Single Family,3,2.0,1620,Active,2270,Standard,2026-09-20T00:00:00.000Z,,2021-10-20T00:18:31.248Z,2026-09-20T03:08:35.672Z,1,Pasco,Wesley Chapel,Rental Listing,2270,Standard,2026-09-20T00:00:00.000Z,,1,,,,,,,,,,,,,,,,Rental Listing,2315.0,Standard,2026-09-11T00:00:00.000Z,2026-09-12T00:00:00.000Z,1.0,,,,,,,,,,,,,,,,,,,,,,,,,,,,,,,,,,,,,,,,,,,,,,,,,,,,,,,,,,,,,,,,,,,,,,,,,,,,,,,,,,,,,,,,,,,,,,,,,,,,,,,,,,,,,,,,,,,,,,,,,,,,,,,,,,,,,,,,,,,,,,,,,,,,,,,,,,,,,,,,,,,,,,,,,,,,,,,,,,,,,,,,,,,,,,,,,,,,,,,,,,,,,,,,,,,,,,,,,,,,,,,,,,,,,,,,,,,,,,,,,,,,,,,,,,,,,,,,,,,,,,,,,,,,,,,,,,,,,,,,,,,,,,,,,,,,,,,,,,,,,,,,,,,,,,,,,,,,,,,,,,,,,,,,,,,,,,,,,,,,,,,,,,,,,,,,,,,,,,,,,,,,,,,,,,,,,,,,,,,,,,,,,,,,,,,,,,,,,,,,,,,,,,,,,,,,,,,,,,,,,,,,,,,,,,,,
"4321-Highcroft-Dr,-Wesley-Chapel,-FL-33545","4321 Highcroft Dr, Wesley Chapel, FL 33545",4321 Highcroft Dr,,Wesley Chapel,FL,12,33545,Pasco,101,28.220222,-82.257939,Single Family,5,3.0,2963,Active,2795,Standard,2026-09-20T00:00:00.000Z,,2022-10-19T02:48:03.732Z,2026-09-20T03:08:35.671Z,1,Pasco,Wesley Chapel,Rental Listing,2795,Standard,2026-09-20T00:00:00.000Z,,1,,,,,,,,,,,,,,,,,,,,,,,,,,,,,,,,,,,,,,,,,,,,,,,,,,,,,,,,,,,,,,,,,,,,,,,,,,,,,,,,,,,,,,,,,,,,,,,,,,,,,,,,,,,,,,,,,,,,,,,,,,,,,,,,,,,,,,,,Rental Listing,2495.0,Standard,2025-02-23T00:00:00.000Z,2025-02-24T00:00:00.000Z,1.0,Rental Listing,2495.0,Standard,2025-02-28T00:00:00.000Z,2025-03-01T00:00:00.000Z,1.0,,,,,,,,,,,,,,,,,,,,,,,,,,,,,,,,,,,,,,,,,,,,,,,,,,,,,,,,,,,,,,,,,,,,,,,,,,,,,,,,,,,,,,,,,,,,,,,,,,,,,,,,,,,,,,,,,,,,,,,,,,,,,,,,,,,,,,,,,,,,,,,,,,,,,,,,,,,,,,,,,,,,,,,,,,,,,,,,,,,,,,,,,,,,,,,,,,,,,,,,,,,,,,,,,,,,,,,,,,,,,,,,,,,,,,,,,,,,,,,,,,,,,,,,,,,,,,,,,,,,,,,,,,,,,,,,,,,,,,,,,,,,,,,,,,,,,,,,,,,,,,,,,,
"28546-Tall-Grass-Dr,-Wesley-Chapel,-FL-33543","28546 Tall Grass Dr, Wesley Chapel, FL 33543",28546 Tall Grass Dr,,Wesley Chapel,FL,12,33543,Pasco,101,28.171462,-82.343946,Single Family,3,2.0,1626,Active,2175,Standard,2026-09-20T00:00:00.000Z,,2026-06-13T00:00:00.000Z,2026-09-20T03:08:35.667Z,1,Pasco,Wesley Chapel,Rental Listing,2175,Standard,2026-09-20T00:00:00.000Z,,1,,,,,,,,,,,,,,,,,,,,,,,,,,,,,,,,,,,,,,,,,,,,,,,,,,,,,,,,,,,,,,,,,,,,,,,,,,,,,,,,,,,,,,,,,,,,,,,,,,,,,,,,,,,,,,,,,,,,,,,,,,,,,,,,,,,,,,,,,,,,,,,,,,,,,,,,,,,,,,,,,,,,,,,,,,,,,,,,,,,,,,,,,,,,,,,,,,,,,,,,,,,,,,,,,,,,,,,,,,,,,,,,,,,,,,,,,,,,,,,,,,,,,,,,,,,,,,,,,,,,,,,,,,,,,,,,,,,,,,,,,,,,,,,,,,,,,,,,,,,,,,,,,,,,,,,,,,,,,,,,,,,,,,,,,,,,,,,,,,,,,,,,,,,,,,,,,,,,,,,,,,,,,,,,,,,,,,,,,,,,,,,,,,,,,,,,,,,,,,,,,,,,,,,,,,,,,,,,,,,,,,,,,,,,,,,,,,,,,,,,,,,,,,,,,,,,,
"34335-Lodge-Dr,-Wesley-Chapel,-FL-33543","34335 Lodge Dr, Wesley Chapel, FL 33543",34335 Lodge Dr,,Wesley Chapel,FL,12,33543,Pasco,101,28.201079,-82.248291,Single Family,3,2.0,1456,Active,1700,Standard,2026-09-20T00:00:00.000Z,,2024-04-09T00:00:00.000Z,2026-09-20T03:08:35.663Z,1,Pasco,Wesley Chapel,Rental Listing,1700,Standard,2026-09-20T00:00:00.000Z,,1,,,,,,,,,,,,,,,,,,,,,,,,,,,,,,,,,,,,,,,,,,,,,,,,,,,,,,,,,,,,,,,,,,,,,,,,,,,,,,,,,,,,,,,,,,,,,,,,,,,,,,,,,,,,,,,,,,,,,,,,,,,,,,,,,,,,,,,,,,,,,,,,,,,,,,,,,,,,,,,,,,,,,,,,,,,,,,,,,,,,,,,,,,,,,,,,,,,,,,,,,,,,,,,,,,,,,,,,,,,,,,,,,,,,,,,,,,,,,,,,,,,,,,,,,,,,,,,,,,,,,,,,,,,,,,,,,,,,,,,,,,,,,,,,,,,,,,,,,,,,,,,,,,,,,,,,,,,,,,,,,,,,,,,,,,,,,,,,,,,,,,,,,,,,,,,,,,,,,,,,,,,,,,,,,,,,,,,,,,,,,,,,,,,,,,,,,,,,,,,,,,,,,,,,,,,,,,,,,,,,,,,,,,,,,,,,,,,,,,,,,,,,,,,,,,,,,
"29942-Morningmist-Dr,-Wesley-Chapel,-FL-33543","29942 Morningmist Dr, Wesley Chapel, FL 33543",29942 Morningmist Dr,,Wesley Chapel,FL,12,33543,Pasco,101,28.183667,-82.32279,Single Family,4,2.0,1665,Active,2350,Standard,2026-09-20T00:00:00.000Z,,2020-01-13T18:46:26.001Z,2026-09-20T03:08:35.647Z,1,Pasco,Wesley Chapel,Rental Listing,2350,Standard,2026-09-20T00:00:00.000Z,,1,,,,,,,,,,,,,6534.0,1998.0,,,,,,,,,,,,,,,,,,,,,,,,,,,,,,,,,,,,,,,,,,,,,,,,,,,,,,,,,,,,,,,,,,,,,,,,,,,,,,,,,,,,,,,,,,,,,,,,,,,,,,,,,,,,,,,,,,,,,,,,,,,,,,,,,,,,,,,,,,,,,,,,,,,,,,,,,,,,,,,,,,,,,,,,,,,,,,,,,,,,,,,,,,,,,,,,,,,,,,,,,,,,,,,,,,,,,,,,,,,,,,,,,,,,,,,,,,,,,,,,,,,,,,,,,,,,,,,,,,,,,,,,,,,,,,,,,,,,,,,,,,,,,,,,,,,,,,,,,,,,,,,,,,,,,,,,,,,,,,,,,,,,,,,,,,,,,,,,,,,,,,,,,,,,,,,,,,,,,,,,,,,,,,,,,,,,,,,,,,,,,,,,,,,,,,,,,,,,,,,,,,,,,,,,,,,,,,,,,,,,,,,,,,,,,,,,,,,,,,,
"7726-Bulls-Head-Dr,-Wesley-Chapel,-FL-33545","7726 Bulls Head Dr, Wesley Chapel, FL 33545",7726 Bulls Head Dr,,Wesley Chapel,FL,12,33545,Pasco,101,28.269927,-82.306525,Single Family,5,3.0,3393,Active,2705,Standard,2026-09-20T00:00:00.000Z,,2022-10-21T02:13:21.768Z,2026-09-20T03:08:35.644Z,1,Pasco,Wesley Chapel,Rental Listing,2705,Standard,2026-09-20T00:00:00.000Z,,1,,,,,,,,,,,,,,,,,,,,,,,,,,,,,,,,,,,,,,,,,,,,,,,,,,,,,,,,,,,,,,,,,,,,,,,,,,,,,,,,,,,,,,,,,,,,,,,,,,,,,,,,,,,,,,,,,,,,,,,,,,,,,,,,,,,,,,,,,,,,,,,,,,,,Rental Listing,3195.0,Standard,2025-01-22T00:00:00.000Z,2025-05-10T00:00:00.000Z,108.0,Rental Listing,4880.0,Standard,2026-04-24T00:00:00.000Z,2026-04-25T00:00:00.000Z,1.0,Rental Listing,2940.0,Standard,2026-08-04T00:00:00.000Z,2026-08-05T00:00:00.000Z,1.0,,,,,,,,,,,,,,,,,,,,,,,,,,,,,,,,,,,,,,,,,,,,,,,,,,,,,,,,,,,,,,,,,,,,,,,,,,,,,,,,,,,,,,,,,,,,,,,,,,,,,,,,,,,,,,,,,,,,,,,,,,,,,,,,,,,,,,,,,,,,,,,,,,,,,,,,,,,,,,,,,,,,,,,,,,,,,,,,,,,,,,,,,,,,,,,,,,,,,,,,,,,,,,,,,,,,,,,,,,,,,,,,,,,,,,,,,,,,,,,,,,,,,,,,,,,,,,,,,,,,,,,,,,,,,,,,,,,,,,,,,,,,,,,,
"5211-Avalon-Park-Blvd,---1,-Wesley-Chapel,-FL-33545","5211 Avalon Park Blvd, # 1, Wesley Chapel, FL 33545",5211 Avalon Park Blvd,# 1,Wesley Chapel,FL,12,33545,Pasco,101,28.232203,-82.270508,Townhouse,3,2.5,1820,Active,2300,Standard,2026-09-20T00:00:00.000Z,,2026-09-15T00:00:00.000Z,2026-09-20T03:08:35.641Z,1,Pasco,Wesley Chapel,Rental Listing,2300,Standard,2026-09-20T00:00:00.000Z,,1,,,,,,,,,,,,,,,,,,,,,,,,,,,,,,,,,,,,,,,,,,,,,,,,,,,,,,,,,,,,,,,,,,,,,,,,,,,,,,,,,,,,,,,,,,,,,,,,,,,,,,,,,,,,,,,,,,,,,,,,,,,,,,,,,,,,,,,,,,,,,,,,,,,,,,,,,,,,,,,,,,,,,,,,,,,,,,,,,,,,,,,,,,,,,,,,,,,,,,,,,,,,,,,,,,,,,,,,,,,,,,,,,,,,,,,,,,,,,,,,,,,,,,,,,,,,,,,,,,,,,,,,,,,,,,,,,,,,,,,,,,,,,,,,,,,,,,,,,,,,,,,,,,,,,,,,,,,,,,,,,,,,,,,,,,,,,,,,,,,,,,,,,,,,,,,,,,,,,,,,,,,,,,,,,,,,,,,,,,,,,,,,,,,,,,,,,,,,,,,,,,,,,,,,,,,,,,,,,,,,,,,,,,,,,,,,,,,,,,,,,,,,,,,,,,,,,
"34010-Sorrel-Mint-Dr,-Wesley-Chapel,-FL-33543","34010 Sorrel Mint Dr, Wesley Chapel, FL 33543",34010 Sorrel Mint Dr,,Wesley Chapel,FL,12,33543,Pasco,101,28.19895,-82.25259,Single Family,4,2.0,1498,Active,2095,Standard,2026-09-20T00:00:00.000Z,,2021-07-10T00:40:50.834Z,2026-09-20T03:08:35.638Z,1,Pasco,Wesley Chapel,Rental Listing,2095,Standard,2026-09-20T00:00:00.000Z,,1,,,,,,,,,,,,,,,,,,,,,,,,,,,,,,,,,,,,,,,,,,,,,,,,,,,,,,,,,,,,,,,,,,,,,,,,,,,,,,,,,,,,,,,,,,,,,,,,,,,,,,,,,,,,,,,,,,,,,,,,,,,,,,,,,,,,,,,,,,,,,,,,,,,,,,,,,,,,,,,,,,,,,,,,,,,,,,,,,,,,,,,,,,,,,,,,,,,,,,,,,,,,,,,,,,,,,,,,,,,,,,,,,,,,,,,,,,,,,,,,,,,,,,,,,,,,,,,,,,,,,,,,,,,,,,,,,,,,,,,,,,,,,,,,,,,,,,,,,,,,,,,,,,,,,,,,,,,,,,,,,,,,,,,,,,,,,,,,,,,,,,,,,,,,,,,,,,,,,,,,,,,,,,,,,,,,,,,,,,,,,,,,,,,,,,,,,,,,,,,,,,,,,,,,,,,,,,,,,,,,,,,,,,,,,,,,,,,,,,,,,,,,,,,,,,,,,
"4645-Butler-National-Dr,-Wesley-Chapel,-FL-33543","4645 Butler National Dr, Wesley Chapel, FL 33543",4645 Butler National Dr,,Wesley Chapel,FL,12,33543,Pasco,101,28.224724,-82.31769,Single Family,3,3.0,2507,Active,2900,Standard,2026-09-20T00:00:00.000Z,,2025-08-14T00:00:00.000Z,2026-09-20T03:08:35.638Z,1,Pasco,Wesley Chapel,Rental Listing,2900,Standard,2026-09-20T00:00:00.000Z,,1,,,,,,,,,,,,,3775.0,2017.0,,,,,,,,,,,,,,,,,,,,,,,,,,,,,,,,,,,,,,,,,,,,,,,,,,,,,,,,,,,,,,,,,,,,,,,,,,,,,,,,,,,,,,,,,,,,,,,,,,,,,,,,,,,,,,,,,,,,,,,,,,,,,,,,,,,,,,,,,,,,,,,,,,,,,,,,Rental Listing,3000.0,Standard,2025-08-13T00:00:00.000Z,2025-08-29T00:00:00.000Z,16.0,,,,,,,,,,,,,,,,,,,,,,,,,,,,,,,,,,,,,,,,,,,,,,,,,,,,,,,,,,,,,,,,,,,,,,,,,,,,,,,,,,,,,,,,,,,,,,,,,,,,,,,,,,,,,,,,,,,,,,,,,,,,,,,,,,,,,,,,,,,,,,,,,,,,,,,,,,,,,,,,,,,,,,,,,,,,,,,,,,,,,,,,,,,,,,,,,,,,,,,,,,,,,,,,,,,,,,,,,,,,,,,,,,,,,,,,,,,,,,,,,,,,,,,,,,,,,,,,,,,,,,,,,,,,,,,,,,,,,,,,,,
"4944-Cactus-Needle-Ln,-Wesley-Chapel,-FL-33544","4944 Cactus Needle Ln, Wesley Chapel, FL 33544",4944 Cactus Needle Ln,,Wesley Chapel,FL,12,33544,Pasco,101,28.229334,-82.360881,Townhouse,3,2.5,1534,Active,1825,Standard,2026-09-20T00:00:00.000Z,,2026-08-09T00:00:00.000Z,2026-09-20T03:08:35.633Z,1,Pasco,Wesley Chapel,Rental Listing,1825,Standard,2026-09-20T00:00:00.000Z,,1,,,,,,,,,,,,,,,,,,,,,,,,,,,,,,,,,,,,,,,,,,,,,,,,,,,,,,,,,,,,,,,,,,,,,,,,,,,,,,,,,,,,,,,,,,,,,,,,,,,,,,,,,,,,,,,,,,,,,,,,,,,,,,,,,,,,,,,,,,,,,,,,,,,,,,,,,,,,,,,,,,,,,,,,,,,,,,,,,,,,,,,,,,,,,,,,,,,,,,,,,,,,,,,,,,,,,,,,,,,,,,,,,,,,,,,,,,,,,,,,,,,,,,,,,,,,,,,,,,,,,,,,,,,,,,,,,,,,,,,,,,,,,,,,,,,,,,,,,,,,,,,,,,,,,,,,,,,,,,,,,,,,,,,,,,,,,,,,,,,,,,,,,,,,,,,,,,,,,,,,,,,,,,,,,,,,,,,,,,,,,,,,,,,,,,,,,,,,,,,,,,,,,,,,,,,,,,,,,,,,,,,,,,,,,,,,,,,,,,,,,,,,,,,,,,,,,
"6047-White-Sails-Dr,-Wesley-Chapel,-FL-33545","6047 White Sails Dr, Wesley Chapel, FL 33545",6047 White Sails Dr,,Wesley Chapel,FL,12,33545,Pasco,101,28.245269,-82.341959,Single Family,3,2.0,1112,Active,2050,Standard,2026-09-20T00:00:00.000Z,,2019-04-15T03:18:48.776Z,2026-09-20T03:08:35.629Z,1,Pasco,Wesley Chapel,Rental Listing,2050,Standard,2026-09-20T00:00:00.000Z,,1,,,,,,,,,,,,,3654.0,2002.0,,,,,,,,,,,,,,,,,,,,,,,,,,,,,,,,,,,,,,,,,,,,,,,,,,,,,,,,,,,,,,,,,,,,,,,,,,,,,,,,,,,,,,,,,,,,,,,,,,,,,,,,,,,,,,,,,,,,,,,,,,,,,,,,,,,,,,,,,,,,,,,,,,,,,,,,,,,,,,Rental Listing,1795.0,Standard,2025-04-29T00:00:00.000Z,2025-08-16T00:00:00.000Z,109.0,,,,,,,,,,,,,,,,,,,,,,,,,,,,,,,,,,,,,,,,,,,,,,,,,,,,,,,,,,,,,,,,,,,,,,,,,,,,,,,,,,,,,,,,,,,,,,,,,,,,,,,,,,,,,,,,,,,,,,,,,,,,,,,,,,,,,,,,,,,,,,,,,,,,,,,,,,,,,,,,,,,,,,,,,,,,,,,,,,,,,,,,,,,,,,,,,,,,,,,,,,,,,,,,,,,,,,,,,,,,,,,,,,,,,,,,,,,,,,,,,,,,,,,,,,,,,,,,,,,,,,,,,,,,,,,,,,,,
"3874-Fraccareta-Way,-Wesley-Chapel,-FL-33543","3874 Fraccareta Way, Wesley Chapel, FL 33543",3874 Fraccareta Way,,Wesley Chapel,FL,12,33543,Pasco,101,28.21316,-82.320847,Single Family,3,2.0,1976,Active,2749,Standard,2026-09-20T00:00:00.000Z,,2026-09-11T00:00:00.000Z,2026-09-20T03:08:35.628Z,1,Pasco,Wesley Chapel,Rental Listing,2749,Standard,2026-09-20T00:00:00.000Z,,1,,,,,,,,,,,,,,,,,,,,,,,,,,,,,,,,,,,,,,,,,,,,,,,,,,,,,,,,,,,,,,,,,,,,,,,,,,,,,,,,,,,,,,,,,,,,,,,,,,,,,,,,,,,,,,,,,,,,,,,,,,,,,,,,,,,,,,,,,,,,,,,,,,,,,,,,,,,,,,,,,,,,,,,,,,,,,,,,,,,,,,,,,,,,,,,,,,,,,,,,,,,,,,,,,,,,,,,,,,,,,,,,,,,,,,,,,,,,,,,,,,,,,,,,,,,,,,,,,,,,,,,,,,,,,,,,,,,,,,,,,,,,,,,,,,,,,,,,,,,,,,,,,,,,,,,,,,,,,,,,,,,,,,,,,,,,,,,,,,,,,,,,,,,,,,,,,,,,,,,,,,,,,,,,,,,,,,,,,,,,,,,,,,,,,,,,,,,,,,,,,,,,,,,,,,,,,,,,,,,,,,,,,,,,,,,,,,,,,,,,,,,,,,,,,,,,,
"3922-Washburn-Pl,-Wesley-Chapel,-FL-33543","3922 Washburn Pl, Wesley Chapel, FL 33543",3922 Washburn Pl,,Wesley Chapel,FL,12,33543,Pasco,101,28.214104,-82.30303,Single Family,3,2.0,1622,Active,2050,Standard,2026-09-20T00:00:00.000Z,,2022-12-09T00:03:51.634Z,2026-09-20T03:08:35.625Z,1,Pasco,Wesley Chapel,Rental Listing,2050,Standard,2026-09-20T00:00:00.000Z,,1,,,,,,,,,,,,,5500.0,2006.0,,,,,,,,,,,,,,,,,,,,,,,,,,,,,,,,,,,,,,,,,,,,,,,,,,,,,,,,,,,,,,,,,,,,,,,,,,,,,,,,,,,,,,,,,,,,,,,,,,,,,,,,,,,,,,,,,,,,,,,,,,,,,,,,,,,,,,,,,,,,,,,,,,Rental Listing,2200.0,Standard,2026-08-04T00:00:00.000Z,2026-08-05T00:00:00.000Z,1.0,,,,,,,,,,,,,,,,,,,,,,,,,,,,,,,,,,,,,,,,,,,,,,,,,,,,,,,,,,,,,,,,,,,,,,,,,,,,,,,,,,,,,,,,,,,,,,,,,,,,,,,,,,,,,,,,,,,,,,,,,,,,,,,,,,,,,,,,,,,,,,,,,,,,,,,,,,,,,,,,,,,,,,,,,,,,,,,,,,,,,,,,,,,,,,,,,,,,,,,,,,,,,,,,,,,,,,,,,,,,,,,,,,,,,,,,,,,,,,,,,,,,,,,,,,,,,,,,,,,,,,,,,,,,,,,,,,,,,,,,,,,,,,,,
"4904-Cactus-Needle-Ln,-Wesley-Chapel,-FL-33544","4904 Cactus Needle Ln, Wesley Chapel, FL 33544",4904 Cactus Needle Ln,,Wesley Chapel,FL,12,33544,Pasco,101,28.228339,-82.361632,Townhouse,3,3.0,1686,Active,1925,Standard,2026-09-20T00:00:00.000Z,,2026-08-28T00:00:00.000Z,2026-09-20T03:08:35.625Z,1,Pasco,Wesley Chapel,Rental Listing,1925,Standard,2026-09-20T00:00:00.000Z,,1,,,,,,,,,,,,,,,,,,,,,,,,,,,,,,,,,,,,,,,,,,,,,,,,,,,,,,,,,,,,,,,,,,,,,,,,,,,,,,,,,,,,,,,,,,,,,,,,,,,,,,,,,,,,,,,,,,,,,,,,,,,,,,,,,,,,,,,,,,,,,,,,,,,,,,,,,,,,,,,,,,,,,,,,,,,,,,,,,,,,,,,,,,,,,,,,,,,,,,,,,,,,,,,,,,,,,,,,,,,,,,,,,,,,,,,,,,,,,,,,,,,,,,,,,,,,,,,,,,,,,,,,,,,,,,,,,,,,,,,,,,,,,,,,,,,,,,,,,,,,,,,,,,,,,,,,,,,,,,,,,,,,,,,,,,,,,,,,,,,,,,,,,,,,,,,,,,,,,,,,,,,,,,,,,,,,,,,,,,,,,,,,,,,,,,,,,,,,,,,,,,,,,,,,,,,,,,,,,,,,,,,,,,,,,,,,,,,,,,,,,,,,,,,,,,,,,
"31825-Lily-Arbor-Way,-Wesley-Chapel,-FL-33545","31825 Lily Arbor Way, Wesley Chapel, FL 33545",31825 Lily Arbor Way,,Wesley Chapel,FL,12,33545,Pasco,101,28.27873,-82.290042,Single Family,4,2.0,2155,Active,2600,Standard,2026-09-20T00:00:00.000Z,,2024-07-02T00:00:00.000Z,2026-09-20T03:08:35.617Z,1,Pasco,Wesley Chapel,Rental Listing,2600,Standard,2026-09-20T00:00:00.000Z,,1,,,,,,,,,,,,,6100.0,2022.0,,,,,,,,,,,,,,,,,,,,,,,,,,,,,,,,,,,,,,,,,,,,,,,,,,,,,,,,,,,,,,,,,,,,,,,,,,,,,,,,,,,,,,,,,,,,,,,,,,,,,,,,,,,,,,,,,,,,,,,,,,,,,,,,,,,,,,,,,,,,,,,,,,,,,,,,,,,,,,,,,,,,Rental Listing,2545.0,Standard,2025-04-04T00:00:00.000Z,2025-04-05T00:00:00.000Z,1.0,Rental Listing,2600.0,Standard,2026-04-21T00:00:00.000Z,2026-04-22T00:00:00.000Z,1.0,Rental Listing,2600.0,Standard,2026-05-19T00:00:00.000Z,2026-05-20T00:00:00.000Z,1.0,Rental Listing,2600.0,Standard,2026-06-04T00:00:00.000Z,2026-06-05T00:00:00.000Z,1.0,Rental Listing,2600.0,Standard,2026-06-26T00:00:00.000Z,2026-06-27T00:00:00.000Z,1.0,,,,,,,,,,,,,,,,,,,,,,,,,,,,,,,,,,,,,,,,,,,,,,,,,,,,,,,,,,,,,,,,,,,,,,,,,,,,,,,,,,,,,,,,,,,,,,,,,,,,,,,,,,,,,,,,,,,,,,,,,,,,,,,,,,,,,,,,,,,,,,,,,,,,,,,,,,,,,,,,,,,,,,,,,,,,,,,,,,,,,,,,,,,,,,,,,,,,,,,,,,,,,,,,,,,,,,,,,,,,,,,,,,,,,,,,,,,,,,,,,,,,,,
"1637-Maximilian-Dr,-Wesley-Chapel,-FL-33543","1637 Maximilian Dr, Wesley Chapel, FL 33543",1637 Maximilian Dr,,Wesley Chapel,FL,12,33543,Pasco,101,28.180707,-82.333187,Single Family,3,2.0,1850,Active,2500,Standard,2026-09-20T00:00:00.000Z,,2026-07-23T00:00:00.000Z,2026-09-20T03:04:54.253Z,1,Pasco,Wesley Chapel,Rental Listing,2500,Standard,2026-09-20T00:00:00.000Z,,1,,,,,,,,,,,,,,,,,,,,,,,,,,,,,,,,,,,,,,,,,,,,,,,,,,,,,,,,,,,,,,,,,,,,,,,,,,,,,,,,,,,,,,,,,,,,,,,,,,,,,,,,,,,,,,,,,,,,,,,,,,,,,,,,,,,,,,,,,,,,,,,,,,,,,,,,,,,,,,,,,,,,,,,,,,,,,,,,,,,,,,,,,,,,,,,,,,,,,,,,,,,,,,,,,,,,,,,,,,,,,,,,,,,,,,,,,,,,,,,,,,,,,,,,,,,,,,,,,,,,,,,,,,,,,,,,,,,,,,,,,,,,,,,,,,,,,,,,,,,,,,,,,,,,,,,,,,,,,,,,,,,,,,,,,,,,,,,,,,,,,,,,,,,,,,,,,,,,,,,,,,,,,,,,,,,,,,,,,,,,,,,,,,,,,,,,,,,,,,,,,,,,,,,,,,,,,,,,,,,,,,,,,,,,,,,,,,,,,,,,,,,,,,,,,,,,,
"32510-Harmony-Oaks-Dr,-Wesley-Chapel,-FL-33545","32510 Harmony Oaks Dr, Wesley Chapel, FL 33545",32510 Harmony Oaks Dr,,Wesley Chapel,FL,12,33545,Pasco,101,28.229868,-82.278178,Single Family,4,2.0,2161,Active,2649,Standard,2026-09-20T00:00:00.000Z,,2021-07-21T01:20:30.798Z,2026-09-20T03:04:54.248Z,1,Pasco,Wesley Chapel,Rental Listing,2649,Standard,2026-09-20T00:00:00.000Z,,1,,,,,,,,,,,,,,,,,,,,,,,,,,,,,,,,,,,,,,,,,,,,,,,,,,,,,,,,,,,,,,,,,,,,,,,,,,,,,,,,,,,,,,,,,,,,,,,,,,,,,,,,,,,,,,,,,,,,,,,,,,,,,,,,,,,,,,,,,,,,,,,,,,,,,,,,,,,,,,,,,,,,,,,,,,,,,,,,,,,,,,,,,,,,,,,,,,,,,,,,,,,,,,,,,,,,,,,,,,,,,,,,,,,,,,,,,,,,,,,,,,,,,,,,,,,,,,,,,,,,,,,,,,,,,,,,,,,,,,,,,,,,,,,,,,,,,,,,,,,,,,,,,,,,,,,,,,,,,,,,,,,,,,,,,,,,,,,,,,,,,,,,,,,,,,,,,,,,,,,,,,,,,,,,,,,,,,,,,,,,,,,,,,,,,,,,,,,,,,,,,,,,,,,,,,,,,,,,,,,,,,,,,,,,,,,,,,,,,,,,,,,,,,,,,,,,,
"9351-Beaufort-Ct,-New-Port-Richey,-FL-34654","9351 Beaufort Ct, New Port Richey, FL 34654",9351 Beaufort Ct,,New Port Richey,FL,12,34654,Pasco,101,28.293661,-82.619407,Single Family,3,2.0,1819,Active,2065,Standard,2026-09-20T00:00:00.000Z,,2026-07-10T00:00:00.000Z,2026-09-20T03:08:35.681Z,1,Pasco,New Port Richey,Rental Listing,2065,Standard,2026-09-20T00:00:00.000Z,,1,,,,,,,,,,,,,,,,,,,,,,,,,,,,,,,,,,,,,,,,,,,,,,,,,,,,,,,,,,,,,,,,,,,,,,,,,,,,,,,,,,,,,,,,,,,,,,,,,,,,,,,,,,,,,,,,,,,,,,,,,,,,,,,,,,,,,,,,,,,,,,,,,,,,,,,,,,,,,,,,,,,,,,,,,,,,,,,,,,,,,,,,,,,,,,,,,,,,,,,,,,,,,,,,,,,,,,,,,,,,,,,,,,,,,,,,,,,,,,,,,,,,,,,,,,,,,,,,,,,,,,,,,,,,,,,,,,,,,,,,,,,,,,,,,,,,,,,,,,,,,,,,,,,,,,,,,,,,,,,,,,,,,,,,,,,,,,,,,,,,,,,,,,,,,,,,,,,,,,,,,,,,,,,,,,,,,,,,,,,,,,,,,,,,,,,,,,,,,,,,,,,,,,,,,,,,,,,,,,,,,,,,,,,,,,,,,,,,,,,,,,,,,,,,,,,,,
"4148-Savage-Station-Cir,-New-Port-Richey,-FL-34653","4148 Savage Station Cir, New Port Richey, FL 34653",4148 Savage Station Cir,,New Port Richey,FL,12,34653,Pasco,101,28.21994,-82.695147,Single Family,3,2.5,1783,Active,2280,Standard,2026-09-20T00:00:00.000Z,,2020-05-31T05:23:34.680Z,2026-09-20T03:08:35.669Z,1,Pasco,New Port Richey,Rental Listing,2280,Standard,2026-09-20T00:00:00.000Z,,1,,,,,,,,,,,,,,,,Rental Listing,2280.0,Standard,2026-09-11T00:00:00.000Z,2026-09-12T00:00:00.000Z,1.0,,,,,,,,,,,,,,,,,,,,,,,,,,,,,,,,,,,,,,,,,,,,,,,,,,,,,,,,,,,,,,,,,,,,,,,,,,,,,,,,,,,,,,,,,,,,,,,,,,,,,,,,,,,,,,,,,,,,,,,,,,,,,,,,,,,,,,,,,,,,,,,,,,,,,,,,,,,,,,,,,,,,,,,,,,,,,,,,,,,,,,,,,,,,,,,,,,,,,,,,,,,,,,,,,,,,,,,,,,,,,,,,,,,,,,,,,,,,,,,,,,,,,,,,,,,,,,,,,,,,,,,,,,,,,,,,,,,,,,,,,,,,,,,,,,,,,,,,,,,,,,,,,,,,,,,,,,,,,,,,,,,,,,,,,,,,,,,,,,,,,,,,,,,,,,,,,,,,,,,,,,,,,,,,,,,,,,,,,,,,,,,,,,,,,,,,,,,,,,,,,,,,,,,,,,,,,,,,,,,,,,,,,,,,,,,,
"6220-12th-Ave,-New-Port-Richey,-FL-34653","6220 12th Ave, New Port Richey, FL 34653",6220 12th Ave,,New Port Richey,FL,12,34653,Pasco,101,28.225694,-82.711464,Single Family,2,2.0,1050,Active,3000,Standard,2026-09-20T00:00:00.000Z,,2024-03-17T00:00:00.000Z,2026-09-20T03:08:35.668Z,1,Pasco,New Port Richey,Rental Listing,3000,Standard,2026-09-20T00:00:00.000Z,,1,,,,,,,,,,,,,,,,,,,,,,,,,,,,,,,,,,,,,,,,,,,,,,,,,,,,,,,,,,,,,,,,,,,,,,,,,,,,,,,,,,,,,,,,,,,,,,,,,,,,,,,,,,,,,,,,,,,,,,,,,,,,,,,,,,,,,,,,,,,,,,,,,,,,,,,,,,,,,,,,,,,,,,,,,,,,,,,,,,,,,,,,,,,,,,,,,,,,,,,,,,,,,,,,,,,,,,,,,,,,,,,,,,,,,,,,,,,,,,,,,,,,,,,,,,,,,,,,,,,,,,,,,,,,,,,,,,,,,,,,,,,,,,,,,,,,,,,,,,,,,,,,,,,,,,,,,,,,,,,,,,,,,,,,,,,,,,,,,,,,,,,,,,,,,,,,,,,,,,,,,,,,,,,,,,,,,,,,,,,,,,,,,,,,,,,,,,,,,,,,,,,,,,,,,,,,,,,,,,,,,,,,,,,,,,,,,,,,,,,,,,,,,,,,,,,,,
"5121-Dove-Dr,-New-Port-Richey,-FL-34652","5121 Dove Dr, New Port Richey, FL 34652",5121 Dove Dr,,New Port Richey,FL,12,34652,Pasco,101,28.211828,-82.729432,Single Family,2,2.0,1248,Active,1650,Standard,2026-09-20T00:00:00.000Z,,2024-01-10T00:00:00.000Z,2026-09-20T03:08:35.651Z,1,Pasco,New Port Richey,Rental Listing,1650,Standard,2026-09-20T00:00:00.000Z,,1,,,,,,,,,,,,,5950.0,1968.0,,,,,,,,,,,,,,,,,,,,,,,,,,,,,,,,,,,,,,,,,,,,,,,,,,,,,,,,,,,,,,,,,,,,,,,,,,,,,,,,,,,,,,,,,,,,,,,,,,,,,,,,,,,,,,,,,,,,,,,,,,,,,,,,,,,,,,,,,,,,,,,,,,,,,,,,,,,,,,,,,,,,,,,,,,,,,,,,,,,,,,,,,,,,,,,,,,,,,,,,,,,,,,,,,,,,,,,,,,,,,,,,,,,,,,,,,,,,,,,,,,,,,,,,,,,,,,,,,,,,,,,,,,,,,,,,,,,,,,,,,,,,,,,,,,,,,,,,,,,,,,,,,,,,,,,,,,,,,,,,,,,,,,,,,,,,,,,,,,,,,,,,,,,,,,,,,,,,,,,,,,,,,,,,,,,,,,,,,,,,,,,,,,,,,,,,,,,,,,,,,,,,,,,,,,,,,,,,,,,,,,,,,,,,,,,,,,,,,,,
"12051-Proctor-Loop,-Apt-2,-New-Port-Richey,-FL-34654","12051 Proctor Loop, Apt 2, New Port Richey, FL 34654",12051 Proctor Loop,Apt 2,New Port Richey,FL,12,34654,Pasco,101,28.325932,-82.616274,Condo,2,1.0,1008,Active,1450,Standard,2026-09-20T00:00:00.000Z,,2023-11-29T00:00:00.000Z,2026-09-20T03:08:35.645Z,1,Pasco,New Port Richey,Rental Listing,1450,Standard,2026-09-20T00:00:00.000Z,,1,,,,,,,,,,,,,,,,,,,,,,,,,,,,,,,,,,,,,,,,,,,,,,,,,,,,,,,,,,,,,,,,,,,,,,,,,,,,,,,,,,,,,,,,,,,,,,,,,,,,,,,,,,,,,,,,,,,,,,,,,,,,,,,,,,,,,,,,,,,,,,,,,,,,,,,,,,,,,,,,,,,,,,,,,,,,,,,,,,,,,,,,,,,,,,,,,,,,,,,,,,,,,,,,Rental Listing,1450.0,Standard,2025-03-19T00:00:00.000Z,2025-03-20T00:00:00.000Z,1.0,,,,,,,,,,,,,,,,,,,,,,,,,,,,,,,,,,,,,,,,,,,,,,,,,,,,,,,,,,,,,,,,,,,,,,,,,,,,,,,,,,,,,,,,,,,,,,,,,,,,,,,,,,,,,,,,,,,,,,,,,,,,,,,,,,,,,,,,,,,,,,,,,,,,,,,,,,,,,,,,,,,,,,,,,,,,,,,,,,,,,,,,,,,,,,,,,,,,,,,,,,,,,,,,,,,,,,,,,,,,,,,,,,,,,,,,,,,,,,,,
"4609-Audrey-Ln,-New-Port-Richey,-FL-34652","4609 Audrey Ln, New Port Richey, FL 34652",4609 Audrey Ln,,New Port Richey,FL,12,34652,Pasco,101,28.225121,-82.726913,Apartment,2,1.0,750,Active,1350,Standard,2026-09-20T00:00:00.000Z,,2025-10-29T00:00:00.000Z,2026-09-20T03:08:35.644Z,1,Pasco,New Port Richey,Rental Listing,1350,Standard,2026-09-20T00:00:00.000Z,,1,,,,,,,,,,,,,,,,,,,,,,,,,,,,,,,,,,,,,,,,,,,,,,,,,,,,,,,,,,,,,,,,,,,,,,,,,,,,,,,,,,,,,,,,,,,,,,,,,,,,,,,,,,,,,,,,,,,,,,,,,,,,,,,,,,,,,,,,,,,,,,,,,,,,,,,,,,,,,,,,,,,,,,,,,,,,,,,,,,,,,,,,,,,,,,,,,,,,,,,,,,,,,,,,,,,,,,Rental Listing,1295.0,Standard,2026-01-16T00:00:00.000Z,2026-01-17T00:00:00.000Z,1.0,,,,,,,,,,,,,,,,,,,,,,,,,,,,,,,,,,,,,,,,,,,,,,,,,,,,,,,,,,,,,,,,,,,,,,,,,,,,,,,,,,,,,,,,,,,,,,,,,,,,,,,,,,,,,,,,,,,,,,,,,,,,,,,,,,,,,,,,,,,,,,,,,,,,,,,,,,,,,,,,,,,,,,,,,,,,,,,,,,,,,,,,,,,,,,,,,,,,,,,,,,,,,,,,,,,,,,,,,,,,,,,,,,,,,,,,,,
"8480-Houndstooth-Enclave-Dr,-New-Port-Richey,-FL-34655","8480 Houndstooth Enclave Dr, New Port Richey, FL 34655",8480 Houndstooth Enclave Dr,,New Port Richey,FL,12,34655,Pasco,101,28.201194,-82.674633,Single Family,3,2.5,1634,Active,2125,Standard,2026-09-20T00:00:00.000Z,,2023-03-11T00:00:00.000Z,2026-09-20T03:08:35.643Z,1,Pasco,New Port Richey,Rental Listing,2125,Standard,2026-09-20T00:00:00.000Z,,1,,,,,,,,,,,,,,,,,,,,,,,,,,,,,,,,,,,,,,,,,,,,,,,,,,,,,,,,,,,,,,,,,,,,,,,,,,,,,,,,,,,,,,,,,,,,,,,,,,,,,,,,,,,,,,,,,,,,,,,,,,,,,,,,,,,,,,,,,,,,,,,,,,,,,,,,,,,,,,,,,,,,,,,,,,,,,,,,,,,,,,,,,,,,,,,,,,,,,,,,,,,,,,,,,,,,,,,,,,,,Rental Listing,1899.0,Standard,2024-10-16T00:00:00.000Z,2024-10-17T00:00:00.000Z,1.0,,,,,,,,,,,,,,,,,,,,,,,,,,,,,,,,,,,,,,,,,,,,,,,,,,,,,,,,,,,,,,,,,,,,,,,,,,,,,,,,,,,,,,,,,,,,,,,,,,,,,,,,,,,,,,,,,,,,,,,,,,,,,,,,,,,,,,,,,,,,,,,,,,,,,,,,,,,,,,,,,,,,,,,,,,,,,,,,,,,,,,,,,,,,,,,,,,,,,,,,,,,,,,,,,,,,,,,,,,,,,,,,,,,,
"12159-Colony-Lakes-Blvd,-New-Port-Richey,-FL-34654","12159 Colony Lakes Blvd, New Port Richey, FL 34654",12159 Colony Lakes Blvd,,New Port Richey,FL,12,34654,Pasco,101,28.333761,-82.61759,Single Family,4,2.0,1968,Active,2370,Standard,2026-09-20T00:00:00.000Z,,2019-04-29T11:05:19.680Z,2026-09-20T03:08:35.642Z,1,Pasco,New Port Richey,Rental Listing,2370,Standard,2026-09-20T00:00:00.000Z,,1,,,,,,,,,,,,,,,,,,,,,,,,,,,,,,,,,,,,,,,,,,,,,,,,,,,,,,,,,,,,,,,,,,,,,,,,,,,,,,,,,,,,,,,,,,,,,,,,,,,,,,,,,,,,,,,,,,,,,,,,,,,,,,,,,,,,,,,,,,,,,,,,,,,,,,,,,,,,,,,,,,,,,,,,,,,,,,,,,,,,,,,,,,,,,,,,,,,,,,,,,,,,,,,,,,,,,,,,,,,,,,,,,,,,,,,,,,,,,,,,,,,,,,,,,,,,,,,,,,,,,,,,,,,,,,,,,,,,,,,,,,,,,,,,,,,,,,,,,,,,,,,,,,,,,,,,,,,,,,,,,,,,,,,,,,,,,,,,,,,,,,,,,,,,,,,,,,,,,,,,,,,,,,,,,,,,,,,,,,,,,,,,,,,,,,,,,,,,,,,,,,,,,,,,,,,,,,,,,,,,,,,,,,,,,,,,,,,,,,,,,,,,,,,,,,,,,
"5443-Beach-St,-New-Port-Richey,-FL-34652","5443 Beach St, New Port Richey, FL 34652",5443 Beach St,,New Port Richey,FL,12,34652,Pasco,101,28.238647,-82.71696,Apartment,2,1.0,850,Active,1395,Standard,2026-09-20T00:00:00.000Z,,2025-09-10T00:00:00.000Z,2026-09-20T03:08:35.640Z,1,Pasco,New Port Richey,Rental Listing,1395,Standard,2026-09-20T00:00:00.000Z,,1,,,,,,,,,,,,,,,,,,,,,,,,,,,,,,,,,,,,,,,,,,,,,,,,,,,,,,,,,,,,,,,,,,,,,,,,,,,,,,,,,,,,,,,,,,,,,,,,,,,,,,,,,,,,,,,,Rental Listing,1395.0,Standard,2026-08-10T00:00:00.000Z,2026-08-11T00:00:00.000Z,1.0,,,,,,,,,,,,,,,,,,,,,,,,,,,,,,,,,,,,,,,,,,,,,,,,,,,,,,,,,,,,,,,,,,,,,,,,,,,,,,,,,,,,,,,,,,,,,,,,,,,,,,,,,,,,,Rental Listing,1250.0,Standard,2025-10-08T00:00:00.000Z,2025-10-09T00:00:00.000Z,1.0,,,,,,,,,,,,,,,,,,,,,,,,,,,,,,,,,,,,,,,,,,,,,,,,,,,,,,,,,,,,,,,,,,,,,,,,,,,,,,,,,,,,,,,,,,,,,,,,,,,,,,,,,,,,,,,,,,,,,,,,,,,,,,,,,,,,,,,,,,,,,,,,,,,,,,,,,,,,,,,,,,,,,,,,,,,,,,,,,,,,,,,,,,,,,,,,,,,,,,,,,,,,,,,,,,,,,,,,,,,,,,
"5567-Sea-Forest-Dr,-Apt-324,-New-Port-Richey,-FL-34652","5567 Sea Forest Dr, Apt 324, New Port Richey, FL 34652",5567 Sea Forest Dr,Apt 324,New Port Richey,FL,12,34652,Pasco,101,28.240515,-82.734765,Condo,2,3.0,1676,Active,2300,Standard,2026-09-20T00:00:00.000Z,,2026-03-08T00:00:00.000Z,2026-09-20T03:08:35.635Z,1,Pasco,New Port Richey,Rental Listing,2300,Standard,2026-09-20T00:00:00.000Z,,1,,,,,,,,,,,,,1742.0,1992.0,,,,,,,,,,,,,,,,,,,,,,,,,,,,,,,,,,,,,,,,,,,,,,,,,,,,,,,,,,,,,,,,,,,,,,,,,,,,,,,,,,,,,,,,,,,,,,,,,,,,,,,,,,,,,,,,,,,,,,,,,,,,,,,,,,,,,,,,,,,,,,,,,,,,,,,,,,,,,,,,,,,,,,,,,,,,,,,,,,,,,,,,,,,,,,,,,,,,,,,,,,,,,,,,,,,,,,,,,,Rental Listing,2800.0,Standard,2026-03-07T00:00:00.000Z,2026-06-03T00:00:00.000Z,88.0,Rental Listing,2475.0,Standard,2026-06-05T00:00:00.000Z,2026-08-11T00:00:00.000Z,67.0,,,,,,,,,,,,,,,,,,,,,,,,,,,,,,,,,,,,,,,,,,,,,,,,,,,,,,,,,,,,,,,,,,,,,,,,,,,,,,,,,,,,,,,,,,,,,,,,,,,,,,,,,,,,,,,,,,,,,,,,,,,,,,,,,,,,,,,,,,,,,,,,,,,,,,,,,,,,,,,,,,,,,,,,,,,,,,,,,,,,,,,,,,,,,,,,,,,,,,,,,,,,,,,,,,
"4618-Audrey-Ln,-New-Port-Richey,-FL-34652","4618 Audrey Ln, New Port Richey, FL 34652",4618 Audrey Ln,,New Port Richey,FL,12,34652,Pasco,101,28.224907,-82.726746,Apartment,2,1.0,750,Active,1350,Standard,2026-09-20T00:00:00.000Z,,2026-07-25T00:00:00.000Z,2026-09-20T03:08:35.632Z,1,Pasco,New Port Richey,Rental Listing,1350,Standard,2026-09-20T00:00:00.000Z,,1,,,,,,,,,,,,,,,,,,,,,,,,,,,,,,,,,,,,,,,,,,,,,,,,,,,,,,,,,,,,,,,,,,,,,,,,,,,,,,,,,,,,,,,,,,,,,,,,,,,,,,,,,,,,,,,,,,,,,,,,,,,,,,,,,,,,,,,,,,,,,,,,,,,,,,,,,,,,,,,,,,,,,,,,,,,,,,,,,,,,,,,,,,,,,,,,,,,,,,,,,,,,,,,,,,,,,,,,,,,,,,,,,,,,,,,,,,,,,,,,,,,,,,,,,,,,,,,,,,,,,,,,,,,,,,,,,,,,,,,,,,,,,,,,,,,,,,,,,,,,,,,,,,,,,,,,,,,,,,,,,,,,,,,,,,,,,,,,,,,,,,,,,,,,,,,,,,,,,,,,,,,,,,,,,,,,,,,,,,,,,,,,,,,,,,,,,,,,,,,,,,,,,,,,,,,,,,,,,,,,,,,,,,,,,,,,,,,,,,,,,,,,,,,,,,,,,
"7109-Kirsch-Ct,-Apt-5,-New-Port-Richey,-FL-34653","7109 Kirsch Ct, Apt 5, New Port Richey, FL 34653",7109 Kirsch Ct,Apt 5,New Port Richey,FL,12,34653,Pasco,101,28.260813,-82.69719,Single Family,2,2.0,1096,Active,1299,Standard,2026-09-20T00:00:00.000Z,,2026-09-01T00:00:00.000Z,2026-09-20T03:08:35.631Z,1,Pasco,New Port Richey,Rental Listing,1299,Standard,2026-09-20T00:00:00.000Z,,1,,,,,,,,,,,,,,,,,,,,,,,,,,,,,,,,,,,,,,,,,,,,,,,,,,,,,,,,,,,,,,,,,,,,,,,,,,,,,,,,,,,,,,,,,,,,,,,,,,,,,,,,,,,,,,,,,,,,,,,,,,,,,,,,,,,,,,,,,,,,,,,,,,,,,,,,,,,,,,,,,,,,,,,,,,,,,,,,,,,,,,,,,,,,,,,,,,,,,,,,,,,,,,,,,,,,,,,,,,,,,,,,,,,,,,,,,,,,,,,,,,,,,,,,,,,,,,,,,,,,,,,,,,,,,,,,,,,,,,,,,,,,,,,,,,,,,,,,,,,,,,,,,,,,,,,,,,,,,,,,,,,,,,,,,,,,,,,,,,,,,,,,,,,,,,,,,,,,,,,,,,,,,,,,,,,,,,,,,,,,,,,,,,,,,,,,,,,,,,,,,,,,,,,,,,,,,,,,,,,,,,,,,,,,,,,,,,,,,,,,,,,,,,,,,,,,,
"5822-Congress-St,-Apt-105,-New-Port-Richey,-FL-34653","5822 Congress St, Apt 105, New Port Richey, FL 34653",5822 Congress St,Apt 105,New Port Richey,FL,12,34653,Pasco,101,28.243894,-82.70646,Condo,2,2.0,980,Active,1350,Standard,2026-09-20T00:00:00.000Z,,2026-09-11T00:00:00.000Z,2026-09-20T03:08:35.626Z,1,Pasco,New Port Richey,Rental Listing,1350,Standard,2026-09-20T00:00:00.000Z,,1,,,,,,,,,,,,,,,,,,,,,,,,,,,,,,,,,,,,,,,,,,,,,,,,,,,,,,,,,,,,,,,,,,,,,,,,,,,,,,,,,,,,,,,,,,,,,,,,,,,,,,,,,,,,,,,,,,,,,,,,,,,,,,,,,,,,,,,,,,,,,,,,,,,,,,,,,,,,,,,,,,,,,,,,,,,,,,,,,,,,,,,,,,,,,,,,,,,,,,,,,,,,,,,,,,,,,,,,,,,,,,,,,,,,,,,,,,,,,,,,,,,,,,,,,,,,,,,,,,,,,,,,,,,,,,,,,,,,,,,,,,,,,,,,,,,,,,,,,,,,,,,,,,,,,,,,,,,,,,,,,,,,,,,,,,,,,,,,,,,,,,,,,,,,,,,,,,,,,,,,,,,,,,,,,,,,,,,,,,,,,,,,,,,,,,,,,,,,,,,,,,,,,,,,,,,,,,,,,,,,,,,,,,,,,,,,,,,,,,,,,,,,,,,,,,,,,
"5800-Montana-Ave,-New-Port-Richey,-FL-34652","5800 Montana Ave, New Port Richey, FL 34652",5800 Montana Ave,,New Port Richey,FL,12,34652,Pasco,101,28.247852,-82.718691,Apartment,2,1.0,1536,Active,1150,Standard,2026-09-20T00:00:00.000Z,,2026-05-21T00:00:00.000Z,2026-09-20T03:08:35.621Z,1,Pasco,New Port Richey,Rental Listing,1150,Standard,2026-09-20T00:00:00.000Z,,1,,,,,,,,,,,,,7405.0,1979.0,,,,,,,,,,,,,,,,,,,,,,,,,,,,,,,,,,,,,,,,,,,,,,,,,,,,,,,,,,,,,,,,,,,,,,,,,,,,,,,,,,,,,,,,,,,,,,,,,,,,,,,,,,,,,,,,,,,,,,,,,,,,,,,,,,,,,,,,,,,,,,,,,,,,,,,,,,,,,,,,,,,,,,,,,,,,,,,,,,,,,,,,,,,,,,,,,,,,,,,,,,,,,,,,,,,,,,,,,,,,,,,,,,,,,,,,,,,,,,,,,,,,,,,,,,,,,,,,,,,,,,,,,,,,,,,,,,,,,,,,,,,,,,,,,,,,,,,,,,,,,,,,,,,,,,,,,,,,,,,,,,,,,,,,,,,,,,,,,,,,,,,,,,,,,,,,,,,,,,,,,,,,,,,,,,,,,,,,,,,,,,,,,,,,,,,,,,,,,,,,,,,,,,,,,,,,,,,,,,,,,,,,,,,,,,,,,,,,,,,
"2919-Westmoreland-Ct,-New-Port-Richey,-FL-34655","2919 Westmoreland Ct, New Port Richey, FL 34655",2919 Westmoreland Ct,,New Port Richey,FL,12,34655,Pasco,101,28.201571,-82.691285,Condo,2,1.0,888,Active,1325,Standard,2026-09-20T00:00:00.000Z,,2020-04-18T01:23:59.553Z,2026-09-20T03:08:35.620Z,1,Pasco,New Port Richey,Rental Listing,1325,Standard,2026-09-20T00:00:00.000Z,,1,,,,,,,,,,,,,2448.0,1980.0,,,,,,,,,,,,,,,,,,,,,,,,,,,,,,,,,,,,,,,,,,,,,,,,,,,,,,,,,,,,,,,,,,,,,,,,,,,,,,,,,,,,,,,,,,,,,,,,,,,,,,,,,,,,,,,,,,,,,,,,,,,,,,,,,,,,,,,,,,,,,,,,,,,,,,,,,,,,,,,,,,,,,,,,,,,,,,,,,,,,,,,,,,,,,,,,,,,,,,,,,,,,,,,,,,,,,,,,,,,,,,,,,,,,,,,,,,,,,,,,,,,,,,,,,,,,,,,,,,,,,,,,,,,,,,,,,,,,,,,,,,,,,,,,,,,,,,,,,,,,,,,,,,,,,,,,,,,,,,,,,,,,,,,,,,,,,,,,,,,,,,,,,,,,,,,,,,,,,,,,,,,,,,,,,,,,,,,,,,,,,,,,,,,,,,,,,,,,,,,,,,,,,,,,,,,,,,,,,,,,,,,,,,,,,,,,,,,,,,,
"5525-Wahoo-Ct,-New-Port-Richey,-FL-34652","5525 Wahoo Ct, New Port Richey, FL 34652",5525 Wahoo Ct,,New Port Richey,FL,12,34652,Pasco,101,28.239613,-82.732902,Townhouse,3,3.0,1607,Active,2100,Standard,2026-09-20T00:00:00.000Z,,2022-09-22T02:16:19.530Z,2026-09-20T03:08:35.620Z,1,Pasco,New Port Richey,Rental Listing,2100,Standard,2026-09-20T00:00:00.000Z,,1,,,,,,,,,,,,,1227.0,2022.0,,,,,,,,,,,,,,,,,,,,,,,,,,,,,,,,,,,,,,,,,,,,,,,,,,,,,,,,,,,,,,,,,,,,Rental Listing,2100.0,Standard,2026-03-14T00:00:00.000Z,2026-03-15T00:00:00.000Z,1.0,,,,,,,,,,,,,,,,,,,,,,,,,,,,,,,,,,,,,,,,,,,,,,,,,,,,,,,,,,,,,,,,,,,,,,,,,,,,,,,,,,,,,,,,,,,,,,,,,,,,,,,,,,,,,,,,,,,,,,,,,,,,,,,,,,,,,,,,,,,,,,,,,,,,,,,,,,,,,Rental Listing,1800.0,Standard,2025-03-25T00:00:00.000Z,2025-03-26T00:00:00.000Z,1.0,Rental Listing,2100.0,Standard,2025-07-12T00:00:00.000Z,2025-07-13T00:00:00.000Z,1.0,Rental Listing,2100.0,Standard,2025-10-04T00:00:00.000Z,2025-10-05T00:00:00.000Z,1.0,Rental Listing,2100.0,Standard,2025-11-05T00:00:00.000Z,2025-11-06T00:00:00.000Z,1.0,Rental Listing,2100.0,Standard,2025-12-20T00:00:00.000Z,2025-12-21T00:00:00.000Z,1.0,Rental Listing,2100.0,Standard,2026-01-07T00:00:00.000Z,2026-01-08T00:00:00.000Z,1.0,Rental Listing,2100.0,Standard,2026-02-08T00:00:00.000Z,2026-02-09T00:00:00.000Z,1.0,Rental Listing,2100.0,Standard,2026-02-27T00:00:00.000Z,2026-02-28T00:00:00.000Z,1.0,Rental Listing,2100.0,Standard,2026-04-04T00:00:00.000Z,2026-04-05T00:00:00.000Z,1.0,,,,,,,,,,,,,,,,,,,,,,,,,,,,,,,,,,,,,,,,,,,,,,,,,,,,,,,,,,,,,,,,,,,,,,,,,,,,,,,,,,,,,,,,,,,,,,,,,,,,,,,,,,,,,,,,,,,,,,,,,,,,,,,,,,,,,,,,,,,,,,,,,,,,,,,,,,,,
"7720-Deer-Foot-Dr,-New-Port-Richey,-FL-34653","7720 Deer Foot Dr, New Port Richey, FL 34653",7720 Deer Foot Dr,,New Port Richey,FL,12,34653,Pasco,101,28.233417,-82.686767,Single Family,2,2.0,1200,Active,1930,Standard,2026-09-20T00:00:00.000Z,,2022-05-25T00:02:27.376Z,2026-09-20T03:04:54.244Z,1,Pasco,New Port Richey,Rental Listing,1930,Standard,2026-09-20T00:00:00.000Z,,1,,,,,,,,,,,,,,,,,,,,,,,,,,,,,,,,,,,,,,,,,,,,,,,,,,,,,,,,,,,,,,,,,,,,,,,,,,,,,,,,,,,,,,,,,,,,,,,,,,,,,,,,,,,,,,,,,,,,,,,,,,,,,,,,,,,,,,,,,,,,,,,,,,,,,,,,,,,,,,,,,,,,,,,,,,,,,,,,,,,,,,,,,,,,,,,,,,,,,,,,,,,,,,,,,,,,,,,,,,,,,,,,,,,,,,,,,,,,,,,,,,,,,,,,,,,,,,,,,,,,,,,,,,,,,,,,,,,,,,,,,,,,,,,,,,,,,,,,,,Rental Listing,1945.0,Standard,2026-05-18T00:00:00.000Z,2026-05-19T00:00:00.000Z,1.0,Rental Listing,1899.0,Standard,2026-06-22T00:00:00.000Z,2026-06-23T00:00:00.000Z,1.0,,,,,,,,,,,,,,,,,,,,,,,,,,,,,,,,,,,,,,,,,,,,,,,,,,,,,,,,,,,,,,,,,,,,,,,,,,,,,,,,,,,,,,,,,,,,,,,,,,,,,,,,,,,,,,,,,,,,,,,,,,,,,,,,,,,,,,,,,,,,,,,,
"5111-Amulet-Dr,-New-Port-Richey,-FL-34652","5111 Amulet Dr, New Port Richey, FL 34652",5111 Amulet Dr,,New Port Richey,FL,12,34652,Pasco,101,28.233437,-82.733905,Condo,2,2.0,1088,Active,1350,Standard,2026-09-20T00:00:00.000Z,,2026-08-28T00:00:00.000Z,2026-09-20T03:04:54.229Z,1,Pasco,New Port Richey,Rental Listing,1350,Standard,2026-09-20T00:00:00.000Z,,1,,,,,,,,,,,,,,,,,,,,,,,,,,,,,,,,,,,,,,,,,,,,,,,,,,,,,,,,,,,,,,,,,,,,,,,,,,,,,,,,,,,,,,,,,,,,,,,,,,,,,,,,,,,,,,,,,,,,,,,,,,,,,,,,,,,,,,,,,,,,,,,,,,,,,,,,,,,,,,,,,,,,,,,,,,,,,,,,,,,,,,,,,,,,,,,,,,,,,,,,,,,,,,,,,,,,,,,,,,,,,,,,,,,,,,,,,,,,,,,,,,,,,,,,,,,,,,,,,,,,,,,,,,,,,,,,,,,,,,,,,,,,,,,,,,,,,,,,,,,,,,,,,,,,,,,,,,,,,,,,,,,,,,,,,,,,,,,,,,,,,,,,,,,,,,,,,,,,,,,,,,,,,,,,,,,,,,,,,,,,,,,,,,,,,,,,,,,,,,,,,,,,,,,,,,,,,,,,,,,,,,,,,,,,,,,,,,,,,,,,,,,,,,,,,,,,,
"3153-Lodi-Dr,-New-Port-Richey,-FL-34655","3153 Lodi Dr, New Port Richey, FL 34655",3153 Lodi Dr,,New Port Richey,FL,12,34655,Pasco,101,28.205517,-82.695377,Single Family,3,2.0,1283,Active,1625,Standard,2026-09-20T00:00:00.000Z,,2022-04-13T00:11:53.420Z,2026-09-20T03:04:54.179Z,1,Pasco,New Port Richey,Rental Listing,1625,Standard,2026-09-20T00:00:00.000Z,,1,,,,,,,Rental Listing,1800.0,Standard,2026-07-31T00:00:00.000Z,2026-08-01T00:00:00.000Z,1.0,,,,,,,,,,,,,,,,,,,,,,,,,,,,,,,,,,,,,,,,,,,,,,,,,,,,,,,,,,,,,,,,,,,,,,,,,,,,,,,,,,,,,,,,,,,,,,,,,,,,,,,,,,,,,,,,,,,,,,,,,,,,,,,,,,,,,,,,,,,,,,,,,,,,,,,,,,,,,,,,,,,,,,,,,,,,,,,,,,,,,,,,,,,,,,,,,,,,,,,,,,,,,,,,,,,,,,,,,,,,,,,,,,,,,,,,,,,,,,,,,,,,,,,,,,,,,,,,,,,,,,,,,,,,,,,,,,,,,,,,,,,,,,,,,,,,,,,,,,Rental Listing,1800.0,Standard,2025-05-03T00:00:00.000Z,2025-05-04T00:00:00.000Z,1.0,,,,,,,,,,,,,,,,,,,,,,,,,,,,,,,,,,,,,,,,,,,,,,,,,,,,,,,,,,,,,,,,,,,,,,,,,,,,,,,,,,,,,,,,,,,,,,,,,,,,,,,,,,,,,,,,,,,,,,,,,,,,,,,,,,,,,,,,,,
"3504-Heron-Island-Dr,-New-Port-Richey,-FL-34655","3504 Heron Island Dr, New Port Richey, FL 34655",3504 Heron Island Dr,,New Port Richey,FL,12,34655,Pasco,101,28.208455,-82.675992,Single Family,3,2.5,2315,Active,2660,Standard,2026-09-20T00:00:00.000Z,,2021-06-10T00:35:35.096Z,2026-09-20T03:04:54.178Z,1,Pasco,New Port Richey,Rental Listing,2660,Standard,2026-09-20T00:00:00.000Z,,1,,,,,,,,,,,,,,2006.0,,,,,,,,,,,,,,,,,,,,,,,,,,,,,,,,,,,,,,,,,,,,,,,,,,,,,,,,,,,,,,,,,,,,,,,,,,,,,,,,,,,,,,,,,,,,,,,,,,,,,,,,,,,,,,,,,,,,,,,,,,,,,,,,,,,,,,,,,,,,,,,,,,,,,,,,,,,,,,,,,,,,,,,,,,,,,,,,,,,,,,,,,,,,,,,,,,,,,,,,,,,,,,,,,,,,,,,,,,,,,,,,,,,,,,,,,,,,,,,,,,,,,,,,,,,,,,,,,,,,,,,,,,,,,,,,,,,,,,,,,,,,,,,,,,,,,,,,,,,,,,Rental Listing,2545.0,Standard,2024-11-23T00:00:00.000Z,2024-12-26T00:00:00.000Z,33.0,Rental Listing,2450.0,Standard,2026-03-24T00:00:00.000Z,2026-03-25T00:00:00.000Z,1.0,,,,,,,,,,,,,,,,,,,,,,,,,,,,,,,,,,,,,,,,,,,,,,,,,,,,,,,,,,,,,,,,,,,,,,,,,,,,,,,,,,,,,,,,,,,,,,,,,,,,,,,,,,,,,,,,,,,,,,,,,,,,,,
"3814-Linkwood-St,-New-Port-Richey,-FL-34652","3814 Linkwood St, New Port Richey, FL 34652",3814 Linkwood St,,New Port Richey,FL,12,34652,Pasco,101,28.214597,-82.732028,Single Family,3,1.0,1104,Active,1495,Standard,2026-09-20T00:00:00.000Z,,2020-03-19T17:11:50.213Z,2026-09-20T03:04:54.177Z,1,Pasco,New Port Richey,Rental Listing,1495,Standard,2026-09-20T00:00:00.000Z,,1,,,,,,,Rental Listing,1625.0,Standard,2026-07-31T00:00:00.000Z,2026-08-01T00:00:00.000Z,1.0,,,,,,,,,,,,,,,,,,,,,,,,,,,,,,,,,,,,,,,,,,,,,,,,,,,,,,,,,,,,,,,,,,,,,,,,,,,,,,,,,,,,,,,,,,,,,,,,,,,,,,,,,,,,,,,,,,,,,,,,,,,,,,,,,,,,,,,,,,,,,,,,,,,,,,,,,,,,,,,,,,,,,,,,,,,,,,,,,,,,,,,,,,,,,,,,,,,,,,,,,,,,,,,,,,,,,,,,,,,,,,,,,,,,,,,,,,,,,,,,,,,,,,,,,,,,,,,,,,,,,,,,,,,,,,,,,,,,,,,,,,,,,,,,,,,,,,,,,,,,,,,,,,,,,,,,,,,,,,,,,,,,,,,,,,,,,,,,,,,,,,,,,,,,,,,,,,,,,,,,,,,,,,,,,,,,,,,,,,,,,,,,,,,,,,,,,,,,,,,,,,,,,,,,,,,,,,,,,,,,,,,,,,,,,,,,,,,,,,,,,
"4916-Gulf-Waters-Dr,-New-Port-Richey,-FL-34652","4916 Gulf Waters Dr, New Port Richey, FL 34652",4916 Gulf Waters Dr,,New Port Richey,FL,12,34652,Pasco,101,28.240394,-82.732445,Townhouse,3,2.5,1607,Active,1990,Standard,2026-09-20T00:00:00.000Z,,2021-10-27T01:39:51.960Z,2026-09-20T03:04:54.172Z,1,Pasco,New Port Richey,Rental Listing,1990,Standard,2026-09-20T00:00:00.000Z,,1,,,,,,,,,,,,,1228.0,2021.0,,,,,,,,,,,,,,,,,,,,,,,,,,,,,,,,,,,,,,,,,,,,,,,,,,,,,,,,,,,,,,,,,,,,,,,,,,,,,,,,,,,,,,,,,,,,,,,,,,,,,,,,,,,,,,,,,,,,,,,,,,,,,,,,,,,,,,,,,,,,,,,,,,,,,,,,,,,,,,,,,,,,,,,,,,,,,,,,,,,,,,,,,,,,,,,,,,,,,,,,,,,,,,,,,,,,,,,,,,,,,,,,,,,,,,,,,,,,,,,,,,,,,,,,,,,,,,,,,,,,,,,,,,,,,,,,,,,,,,,,,,,,,,,,,,,,,,,,,,,,,,,,,,,,,,,,,,,,,,,,,,,,,,,,,,,,,,,,,,,,,,,,,,,,,,,,,,,,,,,,,,,,,,,,,,,,,,,,,,,,,,,,,,,,,,,,,,,,,,,,,,,,,,,,,,,,,,,,,,,,,,,,,,,,,,,,,,,,,,,
"7713-Deer-Foot-Dr,-New-Port-Richey,-FL-34653","7713 Deer Foot Dr, New Port Richey, FL 34653",7713 Deer Foot Dr,,New Port Richey,FL,12,34653,Pasco,101,28.233578,-82.687308,Single Family,3,2.0,1755,Active,2095,Standard,2026-09-20T00:00:00.000Z,,2023-08-26T00:00:00.000Z,2026-09-20T03:04:54.165Z,1,Pasco,New Port Richey,Rental Listing,2095,Standard,2026-09-20T00:00:00.000Z,,1,,,,,,,,,,,,,,,,,,,,,,,,,,,,,,,,,,,,,,,,,,,,,,,,,,,,,,,,,,,,,,,,,,,,,,,,,,,,,,,,,,,,,,,,,,,,,,,,,,,,,,,,,,,,,,,,,,,,,,,,,,,,,,,,,,,,,,,,,,,,,,,,,,,,,,,,,,,,,,,,,,,,,,,,,,,,,,,,,,,,,,,,,,,,,,,,,,,,,,,,,,,,,,,,,,,,,,,,,,,,,,,,,,,,,,,,,,,,,,,,,,,,,,,,,,,,,,,,,,,,,,,,,,,,,,,,,,,,,,,,,,,,,,,,,,,,,,,,,,,,,,,,,,,,,,,,,,,,,,,,,,,,,,,,,,,,,,,,,,,,,,,,,,,,,,,,,,,,,,,,,,,,,,,,,,,,,,,,,,,,,,,,,,,,,,,,,,,,,,,,,,,,,,,,,,,,,,,,,,,,,,,,,,,,,,,,,,,,,,,,,,,,,,,,,,,,,
"2864-Coach-Manors-Way,-New-Port-Richey,-FL-34655","2864 Coach Manors Way, New Port Richey, FL 34655",2864 Coach Manors Way,,New Port Richey,FL,12,34655,Pasco,101,28.200487,-82.672512,Single Family,3,2.5,1801,Active,2325,Standard,2026-09-20T00:00:00.000Z,,2022-10-14T01:37:06.234Z,2026-09-20T03:04:54.163Z,1,Pasco,New Port Richey,Rental Listing,2325,Standard,2026-09-20T00:00:00.000Z,,1,,,,,,,,,,,,,,,,,,,,,,,,,,,,,,,,,,,,,,,,,,,,,,,,,,,,,,,,,,,,,,,,,,,,,,,,,,,,,,,,,,,,,,,,,,,,,,,,,,,,,,,,,,,,,,,,,,,,,,,,,,,,,,,,,,,,,,,,,,,,,,,,,,,,,,,,,,,,,,,,,,,,,,,,,,,,,,,,,,,,,,,,,,,,,,,,,,,,,,,,,,,,,,,,,,,,,,,,,,,,,,,,,,,,,,,,,,,,,,,,,,,,,,,,,,,,,,,,,,,,,,,,,,,,,,,,,,,,,,,,,,,,,,,,,,,,,,,,,,,,,,,,,,,,,,,,,,,,,,,,,,,,,,,,,,,,,,,,,,,,,,,,,,,,,,,,,,,,,,,,,,,,,,,,,,,,,,,,,,,,,,,,,,,,,,,,,,,,,,,,,,,,,,,,,,,,,,,,,,,,,,,,,,,,,,,,,,,,,,,,,,,,,,,,,,,,,
"3078-Bryant-Park-Dr,-New-Port-Richey,-FL-34655","3078 Bryant Park Dr, New Port Richey, FL 34655",3078 Bryant Park Dr,,New Port Richey,FL,12,34655,Pasco,101,28.203518,-82.676353,Single Family,3,2.5,1801,Active,2325,Standard,2026-09-20T00:00:00.000Z,,2023-05-11T00:00:00.000Z,2026-09-20T03:04:54.155Z,1,Pasco,New Port Richey,Rental Listing,2325,Standard,2026-09-20T00:00:00.000Z,,1,,,,,,,,,,,,,,,,,,,,,,,,,,,,,,,,,,,,,,,,,,,,,,,,,,,,,,,,,,,,,,,,,,,,,,,,,,,,,,,,,,,,,,,,,,,,,,,,,,,,,,,,,,,,,,,,,,,,,,,,,,,,,,,,,,,,,,,,,,,,,,,,,,,,,,,,,,,,,,,,,,,,,,,,,,,,,,,,,,,,,,,,,,,,,,,,,,,,,,,,,,,,,,,,,,,,,,,,,,,,,,,,,,,,,,,,,,,,,,,,,,,,,,,,,,,,,,,,,,,,,,,,,,,,,,,,,,,,,,,,,,,,,,,,,,,,,,,,,,,,,,,,,,,,,,,,,,,,,,,,,,,,,,,,,,,,,,,,,,,,,,,,,,,,,,,,,,,,,,,,,,,,,,,,,,,,,,,,,,,,,,,,,,,,,,,,,,,,,,,,,,,,,,,,,,,,,,,,,,,,,,,,,,,,,,,,,,,,,,,,,,,,,,,,,,,,,
"35552-Shade-Fern-Ln,-Zephyrhills,-FL-33541","35552 Shade Fern Ln, Zephyrhills, FL 33541",35552 Shade Fern Ln,,Zephyrhills,FL,12,33541,Pasco,101,28.24846,-82.229099,Single Family,3,2.0,1365,Active,1995,Standard,2026-09-20T00:00:00.000Z,,2025-07-12T00:00:00.000Z,2026-09-20T03:08:35.685Z,1,Pasco,Zephyrhills,Rental Listing,1995,Standard,2026-09-20T00:00:00.000Z,,1,,,,,,,,,,,,,,,,,,,,,,,,,,,,,,,,,,,,,,,,,,,,,,,,,,,,,,,,,,,,,,,,,,,,,,,,,,,,,,,,,,,,,,,,,,,,,,,,,,,,,,,,,,,,,,,,,,,,,,,,,,,,,,,,,,,,,,,,,,,,,,,,,,,,,,,,,,,,,,,,,,,,,,,,,,,,,,,,,,,,,,,,,,,,,,,,,,,,,,,,,,,,,,,,,,,,,,,,,,,,,,,,,,,,,,,,,,,,,,,,,,,,,,,,,,,,,,,,,,,,,,,,,,,,,,,,,,,,,,,,,,,,,,,,,,,,,,,,,,,,,,,,,,,,,,,,,,,,,,,,,,,,,,,,Rental Listing,844.0,Standard,2025-07-11T00:00:00.000Z,2025-07-17T00:00:00.000Z,6.0,,,,,,,,,,,,,,,,,,,,,,,,,,,,,,,,,,,,,,,,,,,,,,,,,,,,,,,,,,,,,,,,,,,,,,,,,,,,,,,,,,,,,,,,,,,,,,,,,,,,,,,,,,,,,,,,,,,,,,,,
"28506-Tall-Grass-Dr,-Zephyrhills,-FL-33543","28506 Tall Grass Dr, Zephyrhills, FL 33543",28506 Tall Grass Dr,,Zephyrhills,FL,12,33543,Pasco,101,28.171587,-82.345303,Single Family,3,2.0,1607,Active,4160,Standard,2026-09-20T00:00:00.000Z,,2022-04-01T02:31:17.382Z,2026-09-20T03:08:35.675Z,1,Pasco,Zephyrhills,Rental Listing,4160,Standard,2026-09-20T00:00:00.000Z,,1,,,,,,,,,,,,,,,,,,,,,,,,,,,,,,,,,,,,,,,,,,,,,,,,,,,,,,,,,,,,,,,,,,,,,,,,,,,,,,,,,,,,,,,,,,,,,,,,,,,,,,,,,,,,,,,,,,,,,,,,,,,,,,,,,,,,,,,,,,,,,,,,,,,,,,,,,,,,,,,,,,,,,,,,,,,,,,,,,,,,,,,,,,,,,,,,,,,,,,,,,,,,,,,,,,,,,,,,,,,,,,,,,,,,,,,,,,,,,,,,,,,,,,,,,,,,,,,,,,,,,,,,,,,,,,,,,,,,,,,,,,,,,,,,,,,,,,,,,,,,,,,,,,,,,,,,,,,,,,,,,,,,,,,,,,,,,,,,,,,,,,,,,,,,,,,,,,,,,,,,,,,,,,,,,,,,,,,,,,,,,,,,,,,,,,,,,,,,,,,,,,,,,,,,,,,,,,,,,,,,,,,,,,,,,,,,,,,,,,,,,,,,,,,,,,,,,
"29505-Morningmist-Dr,-Zephyrhills,-FL-33543","29505 Morningmist Dr, Zephyrhills, FL 33543",29505 Morningmist Dr,,Zephyrhills,FL,12,33543,Pasco,101,28.18417,-82.32745,Single Family,3,2.0,1644,Active,2315,Standard,2026-09-20T00:00:00.000Z,,2022-07-19T00:49:11.988Z,2026-09-20T03:08:35.665Z,1,Pasco,Zephyrhills,Rental Listing,2315,Standard,2026-09-20T00:00:00.000Z,,1,,,,,,,,,,,,,,,,,,,,,,,,,,,,,,,,,,,,,,,,,,,,,,,,,,,,,,,,,,,,,,,,,,,,,,,,,,,,,,,,,,,,,,,,,,,,,,,,,,,,,,,,,,,,,,,,,,,,,,,,,,,,,,,,,,,,,,,,,,,,,,,,,,,,,,,,,,,,,,,,,,,,,,,,,,,,,,,,,,,,,,,,,,,,,,,,,,,,,,,,,,,,,,,,,,,,,,,,,,,,,,,,,,,,,,,,,,,,,,,,,,,,,,,,,,,,,,,,,,,,,,,,,,,,,,,,,,,,,,,,,,,,,,,,,,,,,,,,,,,,,,,,,,,,,,,,,,,,,,,,,,,,,,,,,,,,,,Rental Listing,2260.0,Standard,2025-10-18T00:00:00.000Z,2025-10-19T00:00:00.000Z,1.0,,,,,,,,,,,,,,,,,,,,,,,,,,,,,,,,,,,,,,,,,,,,,,,,,,,,,,,,,,,,,,,,,,,,,,,,,,,,,,,,,,,,,,,,,,,,,,,,,,,,,,,,,,,,,,,,,,
"34442-Smart-Dr,-Zephyrhills,-FL-33541","34442 Smart Dr, Zephyrhills, FL 33541",34442 Smart Dr,,Zephyrhills,FL,12,33541,Pasco,101,28.234806,-82.245003,Single Family,3,2.0,1224,Active,1925,Standard,2026-09-20T00:00:00.000Z,,2023-08-28T00:00:00.000Z,2026-09-20T03:08:35.661Z,1,Pasco,Zephyrhills,Rental Listing,1925,Standard,2026-09-20T00:00:00.000Z,,1,,,,,,,,,,,,,,,,,,,,,,,,,,,,,,,,,,,,,,,,,,,,,,,,,,,,,,,,,,,,,,,,,,,,,,,,,,,,,,,,,,,,,,,,,,,,,,,,,,,,,,,,,,,,,,,,,,,,,,,,,,,,,,,,,,,,,,,,,,,,,,,,,,,,,,,,,,,,,,,,,,,,,,,,,,,,,,,,,,,,,,,,,,,,,,,,,,,,,,,,,,,,,,,,,,,,,,,,,,,,,,,,,,,,,,,,,,,,,,,,,,,,,,,,,,,,,,,,,,,,,,,,,,,,,,,,,,,,,,,,,,,,,,,,,,,,,,,,,,,,,,,,,,,,,,,,,,,,,,,,,,,,,,,,,,,,,,,,,,,,Rental Listing,1825.0,Standard,2024-11-02T00:00:00.000Z,2024-11-24T00:00:00.000Z,22.0,Rental Listing,1915.0,Standard,2026-08-06T00:00:00.000Z,2026-08-07T00:00:00.000Z,1.0,,,,,,,,,,,,,,,,,,,,,,,,,,,,,,,,,,,,,,,,,,,,,,,,,,,,,,,,,,,,,,,,,,,,,,,,,,,,,,,,,,,,,,,,,,,,,,,,,,,,,,
"3189-Lytton-Hall-Dr,-Zephyrhills,-FL-33540","3189 Lytton Hall Dr, Zephyrhills, FL 33540",3189 Lytton Hall Dr,,Zephyrhills,FL,12,33540,Pasco,101,28.203099,-82.161565,Single Family,4,2.0,1817,Active,2210,Standard,2026-09-20T00:00:00.000Z,,2022-03-02T00:02:36.390Z,2026-09-20T03:08:35.650Z,1,Pasco,Zephyrhills,Rental Listing,2210,Standard,2026-09-20T00:00:00.000Z,,1,,,,,,,,,,,,,6970.0,2020.0,77.0,,,,,,,,,,,,,,,,,,,,,,,,,,,,,,,,,,,,,,,,,,,,,,,,,,,,,,,,,,,,,,,,,,,,,,,,,,,,,,,,,,,,,,,,,,,,,,,,,,,,,,,,,,,,,,,,,,,,,,,,,,,,,,,,,,,,,,,,,,,,,,,,,,,,,,,,,,,,,,,,,,,,,,,,,,,,,,,,,,,,,,,,,,,,,,,,,,,,,,,,,,,,,,,,,,,,,,,,,,,,,,,,,,,,,,,,,,,,,,,,,,,,,,,,,,,,,,,,,,,,,,,,,,,,,,,,,,,,,,,,,,,,,,,,,,,,,,,,,,,,,,,,,,,,,,,,,,,,,,,,,,,,,,,,,,,,,,,,,Rental Listing,2270.0,Standard,2026-08-21T00:00:00.000Z,2026-08-22T00:00:00.000Z,1.0,,,,,,,,,,,,,,,,,,,,,,,,,,,,,,,,,,,,,,,,,,,,,,,,,,,,,,,,,,,,,,,,,,,,,,,,,,,,,,,,,,,,,,,,,,,,,,,,
"4922-17th-St,-Zephyrhills,-FL-33542","4922 17th St, Zephyrhills, FL 33542",4922 17th St,,Zephyrhills,FL,12,33542,Pasco,101,28.229219,-82.174409,Apartment,2,1.0,900,Active,1749,Standard,2026-09-20T00:00:00.000Z,,2026-06-27T00:00:00.000Z,2026-09-20T03:08:35.634Z,1,Pasco,Zephyrhills,Rental Listing,1749,Standard,2026-09-20T00:00:00.000Z,,1,,,,,,,,,,,,,,,,,,,,,,,,,,,,,,,,,,,,,,,,,,,,,,,,,,,,,,,,,,,,,,,,,,,,,,,,,,,,,,,,,,,,,,,,,,,,,,,,,,,,,,,,,,,,,,,,,,,,,,,,,,,,,,,,,,,,,,,,,,,,,,,,,,,,,,,,,,,,,,,,,,,,,,,,,,,,,,,,,,,,,,,,,,,,,,,,,,,,,,,,,,,,,,,,,,,,,,,,,,,,,,,,,,,,,,,,,,,,,,,,,,,,,,,,,,,,,,,,,,,,,,,,,,,,,,,,,,,,,,,,,,,,,,,,,,,,,,,,,,,,,,,,,,,,,,,,,,,,,,,,,,,,,,,,,,,,,,,,,,,,,,,,,,,,,,,,,,,,,,,,,,,,,,,,,,,,,,,,,,,,,,,,,,,,,,,,,,,,,,,,,,,,,,,,,,,,,,,,,,,,,,,,,,,,,,,,,,,,,,,,,,,,,,,,,,,,,
"6888-Pebblebrooke-Way,-Zephyrhills,-FL-33541","6888 Pebblebrooke Way, Zephyrhills, FL 33541",6888 Pebblebrooke Way,,Zephyrhills,FL,12,33541,Pasco,101,28.256308,-82.225519,Single Family,3,2.0,1567,Active,2150,Standard,2026-09-20T00:00:00.000Z,,2026-09-03T00:00:00.000Z,2026-09-20T03:08:35.615Z,1,Pasco,Zephyrhills,Rental Listing,2150,Standard,2026-09-20T00:00:00.000Z,,1,,,,,,,,,,,,,,,,,,,,,,,,,,,,,,,,,,,,,,,,,,,,,,,,,,,,,,,,,,,,,,,,,,,,,,,,,,,,,,,,,,,,,,,,,,,,,,,,,,,,,,,,,,,,,,,,,,,,,,,,,,,,,,,,,,,,,,,,,,,,,,,,,,,,,,,,,,,,,,,,,,,,,,,,,,,,,,,,,,,,,,,,,,,,,,,,,,,,,,,,,,,,,,,,,,,,,,,,,,,,,,,,,,,,,,,,,,,,,,,,,,,,,,,,,,,,,,,,,,,,,,,,,,,,,,,,,,,,,,,,,,,,,,,,,,,,,,,,,,,,,,,,,,,,,,,,,,,,,,,,,,,,,,,,,,,,,,,,,,,,,,,,,,,,,,,,,,,,,,,,,,,,,,,,,,,,,,,,,,,,,,,,,,,,,,,,,,,,,,,,,,,,,,,,,,,,,,,,,,,,,,,,,,,,,,,,,,,,,,,,,,,,,,,,,,,,,
"5620-1st-St,-Zephyrhills,-FL-33542","5620 1st St, Zephyrhills, FL 33542",5620 1st St,,Zephyrhills,FL,12,33542,Pasco,101,28.239341,-82.187996,Single Family,0,1.0,1052,Active,850,Standard,2026-09-20T00:00:00.000Z,,2026-01-22T00:00:00.000Z,2026-09-20T03:04:54.252Z,1,Pasco,Zephyrhills,Rental Listing,850,Standard,2026-09-20T00:00:00.000Z,,1,,,,,,,,,,,,,11761.0,1946.0,,,,,,,,,,,,,,,,,,,,,,,,,,,,,,,,,,,,,,,,,,,,,,,,,,,,,,,,,,,,,,,,,,,,,,,,,,,,,,,,,,,,,,,,,,,,,,,,,,,,,,,,,,,,,,,,,,,,,,,,,,,,,,,,,,,,,,,,,,,,,,,,,,,,,,,,,,,,,,,,,,,,,,,,,,,,,,,,,,,,,,,,,,,,,,,,,,,,,,,,,,,,,,,,,,,,,,,,,,Rental Listing,1195.0,Standard,2026-03-07T00:00:00.000Z,2026-03-08T00:00:00.000Z,1.0,,,,,,,,,,,,,,,,,,,,,,,,,,,,,,,,,,,,,,,,,,,,,,,,,,,,,,,,,,,,,,,,,,,,,,,,,,,,,,,,,,,,,,,,,,,,,,,,,,,,,,,,,,,,,,,,,,,,,,,,,Rental Listing,2710.0,Standard,2026-02-12T00:00:00.000Z,2026-02-13T00:00:00.000Z,1.0,Rental Listing,1895.0,Standard,2026-06-19T00:00:00.000Z,2026-07-07T00:00:00.000Z,18.0,,,,,,,,,,,,,,,,,,,,,,,,,,,,,,,,,,,,,,,,,,,,,,,,,,,,,,,,,,,,,,,,,,,,,,,,,,,,,,,,,,,,
"28611-Seashell-Ct,-Zephyrhills,-FL-33545","28611 Seashell Ct, Zephyrhills, FL 33545",28611 Seashell Ct,,Zephyrhills,FL,12,33545,Pasco,101,28.246141,-82.342859,Single Family,3,2.0,1321,Active,2085,Standard,2026-09-20T00:00:00.000Z,,2020-09-09T02:41:38.140Z,2026-09-20T03:04:54.246Z,1,Pasco,Zephyrhills,Rental Listing,2085,Standard,2026-09-20T00:00:00.000Z,,1,,,,,,,,,,,,,,,,,,,,,,,,,,,,,,,,,,,,,,,,,,,,,,,,,,,,,,,,,,,,,,,,,,,,,,,,,,,,,,,,,,,,,,,,,,,,,,,,,,,,,,,,,,,,,,,,,,,,,,,,,,,,,,,,,,,,,,,,,,,,,,,,,,,,,,,,,,,,,,,,,,,,,,,,,,,,,,,,,,,,,,,,,,,,,,,,,,,,,,,,,,,,,,,,,,,,,,,,,,,,,,,,,,,,,,,,,,,,,,,,,,,,,,,,,,,,,,,,,,,,,,,,,,,,,,,,,,,,,,,,,,,,,,,,,,,,,,,,,,,,,,,,,,,,,,,,,,,,,,,,,,,,,,,,,,,,,,,,,,,,,,,,,,,,,,,,,,,,,,,,,,,,,,,,,,,,,,,,,,,,,,,,,,,,,,,,,,,,,,,,,,,,,,,,,,,,,,,,,,,,,,,,,,,,,,,,,,,,,,,,,,,,,,,,,,,,,
"39132-Co-Rd,---54,-Zephyrhills,-FL-33542","39132 Co Rd, # 54, Zephyrhills, FL 33542",39132 Co Rd,# 54,Zephyrhills,FL,12,33542,Pasco,101,28.250528,-82.169083,Condo,2,2.0,864,Active,1400,Standard,2026-09-20T00:00:00.000Z,,2026-03-03T00:00:00.000Z,2026-09-20T03:04:54.182Z,1,Pasco,Zephyrhills,Rental Listing,1400,Standard,2026-09-20T00:00:00.000Z,,1,,,,,,,,,,,,,,,,,,,,,,,,,,,,,,,,,,,,,,,,,,,,,,,,,,,,,,,,,,,,,,,,,,,,,,,,,,,,,,,,,,,,,,,,,,,,,,,,,,,,,,,,,,,,,,,,,,,,,,,,,,,,,,,,,,,,,,,,,,,,,,,,,,,,,,,,,,,,,,,,,,,,,,,,,,,,,,,,,,,,,,,,,,,,,,,,,,,,,,,,,,,,,,,,,,,,,,,,,,,,,,,,,,,,,,,,,,,,,,,,,,,,,,,,,,,,,,,,,,,,,,,,,,,,,,,,,,,,,,,,,,,,,,,,,,,,,,,,,,,,,,,,,,,,,,,,,,,,,,,,,,,,,,,,,,,,,,,,,,,,,,,,,,,,,,,,,,,,,,,,,,,,,,,,,,Rental Listing,1400.0,Standard,2026-03-27T00:00:00.000Z,2026-03-28T00:00:00.000Z,1.0,,,,,,,,,,,,,,,,,,,,,,,,,,,,,,,,,,,,,,,,,,,,,,,,,,,,,,,,,,,,,,,,,,,,,,,,,,,,,,
"5617-10th-St,-Zephyrhills,-FL-33542","5617 10th St, Zephyrhills, FL 33542",5617 10th St,,Zephyrhills,FL,12,33542,Pasco,101,28.239141,-82.180396,Single Family,1,1.0,480,Active,1295,Standard,2026-09-20T00:00:00.000Z,,2020-02-14T23:56:05.938Z,2026-09-20T03:04:54.180Z,1,Pasco,Zephyrhills,Rental Listing,1295,Standard,2026-09-20T00:00:00.000Z,,1,,,,,,,,,,,,,,,,,,,,,,,,,,,,,,,,,,,,,,,,,,,,,,,,,,,,,,,,,,,,,,,,,,,,,,,,,,,,,,,,,,,,,,,,,,,,,,,,,,,,,,,,,,,,,,,,,,,,,,,,,,,,,,,,,,,,,,,,,,,,,,,,,,,,,,,,,,,,,,,,,,,,,,,,,,,,,,,,,,,,,,,,,,,,,,,,,,,,,,,,,,,,,,,,,,,,,,,,,,,,,,,,,,,,,,,,,,,,,,,,,,,,,,,,,,,,,,,,,,,,,,,,,,,,,,,,,,,,,,,,,,,,,,,,,,,,,,,,,,,,,,,,,,,,,,,,,,,,,,,,,,,,,,,,,,,,,,,,,,,,,,,,,,,,,,,,,,,,,,,,,,,,,,,,,,,,,,,,,,,,,,,,,,,,,,,,,,,,,,,,,,,,,,,,,,,,,,,,,,,,,,,,,,,,,,,,,,,,,,,,,,,,,,,,,,,,,
"28537-Seashell-Ct,-Zephyrhills,-FL-33545","28537 Seashell Ct, Zephyrhills, FL 33545",28537 Seashell Ct,,Zephyrhills,FL,12,33545,Pasco,101,28.246143,-82.343766,Single Family,4,2.0,1424,Active,2099,Standard,2026-09-20T00:00:00.000Z,,2019-07-12T02:13:35.022Z,2026-09-20T03:04:54.167Z,1,Pasco,Zephyrhills,Rental Listing,2099,Standard,2026-09-20T00:00:00.000Z,,1,,,,,,,,,,,,,,,,,,,,,,,,,,,,,,,,,,,,,,,,,,,,,,,,,,,,,,,,,,,,,,,,,,,,,,,,,,,,,,,,,,,,,,,,,,,,,,,,,,,,,,,,,,,,,,,,,,,,,,,,,,,,,,,,,,,,,,,,,,,,,,,,,,,,,,,,,,,,,,,,,,,,,,,,,,,,,,,,,,,,,,,,,,,,,,,,,,,,,,,,,,,,,,,,,,,,,,,,,,,,,,,,,,,,,,,,,,,,,,,,,,,,,,,,,,,,,,,,,,,,,,,,,,,,,,,,,,,,,,,,,,,,,,,,,,,,,,,,,,,,,,,,,,,,,,,,,,,,,,,,,,,,,,,,,,,,,,,,,,,,,,,,,,,,,,,,,,,,,,,,,,,,,,,,,,,,,,,,Rental Listing,2049.0,Standard,2025-09-10T00:00:00.000Z,2025-09-11T00:00:00.000Z,1.0,,,,,,,,,,,,,,,,,,,,,,,,,,,,,,,,,,,,,,,,,,,,,,,,,,,,,,,,,,,,,,,,,,,,,,,,
"4568-Sand-Dollar-Way,-Zephyrhills,-FL-33541","4568 Sand Dollar Way, Zephyrhills, FL 33541",4568 Sand Dollar Way,,Zephyrhills,FL,12,33541,Pasco,101,28.224159,-82.201174,Single Family,4,2.5,2305,Active,2650,Standard,2026-09-20T00:00:00.000Z,,2026-08-28T00:00:00.000Z,2026-09-20T03:04:54.162Z,1,Pasco,Zephyrhills,Rental Listing,2650,Standard,2026-09-20T00:00:00.000Z,,1,,,,,,,,,,,,,,,,,,,,,,,,,,,,,,,,,,,,,,,,,,,,,,,,,,,,,,,,,,,,,,,,,,,,,,,,,,,,,,,,,,,,,,,,,,,,,,,,,,,,,,,,,,,,,,,,,,,,,,,,,,,,,,,,,,,,,,,,,,,,,,,,,,,,,,,,,,,,,,,,,,,,,,,,,,,,,,,,,,,,,,,,,,,,,,,,,,,,,,,,,,,,,,,,,,,,,,,,,,,,,,,,,,,,,,,,,,,,,,,,,,,,,,,,,,,,,,,,,,,,,,,,,,,,,,,,,,,,,,,,,,,,,,,,,,,,,,,,,,,,,,,,,,,,,,,,,,,,,,,,,,,,,,,,,,,,,,,,,,,,,,,,,,,,,,,,,,,,,,,,,,,,,,,,,,,,,,,,,,,,,,,,,,,,,,,,,,,,,,,,,,,,,,,,,,,,,,,,,,,,,,,,,,,,,,,,,,,,,,,,,,,,,,,,,,,,,
"39049-Harlow-Rose-Dr,-Zephyrhills,-FL-33540","39049 Harlow Rose Dr, Zephyrhills, FL 33540",39049 Harlow Rose Dr,,Zephyrhills,FL,12,33540,Pasco,101,28.202846,-82.172751,Single Family,3,2.0,1491,Active,2180,Standard,2026-09-20T00:00:00.000Z,,2023-05-02T00:00:00.000Z,2026-09-20T03:04:54.161Z,1,Pasco,Zephyrhills,Rental Listing,2180,Standard,2026-09-20T00:00:00.000Z,,1,,,,,,,,,,,,,,,,,,,,,,,,,,,,,,,,,,,,,,,,,,,,,,,,,,,,,,,,,,,,,,,,,,,,,,,,,,,,,,,,,,,,,,,,,,,,,,,,,,,,,,,,,,,,,,,,,,,,,,,,,,,,,,,,,,,,,,,,,,,,,,,,,,,,,,,,,,,,,,,,,,,,,,,,,,,,,,,,,,,,,,,,,,,,,,,,,,,,,,,,,,,,,,,,,,,,,,,,,,,,,,,,,,,,,,,,,,,,,,,,,,,,,,,,,,,,,,,,,,,,,,,,,,,,,,,,,,,,,,,,,,,,,,,,,,,,,,,,,,,,,,,,,,,,,,,,,,,,,,,,,,,,,,,,,,,,,,,,,,,,,,,,,,,,,,,,,,,,,,,,,,,,,,,,,,,,,,,,,,,,,,Rental Listing,2150.0,Standard,2023-05-03T00:00:00.000Z,2025-09-15T00:00:00.000Z,866.0,,,,,,,,,,,,,,,,,,,,,,,,,,,,,,,,,,,,,,,,,,,,,,,,,,,,,,,,,,,,,,,,,,
"5225-11th-St,-Zephyrhills,-FL-33542","5225 11th St, Zephyrhills, FL 33542",5225 11th St,,Zephyrhills,FL,12,33542,Pasco,101,28.233456,-82.1761,Single Family,3,2.0,796,Active,1695,Standard,2026-09-20T00:00:00.000Z,,2023-06-14T00:00:00.000Z,2026-09-20T03:04:54.161Z,1,Pasco,Zephyrhills,Rental Listing,1695,Standard,2026-09-20T00:00:00.000Z,,1,,,,,,,,,,,,,,,,,,,,,,,,,,,,,,,,,,,,,,,,,,,,,,,,,,,,,,,,,,,,,,,,,,,,,,,,,,,,,,,,,,,,,,,,,,,,,,,,,,,,,,,,,,,,,,,,,,,,,,,,,,,,,,,,,,,,,,,,,,,,,,,,,,,,,,,,,,,,,,,,,,,,,,,,,,,,,,,,,,,,,,,,,,,,,,,,,,,,,,,,,,,,,,,,,,,,,,,,,,,,,,,,,,,,,,,,,,,,,,,,,,,,,,,,,,,,,,,,,,,,,,,,,,,,,,,,,,,,,,,,,,,,,,,,,,,,,,,,,,,,,,,,,,,,,,,,,,,,,,,,,,,,,,,,,,,,,,,,,,,,,,,,,,,,,,,,,,,,,,,,,,,,,,,,,,,,,,,,,,,,,,,,,,,,,,,,,,,,,,,,,,,,,,,,,,,,,,,,,,,,,,,,,,,,,,,,,,,,,,,,,,,,,,,,,,,,,
"4406-Plum-St,-Zephyrhills,-FL-33542","4406 Plum St, Zephyrhills, FL 33542",4406 Plum St,,Zephyrhills,FL,12,33542,Pasco,101,28.221417,-82.182863,Single Family,2,1.0,605,Active,1350,Standard,2026-09-20T00:00:00.000Z,,2021-07-25T01:58:03.626Z,2026-09-20T03:04:54.133Z,1,Pasco,Zephyrhills,Rental Listing,1350,Standard,2026-09-20T00:00:00.000Z,,1,,,,,,,,,,,,,,,,,,,,,,,,,,,,,,,,,,,,,,,,,,,,,,,,,,,,,,,,,,,,,,,,,,,,,,,,,,,,,,,,,,,,,,,,,,,,,,,,,,,,,,,,,,,,,,,,,,,,,,,,,,,,,,,,,,,,,,,,,,,,,,,,,,,,,,,,,,,,,,,,,,,,,,,,,,,,,,,,,,,,,,,,,,,,,,,,,,,,,,,,,,,,,,,,,,,,,,,,,,,,,,,,,,,,,,,,,,,,,,,,,,,,,,,,,,,,,,,,,,,,,,,,,,,,,,,,,,,,,,,,,,,,,,,,,,,,,,,,,,,,,,,,,,,,,,,,,,,,,,,,,,,,,,,,,,,,,,,,,,,,,,,,,,,,,,,,,,,,,,,,,,,,,,,,,,,,,,,,,,,,,,,,,,,,Rental Listing,1200.0,Standard,2026-05-14T00:00:00.000Z,2026-05-15T00:00:00.000Z,1.0,Rental Listing,1200.0,Standard,2026-05-26T00:00:00.000Z,2026-05-27T00:00:00.000Z,1.0,Rental Listing,1200.0,Standard,2026-06-15T00:00:00.000Z,2026-06-16T00:00:00.000Z,1.0,,,,,,,,,,,,,,,,,,,,,,,,,,,,,,,,,,,,,,,,,,,,,,,,
"26736-Middleground-Loop,-Zephyrhills,-FL-33544","26736 Middleground Loop, Zephyrhills, FL 33544",26736 Middleground Loop,,Zephyrhills,FL,12,33544,Pasco,101,28.237088,-82.373603,Single Family,3,2.0,1525,Active,2225,Standard,2026-09-20T00:00:00.000Z,,2020-04-20T15:22:47.654Z,2026-09-20T03:04:54.125Z,1,Pasco,Zephyrhills,Rental Listing,2225,Standard,2026-09-20T00:00:00.000Z,,1,,,,,,,,,,,,,,,,,,,,,,,,,,,,,,,,,,,,,,,,,,,,,,,,,,,,,,,,,,,,,,,,,,,,,,,,,,,,,,,,,,,,,,,,,,,,,,,,,,,,,,,,,,,,,,,,,,,,,,,,,,,,,,,,,,Rental Listing,2225.0,Standard,2026-09-06T00:00:00.000Z,2026-09-07T00:00:00.000Z,1.0,,,,,,,,,,,,,,,,,,,,,,,,,,,,,,,,,,,,,,,,,,,,,,,,,,,,,,,,,,,,,,,,,,,,,,,,,,,,,,,,,,,,,,,,,,,,,,,,,,,,,,,,,,,,,,,,,,,,,,,,,,,,,,,,,,,,,,,,,,,,,,,,,,,,,,,,,,,,,,,,,,,,,,,,,,,,,,,,,,,,,,,,,,,,,,,,,,,,,,,,,,,,,,,,,,,,,,,,,,,,,,,,,,,,,,,,,,,,,,,,,,,,,,,,,,,,,,,,,,,,,,,,,,,,,,,,,,,,,,,,,,,,,,,,,,,,,,,,,,,,,,,,,,,,,,,,,,,,,,
"6939-Shelby-Lynn-Way,-Zephyrhills,-FL-33542","6939 Shelby Lynn Way, Zephyrhills, FL 33542",6939 Shelby Lynn Way,,Zephyrhills,FL,12,33542,Pasco,101,28.258099,-82.208208,Single Family,5,3.0,2256,Active,2280,Standard,2026-09-20T00:00:00.000Z,,2026-06-09T00:00:00.000Z,2026-09-20T03:04:54.109Z,1,Pasco,Zephyrhills,Rental Listing,2280,Standard,2026-09-20T00:00:00.000Z,,1,Rental Listing,2340.0,Standard,2026-08-28T00:00:00.000Z,2026-08-29T00:00:00.000Z,1.0,,,,,,,,,,,,,,,,,,,,,,,,,,,,,,,,,,,,,,,,,,,,,,,,,,,,,,,,,,,,,,,,,,,,,,,,,,,,,,,,,,,,,,,,,,,,,,,,,,,,,,,,,,,,,,,,,,,,,,,,,,,,,,,,,,,,,,,,,,,,,,,,,,,,,,,,,,,,,,,,,,,,,,,,,,,,,,,,,,,,,,,,,,,,,,,,,,,,,,,,,,,,,,,,,,,,,,,,,,,,,,,,,,,,,,,,,,,,,,,,,,,,,,,,,,,,,,,,,,,,,,,,,,,,,,,,,,,,,,,,,,,,,,,,,,,,,,,,,,,,,,,,,,,,,,,,,,,,,,,,,,,,,,,,,,,,,,,,,,,,,,,,,,,,,,,,,,,,,,,,,,,,,,,,,,,,,,,,,,,,,,,,,,,,,,,,,,,,,,,,Rental Listing,2399.0,Standard,2026-08-03T00:00:00.000Z,2026-08-04T00:00:00.000Z,1.0,,,,,,,,,,,,,,,,,,,,,,,,,,,,,,,,,,,,,,,,,,
"5150-6th-St,-Apt-3,-Zephyrhills,-FL-33542","5150 6th St, Apt 3, Zephyrhills, FL 33542",5150 6th St,Apt 3,Zephyrhills,FL,12,33542,Pasco,101,28.232796,-82.182274,Apartment,1,1.0,600,Active,1000,Standard,2026-09-20T00:00:00.000Z,,2022-12-26T01:34:44.626Z,2026-09-20T03:04:11.371Z,1,Pasco,Zephyrhills,Rental Listing,1000,Standard,2026-09-20T00:00:00.000Z,,1,,,,,,,,,,,,,,,,,,,,,,,,,,,,,,,,,,,,,,,,,,,,,,,,,,,,,,,,,,,,,,,,,,,,,,,,,,,,,,,,,,,,,,,,,,,,,,,,,,,,,,,,,,,,,,,,,,,,,,,,,,,,,,,,,,,,,,,,,,,,,,,,,,,,,,,,,,,,,,,,,,,,,,,,,,,,,,,,,,,,,,,,,,,,,,,,,,,,,,,,,,,,,,,,,,,,,,,,,,,,,,,,,,,,,,,,,,,,,,,,,,,,,,,,,,,,,,,,,,,,,,,,,,,,,,,,,,,,,,,,,,,,,,,,,,,,,,,,,,,,,,,,,,,,,,,,,,,,,,,,,,,,,,,,,,,,,,,,,,,,,,,,,,,,,,,,,,,,,,,,,,,,,,,,,,,,,,,,,,,,,,,,,,,,,,,,,,,,,,,,,,,,,,,,,,,,,,,,,,,,,,,,,,,,,,,,,,,,,,,,,,,,,,,,,,,,,
"5254-17th-St,-Zephyrhills,-FL-33542","5254 17th St, Zephyrhills, FL 33542",5254 17th St,,Zephyrhills,FL,12,33542,Pasco,101,28.23433,-82.17433,Single Family,3,1.0,1232,Active,1600,Standard,2026-09-20T00:00:00.000Z,,2019-09-19T00:45:31.492Z,2026-09-20T03:04:11.334Z,1,Pasco,Zephyrhills,Rental Listing,1600,Standard,2026-09-20T00:00:00.000Z,,1,,,,,,,,,,,,,10454.0,1950.0,,,,,,,,,,,,,,,,,,,,,,,,,,,,,,,,,,,,,,,,,,,,,,,,,,,,,,,,,,,,,,,,,,,,,,,,,,,,,,,,,,,,,,,,,,,,,,,,,,,,,,,,,,,,,,,,,,,,,,,,,,,,,,,,,,,,,,,,,,,,,,,,,,,,,,,,,,,,,,,,,,,,,,,,,,,,,,,,,,,,,,,,,,,,,,,,,,,,,,,,,,,,,,,,,,,,,,,,,,,,,,,,,,,,,,,,,,,,,,,,,,,,,,,,,,,,,,,,,,,,,,,,,,,,,,,,,,,,,,,,,,,,,,,,,,,,,,,,,,,,,,,,,,,,,,,,,,,,,,,,,,,,,,,,,,,,,,,,,,,,,,,,,,,,,,,,,,,,,,,,,,,,,,,,,,,,,,,,,,,,,,,,,,,,,,,,,,,,,,,,,,,,,,,,,,,,,,,,,,,,,,,,,,,,,,,,,,,,,,,
"1837-Tangledvine-Dr,-Zephyrhills,-FL-33543","1837 Tangledvine Dr, Zephyrhills, FL 33543",1837 Tangledvine Dr,,Zephyrhills,FL,12,33543,Pasco,101,28.181435,-82.339519,Single Family,3,2.0,1759,Active,2445,Standard,2026-09-20T00:00:00.000Z,,2023-04-01T00:00:00.000Z,2026-09-20T02:56:27.617Z,1,Pasco,Zephyrhills,Rental Listing,2445,Standard,2026-09-20T00:00:00.000Z,,1,,,,,,,,,,,,,,,,,,,,,,,,,,,,,,,,,,,,,,,,,,,,,,,,,,,,,,,,,,,,,,,,,,,,,,,,,,,,,,,,,,,,,,,,,,,,,,,,,,,,,,,,,,,,,,,,,,,,,,,,,,,,,,,,,,,,,,,,,,,,,,,,,,,,,,,,,,,,,,,,,,,,,,,,,,,,,,,,,,,,,,,,,,,,,,,,,,,,,,,,,,,,,,,,,,,,,,,,,,,,,,,,,,,,,,,,,,,,,,,,,,,,,,,,,,,,,,,,,,,,,,,,,,,,,,,,,,,,,,,,,,,,,,,,,,,,,,,,,,,,,,,,,,,,,,,,,,,,,,,,,,,,,,,,,,,,,,,,,,,,,,,,,,,,,,,,,,,,,,,,,,,,,,,,,,,,,,,,,,,,,,,,,,,,,,,,,,,,,,,,,,,,,,,,,,,,Rental Listing,2635.0,Standard,2025-06-25T00:00:00.000Z,2025-06-26T00:00:00.000Z,1.0,Rental Listing,2385.0,Standard,2025-07-30T00:00:00.000Z,2025-07-31T00:00:00.000Z,1.0,,,,,,,,,,,,,,,,,,,,,,,,,,,,,,
"27741-Sugar-Loaf-Dr,-Zephyrhills,-FL-33544","27741 Sugar Loaf Dr, Zephyrhills, FL 33544",27741 Sugar Loaf Dr,,Zephyrhills,FL,12,33544,Pasco,101,28.180773,-82.364792,Single Family,3,2.0,1812,Active,4120,Standard,2026-09-20T00:00:00.000Z,,2021-05-31T01:15:52.153Z,2026-09-20T02:56:27.616Z,1,Pasco,Zephyrhills,Rental Listing,4120,Standard,2026-09-20T00:00:00.000Z,,1,,,,,,,,,,,,,,,,,,,,,,,,,,,,,,,,,,,,,,,,,,,,,,,,,,,,,,,,,,,,,,,,,,,,,,,,,,,,,,,,,,,,,,,,,,,,,,,,,,,,,,,,,,,,,,,,,,,,,,,,,,,,,,,,,,,,,,,,,,,,,,,,,,,,,,,,,,,,,,,,,,,,,,,,,,,,,,,,,,,,,,,,,,,,,,,,,,,,,,,,,,,,,,,,,,,,,,,,,,,,,,,,,,,,,,,,,,,,,,,,,,,,,,,,,,,,,,,,,,,,,,,,,,,,,,,,,,,,,,,,,,,,,,,,,,,,,,,,,,,,,,,,,,,,,,,,,,,,,,,,,,,,,,,,,,,,,,,,,,,,,,,,,,,,,,,,,,,,,,,,,,,,,,,,,,,,,,,,,,,,,,,,,,,,,,,,,,,,,,,,,,,,,,,,,,,,,,,,,,,,,,,,,,,,,,,,,,,,,,,,,,,,,,,,,,,,,
"6035-Pointe-Pleasant-Blvd,-Zephyrhills,-FL-33545","6035 Pointe Pleasant Blvd, Zephyrhills, FL 33545",6035 Pointe Pleasant Blvd,,Zephyrhills,FL,12,33545,Pasco,101,28.244949,-82.342735,Single Family,4,2.0,1415,Active,2120,Standard,2026-09-20T00:00:00.000Z,,2020-02-29T02:19:18.195Z,2026-09-20T02:56:27.608Z,1,Pasco,Zephyrhills,Rental Listing,2120,Standard,2026-09-20T00:00:00.000Z,,1,,,,,,,,,,,,,,,,,,,,,,,,,,,,,,,,,,,,,,,,,,,,,,,,,,,,,,,,,,,,,,,,,,,,,,,,,,,,,,,,,,,,,,,,,,,,,,,,,,,,,,,,,,,,,,,,,,,,,,,,,,,,,,,,,,,,,,,,,,,,,,,,,,,,,,,,,,,,,,,,,,,,,,,,,,,,,,,,,,,,,,,,,,,,,,,,,,,,,,,,,,,,,,,,,,,,,,,,,,,,,,,,,,,,,,,,,,,,,,,,,,,,,,,,,,,,,,,,,,,,,,,,,,,,,,,,,,,,,,,,,,,,,,,,,,,,,,,,,,,,,,,,,,,,,,,,,,,,,,,,,,,,,,,,,,,,,,,,,,,,,,,,,,,,,,,,,,,,,,,,,,,,,,,,,,,,,,,,,,,,,,,,,,,,,,,,,,,,,,,,,,,,,,,,,,,,,,,,,,,,,,,,Rental Listing,3330.0,Standard,2026-04-28T00:00:00.000Z,2026-04-29T00:00:00.000Z,1.0,,,,,,,,,,,,,,,,,,,,,,,,
"37549-Daliha-Ter,-Zephyrhills,-FL-33542","37549 Daliha Ter, Zephyrhills, FL 33542",37549 Daliha Ter,,Zephyrhills,FL,12,33542,Pasco,101,28.249884,-82.194989,Townhouse,2,2.5,1561,Active,1700,Standard,2026-09-20T00:00:00.000Z,,2019-07-08T20:45:14.880Z,2026-09-20T02:56:27.542Z,1,Pasco,Zephyrhills,Rental Listing,1700,Standard,2026-09-20T00:00:00.000Z,,1,,,,,,,,,,,,,,,,,,,,,,,,,,,,,,,,,,,,,,,,,,,,,,,,,,,,,,,,,,,,,,,,,,,,,,,,,,,,,,,,,,,,,,,,,,,,,,,,,,,,,,,,,,,,,,,,,,,,,,,,,,,,,,,,,,,,,,,,,,,,,,,,,,,,,,,,,,,,,,,,,,,,,,,,,,,,,,,,,,,,,,,,,,,,,,,,,,,,,,,,,,,,,,,,,,,,,,,,,,,,,,,,,,,,,,,,,,,,,,,,,,,,,,,,,,,,,,,,,,,,,,,,,,,,,,,,,,,,,,,,,,,,,,,,,,,,,,,,,,,,,,,,,,,,,,,,,,,,,,,,,,,,,,,,,,,,,,,,,,,,,,,,,,,,,,,,,,,,,,,,,,,,,,,,,,,,,,,,,,,,,,,,,,,,,,,,,,,,,,,,,,,,,,,,,,,,,,,,,,,,,,,,,,,,,,Rental Listing,1495.0,Standard,2025-06-19T00:00:00.000Z,2025-06-20T00:00:00.000Z,1.0,,,,,,,,,,,,,,,,,,
"7725-Forbes-Rd,-Zephyrhills,-FL-33540","7725 Forbes Rd, Zephyrhills, FL 33540",7725 Forbes Rd,,Zephyrhills,FL,12,33540,Pasco,101,28.269436,-82.155426,Single Family,2,1.0,784,Active,1150,Standard,2026-09-20T00:00:00.000Z,,2026-01-17T00:00:00.000Z,2026-09-20T02:56:27.542Z,1,Pasco,Zephyrhills,Rental Listing,1150,Standard,2026-09-20T00:00:00.000Z,,1,,,,,,,,,,,,,,,,,,,,,,,,,,,,,,,,,,,,,,,,,,,,,,,,,,,,,,,,,,,,,,,,,,,,,,,,,,,,,,,,,,,,,,,,,,,,,,,,,,,,,,,,,,,,,,,,,,,,,,,,,,,,,,,,,,,,,,,,,,,,,,,,,,,,,,,,,,,,,,,,,,,,,,,,,,,,,,,,,,,,,,,,,,,,,,,,,,,,,,,,,,,,,,,,,,,,,,,,,,,,,,,,,,,,,,,,,,,,,,,,,,,,,,,,,,,,,,,,,,,,,,,,,,,,,,,,,,,,,,,,,,,,,,,,,,,,,,,,,,,,,,,,,,,,,,,,,,,,,,,,,,,,,,,,,,,,,,,,,,,,,,,,,,,,,,,,,,,,,,,,,,,,,,,,,,,,,,,,,,,,,,,,,,,,,,,,,,,,,,,,,,,,,,,,,,,,,,,,,,,,,,,,,,,,,,,,,,,,Rental Listing,1150.0,Standard,2026-01-20T00:00:00.000Z,2026-01-21T00:00:00.000Z,1.0,Rental Listing,1150.0,Standard,2026-02-10T00:00:00.000Z,2026-02-11T00:00:00.000Z,1.0,Rental Listing,1150.0,Standard,2026-03-06T00:00:00.000Z,2026-03-07T00:00:00.000Z,1.0
