id,formattedAddress,addressLine1,addressLine2,city,state,stateFips,zipCode,county,countyFips,latitude,longitude,propertyType,bedrooms,bathrooms,squareFootage,status,price,listingType,listedDate,removedDate,createdDate,lastSeenDate,daysOnMarket,meta_source_county,meta_source_city,history.2026-03-14.event,history.2026-03-14.price,history.2026-03-14.listingType,history.2026-03-14.listedDate,history.2026-03-14.removedDate,history.2026-03-14.daysOnMarket,history.2026-04-22.event,history.2026-04-22.price,history.2026-04-22.listingType,history.2026-04-22.listedDate,history.2026-04-22.removedDate,history.2026-04-22.daysOnMarket,history.2026-06-02.event,history.2026-06-02.price,history.2026-06-02.listingType,history.2026-06-02.listedDate,history.2026-06-02.removedDate,history.2026-06-02.daysOnMarket,history.2026-08-26.event,history.2026-08-26.price,history.2026-08-26.listingType,history.2026-08-26.listedDate,history.2026-08-26.removedDate,history.2026-08-26.daysOnMarket,history.2026-09-26.event,history.2026-09-26.price,history.2026-09-26.listingType,history.2026-09-26.listedDate,history.2026-09-26.removedDate,history.2026-09-26.daysOnMarket,history.2026-10-01.event,history.2026-10-01.price,history.2026-10-01.listingType,history.2026-10-01.listedDate,history.2026-10-01.removedDate,history.2026-10-01.daysOnMarket,history.2026-07-21.event,history.2026-07-21.price,history.2026-07-21.listingType,history.2026-07-21.listedDate,history.2026-07-21.removedDate,history.2026-07-21.daysOnMarket,history.2026-08-28.event,history.2026-08-28.price,history.2026-08-28.listingType,history.2026-08-28.listedDate,history.2026-08-28.removedDate,history.2026-08-28.daysOnMarket,history.2026-07-31.event,history.2026-07-31.price,history.2026-07-31.listingType,history.2026-07-31.listedDate,history.2026-07-31.removedDate,history.2026-07-31.daysOnMarket,lotSize,yearBuilt,history.2026-07-16.event,history.2026-07-16.price,history.2026-07-16.listingType,history.2026-07-16.listedDate,history.2026-07-16.removedDate,history.2026-07-16.daysOnMarket,history.2026-08-10.event,history.2026-08-10.price,history.2026-08-10.listingType,history.2026-08-10.listedDate,history.2026-08-10.removedDate,history.2026-08-10.daysOnMarket,hoa.fee,history.2024-11-28.event,history.2024-11-28.price,history.2024-11-28.listingType,history.2024-11-28.listedDate,history.2024-11-28.removedDate,history.2024-11-28.daysOnMarket,history.2024-10-16.event,history.2024-10-16.price,history.2024-10-16.listingType,history.2024-10-16.listedDate,history.2024-10-16.removedDate,history.2024-10-16.daysOnMarket,history.2025-06-03.event,history.2025-06-03.price,history.2025-06-03.listingType,history.2025-06-03.listedDate,history.2025-06-03.removedDate,history.2025-06-03.daysOnMarket,history.2026-08-22.event,history.2026-08-22.price,history.2026-08-22.listingType,history.2026-08-22.listedDate,history.2026-08-22.removedDate,history.2026-08-22.daysOnMarket,history.2024-09-09.event,history.2024-09-09.price,history.2024-09-09.listingType,history.2024-09-09.listedDate,history.2024-09-09.removedDate,history.2024-09-09.daysOnMarket,history.2026-09-07.event,history.2026-09-07.price,history.2026-09-07.listingType,history.2026-09-07.listedDate,history.2026-09-07.removedDate,history.2026-09-07.daysOnMarket,history.2026-08-29.event,history.2026-08-29.price,history.2026-08-29.listingType,history.2026-08-29.listedDate,history.2026-08-29.removedDate,history.2026-08-29.daysOnMarket,history.2025-04-04.event,history.2025-04-04.price,history.2025-04-04.listingType,history.2025-04-04.listedDate,history.2025-04-04.removedDate,history.2025-04-04.daysOnMarket,history.2026-04-21.event,history.2026-04-21.price,history.2026-04-21.listingType,history.2026-04-21.listedDate,history.2026-04-21.removedDate,history.2026-04-21.daysOnMarket,history.2026-05-19.event,history.2026-05-19.price,history.2026-05-19.listingType,history.2026-05-19.listedDate,history.2026-05-19.removedDate,history.2026-05-19.daysOnMarket,history.2026-06-04.event,history.2026-06-04.price,history.2026-06-04.listingType,history.2026-06-04.listedDate,history.2026-06-04.removedDate,history.2026-06-04.daysOnMarket,history.2026-06-26.event,history.2026-06-26.price,history.2026-06-26.listingType,history.2026-06-26.listedDate,history.2026-06-26.removedDate,history.2026-06-26.daysOnMarket,history.2025-10-08.event,history.2025-10-08.price,history.2025-10-08.listingType,history.2025-10-08.listedDate,history.2025-10-08.removedDate,history.2025-10-08.daysOnMarket,history.2026-09-11.event,history.2026-09-11.price,history.2026-09-11.listingType,history.2026-09-11.listedDate,history.2026-09-11.removedDate,history.2026-09-11.daysOnMarket,history.2025-08-13.event,history.2025-08-13.price,history.2025-08-13.listingType,history.2025-08-13.listedDate,history.2025-08-13.removedDate,history.2025-08-13.daysOnMarket,history.2026-08-04.event,history.2026-08-04.price,history.2026-08-04.listingType,history.2026-08-04.listedDate,history.2026-08-04.removedDate,history.2026-08-04.daysOnMarket,history.2025-04-29.event,history.2025-04-29.price,history.2025-04-29.listingType,history.2025-04-29.listedDate,history.2025-04-29.removedDate,history.2025-04-29.daysOnMarket,history.2026-09-25.event,history.2026-09-25.price,history.2026-09-25.listingType,history.2026-09-25.listedDate,history.2026-09-25.removedDate,history.2026-09-25.daysOnMarket,history.2025-08-30.event,history.2025-08-30.price,history.2025-08-30.listingType,history.2025-08-30.listedDate,history.2025-08-30.removedDate,history.2025-08-30.daysOnMarket,history.2026-01-17.event,history.2026-01-17.price,history.2026-01-17.listingType,history.2026-01-17.listedDate,history.2026-01-17.removedDate,history.2026-01-17.daysOnMarket,history.2026-03-02.event,history.2026-03-02.price,history.2026-03-02.listingType,history.2026-03-02.listedDate,history.2026-03-02.removedDate,history.2026-03-02.daysOnMarket,history.2026-03-16.event,history.2026-03-16.price,history.2026-03-16.listingType,history.2026-03-16.listedDate,history.2026-03-16.removedDate,history.2026-03-16.daysOnMarket,history.2026-04-11.event,history.2026-04-11.price,history.2026-04-11.listingType,history.2026-04-11.listedDate,history.2026-04-11.removedDate,history.2026-04-11.daysOnMarket,history.2025-06-09.event,history.2025-06-09.price,history.2025-06-09.listingType,history.2025-06-09.listedDate,history.2025-06-09.removedDate,history.2025-06-09.daysOnMarket,history.2025-12-25.event,history.2025-12-25.price,history.2025-12-25.listingType,history.2025-12-25.listedDate,history.2025-12-25.removedDate,history.2025-12-25.daysOnMarket,history.2026-08-30.event,history.2026-08-30.price,history.2026-08-30.listingType,history.2026-08-30.listedDate,history.2026-08-30.removedDate,history.2026-08-30.daysOnMarket,history.2026-09-21.event,history.2026-09-21.price,history.2026-09-21.listingType,history.2026-09-21.listedDate,history.2026-09-21.removedDate,history.2026-09-21.daysOnMarket,history.2026-03-07.event,history.2026-03-07.price,history.2026-03-07.listingType,history.2026-03-07.listedDate,history.2026-03-07.removedDate,history.2026-03-07.daysOnMarket,history.2026-06-05.event,history.2026-06-05.price,history.2026-06-05.listingType,history.2026-06-05.listedDate,history.2026-06-05.removedDate,history.2026-06-05.daysOnMarket,history.2025-03-25.event,history.2025-03-25.price,history.2025-03-25.listingType,history.2025-03-25.listedDate,history.2025-03-25.removedDate,history.2025-03-25.daysOnMarket,history.2025-07-12.event,history.2025-07-12.price,history.2025-07-12.listingType,history.2025-07-12.listedDate,history.2025-07-12.removedDate,history.2025-07-12.daysOnMarket,history.2025-10-04.event,history.2025-10-04.price,history.2025-10-04.listingType,history.2025-10-04.listedDate,history.2025-10-04.removedDate,history.2025-10-04.daysOnMarket,history.2025-11-05.event,history.2025-11-05.price,history.2025-11-05.listingType,history.2025-11-05.listedDate,history.2025-11-05.removedDate,history.2025-11-05.daysOnMarket,history.2025-12-20.event,history.2025-12-20.price,history.2025-12-20.listingType,history.2025-12-20.listedDate,history.2025-12-20.removedDate,history.2025-12-20.daysOnMarket,history.2026-01-07.event,history.2026-01-07.price,history.2026-01-07.listingType,history.2026-01-07.listedDate,history.2026-01-07.removedDate,history.2026-01-07.daysOnMarket,history.2026-02-08.event,history.2026-02-08.price,history.2026-02-08.listingType,history.2026-02-08.listedDate,history.2026-02-08.removedDate,history.2026-02-08.daysOnMarket,history.2026-02-27.event,history.2026-02-27.price,history.2026-02-27.listingType,history.2026-02-27.listedDate,history.2026-02-27.removedDate,history.2026-02-27.daysOnMarket,history.2026-04-04.event,history.2026-04-04.price,history.2026-04-04.listingType,history.2026-04-04.listedDate,history.2026-04-04.removedDate,history.2026-04-04.daysOnMarket,history.2026-09-01.event,history.2026-09-01.price,history.2026-09-01.listingType,history.2026-09-01.listedDate,history.2026-09-01.removedDate,history.2026-09-01.daysOnMarket,history.2025-03-19.event,history.2025-03-19.price,history.2025-03-19.listingType,history.2025-03-19.listedDate,history.2025-03-19.removedDate,history.2025-03-19.daysOnMarket,history.2024-08-26.event,history.2024-08-26.price,history.2024-08-26.listingType,history.2024-08-26.listedDate,history.2024-08-26.removedDate,history.2024-08-26.daysOnMarket,history.2026-03-27.event,history.2026-03-27.price,history.2026-03-27.listingType,history.2026-03-27.listedDate,history.2026-03-27.removedDate,history.2026-03-27.daysOnMarket,history.2026-06-10.event,history.2026-06-10.price,history.2026-06-10.listingType,history.2026-06-10.listedDate,history.2026-06-10.removedDate,history.2026-06-10.daysOnMarket,history.2026-01-16.event,history.2026-01-16.price,history.2026-01-16.listingType,history.2026-01-16.listedDate,history.2026-01-16.removedDate,history.2026-01-16.daysOnMarket,history.2026-07-28.event,history.2026-07-28.price,history.2026-07-28.listingType,history.2026-07-28.listedDate,history.2026-07-28.removedDate,history.2026-07-28.daysOnMarket,history.2024-11-23.event,history.2024-11-23.price,history.2024-11-23.listingType,history.2024-11-23.listedDate,history.2024-11-23.removedDate,history.2024-11-23.daysOnMarket,history.2026-03-24.event,history.2026-03-24.price,history.2026-03-24.listingType,history.2026-03-24.listedDate,history.2026-03-24.removedDate,history.2026-03-24.daysOnMarket,history.2024-10-18.event,history.2024-10-18.price,history.2024-10-18.listingType,history.2024-10-18.listedDate,history.2024-10-18.removedDate,history.2024-10-18.daysOnMarket,history.2025-05-03.event,history.2025-05-03.price,history.2025-05-03.listingType,history.2025-05-03.listedDate,history.2025-05-03.removedDate,history.2025-05-03.daysOnMarket,history.2026-02-12.event,history.2026-02-12.price,history.2026-02-12.listingType,history.2026-02-12.listedDate,history.2026-02-12.removedDate,history.2026-02-12.daysOnMarket,history.2026-06-19.event,history.2026-06-19.price,history.2026-06-19.listingType,history.2026-06-19.listedDate,history.2026-06-19.removedDate,history.2026-06-19.daysOnMarket,history.2026-09-20.event,history.2026-09-20.price,history.2026-09-20.listingType,history.2026-09-20.listedDate,history.2026-09-20.removedDate,history.2026-09-20.daysOnMarket,history.2025-10-18.event,history.2025-10-18.price,history.2025-10-18.listingType,history.2025-10-18.listedDate,history.2025-10-18.removedDate,history.2025-10-18.daysOnMarket,history.2024-11-02.event,history.2024-11-02.price,history.2024-11-02.listingType,history.2024-11-02.listedDate,history.2024-11-02.removedDate,history.2024-11-02.daysOnMarket,history.2026-08-06.event,history.2026-08-06.price,history.2026-08-06.listingType,history.2026-08-06.listedDate,history.2026-08-06.removedDate,history.2026-08-06.daysOnMarket,history.2025-05-13.event,history.2025-05-13.price,history.2025-05-13.listingType,history.2025-05-13.listedDate,history.2025-05-13.removedDate,history.2025-05-13.daysOnMarket,history.2025-08-04.event,history.2025-08-04.price,history.2025-08-04.listingType,history.2025-08-04.listedDate,history.2025-08-04.removedDate,history.2025-08-04.daysOnMarket,history.2026-08-24.event,history.2026-08-24.price,history.2026-08-24.listingType,history.2026-08-24.listedDate,history.2026-08-24.removedDate,history.2026-08-24.daysOnMarket,history.2026-09-06.event,history.2026-09-06.price,history.2026-09-06.listingType,history.2026-09-06.listedDate,history.2026-09-06.removedDate,history.2026-09-06.daysOnMarket,history.2025-09-10.event,history.2025-09-10.price,history.2025-09-10.listingType,history.2025-09-10.listedDate,history.2025-09-10.removedDate,history.2025-09-10.daysOnMarket,history.2023-05-03.event,history.2023-05-03.price,history.2023-05-03.listingType,history.2023-05-03.listedDate,history.2023-05-03.removedDate,history.2023-05-03.daysOnMarket,history.2026-05-14.event,history.2026-05-14.price,history.2026-05-14.listingType,history.2026-05-14.listedDate,history.2026-05-14.removedDate,history.2026-05-14.daysOnMarket,history.2026-05-26.event,history.2026-05-26.price,history.2026-05-26.listingType,history.2026-05-26.listedDate,history.2026-05-26.removedDate,history.2026-05-26.daysOnMarket,history.2026-06-15.event,history.2026-06-15.price,history.2026-06-15.listingType,history.2026-06-15.listedDate,history.2026-06-15.removedDate,history.2026-06-15.daysOnMarket,history.2025-06-19.event,history.2025-06-19.price,history.2025-06-19.listingType,history.2025-06-19.listedDate,history.2025-06-19.removedDate,history.2025-06-19.daysOnMarket,history.2025-06-25.event,history.2025-06-25.price,history.2025-06-25.listingType,history.2025-06-25.listedDate,history.2025-06-25.removedDate,history.2025-06-25.daysOnMarket,history.2025-07-30.event,history.2025-07-30.price,history.2025-07-30.listingType,history.2025-07-30.listedDate,history.2025-07-30.removedDate,history.2025-07-30.daysOnMarket,history.2025-07-23.event,history.2025-07-23.price,history.2025-07-23.listingType,history.2025-07-23.listedDate,history.2025-07-23.removedDate,history.2025-07-23.daysOnMarket,history.2026-01-20.event,history.2026-01-20.price,history.2026-01-20.listingType,history.2026-01-20.listedDate,history.2026-01-20.removedDate,history.2026-01-20.daysOnMarket,history.2026-02-10.event,history.2026-02-10.price,history.2026-02-10.listingType,history.2026-02-10.listedDate,history.2026-02-10.removedDate,history.2026-02-10.daysOnMarket,history.2026-03-06.event,history.2026-03-06.price,history.2026-03-06.listingType,history.2026-03-06.listedDate,history.2026-03-06.removedDate,history.2026-03-06.daysOnMarket,history.2025-08-23.event,history.2025-08-23.price,history.2025-08-23.listingType,history.2025-08-23.listedDate,history.2025-08-23.removedDate,history.2025-08-23.daysOnMarket,history.2025-08-20.event,history.2025-08-20.price,history.2025-08-20.listingType,history.2025-08-20.listedDate,history.2025-08-20.removedDate,history.2025-08-20.daysOnMarket,history.2026-06-20.event,history.2026-06-20.price,history.2026-06-20.listingType,history.2026-06-20.listedDate,history.2026-06-20.removedDate,history.2026-06-20.daysOnMarket,history.2026-07-22.event,history.2026-07-22.price,history.2026-07-22.listingType,history.2026-07-22.listedDate,history.2026-07-22.removedDate,history.2026-07-22.daysOnMarket,history.2026-07-29.event,history.2026-07-29.price,history.2026-07-29.listingType,history.2026-07-29.listedDate,history.2026-07-29.removedDate,history.2026-07-29.daysOnMarket,history.2026-09-18.event,history.2026-09-18.price,history.2026-09-18.listingType,history.2026-09-18.listedDate,history.2026-09-18.removedDate,history.2026-09-18.daysOnMarket
"17515-Sandgate-Ct,-Land-O-Lakes,-FL-34638","17515 Sandgate Ct, Land O Lakes, FL 34638",17515 Sandgate Ct,,Land O Lakes,FL,12,34638,Pasco,101,28.205368,-82.525882,Single Family,3,3.0,2112,Active,2400,Standard,2026-10-01T00:00:00.000Z,,2020-03-14T03:32:32.613Z,2026-10-01T02:50:19.787Z,1,Pasco,Land O Lakes,Rental Listing,2550.0,Standard,2026-03-14T00:00:00.000Z,2026-03-15T00:00:00.000Z,1.0,Rental Listing,2550.0,Standard,2026-04-22T00:00:00.000Z,2026-04-23T00:00:00.000Z,1.0,Rental Listing,2550.0,Standard,2026-06-02T00:00:00.000Z,2026-06-03T00:00:00.000Z,1.0,Rental Listing,2400.0,Standard,2026-08-26T00:00:00.000Z,2026-08-27T00:00:00.000Z,1.0,Rental Listing,2400.0,Standard,2026-09-26T00:00:00.000Z,2026-09-27T00:00:00.000Z,1.0,Rental Listing,2400,Standard,2026-10-01T00:00:00.000Z,,1,,,,,,,,,,,,,,,,,,,,,,,,,,,,,,,,,,,,,,,,,,,,,,,,,,,,,,,,,,,,,,,,,,,,,,,,,,,,,,,,,,,,,,,,,,,,,,,,,,,,,,,,,,,,,,,,,,,,,,,,,,,,,,,,,,,,,,,,,,,,,,,,,,,,,,,,,,,,,,,,,,,,,,,,,,,,,,,,,,,,,,,,,,,,,,,,,,,,,,,,,,,,,,,,,,,,,,,,,,,,,,,,,,,,,,,,,,,,,,,,,,,,,,,,,,,,,,,,,,,,,,,,,,,,,,,,,,,,,,,,,,,,,,,,,,,,,,,,,,,,,,,,,,,,,,,,,,,,,,,,,,,,,,,,,,,,,,,,,,,,,,,,,,,,,,,,,,,,,,,,,,,,,,,,,,,,,,,,,,,,,,,,,,,,,,,,,,,,,,,,,,,,,,,,,,,,,,,,,,,,,,,,,,,,,,,,,,,,,,,,,,,,,,,,,,,,,,,,,,,,,,,,,,,,,,,,,,,,,,,,,,,,,,,,,,,,,,,
"21027-Voyager-Blvd,-Apt-K8,-Land-O-Lakes,-FL-34638","21027 Voyager Blvd, Apt K8, Land O Lakes, FL 34638",21027 Voyager Blvd,Apt K8,Land O Lakes,FL,12,34638,Pasco,101,28.216344,-82.467837,Condo,2,1.0,800,Active,1299,Standard,2026-10-01T00:00:00.000Z,,2026-06-28T00:00:00.000Z,2026-10-01T02:50:19.780Z,1,Pasco,Land O Lakes,,,,,,,,,,,,,,,,,,,,,,,,,,,,,,,Rental Listing,1299,Standard,2026-10-01T00:00:00.000Z,,1,Rental Listing,1325.0,Standard,2026-07-21T00:00:00.000Z,2026-07-22T00:00:00.000Z,1.0,,,,,,,,,,,,,,,,,,,,,,,,,,,,,,,,,,,,,,,,,,,,,,,,,,,,,,,,,,,,,,,,,,,,,,,,,,,,,,,,,,,,,,,,,,,,,,,,,,,,,,,,,,,,,,,,,,,,,,,,,,,,,,,,,,,,,,,,,,,,,,,,,,,,,,,,,,,,,,,,,,,,,,,,,,,,,,,,,,,,,,,,,,,,,,,,,,,,,,,,,,,,,,,,,,,,,,,,,,,,,,,,,,,,,,,,,,,,,,,,,,,,,,,,,,,,,,,,,,,,,,,,,,,,,,,,,,,,,,,,,,,,,,,,,,,,,,,,,,,,,,,,,,,,,,,,,,,,,,,,,,,,,,,,,,,,,,,,,,,,,,,,,,,,,,,,,,,,,,,,,,,,,,,,,,,,,,,,,,,,,,,,,,,,,,,,,,,,,,,,,,,,,,,,,,,,,,,,,,,,,,,,,,,,,,,,,,,,,,,,,,,,,,,,,,,,,,,,,,,,,,,,,,,,,,,,,,,,,,,,,,,,,,,,,
"18447-Red-Willow-Way,-Land-O-Lakes,-FL-34638","18447 Red Willow Way, Land O Lakes, FL 34638",18447 Red Willow Way,,Land O Lakes,FL,12,34638,Pasco,101,28.301633,-82.51064,Single Family,3,2.0,2150,Active,2330,Standard,2026-10-01T00:00:00.000Z,,2020-12-12T01:03:52.073Z,2026-10-01T02:50:19.750Z,1,Pasco,Land O Lakes,,,,,,,,,,,,,,,,,,,,,,,,,,,,,,,Rental Listing,2330,Standard,2026-10-01T00:00:00.000Z,,1,,,,,,,Rental Listing,2790.0,Standard,2026-08-28T00:00:00.000Z,2026-08-29T00:00:00.000Z,1.0,,,,,,,,,,,,,,,,,,,,,,,,,,,,,,,,,,,,,,,,,,,,,,,,,,,,,,,,,,,,,,,,,,,,,,,,,,,,,,,,,,,,,,,,,,,,,,,,,,,,,,,,,,,,,,,,,,,,,,,,,,,,,,,,,,,,,,,,,,,,,,,,,,,,,,,,,,,,,,,,,,,,,,,,,,,,,,,,,,,,,,,,,,,,,,,,,,,,,,,,,,,,,,,,,,,,,,,,,,,,,,,,,,,,,,,,,,,,,,,,,,,,,,,,,,,,,,,,,,,,,,,,,,,,,,,,,,,,,,,,,,,,,,,,,,,,,,,,,,,,,,,,,,,,,,,,,,,,,,,,,,,,,,,,,,,,,,,,,,,,,,,,,,,,,,,,,,,,,,,,,,,,,,,,,,,,,,,,,,,,,,,,,,,,,,,,,,,,,,,,,,,,,,,,,,,,,,,,,,,,,,,,,,,,,,,,,,,,,,,,,,,,,,,,,,,,,,,,,,,,,,,,,,,,,,,,,,,,,,,,,,,
"24146-Cross-Ln,-Land-O-Lakes,-FL-34639","24146 Cross Ln, Land O Lakes, FL 34639",24146 Cross Ln,,Land O Lakes,FL,12,34639,Pasco,101,28.188647,-82.416422,Single Family,3,2.0,1608,Active,2400,Standard,2026-10-01T00:00:00.000Z,,2020-12-15T02:15:22.817Z,2026-10-01T02:50:19.748Z,1,Pasco,Land O Lakes,,,,,,,,,,,,,,,,,,,,,,,,,,,,,,,Rental Listing,2400,Standard,2026-10-01T00:00:00.000Z,,1,,,,,,,,,,,,,,,,,,,,,,,,,,,,,,,,,,,,,,,,,,,,,,,,,,,,,,,,,,,,,,,,,,,,,,,,,,,,,,,,,,,,,,,,,,,,,,,,,,,,,,,,,,,,,,,,,,,,,,,,,,,,,,,,,,,,,,,,,,,,,,,,,,,,,,,,,,,,,,,,,,,,,,,,,,,,,,,,,,,,,,,,,,,,,,,,,,,,,,,,,,,,,,,,,,,,,,,,,,,,,,,,,,,,,,,,,,,,,,,,,,,,,,,,,,,,,,,,,,,,,,,,,,,,,,,,,,,,,,,,,,,,,,,,,,,,,,,,,,,,,,,,,,,,,,,,,,,,,,,,,,,,,,,,,,,,,,,,,,,,,,,,,,,,,,,,,,,,,,,,,,,,,,,,,,,,,,,,,,,,,,,,,,,,,,,,,,,,,,,,,,,,,,,,,,,,,,,,,,,,,,,,,,,,,,,,,,,,,,,,,,,,,,,,,,,,,,,,,,,,,,,,,,,,,,,,,,,,,,,,,,,,,,,,,,,,,,,
"25924-Terrawood-Loop,-Land-O-Lakes,-FL-34639","25924 Terrawood Loop, Land O Lakes, FL 34639",25924 Terrawood Loop,,Land O Lakes,FL,12,34639,Pasco,101,28.2221,-82.387022,Single Family,3,2.0,1340,Active,1880,Standard,2026-10-01T00:00:00.000Z,,2023-10-28T00:00:00.000Z,2026-10-01T02:49:51.008Z,1,Pasco,Land O Lakes,,,,,,,,,,,,,,,,,,,,,,,,,,,,,,,Rental Listing,1880,Standard,2026-10-01T00:00:00.000Z,,1,,,,,,,,,,,,,Rental Listing,2100.0,Standard,2026-07-31T00:00:00.000Z,2026-08-01T00:00:00.000Z,1.0,,,,,,,,,,,,,,,,,,,,,,,,,,,,,,,,,,,,,,,,,,,,,,,,,,,,,,,,,,,,,,,,,,,,,,,,,,,,,,,,,,,,,,,,,,,,,,,,,,,,,,,,,,,,,,,,,,,,,,,,,,,,,,,,,,,,,,,,,,,,,,,,,,,,,,,,,,,,,,,,,,,,,,,,,,,,,,,,,,,,,,,,,,,,,,,,,,,,,,,,,,,,,,,,,,,,,,,,,,,,,,,,,,,,,,,,,,,,,,,,,,,,,,,,,,,,,,,,,,,,,,,,,,,,,,,,,,,,,,,,,,,,,,,,,,,,,,,,,,,,,,,,,,,,,,,,,,,,,,,,,,,,,,,,,,,,,,,,,,,,,,,,,,,,,,,,,,,,,,,,,,,,,,,,,,,,,,,,,,,,,,,,,,,,,,,,,,,,,,,,,,,,,,,,,,,,,,,,,,,,,,,,,,,,,,,,,,,,,,,,,,,,,,,,,,,,,,,,,,,,,,,,,,,,,,,,,,,,,
"20781-Monza-Loop,-Land-O-Lakes,-FL-34638","20781 Monza Loop, Land O Lakes, FL 34638",20781 Monza Loop,,Land O Lakes,FL,12,34638,Pasco,101,28.258096,-82.479214,Single Family,5,3.0,2615,Active,2999,Standard,2026-10-01T00:00:00.000Z,,2026-06-20T00:00:00.000Z,2026-10-01T02:49:50.986Z,1,Pasco,Land O Lakes,,,,,,,,,,,,,,,,,,,,,,,,,,,,,,,Rental Listing,2999,Standard,2026-10-01T00:00:00.000Z,,1,,,,,,,,,,,,,,,,,,,7841.0,2022.0,Rental Listing,3150.0,Standard,2026-07-16T00:00:00.000Z,2026-07-25T00:00:00.000Z,9.0,,,,,,,,,,,,,,,,,,,,,,,,,,,,,,,,,,,,,,,,,,,,,,,,,,,,,,,,,,,,,,,,,,,,,,,,,,,,,,,,,,,,,,,,,,,,,,,,,,,,,,,,,,,,,,,,,,,,,,,,,,,,,,,,,,,,,,,,,,,,,,,,,,,,,,,,,,,,,,,,,,,,,,,,,,,,,,,,,,,,,,,,,,,,,,,,,,,,,,,,,,,,,,,,,,,,,,,,,,,,,,,,,,,,,,,,,,,,,,,,,,,,,,,,,,,,,,,,,,,,,,,,,,,,,,,,,,,,,,,,,,,,,,,,,,,,,,,,,,,,,,,,,,,,,,,,,,,,,,,,,,,,,,,,,,,,,,,,,,,,,,,,,,,,,,,,,,,,,,,,,,,,,,,,,,,,,,,,,,,,,,,,,,,,,,,,,,,,,,,,,,,,,,,,,,,,,,,,,,,,,,,,,,,,,,,,,,,,,,,,,,,,,,,,,,,,,,,,,,,,,,,,,,,,,
"11164-Treasure-Swale-Way,-Land-O-Lakes,-FL-34638","11164 Treasure Swale Way, Land O Lakes, FL 34638",11164 Treasure Swale Way,,Land O Lakes,FL,12,34638,Pasco,101,28.317877,-82.526532,Townhouse,3,3.0,1673,Active,2145,Standard,2026-10-01T00:00:00.000Z,,2026-09-18T00:00:00.000Z,2026-10-01T02:49:50.985Z,1,Pasco,Land O Lakes,,,,,,,,,,,,,,,,,,,,,,,,,,,,,,,Rental Listing,2145,Standard,2026-10-01T00:00:00.000Z,,1,,,,,,,,,,,,,,,,,,,,,,,,,,,,,,,,,,,,,,,,,,,,,,,,,,,,,,,,,,,,,,,,,,,,,,,,,,,,,,,,,,,,,,,,,,,,,,,,,,,,,,,,,,,,,,,,,,,,,,,,,,,,,,,,,,,,,,,,,,,,,,,,,,,,,,,,,,,,,,,,,,,,,,,,,,,,,,,,,,,,,,,,,,,,,,,,,,,,,,,,,,,,,,,,,,,,,,,,,,,,,,,,,,,,,,,,,,,,,,,,,,,,,,,,,,,,,,,,,,,,,,,,,,,,,,,,,,,,,,,,,,,,,,,,,,,,,,,,,,,,,,,,,,,,,,,,,,,,,,,,,,,,,,,,,,,,,,,,,,,,,,,,,,,,,,,,,,,,,,,,,,,,,,,,,,,,,,,,,,,,,,,,,,,,,,,,,,,,,,,,,,,,,,,,,,,,,,,,,,,,,,,,,,,,,,,,,,,,,,,,,,,,,,,,,,,,,,,,,,,,,,,,,,,,,,,,,,,,,,,,,,,,,,,,,,,,,,,
"17348-Lawn-Orchid-Loop,-Land-O-Lakes,-FL-34638","17348 Lawn Orchid Loop, Land O Lakes, FL 34638",17348 Lawn Orchid Loop,,Land O Lakes,FL,12,34638,Pasco,101,28.196208,-82.528289,Single Family,3,2.0,1655,Active,2345,Standard,2026-10-01T00:00:00.000Z,,2026-09-18T00:00:00.000Z,2026-10-01T02:49:50.983Z,1,Pasco,Land O Lakes,,,,,,,,,,,,,,,,,,,,,,,,,,,,,,,Rental Listing,2345,Standard,2026-10-01T00:00:00.000Z,,1,,,,,,,,,,,,,,,,,,,,,,,,,,,,,,,,,,,,,,,,,,,,,,,,,,,,,,,,,,,,,,,,,,,,,,,,,,,,,,,,,,,,,,,,,,,,,,,,,,,,,,,,,,,,,,,,,,,,,,,,,,,,,,,,,,,,,,,,,,,,,,,,,,,,,,,,,,,,,,,,,,,,,,,,,,,,,,,,,,,,,,,,,,,,,,,,,,,,,,,,,,,,,,,,,,,,,,,,,,,,,,,,,,,,,,,,,,,,,,,,,,,,,,,,,,,,,,,,,,,,,,,,,,,,,,,,,,,,,,,,,,,,,,,,,,,,,,,,,,,,,,,,,,,,,,,,,,,,,,,,,,,,,,,,,,,,,,,,,,,,,,,,,,,,,,,,,,,,,,,,,,,,,,,,,,,,,,,,,,,,,,,,,,,,,,,,,,,,,,,,,,,,,,,,,,,,,,,,,,,,,,,,,,,,,,,,,,,,,,,,,,,,,,,,,,,,,,,,,,,,,,,,,,,,,,,,,,,,,,,,,,,,,,,,,,,,,,,
"9253-Black-Thorn-Loop,-Land-O-Lakes,-FL-34638","9253 Black Thorn Loop, Land O Lakes, FL 34638",9253 Black Thorn Loop,,Land O Lakes,FL,12,34638,Pasco,101,28.292476,-82.495643,Single Family,4,2.0,1824,Active,2175,Standard,2026-10-01T00:00:00.000Z,,2021-02-05T00:37:37.882Z,2026-10-01T02:49:50.970Z,1,Pasco,Land O Lakes,,,,,,,,,,,,,,,,,,,,,,,,,,,,,,,Rental Listing,2175,Standard,2026-10-01T00:00:00.000Z,,1,,,,,,,,,,,,,,,,,,,,2005.0,,,,,,,Rental Listing,2295.0,Standard,2026-08-10T00:00:00.000Z,2026-08-11T00:00:00.000Z,1.0,,,,,,,,,,,,,,,,,,,,,,,,,,,,,,,,,,,,,,,,,,,,,,,,,,,,,,,,,,,,,,,,,,,,,,,,,,,,,,,,,,,,,,,,,,,,,,,,,,,,,,,,,,,,,,,,,,,,,,,,,,,,,,,,,,,,,,,,,,,,,,,,,,,,,,,,,,,,,,,,,,,,,,,,,,,,,,,,,,,,,,,,,,,,,,,,,,,,,,,,,,,,,,,,,,,,,,,,,,,,,,,,,,,,,,,,,,,,,,,,,,,,,,,,,,,,,,,,,,,,,,,,,,,,,,,,,,,,,,,,,,,,,,,,,,,,,,,,,,,,,,,,,,,,,,,,,,,,,,,,,,,,,,,,,,,,,,,,,,,,,,,,,,,,,,,,,,,,,,,,,,,,,,,,,,,,,,,,,,,,,,,,,,,,,,,,,,,,,,,,,,,,,,,,,,,,,,,,,,,,,,,,,,,,,,,,,,,,,,,,,,,,,,,,,,,,,,,,,,,,,,,
"4786-Ballantrae-Blvd,-Land-O-Lakes,-FL-34638","4786 Ballantrae Blvd, Land O Lakes, FL 34638",4786 Ballantrae Blvd,,Land O Lakes,FL,12,34638,Pasco,101,28.223013,-82.522079,Single Family,3,2.0,2101,Active,3000,Standard,2026-10-01T00:00:00.000Z,,2023-05-04T00:00:00.000Z,2026-10-01T02:49:50.966Z,1,Pasco,Land O Lakes,,,,,,,,,,,,,,,,,,,,,,,,,,,,,,,Rental Listing,3000,Standard,2026-10-01T00:00:00.000Z,,1,,,,,,,,,,,,,,,,,,,6534.0,2020.0,,,,,,,,,,,,,48.0,,,,,,,,,,,,,,,,,,,,,,,,,,,,,,,,,,,,,,,,,,,,,,,,,,,,,,,,,,,,,,,,,,,,,,,,,,,,,,,,,,,,,,,,,,,,,,,,,,,,,,,,,,,,,,,,,,,,,,,,,,,,,,,,,,,,,,,,,,,,,,,,,,,,,,,,,,,,,,,,,,,,,,,,,,,,,,,,,,,,,,,,,,,,,,,,,,,,,,,,,,,,,,,,,,,,,,,,,,,,,,,,,,,,,,,,,,,,,,,,,,,,,,,,,,,,,,,,,,,,,,,,,,,,,,,,,,,,,,,,,,,,,,,,,,,,,,,,,,,,,,,,,,,,,,,,,,,,,,,,,,,,,,,,,,,,,,,,,,,,,,,,,,,,,,,,,,,,,,,,,,,,,,,,,,,,,,,,,,,,,,,,,,,,,,,,,,,,,,,,,,,,,,,,,,,,,,,,,,,,,,,,,,,,,,,,,,,,,,,,,,,,,,,,,,,,,,,,,,,,,,
"21027-Monza-Loop,-Land-O-Lakes,-FL-34638","21027 Monza Loop, Land O Lakes, FL 34638",21027 Monza Loop,,Land O Lakes,FL,12,34638,Pasco,101,28.255944,-82.478927,Single Family,4,3.0,2203,Active,2850,Standard,2026-10-01T00:00:00.000Z,,2026-09-26T00:00:00.000Z,2026-10-01T02:49:50.961Z,1,Pasco,Land O Lakes,,,,,,,,,,,,,,,,,,,,,,,,,,,,,,,Rental Listing,2850,Standard,2026-10-01T00:00:00.000Z,,1,,,,,,,,,,,,,,,,,,,,,,,,,,,,,,,,,,,,,,,,,,,,,,,,,,,,,,,,,,,,,,,,,,,,,,,,,,,,,,,,,,,,,,,,,,,,,,,,,,,,,,,,,,,,,,,,,,,,,,,,,,,,,,,,,,,,,,,,,,,,,,,,,,,,,,,,,,,,,,,,,,,,,,,,,,,,,,,,,,,,,,,,,,,,,,,,,,,,,,,,,,,,,,,,,,,,,,,,,,,,,,,,,,,,,,,,,,,,,,,,,,,,,,,,,,,,,,,,,,,,,,,,,,,,,,,,,,,,,,,,,,,,,,,,,,,,,,,,,,,,,,,,,,,,,,,,,,,,,,,,,,,,,,,,,,,,,,,,,,,,,,,,,,,,,,,,,,,,,,,,,,,,,,,,,,,,,,,,,,,,,,,,,,,,,,,,,,,,,,,,,,,,,,,,,,,,,,,,,,,,,,,,,,,,,,,,,,,,,,,,,,,,,,,,,,,,,,,,,,,,,,,,,,,,,,,,,,,,,,,,,,,,,,,,,,,,,,,
"20356-Calla-Lily-Dr,-Land-O-Lakes,-FL-34638","20356 Calla Lily Dr, Land O Lakes, FL 34638",20356 Calla Lily Dr,,Land O Lakes,FL,12,34638,Pasco,101,28.214069,-82.47997,Single Family,4,2.5,1977,Active,2635,Standard,2026-10-01T00:00:00.000Z,,2024-12-01T00:00:00.000Z,2026-10-01T02:49:50.946Z,1,Pasco,Land O Lakes,,,,,,,,,,,,,,,,,,,,,,,,,,,,,,,Rental Listing,2635,Standard,2026-10-01T00:00:00.000Z,,1,,,,,,,,,,,,,,,,,,,,2022.0,,,,,,,,,,,,,,Rental Listing,2575.0,Standard,2024-11-28T00:00:00.000Z,2024-12-03T00:00:00.000Z,5.0,,,,,,,,,,,,,,,,,,,,,,,,,,,,,,,,,,,,,,,,,,,,,,,,,,,,,,,,,,,,,,,,,,,,,,,,,,,,,,,,,,,,,,,,,,,,,,,,,,,,,,,,,,,,,,,,,,,,,,,,,,,,,,,,,,,,,,,,,,,,,,,,,,,,,,,,,,,,,,,,,,,,,,,,,,,,,,,,,,,,,,,,,,,,,,,,,,,,,,,,,,,,,,,,,,,,,,,,,,,,,,,,,,,,,,,,,,,,,,,,,,,,,,,,,,,,,,,,,,,,,,,,,,,,,,,,,,,,,,,,,,,,,,,,,,,,,,,,,,,,,,,,,,,,,,,,,,,,,,,,,,,,,,,,,,,,,,,,,,,,,,,,,,,,,,,,,,,,,,,,,,,,,,,,,,,,,,,,,,,,,,,,,,,,,,,,,,,,,,,,,,,,,,,,,,,,,,,,,,,,,,,,,,,,,,,,,,,,,,,,,,,,,,,,,,,,,,,,
"20364-Calla-Lily-Dr,-Land-O-Lakes,-FL-34638","20364 Calla Lily Dr, Land O Lakes, FL 34638",20364 Calla Lily Dr,,Land O Lakes,FL,12,34638,Pasco,101,28.214141,-82.479837,Single Family,3,2.0,1700,Active,2600,Standard,2026-10-01T00:00:00.000Z,,2024-10-23T00:00:00.000Z,2026-10-01T02:49:50.940Z,1,Pasco,Land O Lakes,,,,,,,,,,,,,,,,,,,,,,,,,,,,,,,Rental Listing,2600,Standard,2026-10-01T00:00:00.000Z,,1,,,,,,,,,,,,,,,,,,,,2022.0,,,,,,,,,,,,,,,,,,,,Rental Listing,2490.0,Standard,2024-10-16T00:00:00.000Z,2024-10-25T00:00:00.000Z,9.0,,,,,,,,,,,,,,,,,,,,,,,,,,,,,,,,,,,,,,,,,,,,,,,,,,,,,,,,,,,,,,,,,,,,,,,,,,,,,,,,,,,,,,,,,,,,,,,,,,,,,,,,,,,,,,,,,,,,,,,,,,,,,,,,,,,,,,,,,,,,,,,,,,,,,,,,,,,,,,,,,,,,,,,,,,,,,,,,,,,,,,,,,,,,,,,,,,,,,,,,,,,,,,,,,,,,,,,,,,,,,,,,,,,,,,,,,,,,,,,,,,,,,,,,,,,,,,,,,,,,,,,,,,,,,,,,,,,,,,,,,,,,,,,,,,,,,,,,,,,,,,,,,,,,,,,,,,,,,,,,,,,,,,,,,,,,,,,,,,,,,,,,,,,,,,,,,,,,,,,,,,,,,,,,,,,,,,,,,,,,,,,,,,,,,,,,,,,,,,,,,,,,,,,,,,,,,,,,,,,,,,,,,,,,,,,,,,,,,,,,,,,,,,,,,,
"4609-Braesgate-Ct,-Land-O-Lakes,-FL-34639","4609 Braesgate Ct, Land O Lakes, FL 34639",4609 Braesgate Ct,,Land O Lakes,FL,12,34639,Pasco,101,28.223996,-82.437005,Single Family,4,2.0,1940,Active,2445,Standard,2026-10-01T00:00:00.000Z,,2020-04-18T14:59:40.653Z,2026-10-01T02:49:50.919Z,1,Pasco,Land O Lakes,,,,,,,,,,,,,,,,,,,,,,,,,,,,,,,Rental Listing,2445,Standard,2026-10-01T00:00:00.000Z,,1,,,,,,,,,,,,,,,,,,,,,,,,,,,,,,,,,,,,,,,,,,,,,,,,,,,,,,,,,,,,,,,,,,,,,,,,,,,,,,,,,,,,,,,,,,,,,,,,,,,,,,,,,,,,,,,,,,,,,,,,,,,,,,,,,,,,,,,,,,,,,,,,,,,,,,,,,,,,,,,,,,,,,,,,,,,,,,,,,,,,,,,,,,,,,,,,,,,,,,,,,,,,,,,,,,,,,,,,,,,,,,,,,,,,,,,,,,,,,,,,,,,,,,,,,,,,,,,,,,,,,,,,,,,,,,,,,,,,,,,,,,,,,,,,,,,,,,,,,,,,,,,,,,,,,,,,,,,,,,,,,,,,,,,,,,,,,,,,,,,,,,,,,,,,,,,,,,,,,,,,,,,,,,,,,,,,,,,,,,,,,,,,,,,,,,,,,,,,,,,,,,,,,,,,,,,,,,,,,,,,,,,,,,,,,,,,,,,,,,,,,,,,,,,,,,,,,,,,,,,,,,,,,,,,,,,,,,,,,,,,,,,,,,,,,,,,,,,
"2846-Prairie-Iris-Dr,-Land-O-Lakes,-FL-34638","2846 Prairie Iris Dr, Land O Lakes, FL 34638",2846 Prairie Iris Dr,,Land O Lakes,FL,12,34638,Pasco,101,28.199426,-82.527652,Single Family,4,2.5,2110,Active,2645,Standard,2026-10-01T00:00:00.000Z,,2019-04-30T08:54:49.154Z,2026-10-01T02:49:50.917Z,1,Pasco,Land O Lakes,,,,,,,,,,,,,,,,,,,,,,,,,,,,,,,Rental Listing,2645,Standard,2026-10-01T00:00:00.000Z,,1,,,,,,,,,,,,,,,,,,,,2005.0,,,,,,,,,,,,,,,,,,,,,,,,,,,,,,,,,,,,,,,,,,,,,,,,,,,,,,,,,,,,,,,,,,,,,,,,,,,,,,,,,,,,,,,,,,,,,,,,,,,,,,,,,,,,,,,,,,,,,,,,,,,,,,,,,,,,,,,,,,,,,,,,,,,,,,,,,,,,,,,,,,,,,,,,,,,,,,,,,,,,,,,,,,,,,,,,,,,,,,,,,,,,,,,,,,,,,,,,,,,,,,,,,,,,,,,,,,,,,,,,,,,,,,,,,,,,,,,,,,,,,,,,,,,,,,,,,,,,,,,,,,,,,,,,,,,,,,,,,,,,,,,,,,,,,,,,,,,,,,,,,,,,,,,,,,,,,,,,,,,,,,,,,,,,,,,,,,,,,,,,,,,,,,,,,,,,,,,,,,,,,,,,,,,,,,,,,,,,,,,,,,,,,,,,,,,,,,,,,,,,,,,,,,,,,,,,,,,,,,,,,,,,,,,,,,,,,,,,,,,,,,,,,,,,,,,,,,,
"10503-Farm-Hill-Ave,-Land-O-Lakes,-FL-34638","10503 Farm Hill Ave, Land O Lakes, FL 34638",10503 Farm Hill Ave,,Land O Lakes,FL,12,34638,Pasco,101,28.309803,-82.52367,Single Family,4,3.0,2756,Active,3300,Standard,2026-10-01T00:00:00.000Z,,2025-06-03T00:00:00.000Z,2026-10-01T02:49:50.906Z,1,Pasco,Land O Lakes,,,,,,,,,,,,,,,,,,,,,,,,,,,,,,,Rental Listing,3300,Standard,2026-10-01T00:00:00.000Z,,1,,,,,,,,,,,,,,,,,,,6941.0,2025.0,,,,,,,,,,,,,,,,,,,,,,,,,,Rental Listing,3000.0,New Construction,2025-06-03T00:00:00.000Z,2025-07-25T00:00:00.000Z,52.0,Rental Listing,3500.0,Standard,2026-08-22T00:00:00.000Z,2026-08-23T00:00:00.000Z,1.0,,,,,,,,,,,,,,,,,,,,,,,,,,,,,,,,,,,,,,,,,,,,,,,,,,,,,,,,,,,,,,,,,,,,,,,,,,,,,,,,,,,,,,,,,,,,,,,,,,,,,,,,,,,,,,,,,,,,,,,,,,,,,,,,,,,,,,,,,,,,,,,,,,,,,,,,,,,,,,,,,,,,,,,,,,,,,,,,,,,,,,,,,,,,,,,,,,,,,,,,,,,,,,,,,,,,,,,,,,,,,,,,,,,,,,,,,,,,,,,,,,,,,,,,,,,,,,,,,,,,,,,,,,,,,,,,,,,,,,,,,,,,,,,,,,,,,,,,,,,,,,,,,,,,,,,,,,,,,,,,,,,,,,,,,,,,,,,,,,,,,,,,,,,,,,,,,,,,,,,,,,,,,,,,,,,,,,,,,,,,,,,,,,,,,,,,,,,,,,,,,,,,,,,,,,,,,,,,,,,,,,,,,,,,,,,,,,,,,,
"22478-Bellini-Cir,-Land-O-Lakes,-FL-34639","22478 Bellini Cir, Land O Lakes, FL 34639",22478 Bellini Cir,,Land O Lakes,FL,12,34639,Pasco,101,28.215583,-82.444961,Single Family,4,2.5,1977,Active,2440,Standard,2026-10-01T00:00:00.000Z,,2024-11-04T00:00:00.000Z,2026-10-01T02:49:50.903Z,1,Pasco,Land O Lakes,,,,,,,,,,,,,,,,,,,,,,,,,,,,,,,Rental Listing,2440,Standard,2026-10-01T00:00:00.000Z,,1,,,,,,,,,,,,,,,,,,,,2022.0,,,,,,,,,,,,,,,,,,,,,,,,,,,,,,,,,,,,,,Rental Listing,2575.0,Standard,2024-09-09T00:00:00.000Z,2024-11-06T00:00:00.000Z,58.0,,,,,,,,,,,,,,,,,,,,,,,,,,,,,,,,,,,,,,,,,,,,,,,,,,,,,,,,,,,,,,,,,,,,,,,,,,,,,,,,,,,,,,,,,,,,,,,,,,,,,,,,,,,,,,,,,,,,,,,,,,,,,,,,,,,,,,,,,,,,,,,,,,,,,,,,,,,,,,,,,,,,,,,,,,,,,,,,,,,,,,,,,,,,,,,,,,,,,,,,,,,,,,,,,,,,,,,,,,,,,,,,,,,,,,,,,,,,,,,,,,,,,,,,,,,,,,,,,,,,,,,,,,,,,,,,,,,,,,,,,,,,,,,,,,,,,,,,,,,,,,,,,,,,,,,,,,,,,,,,,,,,,,,,,,,,,,,,,,,,,,,,,,,,,,,,,,,,,,,,,,,,,,,,,,,,,,,,,,,,,,,,,,,,,,,,,,,,,,,,,,,,,,,,,,,,,,,,,,,,,,,,,,,,,,,,
"22477-Bellini-Cir,-Land-O-Lakes,-FL-34639","22477 Bellini Cir, Land O Lakes, FL 34639",22477 Bellini Cir,,Land O Lakes,FL,12,34639,Pasco,101,28.215544,-82.44547,Single Family,4,3.0,2245,Active,2905,Standard,2026-10-01T00:00:00.000Z,,2026-07-29T00:00:00.000Z,2026-10-01T02:49:50.902Z,1,Pasco,Land O Lakes,,,,,,,,,,,,,,,,,,,,,,,,,,,,,,,Rental Listing,2905,Standard,2026-10-01T00:00:00.000Z,,1,,,,,,,,,,,,,,,,,,,,2023.0,,,,,,,,,,,,,,,,,,,,,,,,,,,,,,,,,,,,,,,,,,,,,,,,,,,,,,,,,,,,,,,,,,,,,,,,,,,,,,,,,,,,,,,,,,,,,,,,,,,,,,,,,,,,,,,,,,,,,,,,,,,,,,,,,,,,,,,,,,,,,,,,,,,,,,,,,,,,,,,,,,,,,,,,,,,,,,,,,,,,,,,,,,,,,,,,,,,,,,,,,,,,,,,,,,,,,,,,,,,,,,,,,,,,,,,,,,,,,,,,,,,,,,,,,,,,,,,,,,,,,,,,,,,,,,,,,,,,,,,,,,,,,,,,,,,,,,,,,,,,,,,,,,,,,,,,,,,,,,,,,,,,,,,,,,,,,,,,,,,,,,,,,,,,,,,,,,,,,,,,,,,,,,,,,,,,,,,,,,,,,,,,,,,,,,,,,,,,,,,,,,,,,,,,,,,,,,,,,,,,,,,,,,,,,,,,,,,,,,,,,,,,,,,,,,,,,,,,,,,,,,,,,,,,,,,,,,,
"19608-Timberbluff-Dr,-Land-O-Lakes,-FL-34638","19608 Timberbluff Dr, Land O Lakes, FL 34638",19608 Timberbluff Dr,,Land O Lakes,FL,12,34638,Pasco,101,28.290322,-82.499082,Single Family,5,3.0,2657,Active,2695,Standard,2026-10-01T00:00:00.000Z,,2023-07-19T00:00:00.000Z,2026-10-01T02:49:50.899Z,1,Pasco,Land O Lakes,,,,,,,,,,,,,,,,,,,,,,,,,,,,,,,Rental Listing,2695,Standard,2026-10-01T00:00:00.000Z,,1,,,,,,,,,,,,,,,,,,,,,,,,,,,,,,,,,,,,,,,,,,,,,,,,,,,,,,,,,,,,,,,,,,,,,,,,,,,,,,,,,,,,,,,,,,,,,,,,,,,,,,,,,,,,,,,,,,,,,,,,,,,,,,,,,,,,,,,,,,,,,,,,,,,,,,,,,,,,,,,,,,,,,,,,,,,,,,,,,,,,,,,,,,,,,,,,,,,,,,,,,,,,,,,,,,,,,,,,,,,,,,,,,,,,,,,,,,,,,,,,,,,,,,,,,,,,,,,,,,,,,,,,,,,,,,,,,,,,,,,,,,,,,,,,,,,,,,,,,,,,,,,,,,,,,,,,,,,,,,,,,,,,,,,,,,,,,,,,,,,,,,,,,,,,,,,,,,,,,,,,,,,,,,,,,,,,,,,,,,,,,,,,,,,,,,,,,,,,,,,,,,,,,,,,,,,,,,,,,,,,,,,,,,,,,,,,,,,,,,,,,,,,,,,,,,,,,,,,,,,,,,,,,,,,,,,,,,,,,,,,,,,,,,,,,,,,,,,
"22407-Bellini-Cir,-Land-O-Lakes,-FL-34639","22407 Bellini Cir, Land O Lakes, FL 34639",22407 Bellini Cir,,Land O Lakes,FL,12,34639,Pasco,101,28.215575,-82.444074,Single Family,4,3.0,2245,Active,2875,Standard,2026-10-01T00:00:00.000Z,,2026-08-13T00:00:00.000Z,2026-10-01T02:46:30.918Z,1,Pasco,Land O Lakes,,,,,,,,,,,,,,,,,,,,,,,,,,,,,,,Rental Listing,2875,Standard,2026-10-01T00:00:00.000Z,,1,,,,,,,,,,,,,,,,,,,,2022.0,,,,,,,,,,,,,,,,,,,,,,,,,,,,,,,,,,,,,,,,,,,,Rental Listing,2880.0,Standard,2026-09-07T00:00:00.000Z,2026-09-08T00:00:00.000Z,1.0,,,,,,,,,,,,,,,,,,,,,,,,,,,,,,,,,,,,,,,,,,,,,,,,,,,,,,,,,,,,,,,,,,,,,,,,,,,,,,,,,,,,,,,,,,,,,,,,,,,,,,,,,,,,,,,,,,,,,,,,,,,,,,,,,,,,,,,,,,,,,,,,,,,,,,,,,,,,,,,,,,,,,,,,,,,,,,,,,,,,,,,,,,,,,,,,,,,,,,,,,,,,,,,,,,,,,,,,,,,,,,,,,,,,,,,,,,,,,,,,,,,,,,,,,,,,,,,,,,,,,,,,,,,,,,,,,,,,,,,,,,,,,,,,,,,,,,,,,,,,,,,,,,,,,,,,,,,,,,,,,,,,,,,,,,,,,,,,,,,,,,,,,,,,,,,,,,,,,,,,,,,,,,,,,,,,,,,,,,,,,,,,,,,,,,,,,,,,,,,,,,,,,,,,,,,,,,,,,,,,,,,,,,
"6027-Desert-Peace-Ave,-Land-O-Lakes,-FL-34639","6027 Desert Peace Ave, Land O Lakes, FL 34639",6027 Desert Peace Ave,,Land O Lakes,FL,12,34639,Pasco,101,28.244726,-82.44523,Single Family,3,2.0,1855,Active,2200,Standard,2026-10-01T00:00:00.000Z,,2023-11-02T00:00:00.000Z,2026-10-01T02:46:30.898Z,1,Pasco,Land O Lakes,,,,,,,,,,,,,,,,,,,,,,,,,,,,,,,Rental Listing,2200,Standard,2026-10-01T00:00:00.000Z,,1,,,,,,,,,,,,,,,,,,,6282.0,2006.0,,,,,,,,,,,,,,,,,,,,,,,,,,,,,,,,,,,,,,,,,,,,,,,,,,,,,,,,,,,,,,,,,,,,,,,,,,,,,,,,,,,,,,,,,,,,,,,,,,,,,,,,,,,,,,,,,,,,,,,,,,,,,,,,,,,,,,,,,,,,,,,,,,,,,,,,,,,,,,,,,,,,,,,,,,,,,,,,,,,,,,,,,,,,,,,,,,,,,,,,,,,,,,,,,,,,,,,,,,,,,,,,,,,,,,,,,,,,,,,,,,,,,,,,,,,,,,,,,,,,,,,,,,,,,,,,,,,,,,,,,,,,,,,,,,,,,,,,,,,,,,,,,,,,,,,,,,,,,,,,,,,,,,,,,,,,,,,,,,,,,,,,,,,,,,,,,,,,,,,,,,,,,,,,,,,,,,,,,,,,,,,,,,,,,,,,,,,,,,,,,,,,,,,,,,,,,,,,,,,,,,,,,,,,,,,,,,,,,,,,,,,,,,,,,,,,,,,,,,,,,,,,,,,,,,,,,,,
"18924-Narimore-Dr,-Land-O-Lakes,-FL-34638","18924 Narimore Dr, Land O Lakes, FL 34638",18924 Narimore Dr,,Land O Lakes,FL,12,34638,Pasco,101,28.293064,-82.50278,Single Family,5,3.0,3219,Active,2825,Standard,2026-10-01T00:00:00.000Z,,2026-09-19T00:00:00.000Z,2026-10-01T02:46:30.892Z,1,Pasco,Land O Lakes,,,,,,,,,,,,,,,,,,,,,,,,,,,,,,,Rental Listing,2825,Standard,2026-10-01T00:00:00.000Z,,1,,,,,,,,,,,,,,,,,,,,,,,,,,,,,,,,,,,,,,,,,,,,,,,,,,,,,,,,,,,,,,,,,,,,,,,,,,,,,,,,,,,,,,,,,,,,,,,,,,,,,,,,,,,,,,,,,,,,,,,,,,,,,,,,,,,,,,,,,,,,,,,,,,,,,,,,,,,,,,,,,,,,,,,,,,,,,,,,,,,,,,,,,,,,,,,,,,,,,,,,,,,,,,,,,,,,,,,,,,,,,,,,,,,,,,,,,,,,,,,,,,,,,,,,,,,,,,,,,,,,,,,,,,,,,,,,,,,,,,,,,,,,,,,,,,,,,,,,,,,,,,,,,,,,,,,,,,,,,,,,,,,,,,,,,,,,,,,,,,,,,,,,,,,,,,,,,,,,,,,,,,,,,,,,,,,,,,,,,,,,,,,,,,,,,,,,,,,,,,,,,,,,,,,,,,,,,,,,,,,,,,,,,,,,,,,,,,,,,,,,,,,,,,,,,,,,,,,,,,,,,,,,,,,,,,,,,,,,,,,,,,,,,,,,,,,,,,,
"4215-Winding-River-Way,-Land-O-Lakes,-FL-34639","4215 Winding River Way, Land O Lakes, FL 34639",4215 Winding River Way,,Land O Lakes,FL,12,34639,Pasco,101,28.218003,-82.390341,Townhouse,2,3.0,1296,Active,1720,Standard,2026-10-01T00:00:00.000Z,,2026-09-03T00:00:00.000Z,2026-10-01T02:46:30.887Z,1,Pasco,Land O Lakes,,,,,,,,,,,,,,,,,,,,,,,,,,,,,,,Rental Listing,1720,Standard,2026-10-01T00:00:00.000Z,,1,,,,,,,,,,,,,,,,,,,,,,,,,,,,,,,,,,,,,,,,,,,,,,,,,,,,,,,,,,,,,,,,,,,,,,,,,,,,,,,,,,,,,,,,,,,,,,,,,,,,,,,,,,,,,,,,,,,,,,,,,,,,,,,,,,,,,,,,,,,,,,,,,,,,,,,,,,,,,,,,,,,,,,,,,,,,,,,,,,,,,,,,,,,,,,,,,,,,,,,,,,,,,,,,,,,,,,,,,,,,,,,,,,,,,,,,,,,,,,,,,,,,,,,,,,,,,,,,,,,,,,,,,,,,,,,,,,,,,,,,,,,,,,,,,,,,,,,,,,,,,,,,,,,,,,,,,,,,,,,,,,,,,,,,,,,,,,,,,,,,,,,,,,,,,,,,,,,,,,,,,,,,,,,,,,,,,,,,,,,,,,,,,,,,,,,,,,,,,,,,,,,,,,,,,,,,,,,,,,,,,,,,,,,,,,,,,,,,,,,,,,,,,,,,,,,,,,,,,,,,,,,,,,,,,,,,,,,,,,,,,,,,,,,,,,,,,,,
"24439-Painter-Dr,-Land-O-Lakes,-FL-34639","24439 Painter Dr, Land O Lakes, FL 34639",24439 Painter Dr,,Land O Lakes,FL,12,34639,Pasco,101,28.191586,-82.411439,Single Family,3,2.0,1374,Active,1949,Standard,2026-10-01T00:00:00.000Z,,2026-08-29T00:00:00.000Z,2026-10-01T02:46:30.822Z,1,Pasco,Land O Lakes,,,,,,,,,,,,,,,,,,,,,,,,,,,,,,,Rental Listing,1949,Standard,2026-10-01T00:00:00.000Z,,1,,,,,,,,,,,,,,,,,,,,,,,,,,,,,,,,,,,,,,,,,,,,,,,,,,,,,,,,,,,,,,,,,,,,,,,,,,,,,,,,,,,,,,,,,,,,,,,,,,,,,,,,,,,,,,,,,,,,,,,,,,,,,,,,,,,,,,,,,,,,,,,,,,,,,,,,,,,,,,,,,,,,,,,,,,,,,,,,,,,,,,,,,,,,,,,,,,,,,,,,,,,,,,,,,,,,,,,,,,,,,,,,,,,,,,,,,,,,,,,,,,,,,,,,,,,,,,,,,,,,,,,,,,,,,,,,,,,,,,,,,,,,,,,,,,,,,,,,,,,,,,,,,,,,,,,,,,,,,,,,,,,,,,,,,,,,,,,,,,,,,,,,,,,,,,,,,,,,,,,,,,,,,,,,,,,,,,,,,,,,,,,,,,,,,,,,,,,,,,,,,,,,,,,,,,,,,,,,,,,,,,,,,,,,,,,,,,,,,,,,,,,,,,,,,,,,,,,,,,,,,,,,,,,,,,,,,,,,,,,,,,,,,,,,,,,,,,,
"20371-Calla-Lily-Dr,-Land-O-Lakes,-FL-34638","20371 Calla Lily Dr, Land O Lakes, FL 34638",20371 Calla Lily Dr,,Land O Lakes,FL,12,34638,Pasco,101,28.214582,-82.480027,Single Family,4,2.5,2449,Active,2820,Standard,2026-10-01T00:00:00.000Z,,2026-08-18T00:00:00.000Z,2026-10-01T02:46:30.704Z,1,Pasco,Land O Lakes,,,,,,,,,,,,,,,,,,,,,,,,,,,,,,,Rental Listing,2820,Standard,2026-10-01T00:00:00.000Z,,1,,,,,,,,,,,,,,,,,,,,2022.0,,,,,,,,,,,,,,,,,,,,,,,,,,,,,,,,,,,,,,,,,,,,,,,,,,,,,,,,,,,,,,,,,,,,,,,,,,,,,,,,,,,,,,,,,,,,,,,,,,,,,,,,,,,,,,,,,,,,,,,,,,,,,,,,,,,,,,,,,,,,,,,,,,,,,,,,,,,,,,,,,,,,,,,,,,,,,,,,,,,,,,,,,,,,,,,,,,,,,,,,,,,,,,,,,,,,,,,,,,,,,,,,,,,,,,,,,,,,,,,,,,,,,,,,,,,,,,,,,,,,,,,,,,,,,,,,,,,,,,,,,,,,,,,,,,,,,,,,,,,,,,,,,,,,,,,,,,,,,,,,,,,,,,,,,,,,,,,,,,,,,,,,,,,,,,,,,,,,,,,,,,,,,,,,,,,,,,,,,,,,,,,,,,,,,,,,,,,,,,,,,,,,,,,,,,,,,,,,,,,,,,,,,,,,,,,,,,,,,,,,,,,,,,,,,,,,,,,,,,,,,,,,,,,,,,,,,,,
"1637-Maximilian-Dr,-Wesley-Chapel,-FL-33543","1637 Maximilian Dr, Wesley Chapel, FL 33543",1637 Maximilian Dr,,Wesley Chapel,FL,12,33543,Pasco,101,28.180707,-82.333187,Single Family,3,2.0,1850,Active,2500,Standard,2026-10-01T00:00:00.000Z,,2026-07-23T00:00:00.000Z,2026-10-01T02:50:19.775Z,1,Pasco,Wesley Chapel,,,,,,,,,,,,,,,,,,,,,,,,,,,,,,,Rental Listing,2500,Standard,2026-10-01T00:00:00.000Z,,1,,,,,,,,,,,,,,,,,,,,,,,,,,,,,,,,,,,,,,,,,,,,,,,,,,,,,,,,,,,,,,,,,,,,,,,,,,,,,,,,,,,,,,,,,,,,,,,,,,,,,,,,,,,,,,,,,,,,,,,,,,,,,,,,,,,,,,,,,,,,,,,,,,,,,,,,,,,,,,,,,,,,,,,,,,,,,,,,,,,,,,,,,,,,,,,,,,,,,,,,,,,,,,,,,,,,,,,,,,,,,,,,,,,,,,,,,,,,,,,,,,,,,,,,,,,,,,,,,,,,,,,,,,,,,,,,,,,,,,,,,,,,,,,,,,,,,,,,,,,,,,,,,,,,,,,,,,,,,,,,,,,,,,,,,,,,,,,,,,,,,,,,,,,,,,,,,,,,,,,,,,,,,,,,,,,,,,,,,,,,,,,,,,,,,,,,,,,,,,,,,,,,,,,,,,,,,,,,,,,,,,,,,,,,,,,,,,,,,,,,,,,,,,,,,,,,,,,,,,,,,,,,,,,,,,,,,,,,,,,,,,,,,,,,,,,,,,,
"32732-Yasmine-Loop,-Wesley-Chapel,-FL-33543","32732 Yasmine Loop, Wesley Chapel, FL 33543",32732 Yasmine Loop,,Wesley Chapel,FL,12,33543,Pasco,101,28.212615,-82.274784,Single Family,4,2.0,1950,Active,2400,Standard,2026-10-01T00:00:00.000Z,,2024-01-02T00:00:00.000Z,2026-10-01T02:50:19.770Z,1,Pasco,Wesley Chapel,,,,,,,,,,,,,,,,,,,,,,,,,,,,,,,Rental Listing,2400,Standard,2026-10-01T00:00:00.000Z,,1,,,,,,,,,,,,,,,,,,,8602.0,2010.0,,,,,,,,,,,,,,,,,,,,,,,,,,,,,,,,,,,,,,,,,,,,,,,,,,Rental Listing,2400.0,Standard,2026-08-29T00:00:00.000Z,2026-08-30T00:00:00.000Z,1.0,,,,,,,,,,,,,,,,,,,,,,,,,,,,,,,,,,,,,,,,,,,,,,,,,,,,,,,,,,,,,,,,,,,,,,,,,,,,,,,,,,,,,,,,,,,,,,,,,,,,,,,,,,,,,,,,,,,,,,,,,,,,,,,,,,,,,,,,,,,,,,,,,,,,,,,,,,,,,,,,,,,,,,,,,,,,,,,,,,,,,,,,,,,,,,,,,,,,,,,,,,,,,,,,,,,,,,,,,,,,,,,,,,,,,,,,,,,,,,,,,,,,,,,,,,,,,,,,,,,,,,,,,,,,,,,,,,,,,,,,,,,,,,,,,,,,,,,,,,,,,,,,,,,,,,,,,,,,,,,,,,,,,,,,,,,,,,,,,,,,,,,,,,,,,,,,,,,,,,,,,,,,,,,,,,,,,,,,,,,,,,,,,,,,,,,,,,,,,,,,,,,,,,,,,,,,,,,,,,,,
"31825-Lily-Arbor-Way,-Wesley-Chapel,-FL-33545","31825 Lily Arbor Way, Wesley Chapel, FL 33545",31825 Lily Arbor Way,,Wesley Chapel,FL,12,33545,Pasco,101,28.27873,-82.290042,Single Family,4,2.0,2155,Active,2600,Standard,2026-10-01T00:00:00.000Z,,2024-07-02T00:00:00.000Z,2026-10-01T02:50:19.752Z,1,Pasco,Wesley Chapel,,,,,,,,,,,,,,,,,,,,,,,,,,,,,,,Rental Listing,2600,Standard,2026-10-01T00:00:00.000Z,,1,,,,,,,,,,,,,,,,,,,6100.0,2022.0,,,,,,,,,,,,,,,,,,,,,,,,,,,,,,,,,,,,,,,,,,,,,,,,,,,,,,,,Rental Listing,2545.0,Standard,2025-04-04T00:00:00.000Z,2025-04-05T00:00:00.000Z,1.0,Rental Listing,2600.0,Standard,2026-04-21T00:00:00.000Z,2026-04-22T00:00:00.000Z,1.0,Rental Listing,2600.0,Standard,2026-05-19T00:00:00.000Z,2026-05-20T00:00:00.000Z,1.0,Rental Listing,2600.0,Standard,2026-06-04T00:00:00.000Z,2026-06-05T00:00:00.000Z,1.0,Rental Listing,2600.0,Standard,2026-06-26T00:00:00.000Z,2026-06-27T00:00:00.000Z,1.0,,,,,,,,,,,,,,,,,,,,,,,,,,,,,,,,,,,,,,,,,,,,,,,,,,,,,,,,,,,,,,,,,,,,,,,,,,,,,,,,,,,,,,,,,,,,,,,,,,,,,,,,,,,,,,,,,,,,,,,,,,,,,,,,,,,,,,,,,,,,,,,,,,,,,,,,,,,,,,,,,,,,,,,,,,,,,,,,,,,,,,,,,,,,,,,,,,,,,,,,,,,,,,,,,,,,,,,,,,,,,,,,,,,,,,,,,,,,,,,,,,,,,,,,,,,,,,,,,,,,,,,,,,,,,,,,,,,,,,,,,,,,,,,,,,,,,,,,,,,,,,,,,,,,,,,,,,,,,,,,,,,,,,,,,,,,,,,,,,,,,,,,,,,,,,,,,,,,,,,,,,,,,,,,,,,,,,,,,,,,,,,,,,,,,,
"7907-Outerbridge-St,-Wesley-Chapel,-FL-33545","7907 Outerbridge St, Wesley Chapel, FL 33545",7907 Outerbridge St,,Wesley Chapel,FL,12,33545,Pasco,101,28.272219,-82.3141,Single Family,4,4.0,2559,Active,2720,Standard,2026-10-01T00:00:00.000Z,,2021-06-16T01:37:09.329Z,2026-10-01T02:50:19.745Z,1,Pasco,Wesley Chapel,,,,,,,,,,,,,,,,,,,,,,,,,,,,,,,Rental Listing,2720,Standard,2026-10-01T00:00:00.000Z,,1,,,,,,,,,,,,,,,,,,,,,,,,,,,,,,,,,,,,,,,,,,,,,,,,,,,,,,,,,,,,,,,,,,,,,,,,,,,,,,,,,,,,,,,,,,,,,,,,,,,,,,,,,,,,,,,,,,,,,,,,,,,,,,,,,,,,,,,,,,,,,,,,,,,,,,,,,,,,,,,,,,,,,,,,,,,,,,,,,,,,,,,,,,,,,,,,,,,,,,,,,,,,,,,,,,,,,,,,,,,,,,,,,,,,,,,,,,,,,,,,,,,,,,,,,,,,,,,,,,,,,,,,,,,,,,,,,,,,,,,,,,,,,,,,,,,,,,,,,,,,,,,,,,,,,,,,,,,,,,,,,,,,,,,,,,,,,,,,,,,,,,,,,,,,,,,,,,,,,,,,,,,,,,,,,,,,,,,,,,,,,,,,,,,,,,,,,,,,,,,,,,,,,,,,,,,,,,,,,,,,,,,,,,,,,,,,,,,,,,,,,,,,,,,,,,,,,,,,,,,,,,,,,,,,,,,,,,,,,,,,,,,,,,,,,,,,,,,
"4001-Constantine-Loop,-Wesley-Chapel,-FL-33543","4001 Constantine Loop, Wesley Chapel, FL 33543",4001 Constantine Loop,,Wesley Chapel,FL,12,33543,Pasco,101,28.215191,-82.27655,Single Family,3,2.0,1776,Active,3850,Standard,2026-10-01T00:00:00.000Z,,2018-02-26T05:05:00.000Z,2026-10-01T02:50:19.744Z,1,Pasco,Wesley Chapel,,,,,,,,,,,,,,,,,,,,,,,,,,,,,,,Rental Listing,3850,Standard,2026-10-01T00:00:00.000Z,,1,,,,,,,,,,,,,,,,,,,,,,,,,,,,,,,,,,,,,,,,,,,,,,,,,,,,,,,,,,,,,,,,,,,,,,,,,,,,,,,,,,,,,,,,,,,,,,,,,,,,,,,,,,,,,,,,,,,,,,,,,,,,,,,,,,,,,,,,,,,,,,,,,,,,,,,,,,,,,,,,,,,,,,,,,,,,,,,,,,,,,,,,,,,,,,,,,,,,,,,,,,,,,,,,,,,,,,,,,,,,,,,,,,,,,,,,,,,,,,,,,,,,,,,,,,,,,,,,,,,,,,,,,,,,,,,,,,,,,,,,,,,,,,,,,,,,,,,,,,,,,,,,,,,,,,,,,,,,,,,,,,,,,,,,,,,,,,,,,,,,,,,,,,,,,,,,,,,,,,,,,,,,,,,,,,,,,,,,,,,,,,,,,,,,,,,,,,,,,,,,,,,,,,,,,,,,,,,,,,,,,,,,,,,,,,,,,,,,,,,,,,,,,,,,,,,,,,,,,,,,,,,,,,,,,,,,,,,,,,,,,,,,,,,,,,,,,,,
"6229-Chapel-Pines-Blvd,-Wesley-Chapel,-FL-33545","6229 Chapel Pines Blvd, Wesley Chapel, FL 33545",6229 Chapel Pines Blvd,,Wesley Chapel,FL,12,33545,Pasco,101,28.247877,-82.307031,Single Family,3,2.0,1440,Active,2110,Standard,2026-10-01T00:00:00.000Z,,2018-07-31T05:05:17.000Z,2026-10-01T02:50:19.744Z,1,Pasco,Wesley Chapel,,,,,,,,,,,,,,,,,,,,,,,,,,,,,,,Rental Listing,2110,Standard,2026-10-01T00:00:00.000Z,,1,,,,,,,,,,,,,,,,,,,,,,,,,,,,,,,,,,,,,,,,,,,,,,,,,,,,,,,,,,,,,,,,,,,,,,,,,,,,,,,,,,,,,,,,,,,,,,,,,,,,,,,,,,Rental Listing,2100.0,Standard,2025-10-08T00:00:00.000Z,2025-10-09T00:00:00.000Z,1.0,,,,,,,,,,,,,,,,,,,,,,,,,,,,,,,,,,,,,,,,,,,,,,,,,,,,,,,,,,,,,,,,,,,,,,,,,,,,,,,,,,,,,,,,,,,,,,,,,,,,,,,,,,,,,,,,,,,,,,,,,,,,,,,,,,,,,,,,,,,,,,,,,,,,,,,,,,,,,,,,,,,,,,,,,,,,,,,,,,,,,,,,,,,,,,,,,,,,,,,,,,,,,,,,,,,,,,,,,,,,,,,,,,,,,,,,,,,,,,,,,,,,,,,,,,,,,,,,,,,,,,,,,,,,,,,,,,,,,,,,,,,,,,,,,,,,,,,,,,,,,,,,,,,,,,,,,,,,,,,,,,,,,,,,,,,,,,,,,,,,,,,,,,,,,,,,,,,,,,,,,,,,,,,,,,,,,,,,,,,,,,,,
"6425-Pine-Top-Way,-Wesley-Chapel,-FL-33545","6425 Pine Top Way, Wesley Chapel, FL 33545",6425 Pine Top Way,,Wesley Chapel,FL,12,33545,Pasco,101,28.250369,-82.30507,Single Family,3,2.0,1690,Active,2280,Standard,2026-10-01T00:00:00.000Z,,2017-10-22T05:05:28.000Z,2026-10-01T02:50:19.742Z,1,Pasco,Wesley Chapel,,,,,,,,,,,,,,,,,,,,,,,,,,,,,,,Rental Listing,2280,Standard,2026-10-01T00:00:00.000Z,,1,,,,,,,,,,,,,,,,,,,,,,,,,,,,,,,,,,,,,,,,,,,,,,,,,,,,,,,,,,,,,,,,,,,,,,,,,,,,,,,,,,,,,,,,,,,,,,,,,,,,,,,,,,,,,,,,,,,,,,,,,,,,,,,,,,,,,,,,,,,,,,,,,,,,,,,,,,,,,,,,,,,,,,,,,,,,,,,,,,,,,,,,,,,,,,,,,,,,,,,,,,,,,,,,,,,,,,,,,,,,,,,,,,,,,,,,,,,,,,,,,,,,,,,,,,,,,,,,,,,,,,,,,,,,,,,,,,,,,,,,,,,,,,,,,,,,,,,,,,,,,,,,,,,,,,,,,,,,,,,,,,,,,,,,,,,,,,,,,,,,,,,,,,,,,,,,,,,,,,,,,,,,,,,,,,,,,,,,,,,,,,,,,,,,,,,,,,,,,,,,,,,,,,,,,,,,,,,,,,,,,,,,,,,,,,,,,,,,,,,,,,,,,,,,,,,,,,,,,,,,,,,,,,,,,,,,,,,,,,,,,,,,,,,,,,,,,,,
"26641-Sea-Hero-Cir,-Wesley-Chapel,-FL-33544","26641 Sea Hero Cir, Wesley Chapel, FL 33544",26641 Sea Hero Cir,,Wesley Chapel,FL,12,33544,Pasco,101,28.238378,-82.375095,Single Family,4,2.0,1936,Active,2380,Standard,2026-10-01T00:00:00.000Z,,2019-12-19T06:40:20.454Z,2026-10-01T02:50:19.741Z,1,Pasco,Wesley Chapel,,,,,,,,,,,,,,,,,,,,,,,,,,,,,,,Rental Listing,2380,Standard,2026-10-01T00:00:00.000Z,,1,,,,,,,,,,,,,,,,,,,,,,,,,,,,,,,,,,,,,,,,,,,,,,,,,,,,,,,,,,,,,,,,,,,,,,,,,,,,,,,,,,,,,,,,,,,,,,,,,,,,,,,,,,,,,,,,,,,,,,,,,,,,,,,,,,,,,,,,,,,,,,,,,,,,,,,,,,,,,,,,,,,,,,,,,,,,,,,,,,,,,,,,,,,,,,,,,,,,,,,,,,,,,,,,,,,,,,,,,,,,,,,,,,,,,,,,,,,,,,,,,,,,,,,,,,,,,,,,,,,,,,,,,,,,,,,,,,,,,,,,,,,,,,,,,,,,,,,,,,,,,,,,,,,,,,,,,,,,,,,,,,,,,,,,,,,,,,,,,,,,,,,,,,,,,,,,,,,,,,,,,,,,,,,,,,,,,,,,,,,,,,,,,,,,,,,,,,,,,,,,,,,,,,,,,,,,,,,,,,,,,,,,,,,,,,,,,,,,,,,,,,,,,,,,,,,,,,,,,,,,,,,,,,,,,,,,,,,,,,,,,,,,,,,,,,,,,,,
"1430-Maximilian-Dr,-Wesley-Chapel,-FL-33543","1430 Maximilian Dr, Wesley Chapel, FL 33543",1430 Maximilian Dr,,Wesley Chapel,FL,12,33543,Pasco,101,28.178011,-82.330814,Single Family,4,2.0,1690,Active,2455,Standard,2026-10-01T00:00:00.000Z,,2020-06-30T01:04:39.594Z,2026-10-01T02:49:51.016Z,1,Pasco,Wesley Chapel,,,,,,,,,,,,,,,,,,,,,,,,,,,,,,,Rental Listing,2455,Standard,2026-10-01T00:00:00.000Z,,1,,,,,,,,,,,,,,,,,,,5227.0,1995.0,,,,,,,,,,,,,,,,,,,,,,,,,,,,,,,,,,,,,,,,,,,,,,,,,,,,,,,,,,,,,,,,,,,,,,,,,,,,,,,,,,,,,,,,,,,,,,,,,,,,,,,,,,,,,,,,,,,,,,,,,,,,,,,,,,,,,,,,,,,,,,,,,,,,,,,,,,,,,,,,,,,,,,,,,,,,,,,,,,,,,,,,,,,,,,,,,,,,,,,,,,,,,,,,,,,,,,,,,,,,,,,,,,,,,,,,,,,,,,,,,,,,,,,,,,,,,,,,,,,,,,,,,,,,,,,,,,,,,,,,,,,,,,,,,,,,,,,,,,,,,,,,,,,,,,,,,,,,,,,,,,,,,,,,,,,,,,,,,,,,,,,,,,,,,,,,,,,,,,,,,,,,,,,,,,,,,,,,,,,,,,,,,,,,,,,,,,,,,,,,,,,,,,,,,,,,,,,,,,,,,,,,,,,,,,,,,,,,,,,,,,,,,,,,,,,,,,,,,,,,,,,,,,,,,,,,,,,
"33839-Coddle-Ct,-Wesley-Chapel,-FL-33543","33839 Coddle Ct, Wesley Chapel, FL 33543",33839 Coddle Ct,,Wesley Chapel,FL,12,33543,Pasco,101,28.209017,-82.256394,Single Family,3,2.0,1620,Active,2180,Standard,2026-10-01T00:00:00.000Z,,2021-10-20T00:18:31.248Z,2026-10-01T02:49:51.009Z,1,Pasco,Wesley Chapel,,,,,,,,,,,,,,,,,,,,,,,,,,,,,,,Rental Listing,2180,Standard,2026-10-01T00:00:00.000Z,,1,,,,,,,,,,,,,,,,,,,,,,,,,,,,,,,,,,,,,,,,,,,,,,,,,,,,,,,,,,,,,,,,,,,,,,,,,,,,,,,,,,,,,,,,,,,,,,,,,,,,,,,,,,,,,,,,Rental Listing,2315.0,Standard,2026-09-11T00:00:00.000Z,2026-09-12T00:00:00.000Z,1.0,,,,,,,,,,,,,,,,,,,,,,,,,,,,,,,,,,,,,,,,,,,,,,,,,,,,,,,,,,,,,,,,,,,,,,,,,,,,,,,,,,,,,,,,,,,,,,,,,,,,,,,,,,,,,,,,,,,,,,,,,,,,,,,,,,,,,,,,,,,,,,,,,,,,,,,,,,,,,,,,,,,,,,,,,,,,,,,,,,,,,,,,,,,,,,,,,,,,,,,,,,,,,,,,,,,,,,,,,,,,,,,,,,,,,,,,,,,,,,,,,,,,,,,,,,,,,,,,,,,,,,,,,,,,,,,,,,,,,,,,,,,,,,,,,,,,,,,,,,,,,,,,,,,,,,,,,,,,,,,,,,,,,,,,,,,,,,,,,,,,,,,,,,,,,,,,,,,,,,,,,,,,,,,,,,,,,,,,,,
"3927-Constantine-Loop,-Wesley-Chapel,-FL-33543","3927 Constantine Loop, Wesley Chapel, FL 33543",3927 Constantine Loop,,Wesley Chapel,FL,12,33543,Pasco,101,28.214304,-82.276333,Single Family,4,2.0,1574,Active,3300,Standard,2026-10-01T00:00:00.000Z,,2017-11-09T05:05:00.000Z,2026-10-01T02:49:51.002Z,1,Pasco,Wesley Chapel,,,,,,,,,,,,,,,,,,,,,,,,,,,,,,,Rental Listing,3300,Standard,2026-10-01T00:00:00.000Z,,1,,,,,,,,,,,,,,,,,,,,,,,,,,,,,,,,,,,,,,,,,,,,,,,,,,,,,,,,,,Rental Listing,2000.0,Standard,2024-09-09T00:00:00.000Z,2024-09-27T00:00:00.000Z,18.0,,,,,,,,,,,,,,,,,,,,,,,,,,,,,,,,,,,,,,,,,,,,,,,,,,,,,,,,,,,,,,,,,,,,,,,,,,,,,,,,,,,,,,,,,,,,,,,,,,,,,,,,,,,,,,,,,,,,,,,,,,,,,,,,,,,,,,,,,,,,,,,,,,,,,,,,,,,,,,,,,,,,,,,,,,,,,,,,,,,,,,,,,,,,,,,,,,,,,,,,,,,,,,,,,,,,,,,,,,,,,,,,,,,,,,,,,,,,,,,,,,,,,,,,,,,,,,,,,,,,,,,,,,,,,,,,,,,,,,,,,,,,,,,,,,,,,,,,,,,,,,,,,,,,,,,,,,,,,,,,,,,,,,,,,,,,,,,,,,,,,,,,,,,,,,,,,,,,,,,,,,,,,,,,,,,,,,,,,,,,,,,,,,,,,,,,,,,,,,,,,,,,,,,,,,,,,,,,,,,,,,,,,,,,,,,,
"6241-Perdita-Ct,-Wesley-Chapel,-FL-33545","6241 Perdita Ct, Wesley Chapel, FL 33545",6241 Perdita Ct,,Wesley Chapel,FL,12,33545,Pasco,101,28.247893,-82.312002,Single Family,3,2.0,1324,Active,1990,Standard,2026-10-01T00:00:00.000Z,,2020-11-14T02:42:17.150Z,2026-10-01T02:49:50.997Z,1,Pasco,Wesley Chapel,,,,,,,,,,,,,,,,,,,,,,,,,,,,,,,Rental Listing,1990,Standard,2026-10-01T00:00:00.000Z,,1,,,,,,,,,,,,,,,,,,,,,,,,,,,,,,,,,,,,,,,,,,,,,,,,,,,,,,,,,,Rental Listing,1905.0,Standard,2024-09-09T00:00:00.000Z,2024-10-17T00:00:00.000Z,38.0,,,,,,,,,,,,,,,,,,,,,,,,,,,,,,,,,,,,,,,,,,,,,,,,,,,,,,,,,,,,,,,,,,,,,,,,,,,,,,,,,,,,,,,,,,,,,,,,,,,,,,,,,,,,,,,,,,,,,,,,,,,,,,,,,,,,,,,,,,,,,,,,,,,,,,,,,,,,,,,,,,,,,,,,,,,,,,,,,,,,,,,,,,,,,,,,,,,,,,,,,,,,,,,,,,,,,,,,,,,,,,,,,,,,,,,,,,,,,,,,,,,,,,,,,,,,,,,,,,,,,,,,,,,,,,,,,,,,,,,,,,,,,,,,,,,,,,,,,,,,,,,,,,,,,,,,,,,,,,,,,,,,,,,,,,,,,,,,,,,,,,,,,,,,,,,,,,,,,,,,,,,,,,,,,,,,,,,,,,,,,,,,,,,,,,,,,,,,,,,,,,,,,,,,,,,,,,,,,,,,,,,,,,,,,,,,
"4645-Butler-National-Dr,-Wesley-Chapel,-FL-33543","4645 Butler National Dr, Wesley Chapel, FL 33543",4645 Butler National Dr,,Wesley Chapel,FL,12,33543,Pasco,101,28.224724,-82.31769,Single Family,3,3.0,2507,Active,2875,Standard,2026-10-01T00:00:00.000Z,,2025-08-14T00:00:00.000Z,2026-10-01T02:49:50.982Z,1,Pasco,Wesley Chapel,,,,,,,,,,,,,,,,,,,,,,,,,,,,,,,Rental Listing,2875,Standard,2026-10-01T00:00:00.000Z,,1,,,,,,,,,,,,,,,,,,,3775.0,2017.0,,,,,,,,,,,,,,,,,,,,,,,,,,,,,,,,,,,,,,,,,,,,,,,,,,,,,,,,,,,,,,,,,,,,,,,,,,,,,,,,,,,,,,,,,,,,,,,,,,Rental Listing,3000.0,Standard,2025-08-13T00:00:00.000Z,2025-08-29T00:00:00.000Z,16.0,,,,,,,,,,,,,,,,,,,,,,,,,,,,,,,,,,,,,,,,,,,,,,,,,,,,,,,,,,,,,,,,,,,,,,,,,,,,,,,,,,,,,,,,,,,,,,,,,,,,,,,,,,,,,,,,,,,,,,,,,,,,,,,,,,,,,,,,,,,,,,,,,,,,,,,,,,,,,,,,,,,,,,,,,,,,,,,,,,,,,,,,,,,,,,,,,,,,,,,,,,,,,,,,,,,,,,,,,,,,,,,,,,,,,,,,,,,,,,,,,,,,,,,,,,,,,,,,,,,,,,,,,,,,,,,,,,,,,,,,,,,,,,,,,,,,,,,,,,,,,,,,,,,,,,,,,,,,,,,,,,,,,,,,,,,,,,,,,,,,,,,,,,,,,,,,,,,,,,,,,,,,,,,,,,,,
"3922-Washburn-Pl,-Wesley-Chapel,-FL-33543","3922 Washburn Pl, Wesley Chapel, FL 33543",3922 Washburn Pl,,Wesley Chapel,FL,12,33543,Pasco,101,28.214104,-82.30303,Single Family,3,2.0,1622,Active,2050,Standard,2026-10-01T00:00:00.000Z,,2022-12-09T00:03:51.634Z,2026-10-01T02:49:50.972Z,1,Pasco,Wesley Chapel,,,,,,,,,,,,,,,,,,,,,,,,,,,,,,,Rental Listing,2050,Standard,2026-10-01T00:00:00.000Z,,1,,,,,,,,,,,,,,,,,,,5500.0,2006.0,,,,,,,,,,,,,,,,,,,,,,,,,,,,,,,,,,,,,,,,,,,,,,,,,,,,,,,,,,,,,,,,,,,,,,,,,,,,,,,,,,,,,,,,,,,,,,,,,,,,,,,,Rental Listing,2200.0,Standard,2026-08-04T00:00:00.000Z,2026-08-05T00:00:00.000Z,1.0,,,,,,,,,,,,,,,,,,,,,,,,,,,,,,,,,,,,,,,,,,,,,,,,,,,,,,,,,,,,,,,,,,,,,,,,,,,,,,,,,,,,,,,,,,,,,,,,,,,,,,,,,,,,,,,,,,,,,,,,,,,,,,,,,,,,,,,,,,,,,,,,,,,,,,,,,,,,,,,,,,,,,,,,,,,,,,,,,,,,,,,,,,,,,,,,,,,,,,,,,,,,,,,,,,,,,,,,,,,,,,,,,,,,,,,,,,,,,,,,,,,,,,,,,,,,,,,,,,,,,,,,,,,,,,,,,,,,,,,,,,,,,,,,,,,,,,,,,,,,,,,,,,,,,,,,,,,,,,,,,,,,,,,,,,,,,,,,,,,,,,,,,,,,,,,,,,,,,,,,,,,,,,
"5211-Avalon-Park-Blvd,---1,-Wesley-Chapel,-FL-33545","5211 Avalon Park Blvd, # 1, Wesley Chapel, FL 33545",5211 Avalon Park Blvd,# 1,Wesley Chapel,FL,12,33545,Pasco,101,28.232203,-82.270508,Townhouse,3,2.5,1820,Active,2300,Standard,2026-10-01T00:00:00.000Z,,2026-09-15T00:00:00.000Z,2026-10-01T02:49:50.969Z,1,Pasco,Wesley Chapel,,,,,,,,,,,,,,,,,,,,,,,,,,,,,,,Rental Listing,2300,Standard,2026-10-01T00:00:00.000Z,,1,,,,,,,,,,,,,,,,,,,,,,,,,,,,,,,,,,,,,,,,,,,,,,,,,,,,,,,,,,,,,,,,,,,,,,,,,,,,,,,,,,,,,,,,,,,,,,,,,,,,,,,,,,,,,,,,,,,,,,,,,,,,,,,,,,,,,,,,,,,,,,,,,,,,,,,,,,,,,,,,,,,,,,,,,,,,,,,,,,,,,,,,,,,,,,,,,,,,,,,,,,,,,,,,,,,,,,,,,,,,,,,,,,,,,,,,,,,,,,,,,,,,,,,,,,,,,,,,,,,,,,,,,,,,,,,,,,,,,,,,,,,,,,,,,,,,,,,,,,,,,,,,,,,,,,,,,,,,,,,,,,,,,,,,,,,,,,,,,,,,,,,,,,,,,,,,,,,,,,,,,,,,,,,,,,,,,,,,,,,,,,,,,,,,,,,,,,,,,,,,,,,,,,,,,,,,,,,,,,,,,,,,,,,,,,,,,,,,,,,,,,,,,,,,,,,,,,,,,,,,,,,,,,,,,,,,,,,,,,,,,,,,,,,,,,,,,,,
"31123-Masena-Dr,-Wesley-Chapel,-FL-33545","31123 Masena Dr, Wesley Chapel, FL 33545",31123 Masena Dr,,Wesley Chapel,FL,12,33545,Pasco,101,28.256613,-82.301318,Single Family,3,2.0,1300,Active,2200,Standard,2026-10-01T00:00:00.000Z,,2026-08-20T00:00:00.000Z,2026-10-01T02:49:50.967Z,1,Pasco,Wesley Chapel,,,,,,,,,,,,,,,,,,,,,,,,,,,,,,,Rental Listing,2200,Standard,2026-10-01T00:00:00.000Z,,1,,,,,,,,,,,,,,,,,,,,,,,,,,,,,,,,,,,,,,,,,,,,,,,,,,,,,,,,,,,,,,,,,,,,,,,,,,,,,,,,,,,,,,,,,,,,,,,,,,,,,,,,,,,,,,,,,,,,,,,,,,,,,,,,,,,,,,,,,,,,,,,,,,,,,,,,,,,,,,,,,,,,,,,,,,,,,,,,,,,,,,,,,,,,,,,,,,,,,,,,,,,,,,,,,,,,,,,,,,,,,,,,,,,,,,,,,,,,,,,,,,,,,,,,,,,,,,,,,,,,,,,,,,,,,,,,,,,,,,,,,,,,,,,,,,,,,,,,,,,,,,,,,,,,,,,,,,,,,,,,,,,,,,,,,,,,,,,,,,,,,,,,,,,,,,,,,,,,,,,,,,,,,,,,,,,,,,,,,,,,,,,,,,,,,,,,,,,,,,,,,,,,,,,,,,,,,,,,,,,,,,,,,,,,,,,,,,,,,,,,,,,,,,,,,,,,,,,,,,,,,,,,,,,,,,,,,,,,,,,,,,,,,,,,,,,,,,,
"34010-Sorrel-Mint-Dr,-Wesley-Chapel,-FL-33543","34010 Sorrel Mint Dr, Wesley Chapel, FL 33543",34010 Sorrel Mint Dr,,Wesley Chapel,FL,12,33543,Pasco,101,28.19895,-82.25259,Single Family,4,2.0,1498,Active,2095,Standard,2026-10-01T00:00:00.000Z,,2021-07-10T00:40:50.834Z,2026-10-01T02:49:50.964Z,1,Pasco,Wesley Chapel,,,,,,,,,,,,,,,,,,,,,,,,,,,,,,,Rental Listing,2095,Standard,2026-10-01T00:00:00.000Z,,1,,,,,,,,,,,,,,,,,,,,,,,,,,,,,,,,,,,,,,,,,,,,,,,,,,,,,,,,,,,,,,,,,,,,,,,,,,,,,,,,,,,,,,,,,,,,,,,,,,,,,,,,,,,,,,,,,,,,,,,,,,,,,,,,,,,,,,,,,,,,,,,,,,,,,,,,,,,,,,,,,,,,,,,,,,,,,,,,,,,,,,,,,,,,,,,,,,,,,,,,,,,,,,,,,,,,,,,,,,,,,,,,,,,,,,,,,,,,,,,,,,,,,,,,,,,,,,,,,,,,,,,,,,,,,,,,,,,,,,,,,,,,,,,,,,,,,,,,,,,,,,,,,,,,,,,,,,,,,,,,,,,,,,,,,,,,,,,,,,,,,,,,,,,,,,,,,,,,,,,,,,,,,,,,,,,,,,,,,,,,,,,,,,,,,,,,,,,,,,,,,,,,,,,,,,,,,,,,,,,,,,,,,,,,,,,,,,,,,,,,,,,,,,,,,,,,,,,,,,,,,,,,,,,,,,,,,,,,,,,,,,,,,,,,,,,,,,,
"6047-White-Sails-Dr,-Wesley-Chapel,-FL-33545","6047 White Sails Dr, Wesley Chapel, FL 33545",6047 White Sails Dr,,Wesley Chapel,FL,12,33545,Pasco,101,28.245269,-82.341959,Single Family,3,2.0,1112,Active,2000,Standard,2026-10-01T00:00:00.000Z,,2019-04-15T03:18:48.776Z,2026-10-01T02:49:50.941Z,1,Pasco,Wesley Chapel,,,,,,,,,,,,,,,,,,,,,,,,,,,,,,,Rental Listing,2000,Standard,2026-10-01T00:00:00.000Z,,1,,,,,,,,,,,,,,,,,,,3654.0,2002.0,,,,,,,,,,,,,,,,,,,,,,,,,,,,,,,,,,,,,,,,,,,,,,,,,,,,,,,,,,,,,,,,,,,,,,,,,,,,,,,,,,,,,,,,,,,,,,,,,,,,,,,,,,,,,,Rental Listing,1795.0,Standard,2025-04-29T00:00:00.000Z,2025-08-16T00:00:00.000Z,109.0,,,,,,,,,,,,,,,,,,,,,,,,,,,,,,,,,,,,,,,,,,,,,,,,,,,,,,,,,,,,,,,,,,,,,,,,,,,,,,,,,,,,,,,,,,,,,,,,,,,,,,,,,,,,,,,,,,,,,,,,,,,,,,,,,,,,,,,,,,,,,,,,,,,,,,,,,,,,,,,,,,,,,,,,,,,,,,,,,,,,,,,,,,,,,,,,,,,,,,,,,,,,,,,,,,,,,,,,,,,,,,,,,,,,,,,,,,,,,,,,,,,,,,,,,,,,,,,,,,,,,,,,,,,,,,,,,,,,,,,,,,,,,,,,,,,,,,,,,,,,,,,,,,,,,,,,,,,,,,,,,,,,,,,,,,,,,,,,,,,,,,,,,,,,,,,,,,,,,,,,
"27920-Madison-Green-Way,-Wesley-Chapel,-FL-33544","27920 Madison Green Way, Wesley Chapel, FL 33544",27920 Madison Green Way,,Wesley Chapel,FL,12,33544,Pasco,101,28.255296,-82.356645,Single Family,4,2.5,1977,Active,2655,Standard,2026-10-01T00:00:00.000Z,,2026-09-20T00:00:00.000Z,2026-10-01T02:49:50.937Z,1,Pasco,Wesley Chapel,,,,,,,,,,,,,,,,,,,,,,,,,,,,,,,Rental Listing,2655,Standard,2026-10-01T00:00:00.000Z,,1,,,,,,,,,,,,,,,,,,,,2026.0,,,,,,,,,,,,,,,,,,,,,,,,,,,,,,,,,,,,,,,,,,,,,,,,,,,,,,,,,,,,,,,,,,,,,,,,,,,,,,,,,,,,,,,,,,,,,,,,,,,,,,,,,,,,,,,,,,,,Rental Listing,2655.0,Standard,2026-09-25T00:00:00.000Z,2026-09-26T00:00:00.000Z,1.0,,,,,,,,,,,,,,,,,,,,,,,,,,,,,,,,,,,,,,,,,,,,,,,,,,,,,,,,,,,,,,,,,,,,,,,,,,,,,,,,,,,,,,,,,,,,,,,,,,,,,,,,,,,,,,,,,,,,,,,,,,,,,,,,,,,,,,,,,,,,,,,,,,,,,,,,,,,,,,,,,,,,,,,,,,,,,,,,,,,,,,,,,,,,,,,,,,,,,,,,,,,,,,,,,,,,,,,,,,,,,,,,,,,,,,,,,,,,,,,,,,,,,,,,,,,,,,,,,,,,,,,,,,,,,,,,,,,,,,,,,,,,,,,,,,,,,,,,,,,,,,,,,,,,,,,,,,,,,,,,,,,,,,,,,,,,,,,,,,,,,,,,,,,,,,,,,,
"5850-War-Admiral-Dr,-Wesley-Chapel,-FL-33544","5850 War Admiral Dr, Wesley Chapel, FL 33544",5850 War Admiral Dr,,Wesley Chapel,FL,12,33544,Pasco,101,28.24374,-82.389328,Single Family,4,2.0,1956,Active,2445,Standard,2026-10-01T00:00:00.000Z,,2020-07-16T16:28:06.854Z,2026-10-01T02:49:50.935Z,1,Pasco,Wesley Chapel,,,,,,,,,,,,,,,,,,,,,,,,,,,,,,,Rental Listing,2445,Standard,2026-10-01T00:00:00.000Z,,1,,,,,,,,,,,,,,,,,,,,,,,,,,,,,,,,,,,,,,,,,,,,,,,,,,,,,,,,,,,,,,,,,,,,,,,,,,,,,,,,,,,,,,,,,,,,,,,,,,,,,,,,,,,,,,,,,,,,,,,,,,,,,,,,,,,,,,,,,,,,,,Rental Listing,2399.0,Standard,2025-08-30T00:00:00.000Z,2025-08-31T00:00:00.000Z,1.0,,,,,,,,,,,,,,,,,,,,,,,,,,,,,,,,,,,,,,,,,,,,,,,,,,,,,,,,,,,,,,,,,,,,,,,,,,,,,,,,,,,,,,,,,,,,,,,,,,,,,,,,,,,,,,,,,,,,,,,,,,,,,,,,,,,,,,,,,,,,,,,,,,,,,,,,,,,,,,,,,,,,,,,,,,,,,,,,,,,,,,,,,,,,,,,,,,,,,,,,,,,,,,,,,,,,,,,,,,,,,,,,,,,,,,,,,,,,,,,,,,,,,,,,,,,,,,,,,,,,,,,,,,,,,,,,,,,,,,,,,,,,,,,,,,,,,,,,,,,,,,,,,,,,,,,,,,,,,,,,,,,,,,,,,,,,,,,,,,,,,,,,,,,,
"33872-Night-Lily-Dr,-Wesley-Chapel,-FL-33543","33872 Night Lily Dr, Wesley Chapel, FL 33543",33872 Night Lily Dr,,Wesley Chapel,FL,12,33543,Pasco,101,28.203637,-82.256529,Single Family,4,2.5,1977,Active,2535,Standard,2026-10-01T00:00:00.000Z,,2026-08-20T00:00:00.000Z,2026-10-01T02:49:50.934Z,1,Pasco,Wesley Chapel,,,,,,,,,,,,,,,,,,,,,,,,,,,,,,,Rental Listing,2535,Standard,2026-10-01T00:00:00.000Z,,1,,,,,,,,,,,,,,,,,,,,2023.0,,,,,,,,,,,,,,,,,,,,,,,,,,,,,,,,,,,,,,,,,,,,,,,,,,,,,,,,,,,,,,,,,,,,,,,,,,,,,,,,,,,,,,,,,,,,,,,,,,,,,,,,,,,,,,,,,,,,,,,,,,,,,,,,,,,,,,,,,,,,,,,,,,,,,,,,,,,,,,,,,,,,,,,,,,,,,,,,,,,,,,,,,,,,,,,,,,,,,,,,,,,,,,,,,,,,,,,,,,,,,,,,,,,,,,,,,,,,,,,,,,,,,,,,,,,,,,,,,,,,,,,,,,,,,,,,,,,,,,,,,,,,,,,,,,,,,,,,,,,,,,,,,,,,,,,,,,,,,,,,,,,,,,,,,,,,,,,,,,,,,,,,,,,,,,,,,,,,,,,,,,,,,,,,,,,,,,,,,,,,,,,,,,,,,,,,,,,,,,,,,,,,,,,,,,,,,,,,,,,,,,,,,,,,,,,,,,,,,,,,,,,,,,,,,,,,,,,,,,,,,,,,,,,,,,,,,,,
"1900-Rensselaer-Dr,-Wesley-Chapel,-FL-33543","1900 Rensselaer Dr, Wesley Chapel, FL 33543",1900 Rensselaer Dr,,Wesley Chapel,FL,12,33543,Pasco,101,28.184364,-82.30175,Single Family,3,2.0,1833,Active,2555,Standard,2026-10-01T00:00:00.000Z,,2022-08-20T01:06:46.782Z,2026-10-01T02:49:50.932Z,1,Pasco,Wesley Chapel,,,,,,,,,,,,,,,,,,,,,,,,,,,,,,,Rental Listing,2555,Standard,2026-10-01T00:00:00.000Z,,1,,,,,,,,,,,,,,,,,,,7509.0,2003.0,,,,,,,,,,,,,,,,,,,,,,,,,,,,,,,,,,,,,,,,,,,,,,,,,,,,,,,,,,,,,,,,,,,,,,,,,,,,,,,,,,,,,,,,,,,,,,,,,,,,,,,,,,,,,,,,,,,,,,,,,,,,,,,,,,,,,,,,,,,,,,,,,,,,,,,,,,,,,,,,,,,,,,,,,,,,,,,,,,,,,,,,,,,,,,,,,,,,,,,,,,,,,,,,,,,,,,,,,,,,,,,,,,,,,,,,,,,,,,,,,,,,,,,,,,,,,,,,,,,,,,,,,,,,,,,,,,,,,,,,,,,,,,,,,,,,,,,,,,,,,,,,,,,,,,,,,,,,,,,,,,,,,,,,,,,,,,,,,,,,,,,,,,,,,,,,,,,,,,,,,,,,,,,,,,,,,,,,,,,,,,,,,,,,,,,,,,,,,,,,,,,,,,,,,,,,,,,,,,,,,,,,,,,,,,,,,,,,,,,,,,,,,,,,,,,,,,,,,,,,,,,,,,,,,,,,,,,
"4359-Paraglider-Pl,-Wesley-Chapel,-FL-33545","4359 Paraglider Pl, Wesley Chapel, FL 33545",4359 Paraglider Pl,,Wesley Chapel,FL,12,33545,Pasco,101,28.220631,-82.252295,Townhouse,3,2.5,1648,Active,2350,Standard,2026-10-01T00:00:00.000Z,,2023-12-14T00:00:00.000Z,2026-10-01T02:49:50.920Z,1,Pasco,Wesley Chapel,,,,,,,,,,,,,,,,,,,,,,,,,,,,,,,Rental Listing,2350,Standard,2026-10-01T00:00:00.000Z,,1,,,,,,,,,,,,,,,,,,,,2023.0,,,,,,,,,,,,,,,,,,,,,,,,,,,,,,,,,,,,,,,,,,,,,,,,,,,,,,,,,,,,,,,,,,,,,,,,,,,,,,,,,,,,,,,,,,,,,,,,,,,,,,,,,,,,,,,,,,,,,,,,,,,,,,,,,,,,,,,,,,,,,,,,,,,,,,,,,,,,,,,,,,,,,,,,,,,,,,,,,,,,,,,,,,,,,,,,,,,,,,,,,,,,,,,,,,,,,,,,,,,,,,,,,,,,,,,,,,,,,,,,,,,,,,,,,,,,,,,,,,,,,,,,,,,,,,,,,,,,,,,,,,,,,,,,,,,,,,,,,,,,,,,,,,,,,,,,,,,,,,,,,,,,,,,,,,,,,,,,,,,,,,,,,,,,,,,,,,,,,,,,,,,,,,,,,,,,,,,,,,,,,,,,,,,,,,,,,,,,,,,,,,,,,,,,,,,,,,,,,,,,,,,,,,,,,,,,,,,,,,,,,,,,,,,,,,,,,,,,,,,,,,,,,,,,,,,,,,,
"4744-Foxhunt-Dr,-Units-1024-&-1022,-Wesley-Chapel,-FL-33543","4744 Foxhunt Dr, Units 1024 & 1022, Wesley Chapel, FL 33543",4744 Foxhunt Dr,Units 1024 & 1022,Wesley Chapel,FL,12,33543,Pasco,101,28.226414,-82.333313,Condo,2,2.0,1420,Active,3000,Standard,2026-10-01T00:00:00.000Z,,2024-09-10T00:00:00.000Z,2026-10-01T02:49:50.920Z,1,Pasco,Wesley Chapel,,,,,,,,,,,,,,,,,,,,,,,,,,,,,,,Rental Listing,3000,Standard,2026-10-01T00:00:00.000Z,,1,,,,,,,,,,,,,,,,,,,,,,,,,,,,,,,,,,,,,,,,,,,,,,,,,,,,,,,,,,,,,,,,,,,,,,,,,,,,,,,,,,,,,,,,,,,,,,,,,,,,,,,,,,,,,,,,,,,,,,,,,,,,,,,,,,,,,,,,,,,,,,,,,,,,Rental Listing,3000.0,Standard,2026-01-17T00:00:00.000Z,2026-01-18T00:00:00.000Z,1.0,Rental Listing,3000.0,Standard,2026-03-02T00:00:00.000Z,2026-03-03T00:00:00.000Z,1.0,Rental Listing,3000.0,Standard,2026-03-16T00:00:00.000Z,2026-03-17T00:00:00.000Z,1.0,Rental Listing,3000.0,Standard,2026-04-11T00:00:00.000Z,2026-04-12T00:00:00.000Z,1.0,,,,,,,,,,,,,,,,,,,,,,,,,,,,,,,,,,,,,,,,,,,,,,,,,,,,,,,,,,,,,,,,,,,,,,,,,,,,,,,,,,,,,,,,,,,,,,,,,,,,,,,,,,,,,,,,,,,,,,,,,,,,,,,,,,,,,,,,,,,,,,,,,,,,,,,,,,,,,,,,,,,,,,,,,,,,,,,,,,,,,,,,,,,,,,,,,,,,,,,,,,,,,,,,,,,,,,,,,,,,,,,,,,,,,,,,,,,,,,,,,,,,,,,,,,,,,,,,,,,,,,,,,,,,,,,,,,,,,,,,,,,,,,,,,,,,,,,,,,,,,,,,,,,,,,,,,,,,,,,,,,,,
"26903-Stillbrook-Dr,-Wesley-Chapel,-FL-33544","26903 Stillbrook Dr, Wesley Chapel, FL 33544",26903 Stillbrook Dr,,Wesley Chapel,FL,12,33544,Pasco,101,28.20966,-82.37157,Single Family,3,2.5,1871,Active,2215,Standard,2026-10-01T00:00:00.000Z,,2020-04-29T02:05:33.873Z,2026-10-01T02:49:50.913Z,1,Pasco,Wesley Chapel,,,,,,,,,,,,,,,,,,,,,,,,,,,,,,,Rental Listing,2215,Standard,2026-10-01T00:00:00.000Z,,1,,,,,,,,,,,,,,,,,,,,,,,,,,,,,,,,,,,,,,,,,,,,,,,,,,,,,,,,,,,,,,,,,,,,,,,,,,,,,,,,,,,,,,,,,,,,,,,,,,,,,,,,,,,,,,,,,,,,,,,,,,,,,,,,,,,,,,,,,,,,,,,,,,,,,,,,,,,,,,,,,,,,,,,,,,,,Rental Listing,2390.0,Standard,2025-06-09T00:00:00.000Z,2025-06-10T00:00:00.000Z,1.0,Rental Listing,2330.0,Standard,2025-12-25T00:00:00.000Z,2025-12-26T00:00:00.000Z,1.0,Rental Listing,2270.0,Standard,2026-08-30T00:00:00.000Z,2026-08-31T00:00:00.000Z,1.0,Rental Listing,2215.0,Standard,2026-09-21T00:00:00.000Z,2026-09-22T00:00:00.000Z,1.0,,,,,,,,,,,,,,,,,,,,,,,,,,,,,,,,,,,,,,,,,,,,,,,,,,,,,,,,,,,,,,,,,,,,,,,,,,,,,,,,,,,,,,,,,,,,,,,,,,,,,,,,,,,,,,,,,,,,,,,,,,,,,,,,,,,,,,,,,,,,,,,,,,,,,,,,,,,,,,,,,,,,,,,,,,,,,,,,,,,,,,,,,,,,,,,,,,,,,,,,,,,,,,,,,,,,,,,,,,,,,,,,,,,,,,,,,,,,,,,,,,,,,,,,,,,,,,,,,,,,,,,,,,,,,,,,,,,,,,,,,,,,,,,,,,,,,,,,,,,,
"5637-Chipper-Dr,-New-Port-Richey,-FL-34652","5637 Chipper Dr, New Port Richey, FL 34652",5637 Chipper Dr,,New Port Richey,FL,12,34652,Pasco,101,28.212436,-82.72078,Single Family,2,2.0,1310,Active,1600,Standard,2026-10-01T00:00:00.000Z,,2026-09-18T00:00:00.000Z,2026-10-01T02:50:19.790Z,1,Pasco,New Port Richey,,,,,,,,,,,,,,,,,,,,,,,,,,,,,,,Rental Listing,1600,Standard,2026-10-01T00:00:00.000Z,,1,,,,,,,,,,,,,,,,,,,5227.0,1974.0,,,,,,,,,,,,,,,,,,,,,,,,,,,,,,,,,,,,,,,,,,,,,,,,,,,,,,,,,,,,,,,,,,,,,,,,,,,,,,,,,,,,,,,,,,,,,,,,,,,,,,,,,,,,,,,,,,,,,,,,,,,,,,,,,,,,,,,,,,,,,,,,,,,,,,,,,,,,,,,,,,,,,,,,,,,,,,,,,,,,,,,,,,,,,,,,,,,,,,,,,,,,,,,,,,,,,,,,,,,,,,,,,,,,,,,,,,,,,,,,,,,,,,,,,,,,,,,,,,,,,,,,,,,,,,,,,,,,,,,,,,,,,,,,,,,,,,,,,,,,,,,,,,,,,,,,,,,,,,,,,,,,,,,,,,,,,,,,,,,,,,,,,,,,,,,,,,,,,,,,,,,,,,,,,,,,,,,,,,,,,,,,,,,,,,,,,,,,,,,,,,,,,,,,,,,,,,,,,,,,,,,,,,,,,,,,,,,,,,,,,,,,,,,,,,,,,,,,,,,,,,,,,,,,,,,,,,,
"5567-Sea-Forest-Dr,-Apt-324,-New-Port-Richey,-FL-34652","5567 Sea Forest Dr, Apt 324, New Port Richey, FL 34652",5567 Sea Forest Dr,Apt 324,New Port Richey,FL,12,34652,Pasco,101,28.240515,-82.734765,Condo,2,3.0,1676,Active,2300,Standard,2026-10-01T00:00:00.000Z,,2026-03-08T00:00:00.000Z,2026-10-01T02:50:19.781Z,1,Pasco,New Port Richey,,,,,,,,,,,,,,,,,,,,,,,,,Rental Listing,2300.0,Standard,2026-09-26T00:00:00.000Z,2026-09-27T00:00:00.000Z,1.0,Rental Listing,2300,Standard,2026-10-01T00:00:00.000Z,,1,,,,,,,,,,,,,,,,,,,1742.0,1992.0,,,,,,,,,,,,,,,,,,,,,,,,,,,,,,,,,,,,,,,,,,,,,,,,,,,,,,,,,,,,,,,,,,,,,,,,,,,,,,,,,,,,,,,,,,,,,,,,,,,,,,,,,,,,,,,,,,,,,,,,,,,,,,,,,,,,,,,,,,,,,,,,,,,,,,,,,,,,,,,,,,,,,,,,,,,,,,,,Rental Listing,2800.0,Standard,2026-03-07T00:00:00.000Z,2026-06-03T00:00:00.000Z,88.0,Rental Listing,2475.0,Standard,2026-06-05T00:00:00.000Z,2026-08-11T00:00:00.000Z,67.0,,,,,,,,,,,,,,,,,,,,,,,,,,,,,,,,,,,,,,,,,,,,,,,,,,,,,,,,,,,,,,,,,,,,,,,,,,,,,,,,,,,,,,,,,,,,,,,,,,,,,,,,,,,,,,,,,,,,,,,,,,,,,,,,,,,,,,,,,,,,,,,,,,,,,,,,,,,,,,,,,,,,,,,,,,,,,,,,,,,,,,,,,,,,,,,,,,,,,,,,,,,,,,,,,,,,,,,,,,,,,,,,,,,,,,,,,,,,,,,,,,,,,,,,,,,,,,,,,,,,,,,,,,,,,,,,,,,,,,,,,,,,,,,,
"5525-Wahoo-Ct,-New-Port-Richey,-FL-34652","5525 Wahoo Ct, New Port Richey, FL 34652",5525 Wahoo Ct,,New Port Richey,FL,12,34652,Pasco,101,28.239613,-82.732902,Townhouse,3,3.0,1607,Active,2100,Standard,2026-10-01T00:00:00.000Z,,2022-09-22T02:16:19.530Z,2026-10-01T02:50:19.751Z,1,Pasco,New Port Richey,Rental Listing,2100.0,Standard,2026-03-14T00:00:00.000Z,2026-03-15T00:00:00.000Z,1.0,,,,,,,,,,,,,,,,,,,,,,,,,Rental Listing,2100,Standard,2026-10-01T00:00:00.000Z,,1,,,,,,,,,,,,,,,,,,,1227.0,2022.0,,,,,,,,,,,,,,,,,,,,,,,,,,,,,,,,,,,,,,,,,,,,,,,,,,,,,,,,,,,,,,,,,,,,,,,,,,,,,,,,,,,,,,,,,,,,,,,,,,,,,,,,,,,,,,,,,,,,,,,,,,,,,,,,,,,,,,,,,,,,,,,,,,,,,,,,,,,,,,,,,,,,,,,,,,,,,,,,,,,,,,,,,,,,Rental Listing,1800.0,Standard,2025-03-25T00:00:00.000Z,2025-03-26T00:00:00.000Z,1.0,Rental Listing,2100.0,Standard,2025-07-12T00:00:00.000Z,2025-07-13T00:00:00.000Z,1.0,Rental Listing,2100.0,Standard,2025-10-04T00:00:00.000Z,2025-10-05T00:00:00.000Z,1.0,Rental Listing,2100.0,Standard,2025-11-05T00:00:00.000Z,2025-11-06T00:00:00.000Z,1.0,Rental Listing,2100.0,Standard,2025-12-20T00:00:00.000Z,2025-12-21T00:00:00.000Z,1.0,Rental Listing,2100.0,Standard,2026-01-07T00:00:00.000Z,2026-01-08T00:00:00.000Z,1.0,Rental Listing,2100.0,Standard,2026-02-08T00:00:00.000Z,2026-02-09T00:00:00.000Z,1.0,Rental Listing,2100.0,Standard,2026-02-27T00:00:00.000Z,2026-02-28T00:00:00.000Z,1.0,Rental Listing,2100.0,Standard,2026-04-04T00:00:00.000Z,2026-04-05T00:00:00.000Z,1.0,,,,,,,,,,,,,,,,,,,,,,,,,,,,,,,,,,,,,,,,,,,,,,,,,,,,,,,,,,,,,,,,,,,,,,,,,,,,,,,,,,,,,,,,,,,,,,,,,,,,,,,,,,,,,,,,,,,,,,,,,,,,,,,,,,,,,,,,,,,,,,,,,,,,,,,,,,,,,,,,,,,,,,,,,,,,,,,,,,,,,,,,,,,,,,,,,,,,,,,,,,,,,,,,,,,,,,,,,,,,,,,,,,,,,,,,,,
"5917-Missouri-Ave,-New-Port-Richey,-FL-34652","5917 Missouri Ave, New Port Richey, FL 34652",5917 Missouri Ave,,New Port Richey,FL,12,34652,Pasco,101,28.249329,-82.71645,Single Family,3,2.0,1007,Active,1735,Standard,2026-10-01T00:00:00.000Z,,2019-07-10T03:11:08.877Z,2026-10-01T02:50:19.746Z,1,Pasco,New Port Richey,,,,,,,,,,,,,,,,,,,,,,,,,,,,,,,Rental Listing,1735,Standard,2026-10-01T00:00:00.000Z,,1,,,,,,,,,,,,,,,,,,,,,,,,,,,,,,,,,,,,,,,,,,,,,,,,,,,,,,,,,,,,,,,,,,,,,,,,,,,,,,,,,,,,,,,,,,,,,,,,,,,,,,,,,,,,,,,,,,,,,,,,,,,,,,,,,,,,,,,,,,,,,,,,,,,,,,,,,,,,,,,,,,,,,,,,,,,,,,,,,,,,,,,,,,,,,,,,,,,,,,,,,,,,,,,,,,,,,,,,,,,,,,,,,,,,,,,,,,,,,,,,,,,,,,,,,,,,,,,,,,,,,,Rental Listing,1790.0,Standard,2026-09-01T00:00:00.000Z,2026-09-02T00:00:00.000Z,1.0,,,,,,,,,,,,,,,,,,,,,,,,,,,,,,,,,,,,,,,,,,,,,,,,,,,,,,,,,,,,,,,,,,,,,,,,,,,,,,,,,,,,,,,,,,,,,,,,,,,,,,,,,,,,,,,,,,,,,,,,,,,,,,,,,,,,,,,,,,,,,,,,,,,,,,,,,,,,,,,,,,,,,,,,,,,,,,,,,,,,,,,,,,,,,,,,,,,,,,,,,,,,,,,,,,,,,,,,,,,,,,,,,,,,
"5245-Amulet-Dr,-New-Port-Richey,-FL-34652","5245 Amulet Dr, New Port Richey, FL 34652",5245 Amulet Dr,,New Port Richey,FL,12,34652,Pasco,101,28.235746,-82.732971,Condo,1,1.0,963,Active,1300,Standard,2026-10-01T00:00:00.000Z,,2024-04-02T00:00:00.000Z,2026-10-01T02:50:19.746Z,1,Pasco,New Port Richey,,,,,,,,,,,,,,,,,,,,,,,,,,,,,,,Rental Listing,1300,Standard,2026-10-01T00:00:00.000Z,,1,,,,,,,,,,,,,,,,,,,,,,,,,,,,,,,,,,,,,,,,,,,,,,,,,,,,,,,,,,,,,,,,,,,,,,,,,,,,,,,,,,,,,,,,,,,,,,,,,,,,,,,,,,,,,,,,,,,,,,,,,,,,,,,,,,,,,,,,,,,,,,,,,,,,,,,,,,,,,,,,,,,,,,,,,,,,,,,,,,,,,,,,,,,,,,,,,,,,,,,,,,,,,,,,,,,,,,,,,,,,,,,,,,,,,,,,,,,,,,,,,,,,,,,,,,,,,,,,,,,,,,,,,,,,,,,,,,,,,,,,,,,,,,,,,,,,,,,,,,,,,,,,,,,,,,,,,,,,,,,,,,,,,,,,,,,,,,,,,,,,,,,,,,,,,,,,,,,,,,,,,,,,,,,,,,,,,,,,,,,,,,,,,,,,,,,,,,,,,,,,,,,,,,,,,,,,,,,,,,,,,,,,,,,,,,,,,,,,,,,,,,,,,,,,,,,,,,,,,,,,,,,,,,,,,,,,,,,,,,,,,,,,,,,,,,,,,,,
"12159-Colony-Lakes-Blvd,-New-Port-Richey,-FL-34654","12159 Colony Lakes Blvd, New Port Richey, FL 34654",12159 Colony Lakes Blvd,,New Port Richey,FL,12,34654,Pasco,101,28.333761,-82.61759,Single Family,4,2.0,1968,Active,2280,Standard,2026-10-01T00:00:00.000Z,,2019-04-29T11:05:19.680Z,2026-10-01T02:49:51.018Z,1,Pasco,New Port Richey,,,,,,,,,,,,,,,,,,,,,,,,,,,,,,,Rental Listing,2280,Standard,2026-10-01T00:00:00.000Z,,1,,,,,,,,,,,,,,,,,,,,,,,,,,,,,,,,,,,,,,,,,,,,,,,,,,,,,,,,,,,,,,,,,,,,,,,,,,,,,,,,,,,,,,,,,,,,,,,,,,,,,,,,,,,,,,,,,,,,,,,,,,,,,,,,,,,,,,,,,,,,,,,,,,,,,,,,,,,,,,,,,,,,,,,,,,,,,,,,,,,,,,,,,,,,,,,,,,,,,,,,,,,,,,,,,,,,,,,,,,,,,,,,,,,,,,,,,,,,,,,,,,,,,,,,,,,,,,,,,,,,,,,,,,,,,,,,,,,,,,,,,,,,,,,,,,,,,,,,,,,,,,,,,,,,,,,,,,,,,,,,,,,,,,,,,,,,,,,,,,,,,,,,,,,,,,,,,,,,,,,,,,,,,,,,,,,,,,,,,,,,,,,,,,,,,,,,,,,,,,,,,,,,,,,,,,,,,,,,,,,,,,,,,,,,,,,,,,,,,,,,,,,,,,,,,,,,,,,,,,,,,,,,,,,,,,,,,,,,,,,,,,,,,,,,,,,,,,,
"4618-Audrey-Ln,-New-Port-Richey,-FL-34652","4618 Audrey Ln, New Port Richey, FL 34652",4618 Audrey Ln,,New Port Richey,FL,12,34652,Pasco,101,28.224907,-82.726746,Apartment,2,1.0,750,Active,1350,Standard,2026-10-01T00:00:00.000Z,,2026-07-25T00:00:00.000Z,2026-10-01T02:49:51.012Z,1,Pasco,New Port Richey,,,,,,,,,,,,,,,,,,,,,,,,,,,,,,,Rental Listing,1350,Standard,2026-10-01T00:00:00.000Z,,1,,,,,,,,,,,,,,,,,,,,,,,,,,,,,,,,,,,,,,,,,,,,,,,,,,,,,,,,,,,,,,,,,,,,,,,,,,,,,,,,,,,,,,,,,,,,,,,,,,,,,,,,,,,,,,,,,,,,,,,,,,,,,,,,,,,,,,,,,,,,,,,,,,,,,,,,,,,,,,,,,,,,,,,,,,,,,,,,,,,,,,,,,,,,,,,,,,,,,,,,,,,,,,,,,,,,,,,,,,,,,,,,,,,,,,,,,,,,,,,,,,,,,,,,,,,,,,,,,,,,,,,,,,,,,,,,,,,,,,,,,,,,,,,,,,,,,,,,,,,,,,,,,,,,,,,,,,,,,,,,,,,,,,,,,,,,,,,,,,,,,,,,,,,,,,,,,,,,,,,,,,,,,,,,,,,,,,,,,,,,,,,,,,,,,,,,,,,,,,,,,,,,,,,,,,,,,,,,,,,,,,,,,,,,,,,,,,,,,,,,,,,,,,,,,,,,,,,,,,,,,,,,,,,,,,,,,,,,,,,,,,,,,,,,,,,,,,,
"9142-Buena-Mesa-Dr,-New-Port-Richey,-FL-34655","9142 Buena Mesa Dr, New Port Richey, FL 34655",9142 Buena Mesa Dr,,New Port Richey,FL,12,34655,Pasco,101,28.235484,-82.663203,Single Family,3,2.0,1876,Active,3965,Standard,2026-10-01T00:00:00.000Z,,2017-12-24T05:05:32.000Z,2026-10-01T02:49:51.006Z,1,Pasco,New Port Richey,,,,,,,,,,,,,,,,,,,,,,,,,,,,,,,Rental Listing,3965,Standard,2026-10-01T00:00:00.000Z,,1,,,,,,,,,,,,,,,,,,,,,,,,,,,,,,,,,,,,,,,,,,,,,,,,,,,,,,,,,,,,,,,,,,,,,,,,,,,,,,,,,,,,,,,,,,,,,,,,,,,,,,,,,,,,,,,,,,,,,,,,,,,,,,,,,,,,,,,,,,,,,,,,,,,,,,,,,,,,,,,,,,,,,,,,,,,,,,,,,,,,,,,,,,,,,,,,,,,,,,,,,,,,,,,,,,,,,,,,,,,,,,,,,,,,,,,,,,,,,,,,,,,,,,,,,,,,,,,,,,,,,,,,,,,,,,,,,,,,,,,,,,,,,,,,,,,,,,,,,,,,,,,,,,,,,,,,,,,,,,,,,,,,,,,,,,,,,,,,,,,,,,,,,,,,,,,,,,,,,,,,,,,,,,,,,,,,,,,,,,,,,,,,,,,,,,,,,,,,,,,,,,,,,,,,,,,,,,,,,,,,,,,,,,,,,,,,,,,,,,,,,,,,,,,,,,,,,,,,,,,,,,,,,,,,,,,,,,,,,,,,,,,,,,,,,,,,,,,
"6220-12th-Ave,-New-Port-Richey,-FL-34653","6220 12th Ave, New Port Richey, FL 34653",6220 12th Ave,,New Port Richey,FL,12,34653,Pasco,101,28.225694,-82.711464,Single Family,2,2.0,1050,Active,1890,Standard,2026-10-01T00:00:00.000Z,,2024-03-17T00:00:00.000Z,2026-10-01T02:49:51.005Z,1,Pasco,New Port Richey,,,,,,,,,,,,,,,,,,,,,,,,,,,,,,,Rental Listing,1890,Standard,2026-10-01T00:00:00.000Z,,1,,,,,,,,,,,,,,,,,,,,,,,,,,,,,,,,,,,,,,,,,,,,,,,,,,,,,,,,,,,,,,,,,,,,,,,,,,,,,,,,,,,,,,,,,,,,,,,,,,,,,,,,,,,,,,,,,,,,,,,,,,,,,,,,,,,,,,,,,,,,,,,,,,,,,,,,,,,,,,,,,,,,,,,,,,,,,,,,,,,,,,,,,,,,,,,,,,,,,,,,,,,,,,,,,,,,,,,,,,,,,,,,,,,,,,,,,,,,,,,,,,,,,,,,,,,,,,,,,,,,,,,,,,,,,,,,,,,,,,,,,,,,,,,,,,,,,,,,,,,,,,,,,,,,,,,,,,,,,,,,,,,,,,,,,,,,,,,,,,,,,,,,,,,,,,,,,,,,,,,,,,,,,,,,,,,,,,,,,,,,,,,,,,,,,,,,,,,,,,,,,,,,,,,,,,,,,,,,,,,,,,,,,,,,,,,,,,,,,,,,,,,,,,,,,,,,,,,,,,,,,,,,,,,,,,,,,,,,,,,,,,,,,,,,,,,,,,,
"12051-Proctor-Loop,-Apt-2,-New-Port-Richey,-FL-34654","12051 Proctor Loop, Apt 2, New Port Richey, FL 34654",12051 Proctor Loop,Apt 2,New Port Richey,FL,12,34654,Pasco,101,28.325932,-82.616274,Condo,2,1.0,1008,Active,1395,Standard,2026-10-01T00:00:00.000Z,,2023-11-29T00:00:00.000Z,2026-10-01T02:49:50.989Z,1,Pasco,New Port Richey,,,,,,,,,,,,,,,,,,,,,,,,,,,,,,,Rental Listing,1395,Standard,2026-10-01T00:00:00.000Z,,1,,,,,,,,,,,,,,,,,,,,,,,,,,,,,,,,,,,,,,,,,,,,,,,,,,,,,,,,,,,,,,,,,,,,,,,,,,,,,,,,,,,,,,,,,,,,,,,,,,,,,,,,,,,,,,,,,,,,,,,,,,,,,,,,,,,,,,,,,,,,,,,,,,,,,,,,,,,,,,,,,,,,,,,,,,,,,,,,,,,,,,,,,,,,,,,,,,,,,,,,,,,,,,,,,,,,,,,,,,,,,,,,,,,,,,,,,,,,,,,,,,,,,,,,,,,,,,,,,,,,,,,,,,,,Rental Listing,1450.0,Standard,2025-03-19T00:00:00.000Z,2025-03-20T00:00:00.000Z,1.0,,,,,,,,,,,,,,,,,,,,,,,,,,,,,,,,,,,,,,,,,,,,,,,,,,,,,,,,,,,,,,,,,,,,,,,,,,,,,,,,,,,,,,,,,,,,,,,,,,,,,,,,,,,,,,,,,,,,,,,,,,,,,,,,,,,,,,,,,,,,,,,,,,,,,,,,,,,,,,,,,,,,,,,,,,,,,,,,,,,,,,,,,,,,,,,,,,,,,,,,,,,,,,,,,,,,,,,,,,,,,,
"5121-Dove-Dr,-New-Port-Richey,-FL-34652","5121 Dove Dr, New Port Richey, FL 34652",5121 Dove Dr,,New Port Richey,FL,12,34652,Pasco,101,28.211828,-82.729432,Single Family,2,2.0,1248,Active,1650,Standard,2026-10-01T00:00:00.000Z,,2024-01-10T00:00:00.000Z,2026-10-01T02:49:50.987Z,1,Pasco,New Port Richey,,,,,,,,,,,,,,,,,,,,,,,,,,,,,,,Rental Listing,1650,Standard,2026-10-01T00:00:00.000Z,,1,,,,,,,,,,,,,,,,,,,5950.0,1968.0,,,,,,,,,,,,,,,,,,,,,,,,,,,,,,,,,,,,,,,,,,,,,,,,,,,,,,,,,,,,,,,,,,,,,,,,,,,,,,,,,,,,,,,,,,,,,,,,,,,,,,,,,,,,,,,,,,,,,,,,,,,,,,,,,,,,,,,,,,,,,,,,,,,,,,,,,,,,,,,,,,,,,,,,,,,,,,,,,,,,,,,,,,,,,,,,,,,,,,,,,,,,,,,,,,,,,,,,,,,,,,,,,,,,,,,,,,,,,,,,,,,,,,,,,,,,,,,,,,,,,,,,,,,,,,,,,,,,,,,,,,,,,,,,,,,,,,,,,,,,,,,,,,,,,,,,,,,,,,,,,,,,,,,,,,,,,,,,,,,,,,,,,,,,,,,,,,,,,,,,,,,,,,,,,,,,,,,,,,,,,,,,,,,,,,,,,,,,,,,,,,,,,,,,,,,,,,,,,,,,,,,,,,,,,,,,,,,,,,,,,,,,,,,,,,,,,,,,,,,,,,,,,,,,,,,,,,,
"5443-Beach-St,-New-Port-Richey,-FL-34652","5443 Beach St, New Port Richey, FL 34652",5443 Beach St,,New Port Richey,FL,12,34652,Pasco,101,28.238647,-82.71696,Apartment,2,1.0,850,Active,1395,Standard,2026-10-01T00:00:00.000Z,,2025-09-10T00:00:00.000Z,2026-10-01T02:49:50.969Z,1,Pasco,New Port Richey,,,,,,,,,,,,,,,,,,,,,,,,,,,,,,,Rental Listing,1395,Standard,2026-10-01T00:00:00.000Z,,1,,,,,,,,,,,,,,,,,,,,,,,,,,,Rental Listing,1395.0,Standard,2026-08-10T00:00:00.000Z,2026-08-11T00:00:00.000Z,1.0,,,,,,,,,,,,,,,,,,,,,,,,,,,,,,,,,,,,,,,,,,,,,,,,,,,,,,,,,,,,,,,,,,,,,,,,,,Rental Listing,1250.0,Standard,2025-10-08T00:00:00.000Z,2025-10-09T00:00:00.000Z,1.0,,,,,,,,,,,,,,,,,,,,,,,,,,,,,,,,,,,,,,,,,,,,,,,,,,,,,,,,,,,,,,,,,,,,,,,,,,,,,,,,,,,,,,,,,,,,,,,,,,,,,,,,,,,,,,,,,,,,,,,,,,,,,,,,,,,,,,,,,,,,,,,,,,,,,,,,,,,,,,,,,,,,,,,,,,,,,,,,,,,,,,,,,,,,,,,,,,,,,,,,,,,,,,,,,,,,,,,,,,,,,,,,,,,,,,,,,,,,,,,,,,,,,,,,,,,,,,,,,,,,,,,,,,,,,,,,,,,,,,,,,,,,,,,,,,,,,,,,,,,,,,,,,,,,,,,,,,,,,,,,,,,,,,,,,,,,,,,,,,,,,,,,,,,,,,,,,,,,,,,,,,,,,,,,,,,,,,,,,,,,,,,,
"7140-Bellaire-Ter,-New-Port-Richey,-FL-34653","7140 Bellaire Ter, New Port Richey, FL 34653",7140 Bellaire Ter,,New Port Richey,FL,12,34653,Pasco,101,28.261281,-82.704891,Single Family,2,1.0,776,Active,1350,Standard,2026-10-01T00:00:00.000Z,,2023-06-09T00:00:00.000Z,2026-10-01T02:49:50.965Z,1,Pasco,New Port Richey,,,,,,,,,,,,,,,,,,,,,,,,,,,,,,,Rental Listing,1350,Standard,2026-10-01T00:00:00.000Z,,1,,,,,,,,,,,,,,,,,,,21344.0,1978.0,,,,,,,,,,,,,,,,,,,,,,,,,,,,,,,,,,,,,,,,,,,,,,,,,,,,,,,,,,,,,,,,,,,,,,,,,,,,,,,,,,,,,,,,,,,,,,,,,,,,,,,,,,,,,,,,,,,,,,,,,,,,,,,,,,,,,,,,,,,,,,,,,,,,,,,,,,,,,,,,,,,,,,,,,,,,,,,,,,,,,,,,,,,,,,,,,,,,,,,,,,,,,,,,,,,,,,,,,,,,,,,,,,,,,,,,,,,,,,,,,,,,,,,,,,,,,,Rental Listing,1350.0,Standard,2024-08-26T00:00:00.000Z,2024-10-02T00:00:00.000Z,37.0,Rental Listing,1350.0,Standard,2026-03-27T00:00:00.000Z,2026-03-28T00:00:00.000Z,1.0,Rental Listing,1350.0,Standard,2026-06-10T00:00:00.000Z,2026-06-11T00:00:00.000Z,1.0,,,,,,,,,,,,,,,,,,,,,,,,,,,,,,,,,,,,,,,,,,,,,,,,,,,,,,,,,,,,,,,,,,,,,,,,,,,,,,,,,,,,,,,,,,,,,,,,,,,,,,,,,,,,,,,,,,,,,,,,,,,,,,,,,,,,,,,,,,,,,,,,,,,,,,,,,,,,,,,,,,,,,,,,,,,,,,,,,,,,,,,,,,,,,,,,,,,,,,,,,,,,
"4609-Audrey-Ln,-New-Port-Richey,-FL-34652","4609 Audrey Ln, New Port Richey, FL 34652",4609 Audrey Ln,,New Port Richey,FL,12,34652,Pasco,101,28.225121,-82.726913,Apartment,2,1.0,750,Active,1350,Standard,2026-10-01T00:00:00.000Z,,2025-10-29T00:00:00.000Z,2026-10-01T02:49:50.963Z,1,Pasco,New Port Richey,,,,,,,,,,,,,,,,,,,,,,,,,,,,,,,Rental Listing,1350,Standard,2026-10-01T00:00:00.000Z,,1,,,,,,,,,,,,,,,,,,,,,,,,,,,,,,,,,,,,,,,,,,,,,,,,,,,,,,,,,,,,,,,,,,,,,,,,,,,,,,,,,,,,,,,,,,,,,,,,,,,,,,,,,,,,,,,,,,,,,,,,,,,,,,,,,,,,,,,,,,,,,,,,,,,,,,,,,,,,,,,,,,,,,,,,,,,,,,,,,,,,,,,,,,,,,,,,,,,,,,,,,,,,,,,,,,,,,,,,,,,,,,,,,,,,,,,,,,,,,,,,,,,,,,,,,,,,,,,,,,,,,,,,,,,,,,,,,,,,,,,,,,,,,,,,,,,,Rental Listing,1295.0,Standard,2026-01-16T00:00:00.000Z,2026-01-17T00:00:00.000Z,1.0,,,,,,,,,,,,,,,,,,,,,,,,,,,,,,,,,,,,,,,,,,,,,,,,,,,,,,,,,,,,,,,,,,,,,,,,,,,,,,,,,,,,,,,,,,,,,,,,,,,,,,,,,,,,,,,,,,,,,,,,,,,,,,,,,,,,,,,,,,,,,,,,,,,,,,,,,,,,,,,,,,,,,,,,,,,,,,,,,,,,,,,,,,,,,,,,,,,,,,
"8480-Houndstooth-Enclave-Dr,-New-Port-Richey,-FL-34655","8480 Houndstooth Enclave Dr, New Port Richey, FL 34655",8480 Houndstooth Enclave Dr,,New Port Richey,FL,12,34655,Pasco,101,28.201194,-82.674633,Single Family,3,2.5,1634,Active,2090,Standard,2026-10-01T00:00:00.000Z,,2023-03-11T00:00:00.000Z,2026-10-01T02:49:50.945Z,1,Pasco,New Port Richey,,,,,,,,,,,,,,,,,,,,,,,,,,,,,,,Rental Listing,2090,Standard,2026-10-01T00:00:00.000Z,,1,,,,,,,,,,,,,,,,,,,,,,,,,,,,,,,,,,,,,,,,Rental Listing,1899.0,Standard,2024-10-16T00:00:00.000Z,2024-10-17T00:00:00.000Z,1.0,,,,,,,,,,,,,,,,,,,,,,,,,,,,,,,,,,,,,,,,,,,,,,,,,,,,,,,,,,,,,,,,,,,,,,,,,,,,,,,,,,,,,,,,,,,,,,,,,,,,,,,,,,,,,,,,,,,,,,,,,,,,,,,,,,,,,,,,,,,,,,,,,,,,,,,,,,,,,,,,,,,,,,,,,,,,,,,,,,,,,,,,,,,,,,,,,,,,,,,,,,,,,,,,,,,,,,,,,,,,,,,,,,,,,,,,,,,,,,,,,,,,,,,,,,,,,,,,,,,,,,,,,,,,,,,,,,,,,,,,,,,,,,,,,,,,,,,,,,,,,,,,,,,,,,,,,,,,,,,,,,,,,,,,,,,,,,,,,,,,,,,,,,,,,,,,,,,,,,,,,,,,,,,,,,,,,,,,,,,,,,,,,,,,,,,,,,,,,,,,,,,,,,,,,,,,,,,,,,,,,,,,,,,,,,,,,,,,,,,,,,,,,,,,,,
"5548-James-St,-New-Port-Richey,-FL-34652","5548 James St, New Port Richey, FL 34652",5548 James St,,New Port Richey,FL,12,34652,Pasco,101,28.240206,-82.723717,Single Family,2,1.0,800,Active,1495,Standard,2026-10-01T00:00:00.000Z,,2026-09-24T00:00:00.000Z,2026-10-01T02:49:50.944Z,1,Pasco,New Port Richey,,,,,,,,,,,,,,,,,,,,,,,,,,,,,,,Rental Listing,1495,Standard,2026-10-01T00:00:00.000Z,,1,,,,,,,,,,,,,,,,,,,,,,,,,,,,,,,,,,,,,,,,,,,,,,,,,,,,,,,,,,,,,,,,,,,,,,,,,,,,,,,,,,,,,,,,,,,,,,,,,,,,,,,,,,,,,,,,,,,,,,,,,,,,,,,,,,,,,,,,,,,,,,,,,,,,,,,,,,,,,,,,,,,,,,,,,,,,,,,,,,,,,,,,,,,,,,,,,,,,,,,,,,,,,,,,,,,,,,,,,,,,,,,,,,,,,,,,,,,,,,,,,,,,,,,,,,,,,,,,,,,,,,,,,,,,,,,,,,,,,,,,,,,,,,,,,,,,,,,,,,,,,,,,,,,,,,,,,,,,,,,,,,,,,,,,,,,,,,,,,,,,,,,,,,,,,,,,,,,,,,,,,,,,,,,,,,,,,,,,,,,,,,,,,,,,,,,,,,,,,,,,,,,,,,,,,,,,,,,,,,,,,,,,,,,,,,,,,,,,,,,,,,,,,,,,,,,,,,,,,,,,,,,,,,,,,,,,,,,,,,,,,,,,,,,,,,,,,,,
"8501-Houndstooth-Enclave-Dr,-New-Port-Richey,-FL-34655","8501 Houndstooth Enclave Dr, New Port Richey, FL 34655",8501 Houndstooth Enclave Dr,,New Port Richey,FL,12,34655,Pasco,101,28.201586,-82.674311,Single Family,3,2.5,2466,Active,2625,Standard,2026-10-01T00:00:00.000Z,,2026-07-24T00:00:00.000Z,2026-10-01T02:49:50.935Z,1,Pasco,New Port Richey,,,,,,,,,,,,,,,,,,,,,,,,,,,,,,,Rental Listing,2625,Standard,2026-10-01T00:00:00.000Z,,1,,,,,,,,,,,,,,,,,,,,,,,,,,,,,,,,,,,,,,,,,,,,,,,,,,,,,,,,,,,,,,,,,,,,,,,,,,,,,,,,,,,,,,,,,,,,,,,,,,,,,,,,,,,,,,,,,,,,,,,,,,,,,,,,,,,,,,,,,,,,,,,,,,,,,,,,,,,,,,,,,,,,,,,,,,,,,,,,,,,,,,,,,,,,,,,,,,,,,,,,,,,,,,,,,,,,,,,,,,,,,,,,,,,,,,,,,,,,,,,,,,,,,,,,,,,,,,,,,,,,,,,,,,,,,,,,,,,,,,,,,,,,,,,,,,,,,,,,,,Rental Listing,2625.0,Standard,2026-07-28T00:00:00.000Z,2026-07-29T00:00:00.000Z,1.0,,,,,,,,,,,,,,,,,,,,,,,,,,,,,,,,,,,,,,,,,,,,,,,,,,,,,,,,,,,,,,,,,,,,,,,,,,,,,,,,,,,,,,,,,,,,,,,,,,,,,,,,,,,,,,,,,,,,,,,,,,,,,,,,,,,,,,,,,,,,,,,,,,,,,,,,,,,,,,,,,,,,,,,,,,,,,,,,,,,,,,,,,,,,,,,,
"8514-Houndstooth-Enclave-Dr,-New-Port-Richey,-FL-34655","8514 Houndstooth Enclave Dr, New Port Richey, FL 34655",8514 Houndstooth Enclave Dr,,New Port Richey,FL,12,34655,Pasco,101,28.201196,-82.67412,Single Family,3,2.5,1634,Active,2090,Standard,2026-10-01T00:00:00.000Z,,2022-10-14T01:43:29.284Z,2026-10-01T02:49:50.931Z,1,Pasco,New Port Richey,,,,,,,,,,,,,,,,,,,,,,,,,,,,,,,Rental Listing,2090,Standard,2026-10-01T00:00:00.000Z,,1,,,,,,,,,,,,,,,,,,,,,,,,,,,,,,,,,,,,,,,,,,,,,,,,,,,,,,,,,,,,,,,,,,,,,,,,,,,,,,,,,,,,,,,,,,,,,,,,,,,,,,,,,,,,,,,,,,,,,,,,,,,,,,,,,,,,,,,,,,,,,,,,,,,,,,,,,,,,,,,,,,,,,,,,,,,,,,,,,,,,,,,,,,,,,,,,,,,,,,,,,,,,,,,,,,,,,,,,,,,,,,,,,,,,,,,,,,,,,,,,,,,,,,,,,,Rental Listing,1849.0,Standard,2026-02-27T00:00:00.000Z,2026-02-28T00:00:00.000Z,1.0,,,,,,,,,,,,,,,,,,,,,,,,,,,,,,,,,,,,,,,,,,,,,,,,,,,,,,,,,,,,,,,,,,,,,,,,,,,,,,,,,,,,,,,,,,,,,,,,,,,,,,,,,,,,,,,,,,,,,,,,,,,,,,,,,,,,,,,,,,,,,,,,,,,,,,,,,,,,,,,,,,,,,,,,,,,,,,,,,,,,,,,,,,,,,,,,,,,,,,,,,,,,,,,,,,,,,,,,,,,,,,,,,,,,,,,,,,,,,,,,
"3504-Heron-Island-Dr,-New-Port-Richey,-FL-34655","3504 Heron Island Dr, New Port Richey, FL 34655",3504 Heron Island Dr,,New Port Richey,FL,12,34655,Pasco,101,28.208455,-82.675992,Single Family,3,2.5,2315,Active,2660,Standard,2026-10-01T00:00:00.000Z,,2021-06-10T00:35:35.096Z,2026-10-01T02:49:50.930Z,1,Pasco,New Port Richey,,,,,,,,,,,,,,,,,,,,,,,,,,,,,,,Rental Listing,2660,Standard,2026-10-01T00:00:00.000Z,,1,,,,,,,,,,,,,,,,,,,,2006.0,,,,,,,,,,,,,,,,,,,,,,,,,,,,,,,,,,,,,,,,,,,,,,,,,,,,,,,,,,,,,,,,,,,,,,,,,,,,,,,,,,,,,,,,,,,,,,,,,,,,,,,,,,,,,,,,,,,,,,,,,,,,,,,,,,,,,,,,,,,,,,,,,,,,,,,,,,,,,,,,,,,,,,,,,,,,,,,,,,,,,,,,,,,,,,,,,,,,,,,,,,,,,,,,,,,,,,,,,,,,,,,,,,,,,,,,,,,,,,,,,,,,,,,,,,,,,,,,,,,,,,,,,,,,,,,,,,,,,,,,,,,,Rental Listing,2545.0,Standard,2024-11-23T00:00:00.000Z,2024-12-26T00:00:00.000Z,33.0,Rental Listing,2450.0,Standard,2026-03-24T00:00:00.000Z,2026-03-25T00:00:00.000Z,1.0,,,,,,,,,,,,,,,,,,,,,,,,,,,,,,,,,,,,,,,,,,,,,,,,,,,,,,,,,,,,,,,,,,,,,,,,,,,,,,,,,,,,,,,,,,,,,,,,,,,,,,,,,,,,,,,,,,,,,,,,,,,,,,,,,,,,,,,,,,,,,,,,,,,,,,,,,,,,,,,,,,,,,,,,,,,,,,,,,,,,
"2857-Coach-Manors-Way,-New-Port-Richey,-FL-34655","2857 Coach Manors Way, New Port Richey, FL 34655",2857 Coach Manors Way,,New Port Richey,FL,12,34655,Pasco,101,28.200385,-82.672934,Single Family,3,2.5,1801,Active,2299,Standard,2026-10-01T00:00:00.000Z,,2023-03-30T00:00:00.000Z,2026-10-01T02:49:50.921Z,1,Pasco,New Port Richey,,,,,,,,,,,,,,,,,,,,,,,,,,,,,,,Rental Listing,2299,Standard,2026-10-01T00:00:00.000Z,,1,,,,,,,,,,,,,,,,,,,,,,,,,,,,,,,,,,,,,,,,,,,,,,,,,,,,,,,,,,,,,,,,,,,,,,,,,,,,,,,,,,,,,,,,,,,,,,,,,,,,,,,,,,,,,,,,,,,,,,,,,,,,,,,,,,,,,,,,,,,,,,,,,,,,,,,,,,,,,,,,,,,,,,,,,,,,,,,,,,,,,,,,,,,,,,,,,,,,,,,,,,,,,,,,,,,,,,,,,,,,,,,,,,,,,,,,,,,,,,,,,,,,,,,,,,,,,,,,,,,,,,,,,,,,,,,,,,,,,,,,,,,,,,,,,,,,,,,,,,,,,,,,,,,,,,,,,,,,Rental Listing,2115.0,Standard,2024-10-18T00:00:00.000Z,2024-10-19T00:00:00.000Z,1.0,,,,,,,,,,,,,,,,,,,,,,,,,,,,,,,,,,,,,,,,,,,,,,,,,,,,,,,,,,,,,,,,,,,,,,,,,,,,,,,,,,,,,,,,,,,,,,,,,,,,,,,,,,,,,,,,,,,,,,,,,,,,,,,,,,,,,,,,,,,,,,,,,,,,,,,,,,,,,,,,,,,,,,,,,,,,,,
"8467-Druid-Oaks-Ln,-New-Port-Richey,-FL-34655","8467 Druid Oaks Ln, New Port Richey, FL 34655",8467 Druid Oaks Ln,,New Port Richey,FL,12,34655,Pasco,101,28.200887,-82.674864,Single Family,3,2.5,1634,Active,2075,Standard,2026-10-01T00:00:00.000Z,,2023-01-30T00:00:00.000Z,2026-10-01T02:49:50.917Z,1,Pasco,New Port Richey,,,,,,,,,,,,,,,,,,,,,,,,,,,,,,,Rental Listing,2075,Standard,2026-10-01T00:00:00.000Z,,1,,,,,,,,,,,,,,,,,,,,,,,,,,,,,,,,,,,,,,,,,,,,,,,,,,,,Rental Listing,2125.0,Standard,2026-08-22T00:00:00.000Z,2026-08-23T00:00:00.000Z,1.0,,,,,,,,,,,,,,,,,,,,,,,,,,,,,,,,,,,,,,,,,,,,,,,,,,,,,,,,,,,,,,,,,,,,,,,,,,,,,,,,,,,,,,,,,,,,,,,,,,,,,,,,,,,,,,,,,,,,,,,,,,,,,,,,,,,,,,,,,,,,,,,,,,,,,,,,,,,,,,,,,,,,,,,,,,,,,,,,,,,,,,,,,,,,,,,,,,,,,,,,,,,,,,,,,,,,,,,,,,,,,,,,,,,,,,,,,,,,,,,,,,,,,,,,,,,,,,,,,,,,,,,,,,,,,,,,,,,,,,,,,,,,,,,,,,,,,,,,,,,,,,,,,,,,,,,,,,,,,,,,,,,,,,,,,,,,,,,,,,,,,,,,,,,,,,,,,,,,,,,,,,,,,,,,,,,,,,,,,,,,,,,,,,,,,,,,,,,,,,,,,,,,,,,,,,,,,,,,,,,,,,,,,,,,,,,,,,,,,,
"4916-Gulf-Waters-Dr,-New-Port-Richey,-FL-34652","4916 Gulf Waters Dr, New Port Richey, FL 34652",4916 Gulf Waters Dr,,New Port Richey,FL,12,34652,Pasco,101,28.240394,-82.732445,Townhouse,3,2.5,1607,Active,1990,Standard,2026-10-01T00:00:00.000Z,,2021-10-27T01:39:51.960Z,2026-10-01T02:49:50.915Z,1,Pasco,New Port Richey,,,,,,,,,,,,,,,,,,,,,,,,,,,,,,,Rental Listing,1990,Standard,2026-10-01T00:00:00.000Z,,1,,,,,,,,,,,,,,,,,,,1228.0,2021.0,,,,,,,,,,,,,,,,,,,,,,,,,,,,,,,,,,,,,,,,,,,,,,,,,,,,,,,,,,,,,,,,,,,,,,,,,,,,,,,,,,,,,,,,,,,,,,,,,,,,,,,,,,,,,,,,,,,,,,,,,,,,,,,,,,,,,,,,,,,,,,,,,,,,,,,,,,,,,,,,,,,,,,,,,,,,,,,,,,,,,,,,,,,,,,,,,,,,,,,,,,,,,,,,,,,,,,,,,,,,,,,,,,,,,,,,,,,,,,,,,,,,,,,,,,,,,,,,,,,,,,,,,,,,,,,,,,,,,,,,,,,,,,,,,,,,,,,,,,,,,,,,,,,,,,,,,,,,,,,,,,,,,,,,,,,,,,,,,,,,,,,,,,,,,,,,,,,,,,,,,,,,,,,,,,,,,,,,,,,,,,,,,,,,,,,,,,,,,,,,,,,,,,,,,,,,,,,,,,,,,,,,,,,,,,,,,,,,,,,,,,,,,,,,,,,,,,,,,,,,,,,,,,,,,,,,,,,
"2910-Yellowhammer-Way,-New-Port-Richey,-FL-34655","2910 Yellowhammer Way, New Port Richey, FL 34655",2910 Yellowhammer Way,,New Port Richey,FL,12,34655,Pasco,101,28.201001,-82.673205,Single Family,3,2.5,1801,Active,2275,Standard,2026-10-01T00:00:00.000Z,,2022-10-14T01:43:29.284Z,2026-10-01T02:49:50.912Z,1,Pasco,New Port Richey,,,,,,,,,,,,,,,,,,,,,,,,,,,,,,,Rental Listing,2275,Standard,2026-10-01T00:00:00.000Z,,1,,,,,,,,,,,,,,,,,,,,,,,,,,,,,,,,,,,,,,,,,,,,,,,,,,,,Rental Listing,2349.0,Standard,2026-08-22T00:00:00.000Z,2026-08-23T00:00:00.000Z,1.0,,,,,,,,,,,,,,,,,,,,,,,,,,,,,,,,,,,,,,,,,,,,,,,,,,,,,,,,,,,,,,,,,,,,,,,,,,,,,,,,,,,,,,,,,,,,,,,,,,,,,,,,,,,,,,,,,,,,,,,,,,,,,,,,,,,,,,,,,,,,,,,,,,,,,,,,,,,,,,,,,,,,,,,,,,,,,,,,,,,,,,,,,,,,,,,,,,,,,,,,,,,,,,,,,,,,,,,,,,,,,,,,,,,,,,,,,,,,,,,,,,,,,,,,,,,,,,,,,,,Rental Listing,2149.0,Standard,2024-10-18T00:00:00.000Z,2024-10-19T00:00:00.000Z,1.0,,,,,,,,,,,,,,,,,,,,,,,,,,,,,,,,,,,,,,,,,,,,,,,,,,,,,,,,,,,,,,,,,,,,,,,,,,,,,,,,,,,,,,,,,,,,,,,,,,,,,,,,,,,,,,,,,,,,,,,,,,,,,,,,,,,,,,,,,,,,,,,,,,,,,,,,,,,,,,,,,,,,,,,,,,,,,,
"5132-Drift-Tide-Dr,-New-Port-Richey,-FL-34652","5132 Drift Tide Dr, New Port Richey, FL 34652",5132 Drift Tide Dr,,New Port Richey,FL,12,34652,Pasco,101,28.220228,-82.729179,Single Family,2,1.0,956,Active,1475,Standard,2026-10-01T00:00:00.000Z,,2026-09-30T00:00:00.000Z,2026-10-01T02:49:50.911Z,1,Pasco,New Port Richey,,,,,,,,,,,,,,,,,,,,,,,,,,,,,,,Rental Listing,1475,Standard,2026-10-01T00:00:00.000Z,,1,,,,,,,,,,,,,,,,,,,,,,,,,,,,,,,,,,,,,,,,,,,,,,,,,,,,,,,,,,,,,,,,,,,,,,,,,,,,,,,,,,,,,,,,,,,,,,,,,,,,,,,,,,,,,,,,,,,,,,,,,,,,,,,,,,,,,,,,,,,,,,,,,,,,,,,,,,,,,,,,,,,,,,,,,,,,,,,,,,,,,,,,,,,,,,,,,,,,,,,,,,,,,,,,,,,,,,,,,,,,,,,,,,,,,,,,,,,,,,,,,,,,,,,,,,,,,,,,,,,,,,,,,,,,,,,,,,,,,,,,,,,,,,,,,,,,,,,,,,,,,,,,,,,,,,,,,,,,,,,,,,,,,,,,,,,,,,,,,,,,,,,,,,,,,,,,,,,,,,,,,,,,,,,,,,,,,,,,,,,,,,,,,,,,,,,,,,,,,,,,,,,,,,,,,,,,,,,,,,,,,,,,,,,,,,,,,,,,,,,,,,,,,,,,,,,,,,,,,,,,,,,,,,,,,,,,,,,,,,,,,,,,,,,,,,,,,,,
"3153-Lodi-Dr,-New-Port-Richey,-FL-34655","3153 Lodi Dr, New Port Richey, FL 34655",3153 Lodi Dr,,New Port Richey,FL,12,34655,Pasco,101,28.205517,-82.695377,Single Family,3,2.0,1283,Active,1625,Standard,2026-10-01T00:00:00.000Z,,2022-04-13T00:11:53.420Z,2026-10-01T02:49:50.900Z,1,Pasco,New Port Richey,,,,,,,,,,,,,,,,,,,,,,,,,,,,,,,Rental Listing,1625,Standard,2026-10-01T00:00:00.000Z,,1,,,,,,,,,,,,,Rental Listing,1800.0,Standard,2026-07-31T00:00:00.000Z,2026-08-01T00:00:00.000Z,1.0,,,,,,,,,,,,,,,,,,,,,,,,,,,,,,,,,,,,,,,,,,,,,,,,,,,,,,,,,,,,,,,,,,,,,,,,,,,,,,,,,,,,,,,,,,,,,,,,,,,,,,,,,,,,,,,,,,,,,,,,,,,,,,,,,,,,,,,,,,,,,,,,,,,,,,,,,,,,,,,,,,,,,,,,,,,,,,,,,,,,,,,,,,,,,,,,,,,,,,,,,,,,,,,,,,,,,,,,,,,,,,,,,,,,,,,,,,,,,,,,,,,,,,,,,,,,,,,,,,,,,,,,,,,,,,,,,,,,,,,,,,,,,,,,,,,,,,,,,,,,,,,,Rental Listing,1800.0,Standard,2025-05-03T00:00:00.000Z,2025-05-04T00:00:00.000Z,1.0,,,,,,,,,,,,,,,,,,,,,,,,,,,,,,,,,,,,,,,,,,,,,,,,,,,,,,,,,,,,,,,,,,,,,,,,,,,,,,,,,,,,,,,,,,,,,,,,,,,,,,,,,,,,,,,,,,,,,,,,,,,,,,,,,,,,,,,,,,,,,,,,,,,,,,,,,,,,,,,,,,,,,,,,
"5620-1st-St,-Zephyrhills,-FL-33542","5620 1st St, Zephyrhills, FL 33542",5620 1st St,,Zephyrhills,FL,12,33542,Pasco,101,28.239341,-82.187996,Single Family,0,1.0,1052,Active,850,Standard,2026-10-01T00:00:00.000Z,,2026-01-22T00:00:00.000Z,2026-10-01T02:50:19.781Z,1,Pasco,Zephyrhills,,,,,,,,,,,,,,,,,,,,,,,,,,,,,,,Rental Listing,850,Standard,2026-10-01T00:00:00.000Z,,1,,,,,,,,,,,,,,,,,,,11761.0,1946.0,,,,,,,,,,,,,,,,,,,,,,,,,,,,,,,,,,,,,,,,,,,,,,,,,,,,,,,,,,,,,,,,,,,,,,,,,,,,,,,,,,,,,,,,,,,,,,,,,,,,,,,,,,,,,,,,,,,,,,,,,,,,,,,,,,,,,,,,,,,,,,,,,,,,,,,,,,,,,,,,,,,,,,,,,,,,,,,,Rental Listing,1195.0,Standard,2026-03-07T00:00:00.000Z,2026-03-08T00:00:00.000Z,1.0,,,,,,,,,,,,,,,,,,,,,,,,,,,,,,,,,,,,,,,,,,,,,,,,,,,,,,,,,,,,,,,,,,,,,,,,,,,,,,,,,,,,,,,,,,,,,,,,,,,,,,,,,,,,,,,,,,,,,,,,,,,,,,,Rental Listing,2710.0,Standard,2026-02-12T00:00:00.000Z,2026-02-13T00:00:00.000Z,1.0,Rental Listing,1895.0,Standard,2026-06-19T00:00:00.000Z,2026-07-07T00:00:00.000Z,18.0,,,,,,,,,,,,,,,,,,,,,,,,,,,,,,,,,,,,,,,,,,,,,,,,,,,,,,,,,,,,,,,,,,,,,,,,,,,,,,,,,,,,,,,,,,,,,,,,,,,,,,,,,,,,,,,,,,,,,,,,,,,,,,,,,,,,,,,,,,,,,,,,,,,,,,,,,,,,
"39132-Co-Rd,---54,-Zephyrhills,-FL-33542","39132 Co Rd, # 54, Zephyrhills, FL 33542",39132 Co Rd,# 54,Zephyrhills,FL,12,33542,Pasco,101,28.250528,-82.169083,Condo,2,2.0,864,Active,1400,Standard,2026-10-01T00:00:00.000Z,,2026-03-03T00:00:00.000Z,2026-10-01T02:50:19.762Z,1,Pasco,Zephyrhills,,,,,,,,,,,,,,,,,,,,,,,,,,,,,,,Rental Listing,1400,Standard,2026-10-01T00:00:00.000Z,,1,,,,,,,,,,,,,,,,,,,,,,,,,,,,,,,,,,,,,,,,,,,,,,,,,,,,,,,,,,,,,,,,,,,,,,,,,,,,,,,,,,,,,,,,,,,,,,,,,,,,,,,,,,,,,,,,,,,,,,,,,,,,,,,,,,,,,,,,,,,,,,,,,,,,,,,,,,,,,,,,,,,,,,,,,,,,,,,,,,,,,,,,,,,,,,,,,,,,,,,,,,,,,,,,,,,,,,,,,,,,,,,,,,,,,,,,,,,,,,,,,,,,,,,,,,,,,,,,,,,,,,,,,,,,,,,,,,,,,,,,Rental Listing,1400.0,Standard,2026-03-27T00:00:00.000Z,2026-03-28T00:00:00.000Z,1.0,,,,,,,,,,,,,,,,,,,,,,,,,,,,,,,,,,,,,,,,,,,,,,,,,,,,,,,Rental Listing,1400.0,Standard,2026-09-20T00:00:00.000Z,2026-09-21T00:00:00.000Z,1.0,,,,,,,,,,,,,,,,,,,,,,,,,,,,,,,,,,,,,,,,,,,,,,,,,,,,,,,,,,,,,,,,,,,,,,,,,,,,,,,,,,,,,,,,,,,,,,,,,,,,,,,,,,,,,,,,,,,,,,,,,,,,,,,,,,,,,,,,,,,,,,,,,,,,,,
"29505-Morningmist-Dr,-Zephyrhills,-FL-33543","29505 Morningmist Dr, Zephyrhills, FL 33543",29505 Morningmist Dr,,Zephyrhills,FL,12,33543,Pasco,101,28.18417,-82.32745,Single Family,3,2.0,1644,Active,2295,Standard,2026-10-01T00:00:00.000Z,,2022-07-19T00:49:11.988Z,2026-10-01T02:50:19.750Z,1,Pasco,Zephyrhills,,,,,,,,,,,,,,,,,,,,,,,,,,,,,,,Rental Listing,2295,Standard,2026-10-01T00:00:00.000Z,,1,,,,,,,,,,,,,,,,,,,,,,,,,,,,,,,,,,,,,,,,,,,,,,,,,,,,,,,,,,,,,,,,,,,,,,,,,,,,,,,,,,,,,,,,,,,,,,,,,,,,,,,,,,,,,,,,,,,,,,,,,,,,,,,,,,,,,,,,,,,,,,,,,,,,,,,,,,,,,,,,,,,,,,,,,,,,,,,,,,,,,,,,,,,,,,,,,,,,,,,,,,,,,,,,,,,,,,,,,,,,,,,,,,,,,,,,,,,,,,,,,,,,,,,,,,,,,,,,,,,,,,,,,,,,,,,,,,,,,,,,,,,,,,,,,,,,,,,,,,,,,,,,,,,,,,,,,,,,,,,,,,,,,,,,,,,,,,,,,,,,,,,,,,Rental Listing,2260.0,Standard,2025-10-18T00:00:00.000Z,2025-10-19T00:00:00.000Z,1.0,,,,,,,,,,,,,,,,,,,,,,,,,,,,,,,,,,,,,,,,,,,,,,,,,,,,,,,,,,,,,,,,,,,,,,,,,,,,,,,,,,,,,,,,,,,,,,,,,,,,,,,,,,,,,,,,,,,,,,,,,,,,,,,,,,,,,,,,,,,,,,,,
"28506-Tall-Grass-Dr,-Zephyrhills,-FL-33543","28506 Tall Grass Dr, Zephyrhills, FL 33543",28506 Tall Grass Dr,,Zephyrhills,FL,12,33543,Pasco,101,28.171587,-82.345303,Single Family,3,2.0,1607,Active,2635,Standard,2026-10-01T00:00:00.000Z,,2022-04-01T02:31:17.382Z,2026-10-01T02:50:19.743Z,1,Pasco,Zephyrhills,,,,,,,,,,,,,,,,,,,,,,,,,,,,,,,Rental Listing,2635,Standard,2026-10-01T00:00:00.000Z,,1,,,,,,,,,,,,,,,,,,,,,,,,,,,,,,,,,,,,,,,,,,,,,,,,,,,,,,,,,,,,,,,,,,,,,,,,,,,,,,,,,,,,,,,,,,,,,,,,,,,,,,,,,,,,,,,,,,,,,,,,,,,,,,,,,,,,,,,,,,,,,,,,,,,,,,,,,,,,,,,,,,,,,,,,,,,,,,,,,,,,,,,,,,,,,,,,,,,,,,,,,,,,,,,,,,,,,,,,,,,,,,,,,,,,,,,,,,,,,,,,,,,,,,,,,,,,,,,,,,,,,,,,,,,,,,,,,,,,,,,,,,,,,,,,,,,,,,,,,,,,,,,,,,,,,,,,,,,,,,,,,,,,,,,,,,,,,,,,,,,,,,,,,,,,,,,,,,,,,,,,,,,,,,,,,,,,,,,,,,,,,,,,,,,,,,,,,,,,,,,,,,,,,,,,,,,,,,,,,,,,,,,,,,,,,,,,,,,,,,,,,,,,,,,,,,,,,,,,,,,,,,,,,,,,,,,,,,,,,,,,,,,,,,,,,,,,,,,
"34442-Smart-Dr,-Zephyrhills,-FL-33541","34442 Smart Dr, Zephyrhills, FL 33541",34442 Smart Dr,,Zephyrhills,FL,12,33541,Pasco,101,28.234806,-82.245003,Single Family,3,2.0,1224,Active,1830,Standard,2026-10-01T00:00:00.000Z,,2023-08-28T00:00:00.000Z,2026-10-01T02:49:51.002Z,1,Pasco,Zephyrhills,,,,,,,,,,,,,,,,,,,,,,,,,,,,,,,Rental Listing,1830,Standard,2026-10-01T00:00:00.000Z,,1,,,,,,,,,,,,,,,,,,,,,,,,,,,,,,,,,,,,,,,,,,,,,,,,,,,,,,,,,,,,,,,,,,,,,,,,,,,,,,,,,,,,,,,,,,,,,,,,,,,,,,,,,,,,,,,,,,,,,,,,,,,,,,,,,,,,,,,,,,,,,,,,,,,,,,,,,,,,,,,,,,,,,,,,,,,,,,,,,,,,,,,,,,,,,,,,,,,,,,,,,,,,,,,,,,,,,,,,,,,,,,,,,,,,,,,,,,,,,,,,,,,,,,,,,,,,,,,,,,,,,,,,,,,,,,,,,,,,,,,,,,,,,,,,,,,,,,,,,,,,,,,,,,,,,,,,,,,,,,,,,,,,,,,,,,,,,,,,,,,,,,,,,,,,,,,,Rental Listing,1825.0,Standard,2024-11-02T00:00:00.000Z,2024-11-24T00:00:00.000Z,22.0,Rental Listing,1915.0,Standard,2026-08-06T00:00:00.000Z,2026-08-07T00:00:00.000Z,1.0,,,,,,,,,,,,,,,,,,,,,,,,,,,,,,,,,,,,,,,,,,,,,,,,,,,,,,,,,,,,,,,,,,,,,,,,,,,,,,,,,,,,,,,,,,,,,,,,,,,,,,,,,,,,,,,,,,,,,,,,,,,,,,,,,,,,
"39132-County-Rd,-54-Unit-2070,-Zephyrhills,-FL-33542","39132 County Rd, 54 Unit 2070, Zephyrhills, FL 33542",39132 County Rd,54 Unit 2070,Zephyrhills,FL,12,33542,Pasco,101,28.25091,-82.169528,Condo,2,2.0,972,Active,1495,Standard,2026-10-01T00:00:00.000Z,,2025-05-13T00:00:00.000Z,2026-10-01T02:49:50.972Z,1,Pasco,Zephyrhills,,,,,,,,,,,,,,,,,,,,,,,,,,,,,,,Rental Listing,1495,Standard,2026-10-01T00:00:00.000Z,,1,,,,,,,,,,,,,,,,,,,1500.0,1998.0,,,,,,,,,,,,,,,,,,,,,,,,,,,,,,,,,,,,,,,,,,,,,,,,,,,,,,,,,,,,,,,,,,,,,,,,,,,,,,,,,,,,,,,,,,,,,,,,,,,,,,,,,,,,,,,,,,,,,,,,,,,,,,,,,,,,,,,,,,,,,,,,,,,,,,,,,,,,,,,,,,,,,,,,,,,,,,,,,,,,,,,,,,,,,,,,,,,,,,,,,,,,,,,,,,,,,,,,,,,,,,,,,,,,,,,,,,,,,,,,,,,,,,,,,,,,,,,,,,,,,,,,,,,,,,,,,,,,,,,,,,,,,,,,,,,,,,,,,,,,,,,,,,,,,,,,,,,,,,,,,,,,,,,,,,,,,,,,,,,,,,,,Rental Listing,1500.0,Standard,2025-05-13T00:00:00.000Z,2025-06-13T00:00:00.000Z,31.0,Rental Listing,1495.0,Standard,2025-08-04T00:00:00.000Z,2025-09-10T00:00:00.000Z,37.0,Rental Listing,1450.0,Standard,2026-08-24T00:00:00.000Z,2026-09-25T00:00:00.000Z,32.0,,,,,,,,,,,,,,,,,,,,,,,,,,,,,,,,,,,,,,,,,,,,,,,,,,,,,,,,,,,,,,,,,,,,,,,,,,,,,,,,,,,,,,,,,,,,,,,,,,,,,,,,,,,,,,,,,,
"4922-17th-St,-Zephyrhills,-FL-33542","4922 17th St, Zephyrhills, FL 33542",4922 17th St,,Zephyrhills,FL,12,33542,Pasco,101,28.229219,-82.174409,Apartment,2,1.0,900,Active,1749,Standard,2026-10-01T00:00:00.000Z,,2026-06-27T00:00:00.000Z,2026-10-01T02:49:50.968Z,1,Pasco,Zephyrhills,,,,,,,,,,,,,,,,,,,,,,,,,,,,,,,Rental Listing,1749,Standard,2026-10-01T00:00:00.000Z,,1,,,,,,,,,,,,,,,,,,,,,,,,,,,,,,,,,,,,,,,,,,,,,,,,,,,,,,,,,,,,,,,,,,,,,,,,,,,,,,,,,,,,,,,,,,,,,,,,,,,,,,,,,,,,,,,,,,,,,,,,,,,,,,,,,,,,,,,,,,,,,,,,,,,,,,,,,,,,,,,,,,,,,,,,,,,,,,,,,,,,,,,,,,,,,,,,,,,,,,,,,,,,,,,,,,,,,,,,,,,,,,,,,,,,,,,,,,,,,,,,,,,,,,,,,,,,,,,,,,,,,,,,,,,,,,,,,,,,,,,,,,,,,,,,,,,,,,,,,,,,,,,,,,,,,,,,,,,,,,,,,,,,,,,,,,,,,,,,,,,,,,,,,,,,,,,,,,,,,,,,,,,,,,,,,,,,,,,,,,,,,,,,,,,,,,,,,,,,,,,,,,,,,,,,,,,,,,,,,,,,,,,,,,,,,,,,,,,,,,,,,,,,,,,,,,,,,,,,,,,,,,,,,,,,,,,,,,,,,,,,,,,,,,,,,,,,,,,
"26736-Middleground-Loop,-Zephyrhills,-FL-33544","26736 Middleground Loop, Zephyrhills, FL 33544",26736 Middleground Loop,,Zephyrhills,FL,12,33544,Pasco,101,28.237088,-82.373603,Single Family,3,2.0,1525,Active,2225,Standard,2026-10-01T00:00:00.000Z,,2020-04-20T15:22:47.654Z,2026-10-01T02:49:50.962Z,1,Pasco,Zephyrhills,,,,,,,,,,,,,,,,,,,,,,,,,,,,,,,Rental Listing,2225,Standard,2026-10-01T00:00:00.000Z,,1,,,,,,,,,,,,,,,,,,,,,,,,,,,,,,,,,,,,,,,,,,,,,,,,,,,,,,,,,,,,,,,,,,,,,,,,,,,,,,,,,,,,,,,,,,,,,,,,,,,,,,,,,,,,,,,,,,,,,,,,,,,,,,,,,,,,,,,,,,,,,,,,,,,,,,,,,,,,,,,,,,,,,,,,,,,,,,,,,,,,,,,,,,,,,,,,,,,,,,,,,,,,,,,,,,,,,,,,,,,,,,,,,,,,,,,,,,,,,,,,,,,,,,,,,,,,,,,,,,,,,,,,,,,,,,,,,,,,,,,,,,,,,,,,,,,,,,,,,,,,,,,,,,,,,,,,,,,,,,,,,,,,,,,,,,,,,,,,,,,,,,,,,,,,,,,,,,,,,,,,,,,,,,,,,,,,,,,,,,,,,,Rental Listing,2225.0,Standard,2026-09-06T00:00:00.000Z,2026-09-07T00:00:00.000Z,1.0,,,,,,,,,,,,,,,,,,,,,,,,,,,,,,,,,,,,,,,,,,,,,,,,,,,,,,,,,,,,,,,,,,,,,,,,,,,,,,,,,,,,,,,,,,,,,,,,,,,,,,,,,,,,
"6888-Pebblebrooke-Way,-Zephyrhills,-FL-33541","6888 Pebblebrooke Way, Zephyrhills, FL 33541",6888 Pebblebrooke Way,,Zephyrhills,FL,12,33541,Pasco,101,28.256308,-82.225519,Single Family,3,2.0,1567,Active,2000,Standard,2026-10-01T00:00:00.000Z,,2026-09-03T00:00:00.000Z,2026-10-01T02:49:50.945Z,1,Pasco,Zephyrhills,,,,,,,,,,,,,,,,,,,,,,,,,,,,,,,Rental Listing,2000,Standard,2026-10-01T00:00:00.000Z,,1,,,,,,,,,,,,,,,,,,,,,,,,,,,,,,,,,,,,,,,,,,,,,,,,,,,,,,,,,,,,,,,,,,,,,,,,,,,,,,,,,,,,,,,,,,,,,,,,,,,,,,,,,,,,,,,,,,,,,,,,,,,,,,,,,,,,,,,,,,,,,,,,,,,,,,,,,,,,,,,,,,,,,,,,,,,,,,,,,,,,,,,,,,,,,,,,,,,,,,,,,,,,,,,,,,,,,,,,,,,,,,,,,,,,,,,,,,,,,,,,,,,,,,,,,,,,,,,,,,,,,,,,,,,,,,,,,,,,,,,,,,,,,,,,,,,,,,,,,,,,,,,,,,,,,,,,,,,,,,,,,,,,,,,,,,,,,,,,,,,,,,,,,,,,,,,,,,,,,,,,,,,,,,,,,,,,,,,,,,,,,,,,,,,,,,,,,,,,,,,,,,,,,,,,,,,,,,,,,,,,,,,,,,,,,,,,,,,,,,,,,,,,,,,,,,,,,,,,,,,,,,,,,,,,,,,,,,,,,,,,,,,,,,,,,,,,,,,
"28537-Seashell-Ct,-Zephyrhills,-FL-33545","28537 Seashell Ct, Zephyrhills, FL 33545",28537 Seashell Ct,,Zephyrhills,FL,12,33545,Pasco,101,28.246143,-82.343766,Single Family,4,2.0,1424,Active,2099,Standard,2026-10-01T00:00:00.000Z,,2019-07-12T02:13:35.022Z,2026-10-01T02:49:50.942Z,1,Pasco,Zephyrhills,,,,,,,,,,,,,,,,,,,,,,,,,,,,,,,Rental Listing,2099,Standard,2026-10-01T00:00:00.000Z,,1,,,,,,,,,,,,,,,,,,,,,,,,,,,,,,,,,,,,,,,,,,,,,,,,,,,,,,,,,,,,,,,,,,,,,,,,,,,,,,,,,,,,,,,,,,,,,,,,,,,,,,,,,,,,,,,,,,,,,,,,,,,,,,,,,,,,,,,,,,,,,,,,,,,,,,,,,,,,,,,,,,,,,,,,,,,,,,,,,,,,,,,,,,,,,,,,,,,,,,,,,,,,,,,,,,,,,,,,,,,,,,,,,,,,,,,,,,,,,,,,,,,,,,,,,,,,,,,,,,,,,,,,,,,,,,,,,,,,,,,,,,,,,,,,,,,,,,,,,,,,,,,,,,,,,,,,,,,,,,,,,,,,,,,,,,,,,,,,,,,,,,,,,,,,,,,,,,,,,,,,,,,,,,,,,,,,,,,,,,,,,,,,,,,,Rental Listing,2049.0,Standard,2025-09-10T00:00:00.000Z,2025-09-11T00:00:00.000Z,1.0,,,,,,,,,,,,,,,,,,,,,,,,,,,,,,,,,,,,,,,,,,,,,,,,,,,,,,,,,,,,,,,,,,,,,,,,,,,,,,,,,,,,,,,,,,,,,,,,,,,,,,
"5225-11th-St,-Zephyrhills,-FL-33542","5225 11th St, Zephyrhills, FL 33542",5225 11th St,,Zephyrhills,FL,12,33542,Pasco,101,28.233456,-82.1761,Single Family,3,2.0,796,Active,1695,Standard,2026-10-01T00:00:00.000Z,,2023-06-14T00:00:00.000Z,2026-10-01T02:49:50.932Z,1,Pasco,Zephyrhills,,,,,,,,,,,,,,,,,,,,,,,,,,,,,,,Rental Listing,1695,Standard,2026-10-01T00:00:00.000Z,,1,,,,,,,,,,,,,,,,,,,,,,,,,,,,,,,,,,,,,,,,,,,,,,,,,,,,,,,,,,,,,,,,,,,,,,,,,,,,,,,,,,,,,,,,,,,,,,,,,,,,,,,,,,,,,,,,,,,,,,,,,,,,,,,,,,,,,,,,,,,,,,,,,,,,,,,,,,,,,,,,,,,,,,,,,,,,,,,,,,,,,,,,,,,,,,,,,,,,,,,,,,,,,,,,,,,,,,,,,,,,,,,,,,,,,,,,,,,,,,,,,,,,,,,,,,,,,,,,,,,,,,,,,,,,,,,,,,,,,,,,,,,,,,,,,,,,,,,,,,,,,,,,,,,,,,,,,,,,,,,,,,,,,,,,,,,,,,,,,,,,,,,,,,,,,,,,,,,,,,,,,,,,,,,,,,,,,,,,,,,,,,,,,,,,,,,,,,,,,,,,,,,,,,,,,,,,,,,,,,,,,,,,,,,,,,,,,,,,,,,,,,,,,,,,,,,,,,,,,,,,,,,,,,,,,,,,,,,,,,,,,,,,,,,,,,,,,,,
"39049-Harlow-Rose-Dr,-Zephyrhills,-FL-33540","39049 Harlow Rose Dr, Zephyrhills, FL 33540",39049 Harlow Rose Dr,,Zephyrhills,FL,12,33540,Pasco,101,28.202846,-82.172751,Single Family,3,2.0,1491,Active,2160,Standard,2026-10-01T00:00:00.000Z,,2023-05-02T00:00:00.000Z,2026-10-01T02:49:50.913Z,1,Pasco,Zephyrhills,,,,,,,,,,,,,,,,,,,,,,,,,,,,,,,Rental Listing,2160,Standard,2026-10-01T00:00:00.000Z,,1,,,,,,,,,,,,,,,,,,,,,,,,,,,,,,,,,,,,,,,,,,,,,,,,,,,,,,,,,,,,,,,,,,,,,,,,,,,,,,,,,,,,,,,,,,,,,,,,,,,,,,,,,,,,,,,,,,,,,,,,,,,,,,,,,,,,,,,,,,,,,,,,,,,,,,,,,,,,,,,,,,,,,,,,,,,,,,,,,,,,,,,,,,,,,,,,,,,,,,,,,,,,,,,,,,,,,,,,,,,,,,,,,,,,,,,,,,,,,,,,,,,,,,,,,,,,,,,,,,,,,,,,,,,,,,,,,,,,,,,,,,,,,,,,,,,,,,,,,,,,,,,,,,,,,,,,,,,,,,,,,,,,,,,,,,,,,,,,,,,,,,,,,,,,,,,,,,,,,,,,,,,,,,,,,,,,,,,,,,,,,,,,,,,,,,,,,,Rental Listing,2150.0,Standard,2023-05-03T00:00:00.000Z,2025-09-15T00:00:00.000Z,866.0,,,,,,,,,,,,,,,,,,,,,,,,,,,,,,,,,,,,,,,,,,,,,,,,,,,,,,,,,,,,,,,,,,,,,,,,,,,,,,,,,,,,,,,,,,,,,,,,
"5150-6th-St,-Apt-3,-Zephyrhills,-FL-33542","5150 6th St, Apt 3, Zephyrhills, FL 33542",5150 6th St,Apt 3,Zephyrhills,FL,12,33542,Pasco,101,28.232796,-82.182274,Apartment,1,1.0,600,Active,1000,Standard,2026-10-01T00:00:00.000Z,,2022-12-26T01:34:44.626Z,2026-10-01T02:46:30.885Z,1,Pasco,Zephyrhills,,,,,,,,,,,,,,,,,,,,,,,,,,,,,,,Rental Listing,1000,Standard,2026-10-01T00:00:00.000Z,,1,,,,,,,,,,,,,,,,,,,,,,,,,,,,,,,,,,,,,,,,,,,,,,,,,,,,,,,,,,,,,,,,,,,,,,,,,,,,,,,,,,,,,,,,,,,,,,,,,,,,,,,,,,,,,,,,,,,,,,,,,,,,,,,,,,,,,,,,,,,,,,,,,,,,,,,,,,,,,,,,,,,,,,,,,,,,,,,,,,,,,,,,,,,,,,,,,,,,,,,,,,,,,,,,,,,,,,,,,,,,,,,,,,,,,,,,,,,,,,,,,,,,,,,,,,,,,,,,,,,,,,,,,,,,,,,,,,,,,,,,,,,,,,,,,,,,,,,,,,,,,,,,,,,,,,,,,,,,,,,,,,,,,,,,,,,,,,,,,,,,,,,,,,,,,,,,,,,,,,,,,,,,,,,,,,,,,,,,,,,,,,,,,,,,,,,,,,,,,,,,,,,,,,,,,,,,,,,,,,,,,,,,,,,,,,,,,,,,,,,,,,,,,,,,,,,,,,,,,,,,,,,,,,,,,,,,,,,,,,,,,,,,,,,,,,,,,,,
"4406-Plum-St,-Zephyrhills,-FL-33542","4406 Plum St, Zephyrhills, FL 33542",4406 Plum St,,Zephyrhills,FL,12,33542,Pasco,101,28.221417,-82.182863,Single Family,2,1.0,605,Active,1350,Standard,2026-10-01T00:00:00.000Z,,2021-07-25T01:58:03.626Z,2026-10-01T02:46:30.777Z,1,Pasco,Zephyrhills,,,,,,,,,,,,,,,,,,,,,,,,,,,,,,,Rental Listing,1350,Standard,2026-10-01T00:00:00.000Z,,1,,,,,,,,,,,,,,,,,,,,,,,,,,,,,,,,,,,,,,,,,,,,,,,,,,,,,,,,,,,,,,,,,,,,,,,,,,,,,,,,,,,,,,,,,,,,,,,,,,,,,,,,,,,,,,,,,,,,,,,,,,,,,,,,,,,,,,,,,,,,,,,,,,,,,,,,,,,,,,,,,,,,,,,,,,,,,,,,,,,,,,,,,,,,,,,,,,,,,,,,,,,,,,,,,,,,,,,,,,,,,,,,,,,,,,,,,,,,,,,,,,,,,,,,,,,,,,,,,,,,,,,,,,,,,,,,,,,,,,,,,,,,,,,,,,,,,,,,,,,,,,,,,,,,,,,,,,,,,,,,,,,,,,,,,,,,,,,,,,,,,,,,,,,,,,,,,,,,,,,,,,,,,,,,,,,,,,,,,,,,,,,,,,,,,,,,,,,,,,,,Rental Listing,1200.0,Standard,2026-05-14T00:00:00.000Z,2026-05-15T00:00:00.000Z,1.0,Rental Listing,1200.0,Standard,2026-05-26T00:00:00.000Z,2026-05-27T00:00:00.000Z,1.0,Rental Listing,1200.0,Standard,2026-06-15T00:00:00.000Z,2026-06-16T00:00:00.000Z,1.0,,,,,,,,,,,,,,,,,,,,,,,,,,,,,,,,,,,,,,,,,,,,,,,,,,,,,,,,,,,,,,,,,,,,,,,,,,,,,,
"4568-Sand-Dollar-Way,-Zephyrhills,-FL-33541","4568 Sand Dollar Way, Zephyrhills, FL 33541",4568 Sand Dollar Way,,Zephyrhills,FL,12,33541,Pasco,101,28.224159,-82.201174,Single Family,4,2.5,2305,Active,2650,Standard,2026-10-01T00:00:00.000Z,,2026-08-28T00:00:00.000Z,2026-10-01T02:46:30.773Z,1,Pasco,Zephyrhills,,,,,,,,,,,,,,,,,,,,,,,,,,,,,,,Rental Listing,2650,Standard,2026-10-01T00:00:00.000Z,,1,,,,,,,,,,,,,,,,,,,,,,,,,,,,,,,,,,,,,,,,,,,,,,,,,,,,,,,,,,,,,,,,,,,,,,,,,,,,,,,,,,,,,,,,,,,,,,,,,,,,,,,,,,,,,,,,,,,,,,,,,,,,,,,,,,,,,,,,,,,,,,,,,,,,,,,,,,,,,,,,,,,,,,,,,,,,,,,,,,,,,,,,,,,,,,,,,,,,,,,,,,,,,,,,,,,,,,,,,,,,,,,,,,,,,,,,,,,,,,,,,,,,,,,,,,,,,,,,,,,,,,,,,,,,,,,,,,,,,,,,,,,,,,,,,,,,,,,,,,,,,,,,,,,,,,,,,,,,,,,,,,,,,,,,,,,,,,,,,,,,,,,,,,,,,,,,,,,,,,,,,,,,,,,,,,,,,,,,,,,,,,,,,,,,,,,,,,,,,,,,,,,,,,,,,,,,,,,,,,,,,,,,,,,,,,,,,,,,,,,,,,,,,,,,,,,,,,,,,,,,,,,,,,,,,,,,,,,,,,,,,,,,,,,,,,,,,,,
"37549-Daliha-Ter,-Zephyrhills,-FL-33542","37549 Daliha Ter, Zephyrhills, FL 33542",37549 Daliha Ter,,Zephyrhills,FL,12,33542,Pasco,101,28.249884,-82.194989,Townhouse,2,2.5,1561,Active,1700,Standard,2026-10-01T00:00:00.000Z,,2019-07-08T20:45:14.880Z,2026-10-01T02:46:30.672Z,1,Pasco,Zephyrhills,,,,,,,,,,,,,,,,,,,,,,,,,,,,,,,Rental Listing,1700,Standard,2026-10-01T00:00:00.000Z,,1,,,,,,,,,,,,,,,,,,,,,,,,,,,,,,,,,,,,,,,,,,,,,,,,,,,,,,,,,,,,,,,,,,,,,,,,,,,,,,,,,,,,,,,,,,,,,,,,,,,,,,,,,,,,,,,,,,,,,,,,,,,,,,,,,,,,,,,,,,,,,,,,,,,,,,,,,,,,,,,,,,,,,,,,,,,,,,,,,,,,,,,,,,,,,,,,,,,,,,,,,,,,,,,,,,,,,,,,,,,,,,,,,,,,,,,,,,,,,,,,,,,,,,,,,,,,,,,,,,,,,,,,,,,,,,,,,,,,,,,,,,,,,,,,,,,,,,,,,,,,,,,,,,,,,,,,,,,,,,,,,,,,,,,,,,,,,,,,,,,,,,,,,,,,,,,,,,,,,,,,,,,,,,,,,,,,,,,,,,,,,,,,,,,,,,,,,,,,,,,,,,,,,,,,,,,,,,,,,,Rental Listing,1495.0,Standard,2025-06-19T00:00:00.000Z,2025-06-20T00:00:00.000Z,1.0,,,,,,,,,,,,,,,,,,,,,,,,,,,,,,,,,,,,,,,,,,,,,,,,,,,,,,,,,,,,,,,,,,,,,,,,
"1837-Tangledvine-Dr,-Zephyrhills,-FL-33543","1837 Tangledvine Dr, Zephyrhills, FL 33543",1837 Tangledvine Dr,,Zephyrhills,FL,12,33543,Pasco,101,28.181435,-82.339519,Single Family,3,2.0,1759,Active,2420,Standard,2026-10-01T00:00:00.000Z,,2023-04-01T00:00:00.000Z,2026-10-01T02:46:03.467Z,1,Pasco,Zephyrhills,,,,,,,,,,,,,,,,,,,,,,,,,,,,,,,Rental Listing,2420,Standard,2026-10-01T00:00:00.000Z,,1,,,,,,,,,,,,,,,,,,,,,,,,,,,,,,,,,,,,,,,,,,,,,,,,,,,,,,,,,,,,,,,,,,,,,,,,,,,,,,,,,,,,,,,,,,,,,,,,,,,,,,,,,,,,,,,,,,,,,,,,,,,,,,,,,,,,,,,,,,,,,,,,,,,,,,,,,,,,,,,,,,,,,,,,,,,,,,,,,,,,,,,,,,,,,,,,,,,,,,,,,,,,,,,,,,,,,,,,,,,,,,,,,,,,,,,,,,,,,,,,,,,,,,,,,,,,,,,,,,,,,,,,,,,,,,,,,,,,,,,,,,,,,,,,,,,,,,,,,,,,,,,,,,,,,,,,,,,,,,,,,,,,,,,,,,,,,,,,,,,,,,,,,,,,,,,,,,,,,,,,,,,,,,,,,,,,,,,,,,,,,,,,,,,,,,,,,,,,,,,,,,,,,,,,,,,,,,,,,,,,,,,,Rental Listing,2635.0,Standard,2025-06-25T00:00:00.000Z,2025-06-26T00:00:00.000Z,1.0,Rental Listing,2385.0,Standard,2025-07-30T00:00:00.000Z,2025-07-31T00:00:00.000Z,1.0,,,,,,,,,,,,,,,,,,,,,,,,,,,,,,,,,,,,,,,,,,,,,,,,,,,,,,,,,,,,
"27741-Sugar-Loaf-Dr,-Zephyrhills,-FL-33544","27741 Sugar Loaf Dr, Zephyrhills, FL 33544",27741 Sugar Loaf Dr,,Zephyrhills,FL,12,33544,Pasco,101,28.180773,-82.364792,Single Family,3,2.0,1812,Active,2615,Standard,2026-10-01T00:00:00.000Z,,2021-05-31T01:15:52.153Z,2026-10-01T02:46:03.463Z,1,Pasco,Zephyrhills,,,,,,,,,,,,,,,,,,,,,,,,,,,,,,,Rental Listing,2615,Standard,2026-10-01T00:00:00.000Z,,1,,,,,,,,,,,,,,,,,,,,,,,,,,,,,,,,,,,,,,,,,,,,,,,,,,,,,,,,,,,,,,,,,,,,,,,,,,,,,,,,,,,,,,,,,,,,,,,,,,,,,,,,,,,,,,,,,,,,,,,,,,,,,,,,,,,,,,,,,,,,,,,,,,,,,,,,,,,,,,,,,,,,,,,,,,,,,,,,,,,,,,,,,,,,,,,,,,,,,,,,,,,,,,,,,,,,,,,,,,,,,,,,,,,,,,,,,,,,,,,,,,,,,,,,,,,,,,,,,,,,,,,,,,,,,,,,,,,,,,,,,,,,,,,,,,,,,,,,,,,,,,,,,,,,,,,,,,,,,,,,,,,,,,,,,,,,,,,,,,,,,,,,,,,,,,,,,,,,,,,,,,,,,,,,,,,,,,,,,,,,,,,,,,,,,,,,,,,,,,,,,,,,,,,,,,,,,,,,,,,,,,,,,,,,,,,,,,,,,,,,,,,,,,,,,,,,,,,,,,,,,,,,,,,,,,,,,,,,,,,,,,,,,,,,,,,,,,,
"38939-C-Ave,-Zephyrhills,-FL-33542","38939 C Ave, Zephyrhills, FL 33542",38939 C Ave,,Zephyrhills,FL,12,33542,Pasco,101,28.226708,-82.172187,Single Family,1,1.0,520,Active,1100,Standard,2026-10-01T00:00:00.000Z,,2022-08-18T00:05:11.770Z,2026-10-01T02:46:03.413Z,1,Pasco,Zephyrhills,,,,,,,,,,,,,,,,,,,,,,,,,,,,,,,Rental Listing,1100,Standard,2026-10-01T00:00:00.000Z,,1,,,,,,,,,,,,,,,,,,,6016.0,1982.0,,,,,,,,,,,,,,,,,,,,,,,,,,,,,,,,,,,,,,,,,,,,,,,,,,,,,,,,,,,,,,,,,,,,,,,,,,,,,,,,,,,,,,,,,,,,,,,,,,,,,,,,,,,,,,,,,,,,,,,,,,,,,,,,,,,,,,,,,,,,,,,,,,,,,,,,,,,,,,,,,,,,,,,,,,,,,,,,,,,,,,,,,,,,,,,,,,,,,,,,,,,,,,,,,,,,,,,,,,,,,,,,,,,,,,,,,,,,,,,,,,,,,,,,,,,,,,,,,,,,,,,,,,,,,,,,,,,,,,,,,,,,,,,,,,,,,,,,,,,,,,,,,,,,,,,,,,,,,,,,,,,,,,,,,,,,,,,,,,,,,,,,,,,,,,,,,,,,,,,,,,,,,,,,,,,,,,,,,,,,,,,,,,,,,,,,,,,,,,,,,,,,,,,,,,,,,,,,,,,,,,,,,,,,,,,,,,,,,,,,,,,,,,,,,,,,,,,,,,,,,,,,,,,,,,,,,,,
"4710-Buckeye-St,-Zephyrhills,-FL-33542","4710 Buckeye St, Zephyrhills, FL 33542",4710 Buckeye St,,Zephyrhills,FL,12,33542,Pasco,101,28.226016,-82.173735,Single Family,2,2.0,1056,Active,1585,Standard,2026-10-01T00:00:00.000Z,,2025-03-14T00:00:00.000Z,2026-10-01T02:46:03.373Z,1,Pasco,Zephyrhills,,,,,,,,,,,,,,,,,,,,,,,,,,,,,,,Rental Listing,1585,Standard,2026-10-01T00:00:00.000Z,,1,,,,,,,,,,,,,,,,,,,,,,,,,,,,,,,,,,,,,,,,,,,,,,,,,,,,,,,,,,,,,,,,,,,,,,,,,,,,,,,,,,,,,,,,,,,,,,,,,,,,,,,,,,,,,,,,,,,,,,,,,,,,,,,,,,,,,,,,,,,,,,,,,,,,,,,,,,,,,,,,,,,,,,,,,,,,,,,,,,,,,,,,,,,,,,,,,,,,,,,,,,,,,,,,,,,,,,,,,,,,,,,,,,,,,,,,,,,,,,,,,,,,,,,,,,,,,,,,,,,,,,,,,,,,,,,,,,,,,,,,,,,,,,,,,,,,,,,,,,,,,,,,,,,,,,,,,,,,,,,,,,,,,,,,,,,,,,,,,,,,,,,,,,,,,,,,,,,,,,,,,,,,,,,,,,,,,,,,,,,,,,,,,,,,,,,,,,,,,,,,,,,,,,,,,,,,,,,,,,,,,,,,,,,,,,,,,,,,Rental Listing,1345.0,Standard,2025-07-23T00:00:00.000Z,2025-07-24T00:00:00.000Z,1.0,,,,,,,,,,,,,,,,,,,,,,,,,,,,,,,,,,,,,,,,,,,,,,,,,,,,,,
"4719-Tangelo-Dr,-Zephyrhills,-FL-33541","4719 Tangelo Dr, Zephyrhills, FL 33541",4719 Tangelo Dr,,Zephyrhills,FL,12,33541,Pasco,101,28.22587,-82.24379,Single Family,2,2.0,1517,Active,1750,Standard,2026-10-01T00:00:00.000Z,,2026-06-27T00:00:00.000Z,2026-10-01T02:46:03.369Z,1,Pasco,Zephyrhills,,,,,,,,,,,,,,,,,,,,,,,,,,,,,,,Rental Listing,1750,Standard,2026-10-01T00:00:00.000Z,,1,,,,,,,,,,,,,,,,,,,,,,,,,,,,,,,,,,,,,,,,,,,,,,,,,,,,,,,,,,,,,,,,,,,,,,,,,,,,,,,,,,,,,,,,,,,,,,,,,,,,,,,,,,,,,,,,,,,,,,,,,,,,,,,,,,,,,,,,,,,,,,,,,,,,,,,,,,,,,,,,,,,,,,,,,,,,,,,,,,,,,,,,,,,,,,,,,,,,,,,,,,,,,,,,,,,,,,,,,,,,,,,,,,,,,,,,,,,,,,,,,,,,,,,,,,,,,,,,,,,,,,,,,,,,,,,,,,,,,,,,,,,,,,,,,,,,,,,,,,,,,,,,,,,,,,,,,,,,,,,,,,,,,,,,,,,,,,,,,,,,,,,,,,,,,,,,,,,,,,,,,,,,,,,,,,,,,,,,,,,,,,,,,,,,,,,,,,,,,,,,,,,,,,,,,,,,,,,,,,,,,,,,,,,,,,,,,,,,,,,,,,,,,,,,,,,,,,,,,,,,,,,,,,,,,,,,,,,,,,,,,,,,,,,,,,,,,,,
"7725-Forbes-Rd,-Zephyrhills,-FL-33540","7725 Forbes Rd, Zephyrhills, FL 33540",7725 Forbes Rd,,Zephyrhills,FL,12,33540,Pasco,101,28.269436,-82.155426,Single Family,2,1.0,784,Active,1150,Standard,2026-10-01T00:00:00.000Z,,2026-01-17T00:00:00.000Z,2026-10-01T02:46:03.357Z,1,Pasco,Zephyrhills,,,,,,,,,,,,,,,,,,,,,,,,,,,,,,,Rental Listing,1150,Standard,2026-10-01T00:00:00.000Z,,1,,,,,,,,,,,,,,,,,,,,,,,,,,,,,,,,,,,,,,,,,,,,,,,,,,,,,,,,,,,,,,,,,,,,,,,,,,,,,,,,,,,,,,,,,,,,,,,,,,,,,,,,,,,,,,,,,,,,,,,,,,,,,,,,,,,,,,,,,,,,,,,,,,,,,,,,,,,,,,,,,,,,,,,,,,,,,,,,,,,,,,,,,,,,,,,,,,,,,,,,,,,,,,,,,,,,,,,,,,,,,,,,,,,,,,,,,,,,,,,,,,,,,,,,,,,,,,,,,,,,,,,,,,,,,,,,,,,,,,,,,,,,,,,,,,,,,,,,,,,,,,,,,,,,,,,,,,,,,,,,,,,,,,,,,,,,,,,,,,,,,,,,,,,,,,,,,,,,,,,,,,,,,,,,,,,,,,,,,,,,,,,,,,,,,,,,,,,,,,,,,,,,,,,,,,,,,,,,,,,,,,,,,,,,,,,,,,,,,,,,,,Rental Listing,1150.0,Standard,2026-01-20T00:00:00.000Z,2026-01-21T00:00:00.000Z,1.0,Rental Listing,1150.0,Standard,2026-02-10T00:00:00.000Z,2026-02-11T00:00:00.000Z,1.0,Rental Listing,1150.0,Standard,2026-03-06T00:00:00.000Z,2026-03-07T00:00:00.000Z,1.0,,,,,,,,,,,,,,,,,,,,,,,,,,,,,,,,,,,,
"37824-Dusty-Saddle-Ln,-Zephyrhills,-FL-33541","37824 Dusty Saddle Ln, Zephyrhills, FL 33541",37824 Dusty Saddle Ln,,Zephyrhills,FL,12,33541,Pasco,101,28.283313,-82.191521,Single Family,4,2.5,2297,Active,2515,Standard,2026-10-01T00:00:00.000Z,,2025-08-02T00:00:00.000Z,2026-10-01T02:46:03.257Z,1,Pasco,Zephyrhills,,,,,,,,,,,,,,,,,,,,,,,,,,,,,,,Rental Listing,2515,Standard,2026-10-01T00:00:00.000Z,,1,,,,,,,,,,,,,,,,,,,,2025.0,,,,,,,,,,,,,,,,,,,,,,,,,,,,,,,,,,,,,,,,,,,,,,,,,,,,,,,,,,,,,,,,,,,,,,,,,,,,,,,,,,,,,,,,,,,,,,,,,,,,,,,,,,,,,,,,,,,,,,,,,,Rental Listing,2340.0,Standard,2025-08-30T00:00:00.000Z,2025-08-31T00:00:00.000Z,1.0,,,,,,,,,,,,,,,,,,,,,,,,,,,,,,,,,,,,,,,,,,,,,,,,,,,,,,,,,,,,,,,,,,,,,,,,,,,,,,,,,,,,,,,,,,,,,,,,,,,,,,,,,,,,,,,,,,,,,,,,,,,,,,,,,,,,,,,,,,,,,,,,,,,,,,,,,,,,,,,,,,,,,,,,,,,,,,,,,,,,,,,,,,,,,,,,,,,,,,,,,,,,,,,,,,,,,,,,,,,,,,,,,,,,,,,,,,,,,,,,,,,,,,,,,,,,,,,,,,,,,,,,,,,,,,,,,,,,,,,,,,,,,,,,,,,,,,,,,,,,,,,,,,,,,,,,,Rental Listing,2340.0,Standard,2025-08-23T00:00:00.000Z,2025-08-24T00:00:00.000Z,1.0,,,,,,,,,,,,,,,,,,,,,,,,,,,,,,
"38731-Alston-Ave,-Zephyrhills,-FL-33542","38731 Alston Ave, Zephyrhills, FL 33542",38731 Alston Ave,,Zephyrhills,FL,12,33542,Pasco,101,28.223325,-82.17571,Single Family,2,1.0,750,Active,1150,Standard,2026-10-01T00:00:00.000Z,,2021-10-01T02:04:13.731Z,2026-10-01T02:45:47.889Z,1,Pasco,Zephyrhills,,,,,,,,,,,,,,,,,,,,,,,,,,,,,,,Rental Listing,1150,Standard,2026-10-01T00:00:00.000Z,,1,,,,,,,,,,,,,,,,,,,,,,,,,,,,,,,,,,,,,,,,,,,,,,,,,,,,,,,,,,,,,,,,,,,,,,,,,,,,,,,,,,,,,,,,,,,,,,,,,,,,,,,,,,,,,,,,,,,,,,,,,,,,,,,,,,,,,,,,,,,,,,,,,,,,,,,,,,,,,,,,,,,,,,,,,,,,,,,,,,,,,,,,,,,,,,,,,,,,,,,,,,,,,,,,,,,,,,,,,,,,,,,,,,,,,,,,,,,,,,,,,,,,,,,,,,,,,,,,,,,,,,,,,,,,,,,,,,,,,,,,,,,,,,,,,,,,,,,,,,,,,,,,,,,,,,,,,,,,,,,,,,,,,,,,,,,,,,,,,,,,,,,,,,,,,,,,,,,,,,,,,,,,,,,,,,,,,,,,,,,,,,,,,,,,,,,,,,,,,,,,,,,,,,,,,,,,,,,,,,,,,,,,,,,,,,,,,,,,,,,,,,,,,,,,,,,,,,,,,,,,,,,,,,Rental Listing,1150.0,Standard,2025-08-20T00:00:00.000Z,2025-08-21T00:00:00.000Z,1.0,,,,,,,,,,,,,,,,,,,,,,,,
"36111-Shady-Bluff-Loop,-Zephyrhills,-FL-33541","36111 Shady Bluff Loop, Zephyrhills, FL 33541",36111 Shady Bluff Loop,,Zephyrhills,FL,12,33541,Pasco,101,28.246964,-82.218634,Single Family,5,2.5,2118,Active,2310,Standard,2026-10-01T00:00:00.000Z,,2026-05-06T00:00:00.000Z,2026-10-01T02:45:47.878Z,1,Pasco,Zephyrhills,,,,,,,,,,,,,,,,,,,,,,,,,,,,,,,Rental Listing,2310,Standard,2026-10-01T00:00:00.000Z,,1,,,,,,,,,,,,,,,,,,,,,,,,,,,,,,,,,,,,,,,,,,,,,,,,,,,,,,,,,,,,,,,,,,,,,,,,,,,,,,,,,,,,,,,,,,,,,,,,,,,,,,,,,,,,,,,,,,,,,,,,,,,,,,,,,,,,,,,,,,,,,,,,,,,,,,,,,,,,,,,,,,,,,,,,,,,,,,,,,,,,,,,,,,,,,,,,,,,,,,,,,,,,,,,,,,,,,,,,,,,,,,,,,,,,,,,,,,,,,,,,,,,,,,,,,,,,,,,,,,,,,,,,,,,,,,,,,,,,,,,,,,,,,,,,,,,,,,,,,,,,,,,,,,,,,,,,,,,,,,,,,,,,,,,,,,,,,,,,,,,,,,,,,,,,,,,,,,,,,,,,,,,,,,,,,,,,,,,,,,,,,,,,,,,,,,,,,,,,,,,,,,,,,,,,,,,,,,,,,,,,,,,,,,,,,,,,,,,,,,,,,,,,,,,,,,,,,,,,,,,,,,,,,,,,,,,,Rental Listing,2445.0,Standard,2026-06-20T00:00:00.000Z,2026-06-21T00:00:00.000Z,1.0,Rental Listing,2395.0,Standard,2026-07-22T00:00:00.000Z,2026-07-23T00:00:00.000Z,1.0,Rental Listing,2395.0,Standard,2026-07-29T00:00:00.000Z,2026-07-30T00:00:00.000Z,1.0,Rental Listing,2310.0,Standard,2026-09-18T00:00:00.000Z,2026-09-19T00:00:00.000Z,1.0
