id,formattedAddress,addressLine1,addressLine2,city,state,stateFips,zipCode,county,countyFips,latitude,longitude,propertyType,bedrooms,bathrooms,squareFootage,status,price,listingType,listedDate,removedDate,createdDate,lastSeenDate,daysOnMarket,meta_source_county,meta_source_city,history.2026-03-14.event,history.2026-03-14.price,history.2026-03-14.listingType,history.2026-03-14.listedDate,history.2026-03-14.removedDate,history.2026-03-14.daysOnMarket,history.2026-04-22.event,history.2026-04-22.price,history.2026-04-22.listingType,history.2026-04-22.listedDate,history.2026-04-22.removedDate,history.2026-04-22.daysOnMarket,history.2026-06-02.event,history.2026-06-02.price,history.2026-06-02.listingType,history.2026-06-02.listedDate,history.2026-06-02.removedDate,history.2026-06-02.daysOnMarket,history.2026-08-26.event,history.2026-08-26.price,history.2026-08-26.listingType,history.2026-08-26.listedDate,history.2026-08-26.removedDate,history.2026-08-26.daysOnMarket,history.2026-09-14.event,history.2026-09-14.price,history.2026-09-14.listingType,history.2026-09-14.listedDate,history.2026-09-14.removedDate,history.2026-09-14.daysOnMarket,history.2024-12-18.event,history.2024-12-18.price,history.2024-12-18.listingType,history.2024-12-18.listedDate,history.2024-12-18.removedDate,history.2024-12-18.daysOnMarket,history.2026-07-21.event,history.2026-07-21.price,history.2026-07-21.listingType,history.2026-07-21.listedDate,history.2026-07-21.removedDate,history.2026-07-21.daysOnMarket,lotSize,yearBuilt,hoa.fee,history.2026-07-16.event,history.2026-07-16.price,history.2026-07-16.listingType,history.2026-07-16.listedDate,history.2026-07-16.removedDate,history.2026-07-16.daysOnMarket,history.2025-08-15.event,history.2025-08-15.price,history.2025-08-15.listingType,history.2025-08-15.listedDate,history.2025-08-15.removedDate,history.2025-08-15.daysOnMarket,history.2025-09-23.event,history.2025-09-23.price,history.2025-09-23.listingType,history.2025-09-23.listedDate,history.2025-09-23.removedDate,history.2025-09-23.daysOnMarket,history.2024-09-22.event,history.2024-09-22.price,history.2024-09-22.listingType,history.2024-09-22.listedDate,history.2024-09-22.removedDate,history.2024-09-22.daysOnMarket,history.2024-10-19.event,history.2024-10-19.price,history.2024-10-19.listingType,history.2024-10-19.listedDate,history.2024-10-19.removedDate,history.2024-10-19.daysOnMarket,history.2025-10-22.event,history.2025-10-22.price,history.2025-10-22.listingType,history.2025-10-22.listedDate,history.2025-10-22.removedDate,history.2025-10-22.daysOnMarket,history.2025-12-04.event,history.2025-12-04.price,history.2025-12-04.listingType,history.2025-12-04.listedDate,history.2025-12-04.removedDate,history.2025-12-04.daysOnMarket,history.2026-08-10.event,history.2026-08-10.price,history.2026-08-10.listingType,history.2026-08-10.listedDate,history.2026-08-10.removedDate,history.2026-08-10.daysOnMarket,history.2026-09-07.event,history.2026-09-07.price,history.2026-09-07.listingType,history.2026-09-07.listedDate,history.2026-09-07.removedDate,history.2026-09-07.daysOnMarket,history.2026-08-14.event,history.2026-08-14.price,history.2026-08-14.listingType,history.2026-08-14.listedDate,history.2026-08-14.removedDate,history.2026-08-14.daysOnMarket,history.2026-07-22.event,history.2026-07-22.price,history.2026-07-22.listingType,history.2026-07-22.listedDate,history.2026-07-22.removedDate,history.2026-07-22.daysOnMarket,history.2026-09-06.event,history.2026-09-06.price,history.2026-09-06.listingType,history.2026-09-06.listedDate,history.2026-09-06.removedDate,history.2026-09-06.daysOnMarket,history.2024-10-16.event,history.2024-10-16.price,history.2024-10-16.listingType,history.2024-10-16.listedDate,history.2024-10-16.removedDate,history.2024-10-16.daysOnMarket,history.2025-06-03.event,history.2025-06-03.price,history.2025-06-03.listingType,history.2025-06-03.listedDate,history.2025-06-03.removedDate,history.2025-06-03.daysOnMarket,history.2026-08-22.event,history.2026-08-22.price,history.2026-08-22.listingType,history.2026-08-22.listedDate,history.2026-08-22.removedDate,history.2026-08-22.daysOnMarket,history.2025-08-11.event,history.2025-08-11.price,history.2025-08-11.listingType,history.2025-08-11.listedDate,history.2025-08-11.removedDate,history.2025-08-11.daysOnMarket,history.2025-08-30.event,history.2025-08-30.price,history.2025-08-30.listingType,history.2025-08-30.listedDate,history.2025-08-30.removedDate,history.2025-08-30.daysOnMarket,history.2024-09-09.event,history.2024-09-09.price,history.2024-09-09.listingType,history.2024-09-09.listedDate,history.2024-09-09.removedDate,history.2024-09-09.daysOnMarket,history.2025-01-22.event,history.2025-01-22.price,history.2025-01-22.listingType,history.2025-01-22.listedDate,history.2025-01-22.removedDate,history.2025-01-22.daysOnMarket,history.2026-04-24.event,history.2026-04-24.price,history.2026-04-24.listingType,history.2026-04-24.listedDate,history.2026-04-24.removedDate,history.2026-04-24.daysOnMarket,history.2026-08-04.event,history.2026-08-04.price,history.2026-08-04.listingType,history.2026-08-04.listedDate,history.2026-08-04.removedDate,history.2026-08-04.daysOnMarket,history.2026-08-29.event,history.2026-08-29.price,history.2026-08-29.listingType,history.2026-08-29.listedDate,history.2026-08-29.removedDate,history.2026-08-29.daysOnMarket,history.2025-04-29.event,history.2025-04-29.price,history.2025-04-29.listingType,history.2025-04-29.listedDate,history.2025-04-29.removedDate,history.2025-04-29.daysOnMarket,history.2026-03-25.event,history.2026-03-25.price,history.2026-03-25.listingType,history.2026-03-25.listedDate,history.2026-03-25.removedDate,history.2026-03-25.daysOnMarket,history.2025-04-04.event,history.2025-04-04.price,history.2025-04-04.listingType,history.2025-04-04.listedDate,history.2025-04-04.removedDate,history.2025-04-04.daysOnMarket,history.2026-04-21.event,history.2026-04-21.price,history.2026-04-21.listingType,history.2026-04-21.listedDate,history.2026-04-21.removedDate,history.2026-04-21.daysOnMarket,history.2026-05-19.event,history.2026-05-19.price,history.2026-05-19.listingType,history.2026-05-19.listedDate,history.2026-05-19.removedDate,history.2026-05-19.daysOnMarket,history.2026-06-04.event,history.2026-06-04.price,history.2026-06-04.listingType,history.2026-06-04.listedDate,history.2026-06-04.removedDate,history.2026-06-04.daysOnMarket,history.2026-06-26.event,history.2026-06-26.price,history.2026-06-26.listingType,history.2026-06-26.listedDate,history.2026-06-26.removedDate,history.2026-06-26.daysOnMarket,history.2025-08-13.event,history.2025-08-13.price,history.2025-08-13.listingType,history.2025-08-13.listedDate,history.2025-08-13.removedDate,history.2025-08-13.daysOnMarket,history.2024-09-26.event,history.2024-09-26.price,history.2024-09-26.listingType,history.2024-09-26.listedDate,history.2024-09-26.removedDate,history.2024-09-26.daysOnMarket,history.2024-09-30.event,history.2024-09-30.price,history.2024-09-30.listingType,history.2024-09-30.listedDate,history.2024-09-30.removedDate,history.2024-09-30.daysOnMarket,history.2025-09-26.event,history.2025-09-26.price,history.2025-09-26.listingType,history.2025-09-26.listedDate,history.2025-09-26.removedDate,history.2025-09-26.daysOnMarket,history.2025-06-09.event,history.2025-06-09.price,history.2025-06-09.listingType,history.2025-06-09.listedDate,history.2025-06-09.removedDate,history.2025-06-09.daysOnMarket,history.2025-12-25.event,history.2025-12-25.price,history.2025-12-25.listingType,history.2025-12-25.listedDate,history.2025-12-25.removedDate,history.2025-12-25.daysOnMarket,history.2026-08-30.event,history.2026-08-30.price,history.2026-08-30.listingType,history.2026-08-30.listedDate,history.2026-08-30.removedDate,history.2026-08-30.daysOnMarket,history.2026-06-03.event,history.2026-06-03.price,history.2026-06-03.listingType,history.2026-06-03.listedDate,history.2026-06-03.removedDate,history.2026-06-03.daysOnMarket,history.2026-06-08.event,history.2026-06-08.price,history.2026-06-08.listingType,history.2026-06-08.listedDate,history.2026-06-08.removedDate,history.2026-06-08.daysOnMarket,history.2026-06-14.event,history.2026-06-14.price,history.2026-06-14.listingType,history.2026-06-14.listedDate,history.2026-06-14.removedDate,history.2026-06-14.daysOnMarket,history.2026-09-08.event,history.2026-09-08.price,history.2026-09-08.listingType,history.2026-09-08.listedDate,history.2026-09-08.removedDate,history.2026-09-08.daysOnMarket,history.2024-10-01.event,history.2024-10-01.price,history.2024-10-01.listingType,history.2024-10-01.listedDate,history.2024-10-01.removedDate,history.2024-10-01.daysOnMarket,history.2025-06-04.event,history.2025-06-04.price,history.2025-06-04.listingType,history.2025-06-04.listedDate,history.2025-06-04.removedDate,history.2025-06-04.daysOnMarket,history.2026-01-16.event,history.2026-01-16.price,history.2026-01-16.listingType,history.2026-01-16.listedDate,history.2026-01-16.removedDate,history.2026-01-16.daysOnMarket,history.2025-10-08.event,history.2025-10-08.price,history.2025-10-08.listingType,history.2025-10-08.listedDate,history.2025-10-08.removedDate,history.2025-10-08.daysOnMarket,history.2025-03-19.event,history.2025-03-19.price,history.2025-03-19.listingType,history.2025-03-19.listedDate,history.2025-03-19.removedDate,history.2025-03-19.daysOnMarket,history.2026-07-31.event,history.2026-07-31.price,history.2026-07-31.listingType,history.2026-07-31.listedDate,history.2026-07-31.removedDate,history.2026-07-31.daysOnMarket,history.2026-08-31.event,history.2026-08-31.price,history.2026-08-31.listingType,history.2026-08-31.listedDate,history.2026-08-31.removedDate,history.2026-08-31.daysOnMarket,history.2026-05-18.event,history.2026-05-18.price,history.2026-05-18.listingType,history.2026-05-18.listedDate,history.2026-05-18.removedDate,history.2026-05-18.daysOnMarket,history.2026-06-22.event,history.2026-06-22.price,history.2026-06-22.listingType,history.2026-06-22.listedDate,history.2026-06-22.removedDate,history.2026-06-22.daysOnMarket,history.2024-08-26.event,history.2024-08-26.price,history.2024-08-26.listingType,history.2024-08-26.listedDate,history.2024-08-26.removedDate,history.2024-08-26.daysOnMarket,history.2026-03-27.event,history.2026-03-27.price,history.2026-03-27.listingType,history.2026-03-27.listedDate,history.2026-03-27.removedDate,history.2026-03-27.daysOnMarket,history.2026-06-10.event,history.2026-06-10.price,history.2026-06-10.listingType,history.2026-06-10.listedDate,history.2026-06-10.removedDate,history.2026-06-10.daysOnMarket,history.2025-01-02.event,history.2025-01-02.price,history.2025-01-02.listingType,history.2025-01-02.listedDate,history.2025-01-02.removedDate,history.2025-01-02.daysOnMarket,history.2026-08-18.event,history.2026-08-18.price,history.2026-08-18.listingType,history.2026-08-18.listedDate,history.2026-08-18.removedDate,history.2026-08-18.daysOnMarket,history.2024-10-18.event,history.2024-10-18.price,history.2024-10-18.listingType,history.2024-10-18.listedDate,history.2024-10-18.removedDate,history.2024-10-18.daysOnMarket,history.2025-08-12.event,history.2025-08-12.price,history.2025-08-12.listingType,history.2025-08-12.listedDate,history.2025-08-12.removedDate,history.2025-08-12.daysOnMarket,history.2025-08-28.event,history.2025-08-28.price,history.2025-08-28.listingType,history.2025-08-28.listedDate,history.2025-08-28.removedDate,history.2025-08-28.daysOnMarket,history.2025-05-03.event,history.2025-05-03.price,history.2025-05-03.listingType,history.2025-05-03.listedDate,history.2025-05-03.removedDate,history.2025-05-03.daysOnMarket,history.2026-07-28.event,history.2026-07-28.price,history.2026-07-28.listingType,history.2026-07-28.listedDate,history.2026-07-28.removedDate,history.2026-07-28.daysOnMarket,history.2026-05-29.event,history.2026-05-29.price,history.2026-05-29.listingType,history.2026-05-29.listedDate,history.2026-05-29.removedDate,history.2026-05-29.daysOnMarket,history.2026-06-15.event,history.2026-06-15.price,history.2026-06-15.listingType,history.2026-06-15.listedDate,history.2026-06-15.removedDate,history.2026-06-15.daysOnMarket,history.2026-09-10.event,history.2026-09-10.price,history.2026-09-10.listingType,history.2026-09-10.listedDate,history.2026-09-10.removedDate,history.2026-09-10.daysOnMarket,history.2024-10-22.event,history.2024-10-22.price,history.2024-10-22.listingType,history.2024-10-22.listedDate,history.2024-10-22.removedDate,history.2024-10-22.daysOnMarket,history.2026-03-17.event,history.2026-03-17.price,history.2026-03-17.listingType,history.2026-03-17.listedDate,history.2026-03-17.removedDate,history.2026-03-17.daysOnMarket,history.2026-05-30.event,history.2026-05-30.price,history.2026-05-30.listingType,history.2026-05-30.listedDate,history.2026-05-30.removedDate,history.2026-05-30.daysOnMarket,history.2026-08-21.event,history.2026-08-21.price,history.2026-08-21.listingType,history.2026-08-21.listedDate,history.2026-08-21.removedDate,history.2026-08-21.daysOnMarket,history.2025-06-06.event,history.2025-06-06.price,history.2025-06-06.listingType,history.2025-06-06.listedDate,history.2025-06-06.removedDate,history.2025-06-06.daysOnMarket,history.2025-09-10.event,history.2025-09-10.price,history.2025-09-10.listingType,history.2025-09-10.listedDate,history.2025-09-10.removedDate,history.2025-09-10.daysOnMarket,history.2026-06-16.event,history.2026-06-16.price,history.2026-06-16.listingType,history.2026-06-16.listedDate,history.2026-06-16.removedDate,history.2026-06-16.daysOnMarket,history.2023-05-03.event,history.2023-05-03.price,history.2023-05-03.listingType,history.2023-05-03.listedDate,history.2023-05-03.removedDate,history.2023-05-03.daysOnMarket,history.2025-06-25.event,history.2025-06-25.price,history.2025-06-25.listingType,history.2025-06-25.listedDate,history.2025-06-25.removedDate,history.2025-06-25.daysOnMarket,history.2025-07-30.event,history.2025-07-30.price,history.2025-07-30.listingType,history.2025-07-30.listedDate,history.2025-07-30.removedDate,history.2025-07-30.daysOnMarket,history.2025-06-29.event,history.2025-06-29.price,history.2025-06-29.listingType,history.2025-06-29.listedDate,history.2025-06-29.removedDate,history.2025-06-29.daysOnMarket,history.2026-04-28.event,history.2026-04-28.price,history.2026-04-28.listingType,history.2026-04-28.listedDate,history.2026-04-28.removedDate,history.2026-04-28.daysOnMarket,history.2026-01-20.event,history.2026-01-20.price,history.2026-01-20.listingType,history.2026-01-20.listedDate,history.2026-01-20.removedDate,history.2026-01-20.daysOnMarket,history.2026-02-10.event,history.2026-02-10.price,history.2026-02-10.listingType,history.2026-02-10.listedDate,history.2026-02-10.removedDate,history.2026-02-10.daysOnMarket,history.2026-03-06.event,history.2026-03-06.price,history.2026-03-06.listingType,history.2026-03-06.listedDate,history.2026-03-06.removedDate,history.2026-03-06.daysOnMarket,history.2026-06-20.event,history.2026-06-20.price,history.2026-06-20.listingType,history.2026-06-20.listedDate,history.2026-06-20.removedDate,history.2026-06-20.daysOnMarket,history.2026-07-29.event,history.2026-07-29.price,history.2026-07-29.listingType,history.2026-07-29.listedDate,history.2026-07-29.removedDate,history.2026-07-29.daysOnMarket,history.2026-06-01.event,history.2026-06-01.price,history.2026-06-01.listingType,history.2026-06-01.listedDate,history.2026-06-01.removedDate,history.2026-06-01.daysOnMarket,history.2025-07-14.event,history.2025-07-14.price,history.2025-07-14.listingType,history.2025-07-14.listedDate,history.2025-07-14.removedDate,history.2025-07-14.daysOnMarket,history.2025-05-14.event,history.2025-05-14.price,history.2025-05-14.listingType,history.2025-05-14.listedDate,history.2025-05-14.removedDate,history.2025-05-14.daysOnMarket,history.2025-08-22.event,history.2025-08-22.price,history.2025-08-22.listingType,history.2025-08-22.listedDate,history.2025-08-22.removedDate,history.2025-08-22.daysOnMarket,history.2025-08-26.event,history.2025-08-26.price,history.2025-08-26.listingType,history.2025-08-26.listedDate,history.2025-08-26.removedDate,history.2025-08-26.daysOnMarket
"17515-Sandgate-Ct,-Land-O-Lakes,-FL-34638","17515 Sandgate Ct, Land O Lakes, FL 34638",17515 Sandgate Ct,,Land O Lakes,FL,12,34638,Pasco,101,28.205368,-82.525882,Single Family,3,3.0,2112.0,Active,2400,Standard,2026-09-14T00:00:00.000Z,,2020-03-14T03:32:32.613Z,2026-09-14T02:40:34.866Z,1,Pasco,Land O Lakes,Rental Listing,2550.0,Standard,2026-03-14T00:00:00.000Z,2026-03-15T00:00:00.000Z,1.0,Rental Listing,2550.0,Standard,2026-04-22T00:00:00.000Z,2026-04-23T00:00:00.000Z,1.0,Rental Listing,2550.0,Standard,2026-06-02T00:00:00.000Z,2026-06-03T00:00:00.000Z,1.0,Rental Listing,2400.0,Standard,2026-08-26T00:00:00.000Z,2026-08-27T00:00:00.000Z,1.0,Rental Listing,2400,Standard,2026-09-14T00:00:00.000Z,,1,,,,,,,,,,,,,,,,,,,,,,,,,,,,,,,,,,,,,,,,,,,,,,,,,,,,,,,,,,,,,,,,,,,,,,,,,,,,,,,,,,,,,,,,,,,,,,,,,,,,,,,,,,,,,,,,,,,,,,,,,,,,,,,,,,,,,,,,,,,,,,,,,,,,,,,,,,,,,,,,,,,,,,,,,,,,,,,,,,,,,,,,,,,,,,,,,,,,,,,,,,,,,,,,,,,,,,,,,,,,,,,,,,,,,,,,,,,,,,,,,,,,,,,,,,,,,,,,,,,,,,,,,,,,,,,,,,,,,,,,,,,,,,,,,,,,,,,,,,,,,,,,,,,,,,,,,,,,,,,,,,,,,,,,,,,,,,,,,,,,,,,,,,,,,,,,,,,,,,,,,,,,,,,,,,,,,,,,,,,,,,,,,,,,,,,,,,,,,,,,,,,,,,,,,,,,,,,,,,,,,,,,,,,,,,,,,,,,,,,,,,,,,,,,,,,,,,,,,,,,,,,,,,,,,,,,,,,,,,,,,,,,,,,,,,,,,,,,,,,,,,,,,,,,,,,,,,,,,,,
"18588-Hunters-Meadow-Walk,-Land-O-Lakes,-FL-34638","18588 Hunters Meadow Walk, Land O Lakes, FL 34638",18588 Hunters Meadow Walk,,Land O Lakes,FL,12,34638,Pasco,101,28.304242,-82.508984,Single Family,3,2.0,1753.0,Active,2275,Standard,2026-09-14T00:00:00.000Z,,2022-08-05T04:07:17.603Z,2026-09-14T02:40:34.863Z,1,Pasco,Land O Lakes,,,,,,,,,,,,,,,,,,,,,,,,,Rental Listing,2275,Standard,2026-09-14T00:00:00.000Z,,1,Rental Listing,2220.0,Standard,2024-12-18T00:00:00.000Z,2026-08-01T00:00:00.000Z,591.0,,,,,,,,,,,,,,,,,,,,,,,,,,,,,,,,,,,,,,,,,,,,,,,,,,,,,,,,,,,,,,,,,,,,,,,,,,,,,,,,,,,,,,,,,,,,,,,,,,,,,,,,,,,,,,,,,,,,,,,,,,,,,,,,,,,,,,,,,,,,,,,,,,,,,,,,,,,,,,,,,,,,,,,,,,,,,,,,,,,,,,,,,,,,,,,,,,,,,,,,,,,,,,,,,,,,,,,,,,,,,,,,,,,,,,,,,,,,,,,,,,,,,,,,,,,,,,,,,,,,,,,,,,,,,,,,,,,,,,,,,,,,,,,,,,,,,,,,,,,,,,,,,,,,,,,,,,,,,,,,,,,,,,,,,,,,,,,,,,,,,,,,,,,,,,,,,,,,,,,,,,,,,,,,,,,,,,,,,,,,,,,,,,,,,,,,,,,,,,,,,,,,,,,,,,,,,,,,,,,,,,,,,,,,,,,,,,,,,,,,,,,,,,,,,,,,,,,,,,,,,,,,,,,,,,,,,,,,,,,,,,,,,,,,,,,,,,,,,,,,,,,,,,,,,,,,,
"21027-Voyager-Blvd,-Apt-K8,-Land-O-Lakes,-FL-34638","21027 Voyager Blvd, Apt K8, Land O Lakes, FL 34638",21027 Voyager Blvd,Apt K8,Land O Lakes,FL,12,34638,Pasco,101,28.216344,-82.467837,Condo,2,1.0,800.0,Active,1299,Standard,2026-09-14T00:00:00.000Z,,2026-06-28T00:00:00.000Z,2026-09-14T02:40:34.828Z,1,Pasco,Land O Lakes,,,,,,,,,,,,,,,,,,,,,,,,,Rental Listing,1299,Standard,2026-09-14T00:00:00.000Z,,1,,,,,,,Rental Listing,1325.0,Standard,2026-07-21T00:00:00.000Z,2026-07-22T00:00:00.000Z,1.0,,,,,,,,,,,,,,,,,,,,,,,,,,,,,,,,,,,,,,,,,,,,,,,,,,,,,,,,,,,,,,,,,,,,,,,,,,,,,,,,,,,,,,,,,,,,,,,,,,,,,,,,,,,,,,,,,,,,,,,,,,,,,,,,,,,,,,,,,,,,,,,,,,,,,,,,,,,,,,,,,,,,,,,,,,,,,,,,,,,,,,,,,,,,,,,,,,,,,,,,,,,,,,,,,,,,,,,,,,,,,,,,,,,,,,,,,,,,,,,,,,,,,,,,,,,,,,,,,,,,,,,,,,,,,,,,,,,,,,,,,,,,,,,,,,,,,,,,,,,,,,,,,,,,,,,,,,,,,,,,,,,,,,,,,,,,,,,,,,,,,,,,,,,,,,,,,,,,,,,,,,,,,,,,,,,,,,,,,,,,,,,,,,,,,,,,,,,,,,,,,,,,,,,,,,,,,,,,,,,,,,,,,,,,,,,,,,,,,,,,,,,,,,,,,,,,,,,,,,,,,,,,,,,,,,,,,,,,,,,,,,,,,,,,,,,,,,,,,,,,,,,,,,,
"4215-Winding-River-Way,-Land-O-Lakes,-FL-34639","4215 Winding River Way, Land O Lakes, FL 34639",4215 Winding River Way,,Land O Lakes,FL,12,34639,Pasco,101,28.218003,-82.390341,Townhouse,2,2.5,1296.0,Active,1775,Standard,2026-09-14T00:00:00.000Z,,2026-09-03T00:00:00.000Z,2026-09-14T02:40:34.826Z,1,Pasco,Land O Lakes,,,,,,,,,,,,,,,,,,,,,,,,,Rental Listing,1775,Standard,2026-09-14T00:00:00.000Z,,1,,,,,,,,,,,,,,,,,,,,,,,,,,,,,,,,,,,,,,,,,,,,,,,,,,,,,,,,,,,,,,,,,,,,,,,,,,,,,,,,,,,,,,,,,,,,,,,,,,,,,,,,,,,,,,,,,,,,,,,,,,,,,,,,,,,,,,,,,,,,,,,,,,,,,,,,,,,,,,,,,,,,,,,,,,,,,,,,,,,,,,,,,,,,,,,,,,,,,,,,,,,,,,,,,,,,,,,,,,,,,,,,,,,,,,,,,,,,,,,,,,,,,,,,,,,,,,,,,,,,,,,,,,,,,,,,,,,,,,,,,,,,,,,,,,,,,,,,,,,,,,,,,,,,,,,,,,,,,,,,,,,,,,,,,,,,,,,,,,,,,,,,,,,,,,,,,,,,,,,,,,,,,,,,,,,,,,,,,,,,,,,,,,,,,,,,,,,,,,,,,,,,,,,,,,,,,,,,,,,,,,,,,,,,,,,,,,,,,,,,,,,,,,,,,,,,,,,,,,,,,,,,,,,,,,,,,,,,,,,,,,,,,,,,,,,,,,,,,,,,,,,,,,,,,,,,,,,,,,,
"4786-Ballantrae-Blvd,-Land-O-Lakes,-FL-34638","4786 Ballantrae Blvd, Land O Lakes, FL 34638",4786 Ballantrae Blvd,,Land O Lakes,FL,12,34638,Pasco,101,28.223013,-82.522079,Single Family,3,2.0,2101.0,Active,3000,Standard,2026-09-14T00:00:00.000Z,,2023-05-04T00:00:00.000Z,2026-09-14T02:40:31.127Z,1,Pasco,Land O Lakes,,,,,,,,,,,,,,,,,,,,,,,,,Rental Listing,3000,Standard,2026-09-14T00:00:00.000Z,,1,,,,,,,,,,,,,6534.0,2020.0,48.0,,,,,,,,,,,,,,,,,,,,,,,,,,,,,,,,,,,,,,,,,,,,,,,,,,,,,,,,,,,,,,,,,,,,,,,,,,,,,,,,,,,,,,,,,,,,,,,,,,,,,,,,,,,,,,,,,,,,,,,,,,,,,,,,,,,,,,,,,,,,,,,,,,,,,,,,,,,,,,,,,,,,,,,,,,,,,,,,,,,,,,,,,,,,,,,,,,,,,,,,,,,,,,,,,,,,,,,,,,,,,,,,,,,,,,,,,,,,,,,,,,,,,,,,,,,,,,,,,,,,,,,,,,,,,,,,,,,,,,,,,,,,,,,,,,,,,,,,,,,,,,,,,,,,,,,,,,,,,,,,,,,,,,,,,,,,,,,,,,,,,,,,,,,,,,,,,,,,,,,,,,,,,,,,,,,,,,,,,,,,,,,,,,,,,,,,,,,,,,,,,,,,,,,,,,,,,,,,,,,,,,,,,,,,,,,,,,,,,,,,,,,,,,,,,,,,,,,,,,,,,,,,,,,,,,,,,,,,,,,,,,,,,,,,,,,,,,,,,,,,,,,,
"20781-Monza-Loop,-Land-O-Lakes,-FL-34638","20781 Monza Loop, Land O Lakes, FL 34638",20781 Monza Loop,,Land O Lakes,FL,12,34638,Pasco,101,28.258096,-82.479214,Single Family,5,3.0,2615.0,Active,2999,Standard,2026-09-14T00:00:00.000Z,,2026-06-20T00:00:00.000Z,2026-09-14T02:40:31.122Z,1,Pasco,Land O Lakes,,,,,,,,,,,,,,,,,,,,,,,,,Rental Listing,2999,Standard,2026-09-14T00:00:00.000Z,,1,,,,,,,,,,,,,7841.0,2022.0,,Rental Listing,3150.0,Standard,2026-07-16T00:00:00.000Z,2026-07-25T00:00:00.000Z,9.0,,,,,,,,,,,,,,,,,,,,,,,,,,,,,,,,,,,,,,,,,,,,,,,,,,,,,,,,,,,,,,,,,,,,,,,,,,,,,,,,,,,,,,,,,,,,,,,,,,,,,,,,,,,,,,,,,,,,,,,,,,,,,,,,,,,,,,,,,,,,,,,,,,,,,,,,,,,,,,,,,,,,,,,,,,,,,,,,,,,,,,,,,,,,,,,,,,,,,,,,,,,,,,,,,,,,,,,,,,,,,,,,,,,,,,,,,,,,,,,,,,,,,,,,,,,,,,,,,,,,,,,,,,,,,,,,,,,,,,,,,,,,,,,,,,,,,,,,,,,,,,,,,,,,,,,,,,,,,,,,,,,,,,,,,,,,,,,,,,,,,,,,,,,,,,,,,,,,,,,,,,,,,,,,,,,,,,,,,,,,,,,,,,,,,,,,,,,,,,,,,,,,,,,,,,,,,,,,,,,,,,,,,,,,,,,,,,,,,,,,,,,,,,,,,,,,,,,,,,,,,,,,,,,,,,,,,,,,,,,,,,,,,,,,,,,,,,,,,,
"22721-Beltrees-Ct,-Land-O-Lakes,-FL-34639","22721 Beltrees Ct, Land O Lakes, FL 34639",22721 Beltrees Ct,,Land O Lakes,FL,12,34639,Pasco,101,28.225601,-82.440026,Single Family,3,2.0,2057.0,Active,2425,Standard,2026-09-14T00:00:00.000Z,,2022-08-05T04:07:17.610Z,2026-09-14T02:40:31.065Z,1,Pasco,Land O Lakes,,,,,,,,,,,,,,,,,,,,,,,,,Rental Listing,2425,Standard,2026-09-14T00:00:00.000Z,,1,,,,,,,,,,,,,,,,,,,,,,,,,,,,,,,,,,,,,,,,,,,,,,,,,,,,,,,,,,,,,,,,,,,,,,,,,,,,,,,,,,,,,,,,,,,,,,,,,,,,,,,,,,,,,,,,,,,,,,,,,,,,,,,,,,,,,,,,,,,,,,,,,,,,,,,,,,,,,,,,,,,,,,,,,,,,,,,,,,,,,,,,,,,,,,,,,,,,,,,,,,,,,,,,,,,,,,,,,,,,,,,,,,,,,,,,,,,,,,,,,,,,,,,,,,,,,,,,,,,,,,,,,,,,,,,,,,,,,,,,,,,,,,,,,,,,,,,,,,,,,,,,,,,,,,,,,,,,,,,,,,,,,,,,,,,,,,,,,,,,,,,,,,,,,,,,,,,,,,,,,,,,,,,,,,,,,,,,,,,,,,,,,,,,,,,,,,,,,,,,,,,,,,,,,,,,,,,,,,,,,,,,,,,,,,,,,,,,,,,,,,,,,,,,,,,,,,,,,,,,,,,,,,,,,,,,,,,,,,,,,,,,,,,,,,,,,,,,,,,,,,,,,,,,,,,,,,,,,,,
"23331-Key-Largo-Loop,-Land-O-Lakes,-FL-34639","23331 Key Largo Loop, Land O Lakes, FL 34639",23331 Key Largo Loop,,Land O Lakes,FL,12,34639,Pasco,101,28.204954,-82.429722,Single Family,4,3.0,3077.0,Active,3195,Standard,2026-09-14T00:00:00.000Z,,2020-02-14T23:27:50.027Z,2026-09-14T02:40:31.064Z,1,Pasco,Land O Lakes,,,,,,,,,,,,,,,,,,,,,,,,,Rental Listing,3195,Standard,2026-09-14T00:00:00.000Z,,1,,,,,,,,,,,,,,,,,,,,,,Rental Listing,3275.0,Standard,2025-08-15T00:00:00.000Z,2025-08-16T00:00:00.000Z,1.0,Rental Listing,3035.0,Standard,2025-09-23T00:00:00.000Z,2025-09-24T00:00:00.000Z,1.0,,,,,,,,,,,,,,,,,,,,,,,,,,,,,,,,,,,,,,,,,,,,,,,,,,,,,,,,,,,,,,,,,,,,,,,,,,,,,,,,,,,,,,,,,,,,,,,,,,,,,,,,,,,,,,,,,,,,,,,,,,,,,,,,,,,,,,,,,,,,,,,,,,,,,,,,,,,,,,,,,,,,,,,,,,,,,,,,,,,,,,,,,,,,,,,,,,,,,,,,,,,,,,,,,,,,,,,,,,,,,,,,,,,,,,,,,,,,,,,,,,,,,,,,,,,,,,,,,,,,,,,,,,,,,,,,,,,,,,,,,,,,,,,,,,,,,,,,,,,,,,,,,,,,,,,,,,,,,,,,,,,,,,,,,,,,,,,,,,,,,,,,,,,,,,,,,,,,,,,,,,,,,,,,,,,,,,,,,,,,,,,,,,,,,,,,,,,,,,,,,,,,,,,,,,,,,,,,,,,,,,,,,,,,,,,,,,,,,,,,,,,,,,,,,,,,,,,,,,,,,,,,,,,,,,,,,,,,,,,,,,,,,,
"17513-Stinchar-Dr,-Land-O-Lakes,-FL-34638","17513 Stinchar Dr, Land O Lakes, FL 34638",17513 Stinchar Dr,,Land O Lakes,FL,12,34638,Pasco,101,28.19951,-82.526166,Single Family,3,3.0,1768.0,Active,2245,Standard,2026-09-14T00:00:00.000Z,,2022-06-15T01:35:14.444Z,2026-09-14T02:40:31.063Z,1,Pasco,Land O Lakes,,,,,,,,,,,,,,,,,,,,,,,,,Rental Listing,2245,Standard,2026-09-14T00:00:00.000Z,,1,,,,,,,,,,,,,,,,,,,,,,,,,,,,,,,,,,Rental Listing,2145.0,Standard,2024-09-22T00:00:00.000Z,2024-09-23T00:00:00.000Z,1.0,Rental Listing,1995.0,Standard,2024-10-19T00:00:00.000Z,2024-10-20T00:00:00.000Z,1.0,Rental Listing,2045.0,Standard,2025-10-22T00:00:00.000Z,2025-10-23T00:00:00.000Z,1.0,,,,,,,,,,,,,,,,,,,,,,,,,,,,,,,,,,,,,,,,,,,,,,,,,,,,,,,,,,,,,,,,,,,,,,,,,,,,,,,,,,,,,,,,,,,,,,,,,,,,,,,,,,,,,,,,,,,,,,,,,,,,,,,,,,,,,,,,,,,,,,,,,,,,,,,,,,,,,,,,,,,,,,,,,,,,,,,,,,,,,,,,,,,,,,,,,,,,,,,,,,,,,,,,,,,,,,,,,,,,,,,,,,,,,,,,,,,,,,,,,,,,,,,,,,,,,,,,,,,,,,,,,,,,,,,,,,,,,,,,,,,,,,,,,,,,,,,,,,,,,,,,,,,,,,,,,,,,,,,,,,,,,,,,,,,,,,,,,,,,,,,,,,,,,,,,,,,,,,,,,,,,,,,,,,,,,,,,,,,,,,,,,,,,,,,,,,,,,,,,,,,,,,,,,,,,,,,,,,,,,,,,,,,,,,,,,,,,,,,,,,,,,,,,,,,,,,,,,,,,,,,,,,,,
"5801-Candytuft-Pl,-Land-O-Lakes,-FL-34639","5801 Candytuft Pl, Land O Lakes, FL 34639",5801 Candytuft Pl,,Land O Lakes,FL,12,34639,Pasco,101,28.241003,-82.445426,Single Family,4,3.0,2453.0,Active,2695,Standard,2026-09-14T00:00:00.000Z,,2020-08-02T15:31:10.580Z,2026-09-14T02:40:31.055Z,1,Pasco,Land O Lakes,,,,,,,,,,,,,,,,,,,,,,,,,Rental Listing,2695,Standard,2026-09-14T00:00:00.000Z,,1,,,,,,,,,,,,,,,,,,,,,,,,,,,,,,,,,,,,,,,,,,,,,,,,,,,,,,,,,,,,,,,,,,,,,,,,,,,,,,,,,,,,,,,,,,,,,,,,,,,,,,,,,,,,,,,,,,,,,,,,,,,,,,,,,,,,,,,,,,,,,,,,,,,,,,,,,,,,,,,,,,,,,,,,,,,,,,,,,,,,,,,,,,,,,,,,,,,,,,,,,,,,,,,,,,,,,,,,,,,,,,,,,,,,,,,,,,,,,,,,,,,,,,,,,,,,,,,,,,,,,,,,,,,,,,,,,,,,,,,,,,,,,,,,,,,,,,,,,,,,,,,,,,,,,,,,,,,,,,,,,,,,,,,,,,,,,,,,,,,,,,,,,,,,,,,,,,,,,,,,,,,,,,,,,,,,,,,,,,,,,,,,,,,,,,,,,,,,,,,,,,,,,,,,,,,,,,,,,,,,,,,,,,,,,,,,,,,,,,,,,,,,,,,,,,,,,,,,,,,,,,,,,,,,,,,,,,,,,,,,,,,,,,,,,,,,,,,,,,,,,,,,,,,,,,,,,,,,,,,
"4609-Braesgate-Ct,-Land-O-Lakes,-FL-34639","4609 Braesgate Ct, Land O Lakes, FL 34639",4609 Braesgate Ct,,Land O Lakes,FL,12,34639,Pasco,101,28.223996,-82.437005,Single Family,4,2.0,1940.0,Active,2510,Standard,2026-09-14T00:00:00.000Z,,2020-04-18T14:59:40.653Z,2026-09-14T02:40:31.048Z,1,Pasco,Land O Lakes,,,,,,,,,,,,,,,,,,,,,,,,,Rental Listing,2510,Standard,2026-09-14T00:00:00.000Z,,1,,,,,,,,,,,,,,,,,,,,,,,,,,,,,,,,,,,,,,,,,,,,,,,,,,,,,,,,,,,,,,,,,,,,,,,,,,,,,,,,,,,,,,,,,,,,,,,,,,,,,,,,,,,,,,,,,,,,,,,,,,,,,,,,,,,,,,,,,,,,,,,,,,,,,,,,,,,,,,,,,,,,,,,,,,,,,,,,,,,,,,,,,,,,,,,,,,,,,,,,,,,,,,,,,,,,,,,,,,,,,,,,,,,,,,,,,,,,,,,,,,,,,,,,,,,,,,,,,,,,,,,,,,,,,,,,,,,,,,,,,,,,,,,,,,,,,,,,,,,,,,,,,,,,,,,,,,,,,,,,,,,,,,,,,,,,,,,,,,,,,,,,,,,,,,,,,,,,,,,,,,,,,,,,,,,,,,,,,,,,,,,,,,,,,,,,,,,,,,,,,,,,,,,,,,,,,,,,,,,,,,,,,,,,,,,,,,,,,,,,,,,,,,,,,,,,,,,,,,,,,,,,,,,,,,,,,,,,,,,,,,,,,,,,,,,,,,,,,,,,,,,,,,,,,,,,,,,,,,,
"19408-Otters-Wick-Way,-Land-O-Lakes,-FL-34638","19408 Otters Wick Way, Land O Lakes, FL 34638",19408 Otters Wick Way,,Land O Lakes,FL,12,34638,Pasco,101,28.219469,-82.494875,Single Family,3,2.0,1598.0,Active,2190,Standard,2026-09-14T00:00:00.000Z,,2021-11-15T00:47:18.607Z,2026-09-14T02:40:31.030Z,1,Pasco,Land O Lakes,,,,,,,,,,,,,,,,,,,,,,,,,Rental Listing,2190,Standard,2026-09-14T00:00:00.000Z,,1,,,,,,,,,,,,,,,,,,,,,,,,,,,,,,,,,,,,,,,,,,,,,,,,,,,,Rental Listing,2070.0,Standard,2025-12-04T00:00:00.000Z,2025-12-05T00:00:00.000Z,1.0,,,,,,,,,,,,,,,,,,,,,,,,,,,,,,,,,,,,,,,,,,,,,,,,,,,,,,,,,,,,,,,,,,,,,,,,,,,,,,,,,,,,,,,,,,,,,,,,,,,,,,,,,,,,,,,,,,,,,,,,,,,,,,,,,,,,,,,,,,,,,,,,,,,,,,,,,,,,,,,,,,,,,,,,,,,,,,,,,,,,,,,,,,,,,,,,,,,,,,,,,,,,,,,,,,,,,,,,,,,,,,,,,,,,,,,,,,,,,,,,,,,,,,,,,,,,,,,,,,,,,,,,,,,,,,,,,,,,,,,,,,,,,,,,,,,,,,,,,,,,,,,,,,,,,,,,,,,,,,,,,,,,,,,,,,,,,,,,,,,,,,,,,,,,,,,,,,,,,,,,,,,,,,,,,,,,,,,,,,,,,,,,,,,,,,,,,,,,,,,,,,,,,,,,,,,,,,,,,,,,,,,,,,,,,,,,,,,,,,,,,,,,,,,,,,,,,,,,,,,,,,
"3207-Clover-Blossom-Cir,-Land-O-Lakes,-FL-34638","3207 Clover Blossom Cir, Land O Lakes, FL 34638",3207 Clover Blossom Cir,,Land O Lakes,FL,12,34638,Pasco,101,28.203549,-82.528144,Single Family,4,2.0,1990.0,Active,2600,Standard,2026-09-14T00:00:00.000Z,,2026-09-01T00:00:00.000Z,2026-09-14T02:40:31.029Z,1,Pasco,Land O Lakes,,,,,,,,,,,,,,,,,,,,,,,,,Rental Listing,2600,Standard,2026-09-14T00:00:00.000Z,,1,,,,,,,,,,,,,,,,,,,,,,,,,,,,,,,,,,,,,,,,,,,,,,,,,,,,,,,,,,,,,,,,,,,,,,,,,,,,,,,,,,,,,,,,,,,,,,,,,,,,,,,,,,,,,,,,,,,,,,,,,,,,,,,,,,,,,,,,,,,,,,,,,,,,,,,,,,,,,,,,,,,,,,,,,,,,,,,,,,,,,,,,,,,,,,,,,,,,,,,,,,,,,,,,,,,,,,,,,,,,,,,,,,,,,,,,,,,,,,,,,,,,,,,,,,,,,,,,,,,,,,,,,,,,,,,,,,,,,,,,,,,,,,,,,,,,,,,,,,,,,,,,,,,,,,,,,,,,,,,,,,,,,,,,,,,,,,,,,,,,,,,,,,,,,,,,,,,,,,,,,,,,,,,,,,,,,,,,,,,,,,,,,,,,,,,,,,,,,,,,,,,,,,,,,,,,,,,,,,,,,,,,,,,,,,,,,,,,,,,,,,,,,,,,,,,,,,,,,,,,,,,,,,,,,,,,,,,,,,,,,,,,,,,,,,,,,,,,,,,,,,,,,,,,,,,,,,,,,,,
"9253-Black-Thorn-Loop,-Land-O-Lakes,-FL-34638","9253 Black Thorn Loop, Land O Lakes, FL 34638",9253 Black Thorn Loop,,Land O Lakes,FL,12,34638,Pasco,101,28.292476,-82.495643,Single Family,4,2.0,1824.0,Active,2225,Standard,2026-09-14T00:00:00.000Z,,2021-02-05T00:37:37.882Z,2026-09-14T02:40:31.021Z,1,Pasco,Land O Lakes,,,,,,,,,,,,,,,,,,,,,,,,,Rental Listing,2225,Standard,2026-09-14T00:00:00.000Z,,1,,,,,,,,,,,,,,2005.0,,,,,,,,,,,,,,,,,,,,,,,,,,,,,,,,,,,,,,,,,,,,Rental Listing,2295.0,Standard,2026-08-10T00:00:00.000Z,2026-08-11T00:00:00.000Z,1.0,,,,,,,,,,,,,,,,,,,,,,,,,,,,,,,,,,,,,,,,,,,,,,,,,,,,,,,,,,,,,,,,,,,,,,,,,,,,,,,,,,,,,,,,,,,,,,,,,,,,,,,,,,,,,,,,,,,,,,,,,,,,,,,,,,,,,,,,,,,,,,,,,,,,,,,,,,,,,,,,,,,,,,,,,,,,,,,,,,,,,,,,,,,,,,,,,,,,,,,,,,,,,,,,,,,,,,,,,,,,,,,,,,,,,,,,,,,,,,,,,,,,,,,,,,,,,,,,,,,,,,,,,,,,,,,,,,,,,,,,,,,,,,,,,,,,,,,,,,,,,,,,,,,,,,,,,,,,,,,,,,,,,,,,,,,,,,,,,,,,,,,,,,,,,,,,,,,,,,,,,,,,,,,,,,,,,,,,,,,,,,,,,,,,,,,,,,,,,,,,,,,,,,,,,,,,,,,,,,,,,,,,,,,,,,,,,,,,,,,,,,,,,,,,,,,,,,,,
"5641-Sheer-Bliss-Loop,-Land-O-Lakes,-FL-34639","5641 Sheer Bliss Loop, Land O Lakes, FL 34639",5641 Sheer Bliss Loop,,Land O Lakes,FL,12,34639,Pasco,101,28.239608,-82.442033,Single Family,4,2.0,1938.0,Active,2325,Standard,2026-09-14T00:00:00.000Z,,2026-07-31T00:00:00.000Z,2026-09-14T02:40:31.019Z,1,Pasco,Land O Lakes,,,,,,,,,,,,,,,,,,,,,,,,,Rental Listing,2325,Standard,2026-09-14T00:00:00.000Z,,1,,,,,,,,,,,,,,,,,,,,,,,,,,,,,,,,,,,,,,,,,,,,,,,,,,,,,,,,,,,,,,,,,,,,,,,,,,,,,,,,,,,,,,,,,,,,,,,,,,,,,,,,,,,,,,,,,,,,,,,,,,,,,,,,,,,,,,,,,,,,,,,,,,,,,,,,,,,,,,,,,,,,,,,,,,,,,,,,,,,,,,,,,,,,,,,,,,,,,,,,,,,,,,,,,,,,,,,,,,,,,,,,,,,,,,,,,,,,,,,,,,,,,,,,,,,,,,,,,,,,,,,,,,,,,,,,,,,,,,,,,,,,,,,,,,,,,,,,,,,,,,,,,,,,,,,,,,,,,,,,,,,,,,,,,,,,,,,,,,,,,,,,,,,,,,,,,,,,,,,,,,,,,,,,,,,,,,,,,,,,,,,,,,,,,,,,,,,,,,,,,,,,,,,,,,,,,,,,,,,,,,,,,,,,,,,,,,,,,,,,,,,,,,,,,,,,,,,,,,,,,,,,,,,,,,,,,,,,,,,,,,,,,,,,,,,,,,,,,,,,,,,,,,,,,,,,,,,,,,,
"5845-Sweet-William-Ter,-Land-O-Lakes,-FL-34639","5845 Sweet William Ter, Land O Lakes, FL 34639",5845 Sweet William Ter,,Land O Lakes,FL,12,34639,Pasco,101,28.242667,-82.442022,Single Family,3,2.0,1840.0,Active,2270,Standard,2026-09-14T00:00:00.000Z,,2020-08-05T02:20:16.712Z,2026-09-14T02:40:31.014Z,1,Pasco,Land O Lakes,,,,,,,,,,,,,,,,,,,,,,,,,Rental Listing,2270,Standard,2026-09-14T00:00:00.000Z,,1,,,,,,,,,,,,,,,,,,,,,,,,,,,,,,,,,,,,,,,,,,,,,,,,,,,,,,,,,,,,,,,,,,,,,,,,,,,,,,,,,,,,,,,,,,,,,,,,,,,,,,,,,,,,,,,,,,,,,,,,,,,,,,,,,,,,,,,,,,,,,,,,,,,,,,,,,,,,,,,,,,,,,,,,,,,,,,,,,,,,,,,,,,,,,,,,,,,,,,,,,,,,,,,,,,,,,,,,,,,,,,,,,,,,,,,,,,,,,,,,,,,,,,,,,,,,,,,,,,,,,,,,,,,,,,,,,,,,,,,,,,,,,,,,,,,,,,,,,,,,,,,,,,,,,,,,,,,,,,,,,,,,,,,,,,,,,,,,,,,,,,,,,,,,,,,,,,,,,,,,,,,,,,,,,,,,,,,,,,,,,,,,,,,,,,,,,,,,,,,,,,,,,,,,,,,,,,,,,,,,,,,,,,,,,,,,,,,,,,,,,,,,,,,,,,,,,,,,,,,,,,,,,,,,,,,,,,,,,,,,,,,,,,,,,,,,,,,,,,,,,,,,,,,,,,,,,,,,,,,
"24439-Painter-Dr,-Land-O-Lakes,-FL-34639","24439 Painter Dr, Land O Lakes, FL 34639",24439 Painter Dr,,Land O Lakes,FL,12,34639,Pasco,101,28.191586,-82.411439,Single Family,3,2.0,1374.0,Active,2049,Standard,2026-09-14T00:00:00.000Z,,2026-08-29T00:00:00.000Z,2026-09-14T02:40:31.011Z,1,Pasco,Land O Lakes,,,,,,,,,,,,,,,,,,,,,,,,,Rental Listing,2049,Standard,2026-09-14T00:00:00.000Z,,1,,,,,,,,,,,,,,,,,,,,,,,,,,,,,,,,,,,,,,,,,,,,,,,,,,,,,,,,,,,,,,,,,,,,,,,,,,,,,,,,,,,,,,,,,,,,,,,,,,,,,,,,,,,,,,,,,,,,,,,,,,,,,,,,,,,,,,,,,,,,,,,,,,,,,,,,,,,,,,,,,,,,,,,,,,,,,,,,,,,,,,,,,,,,,,,,,,,,,,,,,,,,,,,,,,,,,,,,,,,,,,,,,,,,,,,,,,,,,,,,,,,,,,,,,,,,,,,,,,,,,,,,,,,,,,,,,,,,,,,,,,,,,,,,,,,,,,,,,,,,,,,,,,,,,,,,,,,,,,,,,,,,,,,,,,,,,,,,,,,,,,,,,,,,,,,,,,,,,,,,,,,,,,,,,,,,,,,,,,,,,,,,,,,,,,,,,,,,,,,,,,,,,,,,,,,,,,,,,,,,,,,,,,,,,,,,,,,,,,,,,,,,,,,,,,,,,,,,,,,,,,,,,,,,,,,,,,,,,,,,,,,,,,,,,,,,,,,,,,,,,,,,,,,,,,,,,,,,,,,
"22407-Bellini-Cir,-Land-O-Lakes,-FL-34639","22407 Bellini Cir, Land O Lakes, FL 34639",22407 Bellini Cir,,Land O Lakes,FL,12,34639,Pasco,101,28.215575,-82.444074,Single Family,4,3.0,2245.0,Active,2875,Standard,2026-09-14T00:00:00.000Z,,2026-08-13T00:00:00.000Z,2026-09-14T02:40:31.009Z,1,Pasco,Land O Lakes,,,,,,,,,,,,,,,,,,,,,,,,,Rental Listing,2875,Standard,2026-09-14T00:00:00.000Z,,1,,,,,,,,,,,,,,2022.0,,,,,,,,,,,,,,,,,,,,,,,,,,,,,,,,,,,,,,,,,,,,,,,,,,Rental Listing,2880.0,Standard,2026-09-07T00:00:00.000Z,2026-09-08T00:00:00.000Z,1.0,,,,,,,,,,,,,,,,,,,,,,,,,,,,,,,,,,,,,,,,,,,,,,,,,,,,,,,,,,,,,,,,,,,,,,,,,,,,,,,,,,,,,,,,,,,,,,,,,,,,,,,,,,,,,,,,,,,,,,,,,,,,,,,,,,,,,,,,,,,,,,,,,,,,,,,,,,,,,,,,,,,,,,,,,,,,,,,,,,,,,,,,,,,,,,,,,,,,,,,,,,,,,,,,,,,,,,,,,,,,,,,,,,,,,,,,,,,,,,,,,,,,,,,,,,,,,,,,,,,,,,,,,,,,,,,,,,,,,,,,,,,,,,,,,,,,,,,,,,,,,,,,,,,,,,,,,,,,,,,,,,,,,,,,,,,,,,,,,,,,,,,,,,,,,,,,,,,,,,,,,,,,,,,,,,,,,,,,,,,,,,,,,,,,,,,,,,,,,,,,,,,,,,,,,,,,,,,,,,,,,,,,,,,,,,,,,,,,,,,,,,,,,,,,,,
"18934-Randall-Pl,-Land-O-Lakes,-FL-34638","18934 Randall Pl, Land O Lakes, FL 34638",18934 Randall Pl,,Land O Lakes,FL,12,34638,Pasco,101,28.296631,-82.502448,Single Family,3,2.5,1545.0,Active,2025,Standard,2026-09-14T00:00:00.000Z,,2020-01-04T00:49:51.435Z,2026-09-14T02:40:31.006Z,1,Pasco,Land O Lakes,,,,,,,,,,,,,,,,,,,,,,,,,Rental Listing,2025,Standard,2026-09-14T00:00:00.000Z,,1,,,,,,,,,,,,,,2009.0,,,,,,,,,,,,,,,,,,,,,,,,,,,,,,,,,,,,,,,,,,,,,,,,,,,,,,,,Rental Listing,2085.0,Standard,2026-08-14T00:00:00.000Z,2026-08-15T00:00:00.000Z,1.0,,,,,,,,,,,,,,,,,,,,,,,,,,,,,,,,,,,,,,,,,,,,,,,,,,,,,,,,,,,,,,,,,,,,,,,,,,,,,,,,,,,,,,,,,,,,,,,,,,,,,,,,,,,,,,,,,,,,,,,,,,,,,,,,,,,,,,,,,,,,,,,,,,,,,,,,,,,,,,,,,,,,,,,,,,,,,,,,,,,,,,,,,,,,,,,,,,,,,,,,,,,,,,,,,,,,,,,,,,,,,,,,,,,,,,,,,,,,,,,,,,,,,,,,,,,,,,,,,,,,,,,,,,,,,,,,,,,,,,,,,,,,,,,,,,,,,,,,,,,,,,,,,,,,,,,,,,,,,,,,,,,,,,,,,,,,,,,,,,,,,,,,,,,,,,,,,,,,,,,,,,,,,,,,,,,,,,,,,,,,,,,,,,,,,,,,,,,,,,,,,,,,,,,,,,,,,,,,,,,,,,,,,,,,,,,,,,,,,,,,,,,,
"20219-Calla-Lily-Dr,-Land-O-Lakes,-FL-34638","20219 Calla Lily Dr, Land O Lakes, FL 34638",20219 Calla Lily Dr,,Land O Lakes,FL,12,34638,Pasco,101,28.212232,-82.480134,Single Family,4,2.5,2449.0,Active,2920,Standard,2026-09-14T00:00:00.000Z,,2026-07-03T00:00:00.000Z,2026-09-14T02:40:31.001Z,1,Pasco,Land O Lakes,,,,,,,,,,,,,,,,,,,,,,,,,Rental Listing,2920,Standard,2026-09-14T00:00:00.000Z,,1,,,,,,,,,,,,,,2022.0,,,,,,,,,,,,,,,,,,,,,,,,,,,,,,,,,,,,,,,,,,,,,,,,,,,,,,,,,,,,,,Rental Listing,2985.0,Standard,2026-07-22T00:00:00.000Z,2026-07-23T00:00:00.000Z,1.0,Rental Listing,2940.0,Standard,2026-09-06T00:00:00.000Z,2026-09-07T00:00:00.000Z,1.0,,,,,,,,,,,,,,,,,,,,,,,,,,,,,,,,,,,,,,,,,,,,,,,,,,,,,,,,,,,,,,,,,,,,,,,,,,,,,,,,,,,,,,,,,,,,,,,,,,,,,,,,,,,,,,,,,,,,,,,,,,,,,,,,,,,,,,,,,,,,,,,,,,,,,,,,,,,,,,,,,,,,,,,,,,,,,,,,,,,,,,,,,,,,,,,,,,,,,,,,,,,,,,,,,,,,,,,,,,,,,,,,,,,,,,,,,,,,,,,,,,,,,,,,,,,,,,,,,,,,,,,,,,,,,,,,,,,,,,,,,,,,,,,,,,,,,,,,,,,,,,,,,,,,,,,,,,,,,,,,,,,,,,,,,,,,,,,,,,,,,,,,,,,,,,,,,,,,,,,,,,,,,,,,,,,,,,,,,,,,,,,,,,,,,,,,,,,,,,,,,,,,,,,,,,,,,,,,,,,,,,,,,,,,,,,,
"19608-Timberbluff-Dr,-Land-O-Lakes,-FL-34638","19608 Timberbluff Dr, Land O Lakes, FL 34638",19608 Timberbluff Dr,,Land O Lakes,FL,12,34638,Pasco,101,28.290322,-82.499082,Single Family,5,3.0,2657.0,Active,2795,Standard,2026-09-14T00:00:00.000Z,,2023-07-19T00:00:00.000Z,2026-09-14T02:40:26.986Z,1,Pasco,Land O Lakes,,,,,,,,,,,,,,,,,,,,,,,,,Rental Listing,2795,Standard,2026-09-14T00:00:00.000Z,,1,,,,,,,,,,,,,,,,,,,,,,,,,,,,,,,,,,,,,,,,,,,,,,,,,,,,,,,,,,,,,,,,,,,,,,,,,,,,,,,,,,,,,,,,,,,,,,,,,,,,,,,,,,,,,,,,,,,,,,,,,,,,,,,,,,,,,,,,,,,,,,,,,,,,,,,,,,,,,,,,,,,,,,,,,,,,,,,,,,,,,,,,,,,,,,,,,,,,,,,,,,,,,,,,,,,,,,,,,,,,,,,,,,,,,,,,,,,,,,,,,,,,,,,,,,,,,,,,,,,,,,,,,,,,,,,,,,,,,,,,,,,,,,,,,,,,,,,,,,,,,,,,,,,,,,,,,,,,,,,,,,,,,,,,,,,,,,,,,,,,,,,,,,,,,,,,,,,,,,,,,,,,,,,,,,,,,,,,,,,,,,,,,,,,,,,,,,,,,,,,,,,,,,,,,,,,,,,,,,,,,,,,,,,,,,,,,,,,,,,,,,,,,,,,,,,,,,,,,,,,,,,,,,,,,,,,,,,,,,,,,,,,,,,,,,,,,,,,,,,,,,,,,,,,,,,,,,,,,,,
"20364-Calla-Lily-Dr,-Land-O-Lakes,-FL-34638","20364 Calla Lily Dr, Land O Lakes, FL 34638",20364 Calla Lily Dr,,Land O Lakes,FL,12,34638,Pasco,101,28.214141,-82.479837,Single Family,3,2.0,1700.0,Active,2625,Standard,2026-09-14T00:00:00.000Z,,2024-10-23T00:00:00.000Z,2026-09-14T02:40:26.951Z,1,Pasco,Land O Lakes,,,,,,,,,,,,,,,,,,,,,,,,,Rental Listing,2625,Standard,2026-09-14T00:00:00.000Z,,1,,,,,,,,,,,,,,2022.0,,,,,,,,,,,,,,,,,,,,,,,,,,,,,,,,,,,,,,,,,,,,,,,,,,,,,,,,,,,,,,,,,,,,,,,,,,Rental Listing,2490.0,Standard,2024-10-16T00:00:00.000Z,2024-10-25T00:00:00.000Z,9.0,,,,,,,,,,,,,,,,,,,,,,,,,,,,,,,,,,,,,,,,,,,,,,,,,,,,,,,,,,,,,,,,,,,,,,,,,,,,,,,,,,,,,,,,,,,,,,,,,,,,,,,,,,,,,,,,,,,,,,,,,,,,,,,,,,,,,,,,,,,,,,,,,,,,,,,,,,,,,,,,,,,,,,,,,,,,,,,,,,,,,,,,,,,,,,,,,,,,,,,,,,,,,,,,,,,,,,,,,,,,,,,,,,,,,,,,,,,,,,,,,,,,,,,,,,,,,,,,,,,,,,,,,,,,,,,,,,,,,,,,,,,,,,,,,,,,,,,,,,,,,,,,,,,,,,,,,,,,,,,,,,,,,,,,,,,,,,,,,,,,,,,,,,,,,,,,,,,,,,,,,,,,,,,,,,,,,,,,,,,,,,,,,,,,,,,,,,,,,,,,,,,,,,,,,,,,,,,,,,,,,,,,,,
"10503-Farm-Hill-Ave,-Land-O-Lakes,-FL-34638","10503 Farm Hill Ave, Land O Lakes, FL 34638",10503 Farm Hill Ave,,Land O Lakes,FL,12,34638,Pasco,101,28.309803,-82.52367,Single Family,4,3.0,2756.0,Active,3500,Standard,2026-09-14T00:00:00.000Z,,2025-06-03T00:00:00.000Z,2026-09-14T02:40:26.882Z,1,Pasco,Land O Lakes,,,,,,,,,,,,,,,,,,,,,,,,,Rental Listing,3500,Standard,2026-09-14T00:00:00.000Z,,1,,,,,,,,,,,,,6941.0,2025.0,,,,,,,,,,,,,,,,,,,,,,,,,,,,,,,,,,,,,,,,,,,,,,,,,,,,,,,,,,,,,,,,,,,,,,,,,,,,,,,,Rental Listing,3000.0,New Construction,2025-06-03T00:00:00.000Z,2025-07-25T00:00:00.000Z,52.0,Rental Listing,3500.0,Standard,2026-08-22T00:00:00.000Z,2026-08-23T00:00:00.000Z,1.0,,,,,,,,,,,,,,,,,,,,,,,,,,,,,,,,,,,,,,,,,,,,,,,,,,,,,,,,,,,,,,,,,,,,,,,,,,,,,,,,,,,,,,,,,,,,,,,,,,,,,,,,,,,,,,,,,,,,,,,,,,,,,,,,,,,,,,,,,,,,,,,,,,,,,,,,,,,,,,,,,,,,,,,,,,,,,,,,,,,,,,,,,,,,,,,,,,,,,,,,,,,,,,,,,,,,,,,,,,,,,,,,,,,,,,,,,,,,,,,,,,,,,,,,,,,,,,,,,,,,,,,,,,,,,,,,,,,,,,,,,,,,,,,,,,,,,,,,,,,,,,,,,,,,,,,,,,,,,,,,,,,,,,,,,,,,,,,,,,,,,,,,,,,,,,,,,,,,,,,,,,,,,,,,,,,,,,,,,,,,,,,,,,,,,,,,,,,,,,,,,,,,,,,,,,,,,,
"9808-Little-Bluestem-Dr,-Land-O-Lakes,-FL-34637","9808 Little Bluestem Dr, Land O Lakes, FL 34637",9808 Little Bluestem Dr,,Land O Lakes,FL,12,34637,Pasco,101,28.299948,-82.458086,Single Family,4,2.5,2334.0,Active,2695,Standard,2026-09-14T00:00:00.000Z,,2022-03-31T02:21:22.634Z,2026-09-14T02:40:26.836Z,1,Pasco,Land O Lakes,,,,,,,,,,,,,,,,,,,,,,,,,Rental Listing,2695,Standard,2026-09-14T00:00:00.000Z,,1,,,,,,,,,,,,,,,,,,,,,,,,,,,,,,,,,,,,,,,,,,,,,,,,,,,,,,,,,,,,,,,,,,,,,,,,,,,,,,,,,,,,,,,,,,,,,,,,,,,,,,,,,,Rental Listing,2645.0,Standard,2025-08-11T00:00:00.000Z,2025-08-12T00:00:00.000Z,1.0,Rental Listing,2549.0,Standard,2025-08-30T00:00:00.000Z,2025-08-31T00:00:00.000Z,1.0,,,,,,,,,,,,,,,,,,,,,,,,,,,,,,,,,,,,,,,,,,,,,,,,,,,,,,,,,,,,,,,,,,,,,,,,,,,,,,,,,,,,,,,,,,,,,,,,,,,,,,,,,,,,,,,,,,,,,,,,,,,,,,,,,,,,,,,,,,,,,,,,,,,,,,,,,,,,,,,,,,,,,,,,,,,,,,,,,,,,,,,,,,,,,,,,,,,,,,,,,,,,,,,,,,,,,,,,,,,,,,,,,,,,,,,,,,,,,,,,,,,,,,,,,,,,,,,,,,,,,,,,,,,,,,,,,,,,,,,,,,,,,,,,,,,,,,,,,,,,,,,,,,,,,,,,,,,,,,,,,,,,,,,,,,,,,,,,,,,,,,,,,,,,,,,,,,,,,,,,,,,,,,,,,,,,,,,,,,,,,,,,,,,,,,,,,,,,,,,,,,
"3807-Lockridge-Dr,-Land-O-Lakes,-FL-34638","3807 Lockridge Dr, Land O Lakes, FL 34638",3807 Lockridge Dr,,Land O Lakes,FL,12,34638,Pasco,101,28.21282,-82.492157,Single Family,4,2.0,1476.0,Active,2270,Standard,2026-09-14T00:00:00.000Z,,2020-12-12T01:03:52.072Z,2026-09-14T02:40:26.832Z,1,Pasco,Land O Lakes,,,,,,,,,,,,,,,,,,,,,,,,,Rental Listing,2270,Standard,2026-09-14T00:00:00.000Z,,1,,,,,,,,,,,,,,,,,,,,,,,,,,,,,,,,,,,,,,,,,,,,,,,,,,,,,,,,,,,,,,,,,,,,,,,,,,,,,,,,,,,,,,,,,,,,,,,,,,,,,,,,,,,,,,,,,,,,,,Rental Listing,2185.0,Standard,2024-09-09T00:00:00.000Z,2024-10-04T00:00:00.000Z,25.0,,,,,,,,,,,,,,,,,,,,,,,,,,,,,,,,,,,,,,,,,,,,,,,,,,,,,,,,,,,,,,,,,,,,,,,,,,,,,,,,,,,,,,,,,,,,,,,,,,,,,,,,,,,,,,,,,,,,,,,,,,,,,,,,,,,,,,,,,,,,,,,,,,,,,,,,,,,,,,,,,,,,,,,,,,,,,,,,,,,,,,,,,,,,,,,,,,,,,,,,,,,,,,,,,,,,,,,,,,,,,,,,,,,,,,,,,,,,,,,,,,,,,,,,,,,,,,,,,,,,,,,,,,,,,,,,,,,,,,,,,,,,,,,,,,,,,,,,,,,,,,,,,,,,,,,,,,,,,,,,,,,,,,,,,,,,,,,,,,,,,,,,,,,,,,,,,,,,,,,,,,,,,,,,,,,,,,,,,,,,,,,,,,,,,,,,,,,,
"1430-Maximilian-Dr,-Wesley-Chapel,-FL-33543","1430 Maximilian Dr, Wesley Chapel, FL 33543",1430 Maximilian Dr,,Wesley Chapel,FL,12,33543,Pasco,101,28.178011,-82.330814,Single Family,4,2.0,1690.0,Active,2510,Standard,2026-09-14T00:00:00.000Z,,2020-06-30T01:04:39.594Z,2026-09-14T02:40:34.869Z,1,Pasco,Wesley Chapel,,,,,,,,,,,,,,,,,,,,,,,,,Rental Listing,2510,Standard,2026-09-14T00:00:00.000Z,,1,,,,,,,,,,,,,5227.0,1995.0,,,,,,,,,,,,,,,,,,,,,,,,,,,,,,,,,,,,,,,,,,,,,,,,,,,,,,,,,,,,,,,,,,,,,,,,,,,,,,,,,,,,,,,,,,,,,,,,,,,,,,,,,,,,,,,,,,,,,,,,,,,,,,,,,,,,,,,,,,,,,,,,,,,,,,,,,,,,,,,,,,,,,,,,,,,,,,,,,,,,,,,,,,,,,,,,,,,,,,,,,,,,,,,,,,,,,,,,,,,,,,,,,,,,,,,,,,,,,,,,,,,,,,,,,,,,,,,,,,,,,,,,,,,,,,,,,,,,,,,,,,,,,,,,,,,,,,,,,,,,,,,,,,,,,,,,,,,,,,,,,,,,,,,,,,,,,,,,,,,,,,,,,,,,,,,,,,,,,,,,,,,,,,,,,,,,,,,,,,,,,,,,,,,,,,,,,,,,,,,,,,,,,,,,,,,,,,,,,,,,,,,,,,,,,,,,,,,,,,,,,,,,,,,,,,,,,,,,,,,,,,,,,,,,,,,,,,,,,,,,,,,,,,,,,,,,,,,,,,,,,,,,,
"7726-Bulls-Head-Dr,-Wesley-Chapel,-FL-33545","7726 Bulls Head Dr, Wesley Chapel, FL 33545",7726 Bulls Head Dr,,Wesley Chapel,FL,12,33545,Pasco,101,28.269927,-82.306525,Single Family,5,3.0,3393.0,Active,2705,Standard,2026-09-14T00:00:00.000Z,,2022-10-21T02:13:21.768Z,2026-09-14T02:40:34.862Z,1,Pasco,Wesley Chapel,,,,,,,,,,,,,,,,,,,,,,,,,Rental Listing,2705,Standard,2026-09-14T00:00:00.000Z,,1,,,,,,,,,,,,,,,,,,,,,,,,,,,,,,,,,,,,,,,,,,,,,,,,,,,,,,,,,,,,,,,,,,,,,,,,,,,,,,,,,,,,,,,,,,,,,,,,,,,,,,,,,,,,,,,,,,,,,,,,,,,,Rental Listing,3195.0,Standard,2025-01-22T00:00:00.000Z,2025-05-10T00:00:00.000Z,108.0,Rental Listing,4880.0,Standard,2026-04-24T00:00:00.000Z,2026-04-25T00:00:00.000Z,1.0,Rental Listing,2940.0,Standard,2026-08-04T00:00:00.000Z,2026-08-05T00:00:00.000Z,1.0,,,,,,,,,,,,,,,,,,,,,,,,,,,,,,,,,,,,,,,,,,,,,,,,,,,,,,,,,,,,,,,,,,,,,,,,,,,,,,,,,,,,,,,,,,,,,,,,,,,,,,,,,,,,,,,,,,,,,,,,,,,,,,,,,,,,,,,,,,,,,,,,,,,,,,,,,,,,,,,,,,,,,,,,,,,,,,,,,,,,,,,,,,,,,,,,,,,,,,,,,,,,,,,,,,,,,,,,,,,,,,,,,,,,,,,,,,,,,,,,,,,,,,,,,,,,,,,,,,,,,,,,,,,,,,,,,,,,,,,,,,,,,,,,,,,,,,,,,,,,,,,,,,,,,,,,,,,,,,,,,,,,,,,,,,,,,,,,,,,,,,,,,,,,,,,,,,,,,,,,,,,,,,,,,,,,,,,,,,
"32732-Yasmine-Loop,-Wesley-Chapel,-FL-33543","32732 Yasmine Loop, Wesley Chapel, FL 33543",32732 Yasmine Loop,,Wesley Chapel,FL,12,33543,Pasco,101,28.212615,-82.274784,Single Family,4,2.0,1950.0,Active,2400,Standard,2026-09-14T00:00:00.000Z,,2024-01-02T00:00:00.000Z,2026-09-14T02:40:34.856Z,1,Pasco,Wesley Chapel,,,,,,,,,,,,,,,,,,,,,,,,,Rental Listing,2400,Standard,2026-09-14T00:00:00.000Z,,1,,,,,,,,,,,,,8602.0,2010.0,,,,,,,,,,,,,,,,,,,,,,,,,,,,,,,,,,,,,,,,,,,,,,,,,,,,,,,,,,,,,,,,,,,,,,,,,,,,,,,,,,,,,,,,,,,,,,,,,,,,,,,,,,,,,,,,,,,,,,,,,,,,,,,,Rental Listing,2400.0,Standard,2026-08-29T00:00:00.000Z,2026-08-30T00:00:00.000Z,1.0,,,,,,,,,,,,,,,,,,,,,,,,,,,,,,,,,,,,,,,,,,,,,,,,,,,,,,,,,,,,,,,,,,,,,,,,,,,,,,,,,,,,,,,,,,,,,,,,,,,,,,,,,,,,,,,,,,,,,,,,,,,,,,,,,,,,,,,,,,,,,,,,,,,,,,,,,,,,,,,,,,,,,,,,,,,,,,,,,,,,,,,,,,,,,,,,,,,,,,,,,,,,,,,,,,,,,,,,,,,,,,,,,,,,,,,,,,,,,,,,,,,,,,,,,,,,,,,,,,,,,,,,,,,,,,,,,,,,,,,,,,,,,,,,,,,,,,,,,,,,,,,,,,,,,,,,,,,,,,,,,,,,,,,,,,,,,,,,,,,,,,,,,,,,,,,,,,,,,,,,,,,,,,,,,,,,
"1637-Maximilian-Dr,-Wesley-Chapel,-FL-33543","1637 Maximilian Dr, Wesley Chapel, FL 33543",1637 Maximilian Dr,,Wesley Chapel,FL,12,33543,Pasco,101,28.180707,-82.333187,Single Family,3,2.0,1850.0,Active,2500,Standard,2026-09-14T00:00:00.000Z,,2026-07-23T00:00:00.000Z,2026-09-14T02:40:34.854Z,1,Pasco,Wesley Chapel,,,,,,,,,,,,,,,,,,,,,,,,,Rental Listing,2500,Standard,2026-09-14T00:00:00.000Z,,1,,,,,,,,,,,,,,,,,,,,,,,,,,,,,,,,,,,,,,,,,,,,,,,,,,,,,,,,,,,,,,,,,,,,,,,,,,,,,,,,,,,,,,,,,,,,,,,,,,,,,,,,,,,,,,,,,,,,,,,,,,,,,,,,,,,,,,,,,,,,,,,,,,,,,,,,,,,,,,,,,,,,,,,,,,,,,,,,,,,,,,,,,,,,,,,,,,,,,,,,,,,,,,,,,,,,,,,,,,,,,,,,,,,,,,,,,,,,,,,,,,,,,,,,,,,,,,,,,,,,,,,,,,,,,,,,,,,,,,,,,,,,,,,,,,,,,,,,,,,,,,,,,,,,,,,,,,,,,,,,,,,,,,,,,,,,,,,,,,,,,,,,,,,,,,,,,,,,,,,,,,,,,,,,,,,,,,,,,,,,,,,,,,,,,,,,,,,,,,,,,,,,,,,,,,,,,,,,,,,,,,,,,,,,,,,,,,,,,,,,,,,,,,,,,,,,,,,,,,,,,,,,,,,,,,,,,,,,,,,,,,,,,,,,,,,,,,,,,,,,,,,,,,,,,,,,,,,,,,,
"3874-Fraccareta-Way,-Wesley-Chapel,-FL-33543","3874 Fraccareta Way, Wesley Chapel, FL 33543",3874 Fraccareta Way,,Wesley Chapel,FL,12,33543,Pasco,101,28.21316,-82.320847,Single Family,3,2.0,1976.0,Active,2749,Standard,2026-09-14T00:00:00.000Z,,2026-09-11T00:00:00.000Z,2026-09-14T02:40:34.852Z,1,Pasco,Wesley Chapel,,,,,,,,,,,,,,,,,,,,,,,,,Rental Listing,2749,Standard,2026-09-14T00:00:00.000Z,,1,,,,,,,,,,,,,,,,,,,,,,,,,,,,,,,,,,,,,,,,,,,,,,,,,,,,,,,,,,,,,,,,,,,,,,,,,,,,,,,,,,,,,,,,,,,,,,,,,,,,,,,,,,,,,,,,,,,,,,,,,,,,,,,,,,,,,,,,,,,,,,,,,,,,,,,,,,,,,,,,,,,,,,,,,,,,,,,,,,,,,,,,,,,,,,,,,,,,,,,,,,,,,,,,,,,,,,,,,,,,,,,,,,,,,,,,,,,,,,,,,,,,,,,,,,,,,,,,,,,,,,,,,,,,,,,,,,,,,,,,,,,,,,,,,,,,,,,,,,,,,,,,,,,,,,,,,,,,,,,,,,,,,,,,,,,,,,,,,,,,,,,,,,,,,,,,,,,,,,,,,,,,,,,,,,,,,,,,,,,,,,,,,,,,,,,,,,,,,,,,,,,,,,,,,,,,,,,,,,,,,,,,,,,,,,,,,,,,,,,,,,,,,,,,,,,,,,,,,,,,,,,,,,,,,,,,,,,,,,,,,,,,,,,,,,,,,,,,,,,,,,,,,,,,,,,,,,,,,,,
"4904-Cactus-Needle-Ln,-Wesley-Chapel,-FL-33544","4904 Cactus Needle Ln, Wesley Chapel, FL 33544",4904 Cactus Needle Ln,,Wesley Chapel,FL,12,33544,Pasco,101,28.228339,-82.361632,Townhouse,3,3.0,1686.0,Active,1925,Standard,2026-09-14T00:00:00.000Z,,2026-08-28T00:00:00.000Z,2026-09-14T02:40:34.848Z,1,Pasco,Wesley Chapel,,,,,,,,,,,,,,,,,,,,,,,,,Rental Listing,1925,Standard,2026-09-14T00:00:00.000Z,,1,,,,,,,,,,,,,,,,,,,,,,,,,,,,,,,,,,,,,,,,,,,,,,,,,,,,,,,,,,,,,,,,,,,,,,,,,,,,,,,,,,,,,,,,,,,,,,,,,,,,,,,,,,,,,,,,,,,,,,,,,,,,,,,,,,,,,,,,,,,,,,,,,,,,,,,,,,,,,,,,,,,,,,,,,,,,,,,,,,,,,,,,,,,,,,,,,,,,,,,,,,,,,,,,,,,,,,,,,,,,,,,,,,,,,,,,,,,,,,,,,,,,,,,,,,,,,,,,,,,,,,,,,,,,,,,,,,,,,,,,,,,,,,,,,,,,,,,,,,,,,,,,,,,,,,,,,,,,,,,,,,,,,,,,,,,,,,,,,,,,,,,,,,,,,,,,,,,,,,,,,,,,,,,,,,,,,,,,,,,,,,,,,,,,,,,,,,,,,,,,,,,,,,,,,,,,,,,,,,,,,,,,,,,,,,,,,,,,,,,,,,,,,,,,,,,,,,,,,,,,,,,,,,,,,,,,,,,,,,,,,,,,,,,,,,,,,,,,,,,,,,,,,,,,,,,,,,,,,,,
"30134-Rattana-Ct,-Wesley-Chapel,-FL-33545","30134 Rattana Ct, Wesley Chapel, FL 33545",30134 Rattana Ct,,Wesley Chapel,FL,12,33545,Pasco,101,28.250765,-82.3173,Single Family,3,2.0,1580.0,Active,1990,Standard,2026-09-14T00:00:00.000Z,,2019-11-04T14:17:11.568Z,2026-09-14T02:40:34.847Z,1,Pasco,Wesley Chapel,,,,,,,,,,,,,,,,,,,,,,,,,Rental Listing,1990,Standard,2026-09-14T00:00:00.000Z,,1,,,,,,,,,,,,,4000.0,2005.0,,,,,,,,,,,,,,,,,,,,,,,,,,,,,,,,,,,,,,,,,,,,,,,,,,,,,,,,,,,,,,,,,,,,,,,,,,,,,,,,,,,,,,,,,,,,,,,,,,,,,,,,,,,,,,,,,,,,,,,,,,,,,,,,,,,,,,,,,,,,,,,,,,,,,,,,,,,,,,,,,,,,,,,,,,,,,,,,,,,,,,,,,,,,,,,,,,,,,,,,,,,,,,,,,,,,,,,,,,,,,,,,,,,,,,,,,,,,,,,,,,,,,,,,,,,,,,,,,,,,,,,,,,,,,,,,,,,,,,,,,,,,,,,,,,,,,,,,,,,,,,,,,,,,,,,,,,,,,,,,,,,,,,,,,,,,,,,,,,,,,,,,,,,,,,,,,,,,,,,,,,,,,,,,,,,,,,,,,,,,,,,,,,,,,,,,,,,,,,,,,,,,,,,,,,,,,,,,,,,,,,,,,,,,,,,,,,,,,,,,,,,,,,,,,,,,,,,,,,,,,,,,,,,,,,,,,,,,,,,,,,,,,,,,,,,,,,,,,,,,,,,,,
"26641-Sea-Hero-Cir,-Wesley-Chapel,-FL-33544","26641 Sea Hero Cir, Wesley Chapel, FL 33544",26641 Sea Hero Cir,,Wesley Chapel,FL,12,33544,Pasco,101,28.238378,-82.375095,Single Family,4,2.0,1936.0,Active,2455,Standard,2026-09-14T00:00:00.000Z,,2019-12-19T06:40:20.454Z,2026-09-14T02:40:34.847Z,1,Pasco,Wesley Chapel,,,,,,,,,,,,,,,,,,,,,,,,,Rental Listing,2455,Standard,2026-09-14T00:00:00.000Z,,1,,,,,,,,,,,,,,,,,,,,,,,,,,,,,,,,,,,,,,,,,,,,,,,,,,,,,,,,,,,,,,,,,,,,,,,,,,,,,,,,,,,,,,,,,,,,,,,,,,,,,,,,,,,,,,,,,,,,,,,,,,,,,,,,,,,,,,,,,,,,,,,,,,,,,,,,,,,,,,,,,,,,,,,,,,,,,,,,,,,,,,,,,,,,,,,,,,,,,,,,,,,,,,,,,,,,,,,,,,,,,,,,,,,,,,,,,,,,,,,,,,,,,,,,,,,,,,,,,,,,,,,,,,,,,,,,,,,,,,,,,,,,,,,,,,,,,,,,,,,,,,,,,,,,,,,,,,,,,,,,,,,,,,,,,,,,,,,,,,,,,,,,,,,,,,,,,,,,,,,,,,,,,,,,,,,,,,,,,,,,,,,,,,,,,,,,,,,,,,,,,,,,,,,,,,,,,,,,,,,,,,,,,,,,,,,,,,,,,,,,,,,,,,,,,,,,,,,,,,,,,,,,,,,,,,,,,,,,,,,,,,,,,,,,,,,,,,,,,,,,,,,,,,,,,,,,,,,,,,,
"6047-White-Sails-Dr,-Wesley-Chapel,-FL-33545","6047 White Sails Dr, Wesley Chapel, FL 33545",6047 White Sails Dr,,Wesley Chapel,FL,12,33545,Pasco,101,28.245269,-82.341959,Single Family,3,2.0,1112.0,Active,2050,Standard,2026-09-14T00:00:00.000Z,,2019-04-15T03:18:48.776Z,2026-09-14T02:40:34.844Z,1,Pasco,Wesley Chapel,,,,,,,,,,,,,,,,,,,,,,,,,Rental Listing,2050,Standard,2026-09-14T00:00:00.000Z,,1,,,,,,,,,,,,,3654.0,2002.0,,,,,,,,,,,,,,,,,,,,,,,,,,,,,,,,,,,,,,,,,,,,,,,,,,,,,,,,,,,,,,,,,,,,,,,,,,,,,,,,,,,,,,,,,,,,,,,,,,,,,,,,,,,,,,,,,,,,,,,,,,,,,,,,,,,,,,Rental Listing,1795.0,Standard,2025-04-29T00:00:00.000Z,2025-08-16T00:00:00.000Z,109.0,,,,,,,,,,,,,,,,,,,,,,,,,,,,,,,,,,,,,,,,,,,,,,,,,,,,,,,,,,,,,,,,,,,,,,,,,,,,,,,,,,,,,,,,,,,,,,,,,,,,,,,,,,,,,,,,,,,,,,,,,,,,,,,,,,,,,,,,,,,,,,,,,,,,,,,,,,,,,,,,,,,,,,,,,,,,,,,,,,,,,,,,,,,,,,,,,,,,,,,,,,,,,,,,,,,,,,,,,,,,,,,,,,,,,,,,,,,,,,,,,,,,,,,,,,,,,,,,,,,,,,,,,,,,,,,,,,,,,,,,,,,,,,,,,,,,,,,,,,,,,,,,,,,,,,,,,,,,,,,,,,,,,,,,,,,,,,,,,,,,,,,,,,,,,,,,,,,,,,,,,,,,,,
"3922-Washburn-Pl,-Wesley-Chapel,-FL-33543","3922 Washburn Pl, Wesley Chapel, FL 33543",3922 Washburn Pl,,Wesley Chapel,FL,12,33543,Pasco,101,28.214104,-82.30303,Single Family,3,2.0,1622.0,Active,2099,Standard,2026-09-14T00:00:00.000Z,,2022-12-09T00:03:51.634Z,2026-09-14T02:40:31.131Z,1,Pasco,Wesley Chapel,,,,,,,,,,,,,,,,,,,,,,,,,Rental Listing,2099,Standard,2026-09-14T00:00:00.000Z,,1,,,,,,,,,,,,,5500.0,2006.0,,,,,,,,,,,,,,,,,,,,,,,,,,,,,,,,,,,,,,,,,,,,,,,,,,,,,,,,,,,,,,,,,,,,,,,,,,,,,,,,,,,,,,,,,,,,,,,,,,,,,,,,,,,,,,,,,,,,,,,,,,Rental Listing,2200.0,Standard,2026-08-04T00:00:00.000Z,2026-08-05T00:00:00.000Z,1.0,,,,,,,,,,,,,,,,,,,,,,,,,,,,,,,,,,,,,,,,,,,,,,,,,,,,,,,,,,,,,,,,,,,,,,,,,,,,,,,,,,,,,,,,,,,,,,,,,,,,,,,,,,,,,,,,,,,,,,,,,,,,,,,,,,,,,,,,,,,,,,,,,,,,,,,,,,,,,,,,,,,,,,,,,,,,,,,,,,,,,,,,,,,,,,,,,,,,,,,,,,,,,,,,,,,,,,,,,,,,,,,,,,,,,,,,,,,,,,,,,,,,,,,,,,,,,,,,,,,,,,,,,,,,,,,,,,,,,,,,,,,,,,,,,,,,,,,,,,,,,,,,,,,,,,,,,,,,,,,,,,,,,,,,,,,,,,,,,,,,,,,,,,,,,,,,,,,,,,,,,,,,,,,,,,,,,,,,,,
"1122-Nashville-Dr,-Wesley-Chapel,-FL-33544","1122 Nashville Dr, Wesley Chapel, FL 33544",1122 Nashville Dr,,Wesley Chapel,FL,12,33544,Pasco,101,28.173533,-82.385582,Single Family,4,3.5,2634.0,Active,3095,Standard,2026-09-14T00:00:00.000Z,,2023-09-11T00:00:00.000Z,2026-09-14T02:40:31.131Z,1,Pasco,Wesley Chapel,,,,,,,,,,,,,,,,,,,,,,,,,Rental Listing,3095,Standard,2026-09-14T00:00:00.000Z,,1,,,,,,,,,,,,,,,,,,,,,,,,,,,,,,,,,,,,,,,,,,,,,,,,,,,,,,,,,,,,,,,,,,,,,,,,,,,,,,,,,,,,,,,,,,,,,,,,,,,,,,,,,,,,,,,,,,,,,,,,,,,,,,,,,,,,,,,,,,,,,,,,,,,,,,,,,,Rental Listing,3095.0,Standard,2026-03-25T00:00:00.000Z,2026-03-26T00:00:00.000Z,1.0,,,,,,,,,,,,,,,,,,,,,,,,,,,,,,,,,,,,,,,,,,,,,,,,,,,,,,,,,,,,,,,,,,,,,,,,,,,,,,,,,,,,,,,,,,,,,,,,,,,,,,,,,,,,,,,,,,,,,,,,,,,,,,,,,,,,,,,,,,,,,,,,,,,,,,,,,,,,,,,,,,,,,,,,,,,,,,,,,,,,,,,,,,,,,,,,,,,,,,,,,,,,,,,,,,,,,,,,,,,,,,,,,,,,,,,,,,,,,,,,,,,,,,,,,,,,,,,,,,,,,,,,,,,,,,,,,,,,,,,,,,,,,,,,,,,,,,,,,,,,,,,,,,,,,,,,,,,,,,,,,,,,,,,,,,,,,,,,,,,,,,,,,,,,,,,,,,,,,,,,
"31825-Lily-Arbor-Way,-Wesley-Chapel,-FL-33545","31825 Lily Arbor Way, Wesley Chapel, FL 33545",31825 Lily Arbor Way,,Wesley Chapel,FL,12,33545,Pasco,101,28.27873,-82.290042,Single Family,4,2.0,2155.0,Active,2600,Standard,2026-09-14T00:00:00.000Z,,2024-07-02T00:00:00.000Z,2026-09-14T02:40:31.128Z,1,Pasco,Wesley Chapel,,,,,,,,,,,,,,,,,,,,,,,,,Rental Listing,2600,Standard,2026-09-14T00:00:00.000Z,,1,,,,,,,,,,,,,6100.0,2022.0,,,,,,,,,,,,,,,,,,,,,,,,,,,,,,,,,,,,,,,,,,,,,,,,,,,,,,,,,,,,,,,,,,,,,,,,,,,,,,,,,,,,,,,,,,,,,,,,,,,,,,,,,,,,,,,,,,,,,,,,,,,,,,,,,,,,,,,,,,,,,,,,,,Rental Listing,2545.0,Standard,2025-04-04T00:00:00.000Z,2025-04-05T00:00:00.000Z,1.0,Rental Listing,2600.0,Standard,2026-04-21T00:00:00.000Z,2026-04-22T00:00:00.000Z,1.0,Rental Listing,2600.0,Standard,2026-05-19T00:00:00.000Z,2026-05-20T00:00:00.000Z,1.0,Rental Listing,2600.0,Standard,2026-06-04T00:00:00.000Z,2026-06-05T00:00:00.000Z,1.0,Rental Listing,2600.0,Standard,2026-06-26T00:00:00.000Z,2026-06-27T00:00:00.000Z,1.0,,,,,,,,,,,,,,,,,,,,,,,,,,,,,,,,,,,,,,,,,,,,,,,,,,,,,,,,,,,,,,,,,,,,,,,,,,,,,,,,,,,,,,,,,,,,,,,,,,,,,,,,,,,,,,,,,,,,,,,,,,,,,,,,,,,,,,,,,,,,,,,,,,,,,,,,,,,,,,,,,,,,,,,,,,,,,,,,,,,,,,,,,,,,,,,,,,,,,,,,,,,,,,,,,,,,,,,,,,,,,,,,,,,,,,,,,,,,,,,,,,,,,,,,,,,,,,,,,,,,,,,,,,,,,,,,,,,,,,,,,,,,,,,,,,,,,,,,,,,,,,,,,,,,,,,,,,,,,,,,,,,,,,,,,,
"4944-Cactus-Needle-Ln,-Wesley-Chapel,-FL-33544","4944 Cactus Needle Ln, Wesley Chapel, FL 33544",4944 Cactus Needle Ln,,Wesley Chapel,FL,12,33544,Pasco,101,28.229334,-82.360881,Townhouse,3,2.5,1534.0,Active,1825,Standard,2026-09-14T00:00:00.000Z,,2026-08-09T00:00:00.000Z,2026-09-14T02:40:31.120Z,1,Pasco,Wesley Chapel,,,,,,,,,,,,,,,,,,,,,,,,,Rental Listing,1825,Standard,2026-09-14T00:00:00.000Z,,1,,,,,,,,,,,,,,,,,,,,,,,,,,,,,,,,,,,,,,,,,,,,,,,,,,,,,,,,,,,,,,,,,,,,,,,,,,,,,,,,,,,,,,,,,,,,,,,,,,,,,,,,,,,,,,,,,,,,,,,,,,,,,,,,,,,,,,,,,,,,,,,,,,,,,,,,,,,,,,,,,,,,,,,,,,,,,,,,,,,,,,,,,,,,,,,,,,,,,,,,,,,,,,,,,,,,,,,,,,,,,,,,,,,,,,,,,,,,,,,,,,,,,,,,,,,,,,,,,,,,,,,,,,,,,,,,,,,,,,,,,,,,,,,,,,,,,,,,,,,,,,,,,,,,,,,,,,,,,,,,,,,,,,,,,,,,,,,,,,,,,,,,,,,,,,,,,,,,,,,,,,,,,,,,,,,,,,,,,,,,,,,,,,,,,,,,,,,,,,,,,,,,,,,,,,,,,,,,,,,,,,,,,,,,,,,,,,,,,,,,,,,,,,,,,,,,,,,,,,,,,,,,,,,,,,,,,,,,,,,,,,,,,,,,,,,,,,,,,,,,,,,,,,,,,,,,,,,,,,,
"4645-Butler-National-Dr,-Wesley-Chapel,-FL-33543","4645 Butler National Dr, Wesley Chapel, FL 33543",4645 Butler National Dr,,Wesley Chapel,FL,12,33543,Pasco,101,28.224724,-82.31769,Single Family,3,3.0,2507.0,Active,2900,Standard,2026-09-14T00:00:00.000Z,,2025-08-14T00:00:00.000Z,2026-09-14T02:40:31.110Z,1,Pasco,Wesley Chapel,,,,,,,,,,,,,,,,,,,,,,,,,Rental Listing,2900,Standard,2026-09-14T00:00:00.000Z,,1,,,,,,,,,,,,,3775.0,2017.0,,,,,,,,,,,,,,,,,,,,,,,,,,,,,,,,,,,,,,,,,,,,,,,,,,,,,,,,,,,,,,,,,,,,,,,,,,,,,,,,,,,,,,,,,,,,,,,,,,,,,,,,,,,,,,,,,,,,,,,,,,,,,,,,,,,,,,,,,,,,,,,,,,,,,,,,,,,,,,,,,,,,,,,,,,,,,,,,Rental Listing,3000.0,Standard,2025-08-13T00:00:00.000Z,2025-08-29T00:00:00.000Z,16.0,,,,,,,,,,,,,,,,,,,,,,,,,,,,,,,,,,,,,,,,,,,,,,,,,,,,,,,,,,,,,,,,,,,,,,,,,,,,,,,,,,,,,,,,,,,,,,,,,,,,,,,,,,,,,,,,,,,,,,,,,,,,,,,,,,,,,,,,,,,,,,,,,,,,,,,,,,,,,,,,,,,,,,,,,,,,,,,,,,,,,,,,,,,,,,,,,,,,,,,,,,,,,,,,,,,,,,,,,,,,,,,,,,,,,,,,,,,,,,,,,,,,,,,,,,,,,,,,,,,,,,,,,,,,,,,,,,,,,,,,,,,,,,,,,,,,,,,,,,,,,,,,,,,,,,,,,,,,,,,,,,,,
"34010-Sorrel-Mint-Dr,-Wesley-Chapel,-FL-33543","34010 Sorrel Mint Dr, Wesley Chapel, FL 33543",34010 Sorrel Mint Dr,,Wesley Chapel,FL,12,33543,Pasco,101,28.19895,-82.25259,Single Family,4,2.0,1498.0,Active,2095,Standard,2026-09-14T00:00:00.000Z,,2021-07-10T00:40:50.834Z,2026-09-14T02:40:31.106Z,1,Pasco,Wesley Chapel,,,,,,,,,,,,,,,,,,,,,,,,,Rental Listing,2095,Standard,2026-09-14T00:00:00.000Z,,1,,,,,,,,,,,,,,,,,,,,,,,,,,,,,,,,,,,,,,,,,,,,,,,,,,,,,,,,,,,,,,,,,,,,,,,,,,,,,,,,,,,,,,,,,,,,,,,,,,,,,,,,,,,,,,,,,,,,,,,,,,,,,,,,,,,,,,,,,,,,,,,,,,,,,,,,,,,,,,,,,,,,,,,,,,,,,,,,,,,,,,,,,,,,,,,,,,,,,,,,,,,,,,,,,,,,,,,,,,,,,,,,,,,,,,,,,,,,,,,,,,,,,,,,,,,,,,,,,,,,,,,,,,,,,,,,,,,,,,,,,,,,,,,,,,,,,,,,,,,,,,,,,,,,,,,,,,,,,,,,,,,,,,,,,,,,,,,,,,,,,,,,,,,,,,,,,,,,,,,,,,,,,,,,,,,,,,,,,,,,,,,,,,,,,,,,,,,,,,,,,,,,,,,,,,,,,,,,,,,,,,,,,,,,,,,,,,,,,,,,,,,,,,,,,,,,,,,,,,,,,,,,,,,,,,,,,,,,,,,,,,,,,,,,,,,,,,,,,,,,,,,,,,,,,,,,,,,,,,,
"34335-Lodge-Dr,-Wesley-Chapel,-FL-33543","34335 Lodge Dr, Wesley Chapel, FL 33543",34335 Lodge Dr,,Wesley Chapel,FL,12,33543,Pasco,101,28.201079,-82.248291,Single Family,3,2.0,1456.0,Active,1750,Standard,2026-09-14T00:00:00.000Z,,2024-04-09T00:00:00.000Z,2026-09-14T02:40:31.106Z,1,Pasco,Wesley Chapel,,,,,,,,,,,,,,,,,,,,,,,,,Rental Listing,1750,Standard,2026-09-14T00:00:00.000Z,,1,,,,,,,,,,,,,,,,,,,,,,,,,,,,,,,,,,,,,,,,,,,,,,,,,,,,,,,,,,,,,,,,,,,,,,,,,,,,,,,,,,,,,,,,,,,,,,,,,,,,,,,,,,,,,,,,,,,,,,,,,,,,,,,,,,,,,,,,,,,,,,,,,,,,,,,,,,,,,,,,,,,,,,,,,,,,,,,,,,,,,,,,,,,,,,,,,,,,,,,,,,,,,,,,,,,,,,,,,,,,,,,,,,,,,,,,,,,,,,,,,,,,,,,,,,,,,,,,,,,,,,,,,,,,,,,,,,,,,,,,,,,,,,,,,,,,,,,,,,,,,,,,,,,,,,,,,,,,,,,,,,,,,,,,,,,,,,,,,,,,,,,,,,,,,,,,,,,,,,,,,,,,,,,,,,,,,,,,,,,,,,,,,,,,,,,,,,,,,,,,,,,,,,,,,,,,,,,,,,,,,,,,,,,,,,,,,,,,,,,,,,,,,,,,,,,,,,,,,,,,,,,,,,,,,,,,,,,,,,,,,,,,,,,,,,,,,,,,,,,,,,,,,,,,,,,,,,,,,,,
"32510-Harmony-Oaks-Dr,-Wesley-Chapel,-FL-33545","32510 Harmony Oaks Dr, Wesley Chapel, FL 33545",32510 Harmony Oaks Dr,,Wesley Chapel,FL,12,33545,Pasco,101,28.229868,-82.278178,Single Family,4,2.0,2161.0,Active,2649,Standard,2026-09-14T00:00:00.000Z,,2021-07-21T01:20:30.798Z,2026-09-14T02:40:31.065Z,1,Pasco,Wesley Chapel,,,,,,,,,,,,,,,,,,,,,,,,,Rental Listing,2649,Standard,2026-09-14T00:00:00.000Z,,1,,,,,,,,,,,,,,,,,,,,,,,,,,,,,,,,,,,,,,,,,,,,,,,,,,,,,,,,,,,,,,,,,,,,,,,,,,,,,,,,,,,,,,,,,,,,,,,,,,,,,,,,,,,,,,,,,,,,,,,,,,,,,,,,,,,,,,,,,,,,,,,,,,,,,,,,,,,,,,,,,,,,,,,,,,,,,,,,,,,,,,,,,,,,,,,,,,,,,,,,,,,,,,,,,,,,,,,,,,,,,,,,,,,,,,,,,,,,,,,,,,,,,,,,,,,,,,,,,,,,,,,,,,,,,,,,,,,,,,,,,,,,,,,,,,,,,,,,,,,,,,,,,,,,,,,,,,,,,,,,,,,,,,,,,,,,,,,,,,,,,,,,,,,,,,,,,,,,,,,,,,,,,,,,,,,,,,,,,,,,,,,,,,,,,,,,,,,,,,,,,,,,,,,,,,,,,,,,,,,,,,,,,,,,,,,,,,,,,,,,,,,,,,,,,,,,,,,,,,,,,,,,,,,,,,,,,,,,,,,,,,,,,,,,,,,,,,,,,,,,,,,,,,,,,,,,,,,,,,,
"29242-Birds-Eye-Dr,-Wesley-Chapel,-FL-33543","29242 Birds Eye Dr, Wesley Chapel, FL 33543",29242 Birds Eye Dr,,Wesley Chapel,FL,12,33543,Pasco,101,28.17718,-82.332414,Single Family,3,2.0,1810.0,Active,2245,Standard,2026-09-14T00:00:00.000Z,,2023-06-06T00:00:00.000Z,2026-09-14T02:40:31.061Z,1,Pasco,Wesley Chapel,,,,,,,,,,,,,,,,,,,,,,,,,Rental Listing,2245,Standard,2026-09-14T00:00:00.000Z,,1,,,,,,,,,,,,,,,,,,,,,,,,,,,,,,,,,,,,,,,,,,,,,,,,,,,,,,,,,,,,,,,,,,,,,,,,,,,,,,,,,,,,,,,,,,,,,,,,,,,,,,,,,,,,,,,,,,,,,,,,,,,,,,,,,,,,,,,,,,,,,,,,,,,,,,,,,,,,,,,,,,,,,,,,,,,,,,,,,,,,,,,,,,,,,,,,,,,,Rental Listing,2030.0,Standard,2024-09-26T00:00:00.000Z,2024-09-27T00:00:00.000Z,1.0,Rental Listing,1999.0,Standard,2024-09-30T00:00:00.000Z,2024-10-01T00:00:00.000Z,1.0,,,,,,,,,,,,,,,,,,,,,,,,,,,,,,,,,,,,,,,,,,,,,,,,,,,,,,,,,,,,,,,,,,,,,,,,,,,,,,,,,,,,,,,,,,,,,,,,,,,,,,,,,,,,,,,,,,,,,,,,,,,,,,,,,,,,,,,,,,,,,,,,,,,,,,,,,,,,,,,,,,,,,,,,,,,,,,,,,,,,,,,,,,,,,,,,,,,,,,,,,,,,,,,,,,,,,,,,,,,,,,,,,,,,,,,,,,,,,,,,,,,,,,,,,,,,,,,,,,,,,,,,,,,,,,,,,,,,,,,,,,,,,,,,,,,,,,,,,,,,,,,,,,,,,,,,
"31123-Masena-Dr,-Wesley-Chapel,-FL-33545","31123 Masena Dr, Wesley Chapel, FL 33545",31123 Masena Dr,,Wesley Chapel,FL,12,33545,Pasco,101,28.256613,-82.301318,Single Family,3,2.0,1300.0,Active,2200,Standard,2026-09-14T00:00:00.000Z,,2026-08-20T00:00:00.000Z,2026-09-14T02:40:31.058Z,1,Pasco,Wesley Chapel,,,,,,,,,,,,,,,,,,,,,,,,,Rental Listing,2200,Standard,2026-09-14T00:00:00.000Z,,1,,,,,,,,,,,,,,,,,,,,,,,,,,,,,,,,,,,,,,,,,,,,,,,,,,,,,,,,,,,,,,,,,,,,,,,,,,,,,,,,,,,,,,,,,,,,,,,,,,,,,,,,,,,,,,,,,,,,,,,,,,,,,,,,,,,,,,,,,,,,,,,,,,,,,,,,,,,,,,,,,,,,,,,,,,,,,,,,,,,,,,,,,,,,,,,,,,,,,,,,,,,,,,,,,,,,,,,,,,,,,,,,,,,,,,,,,,,,,,,,,,,,,,,,,,,,,,,,,,,,,,,,,,,,,,,,,,,,,,,,,,,,,,,,,,,,,,,,,,,,,,,,,,,,,,,,,,,,,,,,,,,,,,,,,,,,,,,,,,,,,,,,,,,,,,,,,,,,,,,,,,,,,,,,,,,,,,,,,,,,,,,,,,,,,,,,,,,,,,,,,,,,,,,,,,,,,,,,,,,,,,,,,,,,,,,,,,,,,,,,,,,,,,,,,,,,,,,,,,,,,,,,,,,,,,,,,,,,,,,,,,,,,,,,,,,,,,,,,,,,,,,,,,,,,,,,,,,,,,,
"5626-War-Admiral-Dr,-Wesley-Chapel,-FL-33544","5626 War Admiral Dr, Wesley Chapel, FL 33544",5626 War Admiral Dr,,Wesley Chapel,FL,12,33544,Pasco,101,28.238307,-82.388,Single Family,3,2.0,1505.0,Active,2045,Standard,2026-09-14T00:00:00.000Z,,2025-06-08T00:00:00.000Z,2026-09-14T02:40:31.054Z,1,Pasco,Wesley Chapel,,,,,,,,,,,,,,,,,,,,,,,,,Rental Listing,2045,Standard,2026-09-14T00:00:00.000Z,,1,,,,,,,,,,,,,,,,,,,,,,,,,,,,,,,,,,,,,,,,,,,,,,,,,,,,,,,,,,,,,,,,,,,,,,,,,,,,,,,,,,,,,,,,,,,,,,,,,,,,,,,,,,,,,,,,,,,,,,,,,,,,,,,,,,,,,,,,,,,,,,,,,,,,,,,,,,,,,,,,,,,,,,,,,,,,,,,,,,,,,,,,,,,,,,,,,,,,,,,,,,,,,,,,Rental Listing,1895.0,Standard,2025-09-26T00:00:00.000Z,2025-09-27T00:00:00.000Z,1.0,,,,,,,,,,,,,,,,,,,,,,,,,,,,,,,,,,,,,,,,,,,,,,,,,,,,,,,,,,,,,,,,,,,,,,,,,,,,,,,,,,,,,,,,,,,,,,,,,,,,,,,,,,,,,,,,,,,,,,,,,,,,,,,,,,,,,,,,,,,,,,,,,,,,,,,,,,,,,,,,,,,,,,,,,,,,,,,,,,,,,,,,,,,,,,,,,,,,,,,,,,,,,,,,,,,,,,,,,,,,,,,,,,,,,,,,,,,,,,,,,,,,,,,,,,,,,,,,,,,,,,,,,,,,,,,,,,,,,,,,,,,,,,,,,,,,,,,,,,,,,,,,,,
"26903-Stillbrook-Dr,-Wesley-Chapel,-FL-33544","26903 Stillbrook Dr, Wesley Chapel, FL 33544",26903 Stillbrook Dr,,Wesley Chapel,FL,12,33544,Pasco,101,28.20966,-82.37157,Single Family,3,2.5,1871.0,Active,2215,Standard,2026-09-14T00:00:00.000Z,,2020-04-29T02:05:33.873Z,2026-09-14T02:40:31.030Z,1,Pasco,Wesley Chapel,,,,,,,,,,,,,,,,,,,,,,,,,Rental Listing,2215,Standard,2026-09-14T00:00:00.000Z,,1,,,,,,,,,,,,,,,,,,,,,,,,,,,,,,,,,,,,,,,,,,,,,,,,,,,,,,,,,,,,,,,,,,,,,,,,,,,,,,,,,,,,,,,,,,,,,,,,,,,,,,,,,,,,,,,,,,,,,,,,,,,,,,,,,,,,,,,,,,,,,,,,,,,,,,,,,,,,,,,,,,,,,,,,,,,,,,,,,,,,,,,,,,,,,,,,,,,,,,,,,,,,,,,,,,,,,,Rental Listing,2390.0,Standard,2025-06-09T00:00:00.000Z,2025-06-10T00:00:00.000Z,1.0,Rental Listing,2330.0,Standard,2025-12-25T00:00:00.000Z,2025-12-26T00:00:00.000Z,1.0,Rental Listing,2270.0,Standard,2026-08-30T00:00:00.000Z,2026-08-31T00:00:00.000Z,1.0,,,,,,,,,,,,,,,,,,,,,,,,,,,,,,,,,,,,,,,,,,,,,,,,,,,,,,,,,,,,,,,,,,,,,,,,,,,,,,,,,,,,,,,,,,,,,,,,,,,,,,,,,,,,,,,,,,,,,,,,,,,,,,,,,,,,,,,,,,,,,,,,,,,,,,,,,,,,,,,,,,,,,,,,,,,,,,,,,,,,,,,,,,,,,,,,,,,,,,,,,,,,,,,,,,,,,,,,,,,,,,,,,,,,,,,,,,,,,,,,,,,,,,,,,,,,,,,,,,,,,,,,,,,,,,,,,,,,,,,,,,,,,,,,
"30126-Rattana-Ct,-Wesley-Chapel,-FL-33545","30126 Rattana Ct, Wesley Chapel, FL 33545",30126 Rattana Ct,,Wesley Chapel,FL,12,33545,Pasco,101,28.250733,-82.317572,Single Family,4,2.5,1891.0,Active,2125,Standard,2026-09-14T00:00:00.000Z,,2020-02-14T23:27:50.028Z,2026-09-14T02:40:31.027Z,1,Pasco,Wesley Chapel,,,,,,,,,,,,,,,,,,,,,,,,,Rental Listing,2125,Standard,2026-09-14T00:00:00.000Z,,1,,,,,,,,,,,,,,2005.0,,,,,,,,,,,,,,,,,,,,,,,,,,,,,,,,,,,,,,,,,,,,,,,,,,,,,,,,,,,,,,,,,,,,,,,,,,,,,,,,,,,,,,,,,,,,,,,,,,,,,,,,,,,,,,,,,,,,,,,,,,,,,,,,,,,,,,,,,,,,,,,,,,,,,,,,,,,,,,,,,,,,,,,,,,,,,,,,,,,,,,,,,,,,,,,,,,,,,,,,,,,,,,,,,,,,Rental Listing,2125.0,Standard,2026-08-30T00:00:00.000Z,2026-08-31T00:00:00.000Z,1.0,Rental Listing,2240.0,Standard,2026-06-03T00:00:00.000Z,2026-06-04T00:00:00.000Z,1.0,Rental Listing,2240.0,Standard,2026-06-08T00:00:00.000Z,2026-06-09T00:00:00.000Z,1.0,Rental Listing,2260.0,Standard,2026-06-14T00:00:00.000Z,2026-06-15T00:00:00.000Z,1.0,Rental Listing,2125.0,Standard,2026-09-08T00:00:00.000Z,2026-09-09T00:00:00.000Z,1.0,,,,,,,,,,,,,,,,,,,,,,,,,,,,,,,,,,,,,,,,,,,,,,,,,,,,,,,,,,,,,,,,,,,,,,,,,,,,,,,,,,,,,,,,,,,,,,,,,,,,,,,,,,,,,,,,,,,,,,,,,,,,,,,,,,,,,,,,,,,,,,,,,,,,,,,,,,,,,,,,,,,,,,,,,,,,,,,,,,,,,,,,,,,,,,,,,,,,,,,,,,,,,,,,,,,,,,,,,,,,,,,,,,,,,,,,,,,,,,,,,,,,,,,,,,,,,,,,,,,,,,,,
"30450-Birdhouse-Dr,-Wesley-Chapel,-FL-33545","30450 Birdhouse Dr, Wesley Chapel, FL 33545",30450 Birdhouse Dr,,Wesley Chapel,FL,12,33545,Pasco,101,28.247103,-82.311991,Single Family,4,2.5,1944.0,Active,2699,Standard,2026-09-14T00:00:00.000Z,,2021-12-23T00:43:52.162Z,2026-09-14T02:40:31.017Z,1,Pasco,Wesley Chapel,,,,,,,,,,,,,,,,,,,,,,,,,Rental Listing,2699,Standard,2026-09-14T00:00:00.000Z,,1,,,,,,,,,,,,,,,,,,,,,,,,,,,,,,,,,,,,,,,,,,,,,,,,,,,,,,,,,,,,,,,,,,,,,,,,,,,,,,,,,,,,,,,,,,,,,,,,,,,,,,,,,,,,,,,,,,,,,,,,,,,,,,,,,,,,,,,,,,,,,,,,,,,,,,,,,,,,,,,,,,,,,,,,,,,,,,,,,,,,,,,,,,,,,,,,,,,,,,,,,,,,,,,,,,,,,,,,,,,,,,,,,,,,,,,,,,,,,,,,,,,,,,,,,,,,,,,,,,,,,,,,,,,,,,,,,,,,,,,,,,,,,,,,,,,,,,,,,,,,,,,,,,,,,,,,,,,,,,,,,,,,,,,,,,,,,,,,,,,,,,,,,,,,,,,,,,,,,,,,,,,,,,,,,,,,,,,,,,,,,,,,,,,,,,,,,,,,,,,,,,,,,,,,,,,,,,,,,,,,,,,,,,,,,,,,,,,,,,,,,,,,,,,,,,,,,,,,,,,,,,,,,,,,,,,,,,,,,,,,,,,,,,,,,,,,,,,,,,,,,,,,,,,,,,,,,,,,,,,
"26702-Middleground-Loop,-Wesley-Chapel,-FL-33544","26702 Middleground Loop, Wesley Chapel, FL 33544",26702 Middleground Loop,,Wesley Chapel,FL,12,33544,Pasco,101,28.236936,-82.374585,Single Family,3,2.0,1870.0,Active,2500,Standard,2026-09-14T00:00:00.000Z,,2024-07-24T00:00:00.000Z,2026-09-14T02:40:31.017Z,1,Pasco,Wesley Chapel,,,,,,,,,,,,,,,,,,,,,,,,,Rental Listing,2500,Standard,2026-09-14T00:00:00.000Z,,1,,,,,,,,,,,,,5607.0,1999.0,,,,,,,,,,,,,,,,,,,,,,,,,,,,,,,,,,,,,,,,,,,,,,,,,,,,,,,,,,,,,,,,,,,,,,,,,,,,,,,,,,,,,,,,,,,,,,,,,,,,,,,,,,,,,,,,,,,,,,,,,,,,,,,,,,,,,,,,,,,,,,,,,,,,,,,,,,,,,,,,,,,,,,,,,,,,,,,,,,,,,,,,,,,,,,,,,,,,,,,,,,,,,,,,,,,,,,,,,,,,,,,,,,,,,,,,,,,,,,,,,,Rental Listing,2300.0,Standard,2024-10-01T00:00:00.000Z,2024-10-25T00:00:00.000Z,24.0,,,,,,,,,,,,,,,,,,,,,,,,,,,,,,,,,,,,,,,,,,,,,,,,,,,,,,,,,,,,,,,,,,,,,,,,,,,,,,,,,,,,,,,,,,,,,,,,,,,,,,,,,,,,,,,,,,,,,,,,,,,,,,,,,,,,,,,,,,,,,,,,,,,,,,,,,,,,,,,,,,,,,,,,,,,,,,,,,,,,,,,,,,,,,,,,,,,,,,,,,,,,,,,,,,,,,,,,,,,,,,,,,,,,,,,,,,,,,,,,,,,,,,,,,,,,,,,,,,
"1150-Helmsdale-Dr,-Wesley-Chapel,-FL-33543","1150 Helmsdale Dr, Wesley Chapel, FL 33543",1150 Helmsdale Dr,,Wesley Chapel,FL,12,33543,Pasco,101,28.173953,-82.310743,Single Family,3,3.0,2888.0,Active,2995,Standard,2026-09-14T00:00:00.000Z,,2023-06-06T00:00:00.000Z,2026-09-14T02:40:31.002Z,1,Pasco,Wesley Chapel,,,,,,,,,,,,,,,,,,,,,,,,,Rental Listing,2995,Standard,2026-09-14T00:00:00.000Z,,1,,,,,,,,,,,,,,,,,,,,,,,,,,,,,,,,,,,,,,,,,,,,,,,,,,,,,,,,,,,,,,,,,,,,,,,,,,,,,,,,,,,,,,,,,,,,,,,,,,,,,,,,,,,,,,,,,,,,,,,,,,,,,,,,,,,,,,,,,,,,,,,,,,,,,,,,,,,,,,,,,,,,,,,,,,,,,,,,,,,,,,,,,,,,,,,,,,,,,,,,,,,,,,,,,,,,,,,,,,,,,,,,,,,,,,,,,,,,,,,,,,,,,,,,,,,,,,,,,,,,,,Rental Listing,3220.0,Standard,2025-06-04T00:00:00.000Z,2025-06-05T00:00:00.000Z,1.0,,,,,,,,,,,,,,,,,,,,,,,,,,,,,,,,,,,,,,,,,,,,,,,,,,,,,,,,,,,,,,,,,,,,,,,,,,,,,,,,,,,,,,,,,,,,,,,,,,,,,,,,,,,,,,,,,,,,,,,,,,,,,,,,,,,,,,,,,,,,,,,,,,,,,,,,,,,,,,,,,,,,,,,,,,,,,,,,,,,,,,,,,,,,,,,,,,,,,,,,,,,,,,,,,,,,,,,,,,,,,,,,,,,,,,,,,,,,,,,,,,,,,,,,,,,,
"5111-Amulet-Dr,-New-Port-Richey,-FL-34652","5111 Amulet Dr, New Port Richey, FL 34652",5111 Amulet Dr,,New Port Richey,FL,12,34652,Pasco,101,28.233437,-82.733905,Condo,2,2.0,1088.0,Active,1350,Standard,2026-09-14T00:00:00.000Z,,2026-08-28T00:00:00.000Z,2026-09-14T02:40:34.860Z,1,Pasco,New Port Richey,,,,,,,,,,,,,,,,,,,,,,,,,Rental Listing,1350,Standard,2026-09-14T00:00:00.000Z,,1,,,,,,,,,,,,,,,,,,,,,,,,,,,,,,,,,,,,,,,,,,,,,,,,,,,,,,,,,,,,,,,,,,,,,,,,,,,,,,,,,,,,,,,,,,,,,,,,,,,,,,,,,,,,,,,,,,,,,,,,,,,,,,,,,,,,,,,,,,,,,,,,,,,,,,,,,,,,,,,,,,,,,,,,,,,,,,,,,,,,,,,,,,,,,,,,,,,,,,,,,,,,,,,,,,,,,,,,,,,,,,,,,,,,,,,,,,,,,,,,,,,,,,,,,,,,,,,,,,,,,,,,,,,,,,,,,,,,,,,,,,,,,,,,,,,,,,,,,,,,,,,,,,,,,,,,,,,,,,,,,,,,,,,,,,,,,,,,,,,,,,,,,,,,,,,,,,,,,,,,,,,,,,,,,,,,,,,,,,,,,,,,,,,,,,,,,,,,,,,,,,,,,,,,,,,,,,,,,,,,,,,,,,,,,,,,,,,,,,,,,,,,,,,,,,,,,,,,,,,,,,,,,,,,,,,,,,,,,,,,,,,,,,,,,,,,,,,,,,,,,,,,,,,,,,,,,,,,,,,
"12159-Colony-Lakes-Blvd,-New-Port-Richey,-FL-34654","12159 Colony Lakes Blvd, New Port Richey, FL 34654",12159 Colony Lakes Blvd,,New Port Richey,FL,12,34654,Pasco,101,28.333761,-82.61759,Single Family,4,2.0,1968.0,Active,2420,Standard,2026-09-14T00:00:00.000Z,,2019-04-29T11:05:19.680Z,2026-09-14T02:40:34.849Z,1,Pasco,New Port Richey,,,,,,,,,,,,,,,,,,,,,,,,,Rental Listing,2420,Standard,2026-09-14T00:00:00.000Z,,1,,,,,,,,,,,,,,,,,,,,,,,,,,,,,,,,,,,,,,,,,,,,,,,,,,,,,,,,,,,,,,,,,,,,,,,,,,,,,,,,,,,,,,,,,,,,,,,,,,,,,,,,,,,,,,,,,,,,,,,,,,,,,,,,,,,,,,,,,,,,,,,,,,,,,,,,,,,,,,,,,,,,,,,,,,,,,,,,,,,,,,,,,,,,,,,,,,,,,,,,,,,,,,,,,,,,,,,,,,,,,,,,,,,,,,,,,,,,,,,,,,,,,,,,,,,,,,,,,,,,,,,,,,,,,,,,,,,,,,,,,,,,,,,,,,,,,,,,,,,,,,,,,,,,,,,,,,,,,,,,,,,,,,,,,,,,,,,,,,,,,,,,,,,,,,,,,,,,,,,,,,,,,,,,,,,,,,,,,,,,,,,,,,,,,,,,,,,,,,,,,,,,,,,,,,,,,,,,,,,,,,,,,,,,,,,,,,,,,,,,,,,,,,,,,,,,,,,,,,,,,,,,,,,,,,,,,,,,,,,,,,,,,,,,,,,,,,,,,,,,,,,,,,,,,,,,,,,,,,,
"4609-Audrey-Ln,-New-Port-Richey,-FL-34652","4609 Audrey Ln, New Port Richey, FL 34652",4609 Audrey Ln,,New Port Richey,FL,12,34652,Pasco,101,28.225121,-82.726913,Apartment,2,1.0,750.0,Active,1350,Standard,2026-09-14T00:00:00.000Z,,2025-10-29T00:00:00.000Z,2026-09-14T02:40:34.846Z,1,Pasco,New Port Richey,,,,,,,,,,,,,,,,,,,,,,,,,Rental Listing,1350,Standard,2026-09-14T00:00:00.000Z,,1,,,,,,,,,,,,,,,,,,,,,,,,,,,,,,,,,,,,,,,,,,,,,,,,,,,,,,,,,,,,,,,,,,,,,,,,,,,,,,,,,,,,,,,,,,,,,,,,,,,,,,,,,,,,,,,,,,,,,,,,,,,,,,,,,,,,,,,,,,,,,,,,,,,,,,,,,,,,,,,,,,,,,,,,,,,,,,,,,,,,,,,,,,,,,,,,,,,,,,,,,,,,,,,,,,,,,,,,,,,,,,,,,,,,,,,,,,,,,,,,,,,,,,,,,,,,,,,,,,,,,,,,,,,,Rental Listing,1295.0,Standard,2026-01-16T00:00:00.000Z,2026-01-17T00:00:00.000Z,1.0,,,,,,,,,,,,,,,,,,,,,,,,,,,,,,,,,,,,,,,,,,,,,,,,,,,,,,,,,,,,,,,,,,,,,,,,,,,,,,,,,,,,,,,,,,,,,,,,,,,,,,,,,,,,,,,,,,,,,,,,,,,,,,,,,,,,,,,,,,,,,,,,,,,,,,,,,,,,,,,,,,,,,,,,,,,,,,,,,,,,,,,,,,,,,,,,,,,,,,,,,,,,,,,,,,,,,,,,,,,,,,,,,,,,,,,,,,,,,,,,,,,,,,
"5443-Beach-St,-New-Port-Richey,-FL-34652","5443 Beach St, New Port Richey, FL 34652",5443 Beach St,,New Port Richey,FL,12,34652,Pasco,101,28.238647,-82.71696,Apartment,2,1.0,850.0,Active,1395,Standard,2026-09-14T00:00:00.000Z,,2025-09-10T00:00:00.000Z,2026-09-14T02:40:34.843Z,1,Pasco,New Port Richey,,,,,,,,,,,,,,,,,,,,,,,,,Rental Listing,1395,Standard,2026-09-14T00:00:00.000Z,,1,,,,,,,,,,,,,,,,,,,,,,,,,,,,,,,,,,,,,,,,,,,,,,,,,,,,,,,,,,Rental Listing,1395.0,Standard,2026-08-10T00:00:00.000Z,2026-08-11T00:00:00.000Z,1.0,,,,,,,,,,,,,,,,,,,,,,,,,,,,,,,,,,,,,,,,,,,,,,,,,,,,,,,,,,,,,,,,,,,,,,,,,,,,,,,,,,,,,,,,,,,,,,,,,,,,,,,,,,,,,,,,,,,,,,,,,,,,,,,,,,,,,,,,,,,,,,,,,,,,,,,,,,,,,,,,,,,,,,,,,,,,,,,,,,,,,,,,,,,,,,,,,,,,,,,,,,,,,,,,,,,Rental Listing,1250.0,Standard,2025-10-08T00:00:00.000Z,2025-10-09T00:00:00.000Z,1.0,,,,,,,,,,,,,,,,,,,,,,,,,,,,,,,,,,,,,,,,,,,,,,,,,,,,,,,,,,,,,,,,,,,,,,,,,,,,,,,,,,,,,,,,,,,,,,,,,,,,,,,,,,,,,,,,,,,,,,,,,,,,,,,,,,,,,,,,,,,,,,,,,,,,,,,,,,,,,,,,,,,,,,,,,,,,,,,,,,,,,,,,,,,,,,,,,,,,,,,,,,,,,,,,,,,,,,,,,,,,,,,,,,,,,,,,,,,,,,,,
"9135-Maynard-Ave,-New-Port-Richey,-FL-34654","9135 Maynard Ave, New Port Richey, FL 34654",9135 Maynard Ave,,New Port Richey,FL,12,34654,Pasco,101,28.282229,-82.663675,Single Family,2,1.0,846.0,Active,1495,Standard,2026-09-14T00:00:00.000Z,,2023-10-24T00:00:00.000Z,2026-09-14T02:40:34.834Z,1,Pasco,New Port Richey,,,,,,,,,,,,,,,,,,,,,,,,,Rental Listing,1495,Standard,2026-09-14T00:00:00.000Z,,1,,,,,,,,,,,,,,,,,,,,,,,,,,,,,,,,,,,,,,,,,,,,,,,,,,,,,,,,,,,,,,,,,,,,,,,,,,,,,,,,,,,,,,,,,,,,,,,,,,,,,,,,,,,,,,,,,,,,,,,,,,,,,,,,,,,,,,,,,,,,,,,,,,,,,,,,,,,,,,,,,,,,,,,,,,,,,,,,,,,,,,,,,,,,,,,,,,,,,,,,,,,,,,,,,,,,,,,,,,,,,,,,,,,,,,,,,,,,,,,,,,,,,,,,,,,,,,,,,,,,,,,,,,,,,,,,,,,,,,,,,,,,,,,,,,,,,,,,,,,,,,,,,,,,,,,,,,,,,,,,,,,,,,,,,,,,,,,,,,,,,,,,,,,,,,,,,,,,,,,,,,,,,,,,,,,,,,,,,,,,,,,,,,,,,,,,,,,,,,,,,,,,,,,,,,,,,,,,,,,,,,,,,,,,,,,,,,,,,,,,,,,,,,,,,,,,,,,,,,,,,,,,,,,,,,,,,,,,,,,,,,,,,,,,,,,,,,,,,,,,,,,,,,,,,,,,,,,,,,,
"4618-Audrey-Ln,-New-Port-Richey,-FL-34652","4618 Audrey Ln, New Port Richey, FL 34652",4618 Audrey Ln,,New Port Richey,FL,12,34652,Pasco,101,28.224907,-82.726746,Apartment,2,1.0,750.0,Active,1350,Standard,2026-09-14T00:00:00.000Z,,2026-07-25T00:00:00.000Z,2026-09-14T02:40:34.830Z,1,Pasco,New Port Richey,,,,,,,,,,,,,,,,,,,,,,,,,Rental Listing,1350,Standard,2026-09-14T00:00:00.000Z,,1,,,,,,,,,,,,,,,,,,,,,,,,,,,,,,,,,,,,,,,,,,,,,,,,,,,,,,,,,,,,,,,,,,,,,,,,,,,,,,,,,,,,,,,,,,,,,,,,,,,,,,,,,,,,,,,,,,,,,,,,,,,,,,,,,,,,,,,,,,,,,,,,,,,,,,,,,,,,,,,,,,,,,,,,,,,,,,,,,,,,,,,,,,,,,,,,,,,,,,,,,,,,,,,,,,,,,,,,,,,,,,,,,,,,,,,,,,,,,,,,,,,,,,,,,,,,,,,,,,,,,,,,,,,,,,,,,,,,,,,,,,,,,,,,,,,,,,,,,,,,,,,,,,,,,,,,,,,,,,,,,,,,,,,,,,,,,,,,,,,,,,,,,,,,,,,,,,,,,,,,,,,,,,,,,,,,,,,,,,,,,,,,,,,,,,,,,,,,,,,,,,,,,,,,,,,,,,,,,,,,,,,,,,,,,,,,,,,,,,,,,,,,,,,,,,,,,,,,,,,,,,,,,,,,,,,,,,,,,,,,,,,,,,,,,,,,,,,,,,,,,,,,,,,,,,,,,,,,,,,
"9351-Beaufort-Ct,-New-Port-Richey,-FL-34654","9351 Beaufort Ct, New Port Richey, FL 34654",9351 Beaufort Ct,,New Port Richey,FL,12,34654,Pasco,101,28.293661,-82.619407,Single Family,3,2.0,1819.0,Active,2115,Standard,2026-09-14T00:00:00.000Z,,2026-07-10T00:00:00.000Z,2026-09-14T02:40:34.828Z,1,Pasco,New Port Richey,,,,,,,,,,,,,,,,,,,,,,,,,Rental Listing,2115,Standard,2026-09-14T00:00:00.000Z,,1,,,,,,,,,,,,,,,,,,,,,,,,,,,,,,,,,,,,,,,,,,,,,,,,,,,,,,,,,,,,,,,,,,,,,,,,,,,,,,,,,,,,,,,,,,,,,,,,,,,,,,,,,,,,,,,,,,,,,,,,,,,,,,,,,,,,,,,,,,,,,,,,,,,,,,,,,,,,,,,,,,,,,,,,,,,,,,,,,,,,,,,,,,,,,,,,,,,,,,,,,,,,,,,,,,,,,,,,,,,,,,,,,,,,,,,,,,,,,,,,,,,,,,,,,,,,,,,,,,,,,,,,,,,,,,,,,,,,,,,,,,,,,,,,,,,,,,,,,,,,,,,,,,,,,,,,,,,,,,,,,,,,,,,,,,,,,,,,,,,,,,,,,,,,,,,,,,,,,,,,,,,,,,,,,,,,,,,,,,,,,,,,,,,,,,,,,,,,,,,,,,,,,,,,,,,,,,,,,,,,,,,,,,,,,,,,,,,,,,,,,,,,,,,,,,,,,,,,,,,,,,,,,,,,,,,,,,,,,,,,,,,,,,,,,,,,,,,,,,,,,,,,,,,,,,,,,,,,,,,
"5822-Congress-St,-Apt-105,-New-Port-Richey,-FL-34653","5822 Congress St, Apt 105, New Port Richey, FL 34653",5822 Congress St,Apt 105,New Port Richey,FL,12,34653,Pasco,101,28.243894,-82.70646,Condo,2,2.0,980.0,Active,1350,Standard,2026-09-14T00:00:00.000Z,,2026-09-11T00:00:00.000Z,2026-09-14T02:40:31.124Z,1,Pasco,New Port Richey,,,,,,,,,,,,,,,,,,,,,,,,,Rental Listing,1350,Standard,2026-09-14T00:00:00.000Z,,1,,,,,,,,,,,,,,,,,,,,,,,,,,,,,,,,,,,,,,,,,,,,,,,,,,,,,,,,,,,,,,,,,,,,,,,,,,,,,,,,,,,,,,,,,,,,,,,,,,,,,,,,,,,,,,,,,,,,,,,,,,,,,,,,,,,,,,,,,,,,,,,,,,,,,,,,,,,,,,,,,,,,,,,,,,,,,,,,,,,,,,,,,,,,,,,,,,,,,,,,,,,,,,,,,,,,,,,,,,,,,,,,,,,,,,,,,,,,,,,,,,,,,,,,,,,,,,,,,,,,,,,,,,,,,,,,,,,,,,,,,,,,,,,,,,,,,,,,,,,,,,,,,,,,,,,,,,,,,,,,,,,,,,,,,,,,,,,,,,,,,,,,,,,,,,,,,,,,,,,,,,,,,,,,,,,,,,,,,,,,,,,,,,,,,,,,,,,,,,,,,,,,,,,,,,,,,,,,,,,,,,,,,,,,,,,,,,,,,,,,,,,,,,,,,,,,,,,,,,,,,,,,,,,,,,,,,,,,,,,,,,,,,,,,,,,,,,,,,,,,,,,,,,,,,,,,,,,,,,,
"12051-Proctor-Loop,-Apt-2,-New-Port-Richey,-FL-34654","12051 Proctor Loop, Apt 2, New Port Richey, FL 34654",12051 Proctor Loop,Apt 2,New Port Richey,FL,12,34654,Pasco,101,28.325932,-82.616274,Condo,2,1.0,1008.0,Active,1495,Standard,2026-09-14T00:00:00.000Z,,2023-11-29T00:00:00.000Z,2026-09-14T02:40:31.107Z,1,Pasco,New Port Richey,,,,,,,,,,,,,,,,,,,,,,,,,Rental Listing,1495,Standard,2026-09-14T00:00:00.000Z,,1,,,,,,,,,,,,,,,,,,,,,,,,,,,,,,,,,,,,,,,,,,,,,,,,,,,,,,,,,,,,,,,,,,,,,,,,,,,,,,,,,,,,,,,,,,,,,,,,,,,,,,,,,,,,,,,,,,,,,,,,,,,,,,,,,,,,,,,,,,,,,,,,,,,,,,,,,,,,,,,,,,,,,,,,,,,,,,,,,,,,,,,,,,,,,,,,,,,,,,,,,,,,,,,,,,,,,,,,,,,,,,,,,,,,,,,,,,,,,,,,,,,,,,,,,,,,,,,,,,,,,,,,,,,,,,,,,,,,,,,,Rental Listing,1450.0,Standard,2025-03-19T00:00:00.000Z,2025-03-20T00:00:00.000Z,1.0,,,,,,,,,,,,,,,,,,,,,,,,,,,,,,,,,,,,,,,,,,,,,,,,,,,,,,,,,,,,,,,,,,,,,,,,,,,,,,,,,,,,,,,,,,,,,,,,,,,,,,,,,,,,,,,,,,,,,,,,,,,,,,,,,,,,,,,,,,,,,,,,,,,,,,,,,,,,,,,,,,,,,,,,,,,,,,,,,,,,,,,,,,,,,,,,,,,,,,,,,,,,,,,,,,,,,,,,,,,,,,,,,,,,,,,,,,
"7109-Kirsch-Ct,-Apt-5,-New-Port-Richey,-FL-34653","7109 Kirsch Ct, Apt 5, New Port Richey, FL 34653",7109 Kirsch Ct,Apt 5,New Port Richey,FL,12,34653,Pasco,101,28.260813,-82.69719,Single Family,2,2.0,1096.0,Active,1399,Standard,2026-09-14T00:00:00.000Z,,2026-09-01T00:00:00.000Z,2026-09-14T02:40:31.076Z,1,Pasco,New Port Richey,,,,,,,,,,,,,,,,,,,,,,,,,Rental Listing,1399,Standard,2026-09-14T00:00:00.000Z,,1,,,,,,,,,,,,,,,,,,,,,,,,,,,,,,,,,,,,,,,,,,,,,,,,,,,,,,,,,,,,,,,,,,,,,,,,,,,,,,,,,,,,,,,,,,,,,,,,,,,,,,,,,,,,,,,,,,,,,,,,,,,,,,,,,,,,,,,,,,,,,,,,,,,,,,,,,,,,,,,,,,,,,,,,,,,,,,,,,,,,,,,,,,,,,,,,,,,,,,,,,,,,,,,,,,,,,,,,,,,,,,,,,,,,,,,,,,,,,,,,,,,,,,,,,,,,,,,,,,,,,,,,,,,,,,,,,,,,,,,,,,,,,,,,,,,,,,,,,,,,,,,,,,,,,,,,,,,,,,,,,,,,,,,,,,,,,,,,,,,,,,,,,,,,,,,,,,,,,,,,,,,,,,,,,,,,,,,,,,,,,,,,,,,,,,,,,,,,,,,,,,,,,,,,,,,,,,,,,,,,,,,,,,,,,,,,,,,,,,,,,,,,,,,,,,,,,,,,,,,,,,,,,,,,,,,,,,,,,,,,,,,,,,,,,,,,,,,,,,,,,,,,,,,,,,,,,,,,,,,
"3814-Linkwood-St,-New-Port-Richey,-FL-34652","3814 Linkwood St, New Port Richey, FL 34652",3814 Linkwood St,,New Port Richey,FL,12,34652,Pasco,101,28.214597,-82.732028,Single Family,3,1.0,1104.0,Active,1595,Standard,2026-09-14T00:00:00.000Z,,2020-03-19T17:11:50.213Z,2026-09-14T02:40:31.062Z,1,Pasco,New Port Richey,,,,,,,,,,,,,,,,,,,,,,,,,Rental Listing,1595,Standard,2026-09-14T00:00:00.000Z,,1,,,,,,,,,,,,,,,,,,,,,,,,,,,,,,,,,,,,,,,,,,,,,,,,,,,,,,,,,,,,,,,,,,,,,,,,,,,,,,,,,,,,,,,,,,,,,,,,,,,,,,,,,,,,,,,,,,,,,,,,,,,,,,,,,,,,,,,,,,,,,,,,,,,,,,,,,,,,,,,,,,,,,,,,,,,,,,,,,,,,,,,,,,,,,,,,,,,,,,,,,,,,,,,,,,,,,,,,,,,,,,,,,,,,,,,,,,,,,,,,,,,,,,,,,,,,,,,,,,,,,,,,,,,,,,,,,,,,,,,,,,,,,,Rental Listing,1625.0,Standard,2026-07-31T00:00:00.000Z,2026-08-01T00:00:00.000Z,1.0,,,,,,,,,,,,,,,,,,,,,,,,,,,,,,,,,,,,,,,,,,,,,,,,,,,,,,,,,,,,,,,,,,,,,,,,,,,,,,,,,,,,,,,,,,,,,,,,,,,,,,,,,,,,,,,,,,,,,,,,,,,,,,,,,,,,,,,,,,,,,,,,,,,,,,,,,,,,,,,,,,,,,,,,,,,,,,,,,,,,,,,,,,,,,,,,,,,,,,,,,,,,,,,,,,,,,,,,,,,,,,,,,,,,
"7505-Wimpole-Dr,-New-Port-Richey,-FL-34655","7505 Wimpole Dr, New Port Richey, FL 34655",7505 Wimpole Dr,,New Port Richey,FL,12,34655,Pasco,101,28.195994,-82.690638,Single Family,2,2.0,1268.0,Active,1995,Standard,2026-09-14T00:00:00.000Z,,2020-02-14T23:27:50.008Z,2026-09-14T02:40:31.056Z,1,Pasco,New Port Richey,,,,,,,,,,,,,,,,,,,,,,,,,Rental Listing,1995,Standard,2026-09-14T00:00:00.000Z,,1,,,,,,,,,,,,,,2001.0,,,,,,,,,,,,,,,,,,,,,,,,,,,,,,,,,,,,,,,,,,,,,,,,,,,,,,,,,,,,,,,,,,,,,,,,,,,,,,,,,,,,,,,,,,,,,,,,,,,,,,,,,,,,,,,,,,,,,,,,,,,,,,,,,,,,,,,,,,,,,,,,,,,,,,,,,,,,,,,,,,,,,,,,,,,,,,,,,,,,,,,,,,,,,,,,,,,,,,,,,,,,,,,,,,,,,,,,,,,,,,,,,,,,,,,,,,,,,,,,,,,,,,,,,,,,,,,,,,,,,,,,,,,,,,,,,,,,,,Rental Listing,1995.0,Standard,2026-08-31T00:00:00.000Z,2026-09-01T00:00:00.000Z,1.0,,,,,,,,,,,,,,,,,,,,,,,,,,,,,,,,,,,,,,,,,,,,,,,,,,,,,,,,,,,,,,,,,,,,,,,,,,,,,,,,,,,,,,,,,,,,,,,,,,,,,,,,,,,,,,,,,,,,,,,,,,,,,,,,,,,,,,,,,,,,,,,,,,,,,,,,,,,,,,,,,,,,,,,,,,,,,,,,,,,,,,,,,,,,,,,,,,,,,,,,,,,,,,,,,,,,,,,,,,,,,,
"7720-Deer-Foot-Dr,-New-Port-Richey,-FL-34653","7720 Deer Foot Dr, New Port Richey, FL 34653",7720 Deer Foot Dr,,New Port Richey,FL,12,34653,Pasco,101,28.233417,-82.686767,Single Family,2,2.0,1200.0,Active,1885,Standard,2026-09-14T00:00:00.000Z,,2022-05-25T00:02:27.376Z,2026-09-14T02:40:31.056Z,1,Pasco,New Port Richey,,,,,,,,,,,,,,,,,,,,,,,,,Rental Listing,1885,Standard,2026-09-14T00:00:00.000Z,,1,,,,,,,,,,,,,,,,,,,,,,,,,,,,,,,,,,,,,,,,,,,,,,,,,,,,,,,,,,,,,,,,,,,,,,,,,,,,,,,,,,,,,,,,,,,,,,,,,,,,,,,,,,,,,,,,,,,,,,,,,,,,,,,,,,,,,,,,,,,,,,,,,,,,,,,,,,,,,,,,,,,,,,,,,,,,,,,,,,,,,,,,,,,,,,,,,,,,,,,,,,,,,,,,,,,,,,,,,,,,,,,,,,,,,,,,,,,,,,,,,,,,,,,,,,,,,,,,,,,,,,,,,,,,,,,,,,,,,,,,,,,,,,,,,,,,,,,,,,Rental Listing,1945.0,Standard,2026-05-18T00:00:00.000Z,2026-05-19T00:00:00.000Z,1.0,Rental Listing,1899.0,Standard,2026-06-22T00:00:00.000Z,2026-06-23T00:00:00.000Z,1.0,,,,,,,,,,,,,,,,,,,,,,,,,,,,,,,,,,,,,,,,,,,,,,,,,,,,,,,,,,,,,,,,,,,,,,,,,,,,,,,,,,,,,,,,,,,,,,,,,,,,,,,,,,,,,,,,,,,,,,,,,,,,,,,,,,,,,,,,,,,,,,,,,,,,,,,,,,,,,,,,,,,,,,,,,,,,,,,,,,,,,,,,,,,,,,,,,,,,,,,,,,,,,,,,,,
"7140-Bellaire-Ter,-New-Port-Richey,-FL-34653","7140 Bellaire Ter, New Port Richey, FL 34653",7140 Bellaire Ter,,New Port Richey,FL,12,34653,Pasco,101,28.261281,-82.704891,Single Family,2,1.0,776.0,Active,1350,Standard,2026-09-14T00:00:00.000Z,,2023-06-09T00:00:00.000Z,2026-09-14T02:40:31.050Z,1,Pasco,New Port Richey,,,,,,,,,,,,,,,,,,,,,,,,,Rental Listing,1350,Standard,2026-09-14T00:00:00.000Z,,1,,,,,,,,,,,,,21344.0,1978.0,,,,,,,,,,,,,,,,,,,,,,,,,,,,,,,,,,,,,,,,,,,,,,,,,,,,,,,,,,,,,,,,,,,,,,,,,,,,,,,,,,,,,,,,,,,,,,,,,,,,,,,,,,,,,,,,,,,,,,,,,,,,,,,,,,,,,,,,,,,,,,,,,,,,,,,,,,,,,,,,,,,,,,,,,,,,,,,,,,,,,,,,,,,,,,,,,,,,,,,,,,,,,,,,,,,,,,,,,,,,,,,,,,,,,,,,,,,,,,,,,,,,,,,,,,,,,,,,,,,,,,,,,,,,,,,,,,,,,,,,,,,,,,,,,,,,,,,,Rental Listing,1350.0,Standard,2024-08-26T00:00:00.000Z,2024-10-02T00:00:00.000Z,37.0,Rental Listing,1350.0,Standard,2026-03-27T00:00:00.000Z,2026-03-28T00:00:00.000Z,1.0,Rental Listing,1350.0,Standard,2026-06-10T00:00:00.000Z,2026-06-11T00:00:00.000Z,1.0,,,,,,,,,,,,,,,,,,,,,,,,,,,,,,,,,,,,,,,,,,,,,,,,,,,,,,,,,,,,,,,,,,,,,,,,,,,,,,,,,,,,,,,,,,,,,,,,,,,,,,,,,,,,,,,,,,,,,,,,,,,,,,,,,,,,,,,,,,,,,,,,,,,,,,,,,,,,,,,,,,,,,,,,,,,,,,,,,,,,,,,,,,,,,,,,
"3516-Teeside-Dr,-New-Port-Richey,-FL-34655","3516 Teeside Dr, New Port Richey, FL 34655",3516 Teeside Dr,,New Port Richey,FL,12,34655,Pasco,101,28.210341,-82.653832,Single Family,2,2.0,1288.0,Active,1800,Standard,2026-09-14T00:00:00.000Z,,2025-01-03T00:00:00.000Z,2026-09-14T02:40:31.049Z,1,Pasco,New Port Richey,,,,,,,,,,,,,,,,,,,,,,,,,Rental Listing,1800,Standard,2026-09-14T00:00:00.000Z,,1,,,,,,,,,,,,,22047458.0,1980.0,,,,,,,,,,,,,,,,,,,,,,,,,,,,,,,,,,,,,,,,,,,,,,,,,,,,,,,,,,,,,,,,,,,,,,,,,,,,,,,,,,,,,,,,,,,,,,,,,,,,,,,,,,,,,,,,,,,,,,,,,,,,,,,,,,,,,,,,,,,,,,,,,,,,,,,,,,,,,,,,,,,,,,,,,,,,,,,,,,,,,,,,,,,,,,,,,,,,,,,,,,,,,,,,,,,,,,,,,,,,,,,,,,,,,,,,,,,,,,,,,,,,,,,,,,,,,,,,,,,,,,,,,,,,,,,,,,,,,,,,,,,,,,,,,,,,,,,,,,,,,,,,,,,,,,,,,,Rental Listing,1750.0,Standard,2025-01-02T00:00:00.000Z,2025-01-23T00:00:00.000Z,21.0,,,,,,,,,,,,,,,,,,,,,,,,,,,,,,,,,,,,,,,,,,,,,,,,,,,,,,,,,,,,,,,,,,,,,,,,,,,,,,,,,,,,,,,,,,,,,,,,,,,,,,,,,,,,,,,,,,,,,,,,,,,,,,,,,,,,,,,,,,,,,,,,,,,,,,,,,,,,,,,,,,,,,,,,,,,,,,,,,,,,,,,,,,
"4916-Gulf-Waters-Dr,-New-Port-Richey,-FL-34652","4916 Gulf Waters Dr, New Port Richey, FL 34652",4916 Gulf Waters Dr,,New Port Richey,FL,12,34652,Pasco,101,28.240394,-82.732445,Townhouse,3,2.5,1607.0,Active,1990,Standard,2026-09-14T00:00:00.000Z,,2021-10-27T01:39:51.960Z,2026-09-14T02:40:31.048Z,1,Pasco,New Port Richey,,,,,,,,,,,,,,,,,,,,,,,,,Rental Listing,1990,Standard,2026-09-14T00:00:00.000Z,,1,,,,,,,,,,,,,1228.0,2021.0,,,,,,,,,,,,,,,,,,,,,,,,,,,,,,,,,,,,,,,,,,,,,,,,,,,,,,,,,,,,,,,,,,,,,,,,,,,,,,,,,,,,,,,,,,,,,,,,,,,,,,,,,,,,,,,,,,,,,,,,,,,,,,,,,,,,,,,,,,,,,,,,,,,,,,,,,,,,,,,,,,,,,,,,,,,,,,,,,,,,,,,,,,,,,,,,,,,,,,,,,,,,,,,,,,,,,,,,,,,,,,,,,,,,,,,,,,,,,,,,,,,,,,,,,,,,,,,,,,,,,,,,,,,,,,,,,,,,,,,,,,,,,,,,,,,,,,,,,,,,,,,,,,,,,,,,,,,,,,,,,,,,,,,,,,,,,,,,,,,,,,,,,,,,,,,,,,,,,,,,,,,,,,,,,,,,,,,,,,,,,,,,,,,,,,,,,,,,,,,,,,,,,,,,,,,,,,,,,,,,,,,,,,,,,,,,,,,,,,,,,,,,,,,,,,,,,,,,,,,,,,,,,,,,,,,,,,,,,,,,,,,,,,,,,,,,,,,,,,,,,,,,,
"7148-Ramor-Ln,-New-Port-Richey,-FL-34653","7148 Ramor Ln, New Port Richey, FL 34653",7148 Ramor Ln,,New Port Richey,FL,12,34653,Pasco,101,28.261462,-82.712008,Single Family,3,2.0,1173.0,Active,1950,Standard,2026-09-14T00:00:00.000Z,,2026-06-18T00:00:00.000Z,2026-09-14T02:40:31.022Z,1,Pasco,New Port Richey,,,,,,,,,,,,,,,,,,,,,,,,,Rental Listing,1950,Standard,2026-09-14T00:00:00.000Z,,1,,,,,,,,,,,,,,,,,,,,,,,,,,,,,,,,,,,,,,,,,,,,,,,,,,,,,,,,,,,,,,,,,,,,,,,,,,,,,,,,,,,,,,,,,,,,,,,,,,,,,,,,,,,,,,,,,,,,,,,,,,,,,,,,,,,,,,,,,,,,,,,,,,,,,,,,,,,,,,,,,,,,,,,,,,,,,,,,,,,,,,,,,,,,,,,,,,,,,,,,,,,,,,,,,,,,,,,,,,,,,,,,,,,,,,,,,,,,,,,,,,,,,,,,,,,,,,,,,,,,,,,,,,,,,,,,,,,,,,,,,,,,,,,,,,,,,,,,,,,,,,,,,,,,,,,,,,,,,,,,,,,,,,,,,,,,,,,,,,,,,,,,,,,,,,,,,,,,,,,,,,,,,,,,,,,,,,,,,,,,,,,,,,,,,,,,,,,,,,,,,,,,,,,,,,,,,,,,,,,,,,,,,,,,,,,,,,,,,,,,,,,,,,,,,,,,,,,,,,,,,,,,,,,,,,,,,,,,,,,,,,,,,,,,,,,,,,,,,,,,,,,,,,,,,,,,,,,,,,,
"7839-Putnam-Cir,-New-Port-Richey,-FL-34655","7839 Putnam Cir, New Port Richey, FL 34655",7839 Putnam Cir,,New Port Richey,FL,12,34655,Pasco,101,28.207018,-82.684649,Single Family,3,2.0,1475.0,Active,1849,Standard,2026-09-14T00:00:00.000Z,,2019-04-15T03:22:42.631Z,2026-09-14T02:40:31.020Z,1,Pasco,New Port Richey,,,,,,,,,,,,,,,,,,,,,,,,,Rental Listing,1849,Standard,2026-09-14T00:00:00.000Z,,1,,,,,,,,,,,,,,,,,,,,,,,,,,,,,,,,,,,,,,,,,,,,,,,,,,,,,,,,,,,,,,,,,,,,,,,,,,,,,,,,,,,,,,,,,,,,,,,,,,,,,,,,,,,,,,,,,,,,,,,,,,,,,,,,,,,,,,,,,,,,,,,,,,,,,,,,,,,,,,,,,,,,,,,,,,,,,,,,,,,,,,,,,,,,,,,,,,,,,,,,,,,,,,,,,,,,,,,,,,,,,,,,,,,,,,,,,,,,,,,,,,,,,,,,,,,,,,,,,,,,,,,,,,,,,,,,,,,,,,,,,,,,,,,,,,,,,,,,,,,,,,,,,,,,,,,,,,,,,,,,,,,,,,,,,,,,,,Rental Listing,2030.0,Standard,2026-08-18T00:00:00.000Z,2026-08-19T00:00:00.000Z,1.0,,,,,,,,,,,,,,,,,,,,,,,,,,,,,,,,,,,,,,,,,,,,,,,,,,,,,,,,,,,,,,,,,,,,,,,,,,,,,,,,,,,,,,,,,,,,,,,,,,,,,,,,,,,,,,,,,,,,,,,,,,,,,,,,,,,,,,,,,,,,,,,,,,,,,,,,,,,,,,,,,,,,,,,,,,,,,,,,,,,,
"2910-Yellowhammer-Way,-New-Port-Richey,-FL-34655","2910 Yellowhammer Way, New Port Richey, FL 34655",2910 Yellowhammer Way,,New Port Richey,FL,12,34655,Pasco,101,28.201001,-82.673205,Single Family,3,2.5,1801.0,Active,2299,Standard,2026-09-14T00:00:00.000Z,,2022-10-14T01:43:29.284Z,2026-09-14T02:40:31.018Z,1,Pasco,New Port Richey,,,,,,,,,,,,,,,,,,,,,,,,,Rental Listing,2299,Standard,2026-09-14T00:00:00.000Z,,1,,,,,,,,,,,,,,,,,,,,,,,,,,,,,,,,,,,,,,,,,,,,,,,,,,,,,,,,,,,,,,,,,,,,,,,,,,,,,,,,,,,,,,,,,,,,,,,,,,,,Rental Listing,2349.0,Standard,2026-08-22T00:00:00.000Z,2026-08-23T00:00:00.000Z,1.0,,,,,,,,,,,,,,,,,,,,,,,,,,,,,,,,,,,,,,,,,,,,,,,,,,,,,,,,,,,,,,,,,,,,,,,,,,,,,,,,,,,,,,,,,,,,,,,,,,,,,,,,,,,,,,,,,,,,,,,,,,,,,,,,,,,,,,,,,,,,,,,,,,,,,,,,,,,,,,,,,,,,,,,,,,,,,,,,,,,,,,,,,,,,,,,,,,,,,,,,,,,,,,,,,,,,,,,,,,,,,,,,,,,,,,,,,,,Rental Listing,2149.0,Standard,2024-10-18T00:00:00.000Z,2024-10-19T00:00:00.000Z,1.0,,,,,,,,,,,,,,,,,,,,,,,,,,,,,,,,,,,,,,,,,,,,,,,,,,,,,,,,,,,,,,,,,,,,,,,,,,,,,,,,,,,,,,,,,,,,,,,,,,,,,,,,,,,,,,,,,,,,,,,,,,,,,,,,,,,,,,,,,,,,,,,,,,,,,,,,,,,,,,,,,,,,,,,,,,,,,,
"5103-Grand-Blvd,-New-Port-Richey,-FL-34652","5103 Grand Blvd, New Port Richey, FL 34652",5103 Grand Blvd,,New Port Richey,FL,12,34652,Pasco,101,28.233141,-82.723628,Single Family,2,1.0,744.0,Active,1495,Standard,2026-09-14T00:00:00.000Z,,2019-10-04T05:56:04.214Z,2026-09-14T02:40:31.012Z,1,Pasco,New Port Richey,,,,,,,,,,,,,,,,,,,,,,,,,Rental Listing,1495,Standard,2026-09-14T00:00:00.000Z,,1,,,,,,,,,,,,,,1960.0,,,,,,,,,,,,,,,,,,,,,,,,,,,,,,,,,,,,,,,,,,,,,,,,,,,,,,,,,,,,,,,,,,,,,,,,,,,,,,,,,,,,,,,,,,,,,,,,,,,,,,,,,,,,,,,,,,,,,,,,,,,,,,,,,,,,,,,,,,,,,,,,,,,,,,,,,,,,,,,,,,,,,,,,,,,,,,,,,,,,,,,,,,,,,,,,,,,,,,,,,,,,,,,,,,,,,,,,,,,,,,,,,,,,,,,,,,,,,,,,,,,,,,,,,,,,,,,,,,,,,,,,,,,,,,,,,,,,,,,,,,,,,,,,,,,,,,,,,,,,,,,,,,,,,,,,,,,,,,,,,,,,,,,,,,,,Rental Listing,1495.0,Standard,2025-08-12T00:00:00.000Z,2025-08-13T00:00:00.000Z,1.0,Rental Listing,1495.0,Standard,2025-08-28T00:00:00.000Z,2025-08-29T00:00:00.000Z,1.0,,,,,,,,,,,,,,,,,,,,,,,,,,,,,,,,,,,,,,,,,,,,,,,,,,,,,,,,,,,,,,,,,,,,,,,,,,,,,,,,,,,,,,,,,,,,,,,,,,,,,,,,,,,,,,,,,,,,,,,,,,,,,,,,,,,,,,,,,,,,,,,,,,,,,,,,,,,,,,,,,,
"3153-Lodi-Dr,-New-Port-Richey,-FL-34655","3153 Lodi Dr, New Port Richey, FL 34655",3153 Lodi Dr,,New Port Richey,FL,12,34655,Pasco,101,28.205517,-82.695377,Single Family,3,2.0,1283.0,Active,1625,Standard,2026-09-14T00:00:00.000Z,,2022-04-13T00:11:53.420Z,2026-09-14T02:40:31.008Z,1,Pasco,New Port Richey,,,,,,,,,,,,,,,,,,,,,,,,,Rental Listing,1625,Standard,2026-09-14T00:00:00.000Z,,1,,,,,,,,,,,,,,,,,,,,,,,,,,,,,,,,,,,,,,,,,,,,,,,,,,,,,,,,,,,,,,,,,,,,,,,,,,,,,,,,,,,,,,,,,,,,,,,,,,,,,,,,,,,,,,,,,,,,,,,,,,,,,,,,,,,,,,,,,,,,,,,,,,,,,,,,,,,,,,,,,,,,,,,,,,,,,,,,,,,,,,,,,,,,,,,,,,,,,,,,,,,,,,,,,,,,,,,,,,,,,,,,,,,,,,,,,,,,,,,,,,,,,,,,,,,,,,,,,,,,,,,,,,,,,,,,,,,,,,,,,,,,,,Rental Listing,1800.0,Standard,2026-07-31T00:00:00.000Z,2026-08-01T00:00:00.000Z,1.0,,,,,,,,,,,,,,,,,,,,,,,,,,,,,,,,,,,,,,,,,,,,,,,,,,,,,,,,,,,,,,,,,,,Rental Listing,1800.0,Standard,2025-05-03T00:00:00.000Z,2025-05-04T00:00:00.000Z,1.0,,,,,,,,,,,,,,,,,,,,,,,,,,,,,,,,,,,,,,,,,,,,,,,,,,,,,,,,,,,,,,,,,,,,,,,,,,,,,,,,,,,,,,,,,,,,,,,,,,,,,,,,,,,,,,,,,,,,,,,,,,,,,,,,,,,,,,,,,,,,,,,,,,,,,,,,,,,,
"8501-Houndstooth-Enclave-Dr,-New-Port-Richey,-FL-34655","8501 Houndstooth Enclave Dr, New Port Richey, FL 34655",8501 Houndstooth Enclave Dr,,New Port Richey,FL,12,34655,Pasco,101,28.201586,-82.674311,Single Family,3,2.5,2466.0,Active,2649,Standard,2026-09-14T00:00:00.000Z,,2026-07-24T00:00:00.000Z,2026-09-14T02:40:31.007Z,1,Pasco,New Port Richey,,,,,,,,,,,,,,,,,,,,,,,,,Rental Listing,2649,Standard,2026-09-14T00:00:00.000Z,,1,,,,,,,,,,,,,,,,,,,,,,,,,,,,,,,,,,,,,,,,,,,,,,,,,,,,,,,,,,,,,,,,,,,,,,,,,,,,,,,,,,,,,,,,,,,,,,,,,,,,,,,,,,,,,,,,,,,,,,,,,,,,,,,,,,,,,,,,,,,,,,,,,,,,,,,,,,,,,,,,,,,,,,,,,,,,,,,,,,,,,,,,,,,,,,,,,,,,,,,,,,,,,,,,,,,,,,,,,,,,,,,,,,,,,,,,,,,,,,,,,,,,,,,,,,,,,,,,,,,,,,,,,,,,,,,,,,,,,,,,,,,,,,,,,,,,,,,,,,,,,,,,,,,,,,,,,,,,,,,,,,,,,,,,,,,,,,,,,,,,,,,,,,,,,,,,,,,,,,,,,,,,Rental Listing,2625.0,Standard,2026-07-28T00:00:00.000Z,2026-07-29T00:00:00.000Z,1.0,,,,,,,,,,,,,,,,,,,,,,,,,,,,,,,,,,,,,,,,,,,,,,,,,,,,,,,,,,,,,,,,,,,,,,,,,,,,,,,,,,,,,,,,,,,,,,,,,,,,,,,,,,,,,,,,,,,,,,,,,,,,,,,,,,,,,,,,,,,,,,,,,,,,,,
"8467-Druid-Oaks-Ln,-New-Port-Richey,-FL-34655","8467 Druid Oaks Ln, New Port Richey, FL 34655",8467 Druid Oaks Ln,,New Port Richey,FL,12,34655,Pasco,101,28.200887,-82.674864,Single Family,3,2.5,1634.0,Active,2125,Standard,2026-09-14T00:00:00.000Z,,2023-01-30T00:00:00.000Z,2026-09-14T02:40:31.004Z,1,Pasco,New Port Richey,,,,,,,,,,,,,,,,,,,,,,,,,Rental Listing,2125,Standard,2026-09-14T00:00:00.000Z,,1,,,,,,,,,,,,,,,,,,,,,,,,,,,,,,,,,,,,,,,,,,,,,,,,,,,,,,,,,,,,,,,,,,,,,,,,,,,,,,,,,,,,,,,,,,,,,,,,,,,,Rental Listing,2125.0,Standard,2026-08-22T00:00:00.000Z,2026-08-23T00:00:00.000Z,1.0,,,,,,,,,,,,,,,,,,,,,,,,,,,,,,,,,,,,,,,,,,,,,,,,,,,,,,,,,,,,,,,,,,,,,,,,,,,,,,,,,,,,,,,,,,,,,,,,,,,,,,,,,,,,,,,,,,,,,,,,,,,,,,,,,,,,,,,,,,,,,,,,,,,,,,,,,,,,,,,,,,,,,,,,,,,,,,,,,,,,,,,,,,,,,,,,,,,,,,,,,,,,,,,,,,,,,,,,,,,,,,,,,,,,,,,,,,,,,,,,,,,,,,,,,,,,,,,,,,,,,,,,,,,,,,,,,,,,,,,,,,,,,,,,,,,,,,,,,,,,,,,,,,,,,,,,,,,,,,,,,,,,,,,,,,,,,,,,,,,,,,,,,,,,,,,,,,,,,,,,,,,,,,,,,,,,,,,,,,,,,,,,,,,,,,,,,,,,,,,,,,,,,,,,,,,,,,
"8335-Birch-Haven-Ln,-New-Port-Richey,-FL-34655","8335 Birch Haven Ln, New Port Richey, FL 34655",8335 Birch Haven Ln,,New Port Richey,FL,12,34655,Pasco,101,28.204404,-82.676928,Single Family,3,2.5,1634.0,Active,2100,Standard,2026-09-14T00:00:00.000Z,,2023-12-14T00:00:00.000Z,2026-09-14T02:40:30.999Z,1,Pasco,New Port Richey,,,,,,,,,,,,,,,,,,,,,,,,,Rental Listing,2100,Standard,2026-09-14T00:00:00.000Z,,1,,,,,,,,,,,,,,,,,,,,,,,,,,,,,,,,,,,,,,,,,,,,,,,,,,,,,,,,,,,,,,,,,,,,,,,,,,,,,,,,,,,,,,,,,,,,,,,,,,,,,,,,,,,,,,,,,,,,,,,,,,,,,,,,,,,,,,,,,,,,,,,,,,,,,,,,,,,,,,,,,,,,,,,,,,,,,,,,,,,,,,,,,,,,,,,,,,,,,,,,,,,,,,,,,,,,,,,,,,,,,,,,,,,,,,,,,,,,,,,,,,,,,,,,,,,,,,,,,,,,,,,,,,,,,,,,,,,,,,,,,,,,,,,,,,,,,,,,,,,,,,,,,,,,,,,,,,,,,,,,,,,,,,,,,,,,,,,,,,,,,,,,,,,,,,,,,,,,,,,,,,,,,,,,,,Rental Listing,2100.0,Standard,2026-05-29T00:00:00.000Z,2026-05-30T00:00:00.000Z,1.0,Rental Listing,2100.0,Standard,2026-06-15T00:00:00.000Z,2026-06-16T00:00:00.000Z,1.0,Rental Listing,2100.0,Standard,2026-09-10T00:00:00.000Z,2026-09-11T00:00:00.000Z,1.0,,,,,,,,,,,,,,,,,,,,,,,,,,,,,,,,,,,,,,,,,,,,,,,,,,,,,,,,,,,,,,,,,,,,,,,,,,,,,,,,,,,,,,,,,,,,,,,,,,,,,,,,,,,,,,,,,,,,,,,,,,,,,,,,,,,,
"7138-Bellaire-Ter,-New-Port-Richey,-FL-34653","7138 Bellaire Ter, New Port Richey, FL 34653",7138 Bellaire Ter,,New Port Richey,FL,12,34653,Pasco,101,28.261206,-82.704697,Single Family,2,1.0,776.0,Active,1350,Standard,2026-09-14T00:00:00.000Z,,2024-10-23T00:00:00.000Z,2026-09-14T02:40:30.996Z,1,Pasco,New Port Richey,,,,,,,,,,,,,,,,,,,,,,,,,Rental Listing,1350,Standard,2026-09-14T00:00:00.000Z,,1,,,,,,,,,,,,,21344.0,1978.0,,,,,,,,,,,,,,,,,,,,,,,,,,,,,,,,,,,,,,,,,,,,,,,,,,,,,,,,,,,,,,,,,,,,,,,,,,,,,,,,,,,,,,Rental Listing,1350.0,Standard,2026-08-22T00:00:00.000Z,2026-08-23T00:00:00.000Z,1.0,,,,,,,,,,,,,,,,,,,,,,,,,,,,,,,,,,,,,,,,,,,,,,,,,,,,,,,,,,,,,,,,,,,,,,,,,,,,,,,,,,,,,,,,,,,,,,,,,,,,,,,,,,,,,,,,,,,,,,,,,,,,,,,,,,,,,,,,,,,,,,,,,,,,,,,,,,,,,,,,,,,,,,,,,,,,,,,,,,,,,,,,,,,,,,,,,,,,,,,,,,,,,,,,,,,,,,,,,,,,,,,,,,,,,,,,,,,,,,,,,,,,,,,,,,,,,,,,,,,,,,,,,,,,,,,Rental Listing,1350.0,Standard,2026-06-15T00:00:00.000Z,2026-06-16T00:00:00.000Z,1.0,,,,,,,Rental Listing,1350.0,Standard,2024-10-22T00:00:00.000Z,2024-11-01T00:00:00.000Z,10.0,Rental Listing,1350.0,Standard,2026-03-17T00:00:00.000Z,2026-03-18T00:00:00.000Z,1.0,Rental Listing,1350.0,Standard,2026-05-30T00:00:00.000Z,2026-05-31T00:00:00.000Z,1.0,,,,,,,,,,,,,,,,,,,,,,,,,,,,,,,,,,,,,,,,,,,,,,,,,,,,,,,,,,,,,,,,,,,,,,,,,,,,,,,,,,,,,,,,,,,,,,,,,,,,,,,,,,,,,,,,,,
"3189-Lytton-Hall-Dr,-Zephyrhills,-FL-33540","3189 Lytton Hall Dr, Zephyrhills, FL 33540",3189 Lytton Hall Dr,,Zephyrhills,FL,12,33540,Pasco,101,28.203099,-82.161565,Single Family,4,2.0,1817.0,Active,2270,Standard,2026-09-14T00:00:00.000Z,,2022-03-02T00:02:36.390Z,2026-09-14T02:40:34.870Z,1,Pasco,Zephyrhills,,,,,,,,,,,,,,,,,,,,,,,,,Rental Listing,2270,Standard,2026-09-14T00:00:00.000Z,,1,,,,,,,,,,,,,6970.0,2020.0,77.0,,,,,,,,,,,,,,,,,,,,,,,,,,,,,,,,,,,,,,,,,,,,,,,,,,,,,,,,,,,,,,,,,,,,,,,,,,,,,,,,,,,,,,,,,,,,,,,,,,,,,,,,,,,,,,,,,,,,,,,,,,,,,,,,,,,,,,,,,,,,,,,,,,,,,,,,,,,,,,,,,,,,,,,,,,,,,,,,,,,,,,,,,,,,,,,,,,,,,,,,,,,,,,,,,,,,,,,,,,,,,,,,,,,,,,,,,,,,,,,,,,,,,,,,,,,,,,,,,,,,,,,,,,,,,,,,,,,,,,,,,,,,,,,,,,,,,,,,,,,,,,,,,,,,,,,,,,,,,,,,,,,,,,,,,,,,,,,,,,,,,,,,,,,,,,,,,,,,,,,,,,,,,,,,,,,,,,,,,,,,,,,,,,,,,,,Rental Listing,2270.0,Standard,2026-08-21T00:00:00.000Z,2026-08-22T00:00:00.000Z,1.0,,,,,,,,,,,,,,,,,,,,,,,,,,,,,,,,,,,,,,,,,,,,,,,,,,,,,,,,,,,,,,,,,,,,,,,,,,,,,,,,,,,,,,,,,,,,,,,,,,,,,,,,,,,,
"7002-Ripple-Pond-Loop,-Zephyrhills,-FL-33541","7002 Ripple Pond Loop, Zephyrhills, FL 33541",7002 Ripple Pond Loop,,Zephyrhills,FL,12,33541,Pasco,101,28.258281,-82.210275,Townhouse,3,2.5,1787.0,Active,1995,Standard,2026-09-14T00:00:00.000Z,,2023-11-08T00:00:00.000Z,2026-09-14T02:40:34.855Z,1,Pasco,Zephyrhills,,,,,,,,,,,,,,,,,,,,,,,,,Rental Listing,1995,Standard,2026-09-14T00:00:00.000Z,,1,,,,,,,,,,,,,4524.0,2023.0,,,,,,,,,,,,,,,,,,,,,,,,,,,,,,,,,,,,,,,,,,,,,,,,,,,,,,,,,,,,,,,,,,,,,,,,,,,,,,,,,,,,,,,,,,,,,,,,,,,,,,,,,,,,,,,,,,,,,,,,,,,,,,,,,,,,,,,,,,,,,,,,,,,,,,,,,,,,,,,,,,,,,,,,,,,,,,,,,,,,,,,,,,,,,,,,,,,,,,,,,,,,,,,,,,,,,,,,,,,,,,,,,,,,,,,,,,,,,,,,,,,,,,,,,,,,,,,,,,,,,,,,,,,,,,,,,,,,,,,,,,,,,,,,,,,,,,,,,,,,,,,,,,,,,,,,,,,,,,,,,,,,,,,,,,,,,,,,,,,,,,,,,,,,,,,,,,,,,,,,,,,,,,,,,,,,,,,,,,,,,,,,,,,,,,,,,,,,,,Rental Listing,1995.0,Standard,2025-06-06T00:00:00.000Z,2025-08-05T00:00:00.000Z,60.0,,,,,,,,,,,,,,,,,,,,,,,,,,,,,,,,,,,,,,,,,,,,,,,,,,,,,,,,,,,,,,,,,,,,,,,,,,,,,,,,,,,,,,,,,,,,,,,,,,,,,,
"6888-Pebblebrooke-Way,-Zephyrhills,-FL-33541","6888 Pebblebrooke Way, Zephyrhills, FL 33541",6888 Pebblebrooke Way,,Zephyrhills,FL,12,33541,Pasco,101,28.256308,-82.225519,Single Family,3,2.0,1567.0,Active,2250,Standard,2026-09-14T00:00:00.000Z,,2026-09-03T00:00:00.000Z,2026-09-14T02:40:31.101Z,1,Pasco,Zephyrhills,,,,,,,,,,,,,,,,,,,,,,,,,Rental Listing,2250,Standard,2026-09-14T00:00:00.000Z,,1,,,,,,,,,,,,,,,,,,,,,,,,,,,,,,,,,,,,,,,,,,,,,,,,,,,,,,,,,,,,,,,,,,,,,,,,,,,,,,,,,,,,,,,,,,,,,,,,,,,,,,,,,,,,,,,,,,,,,,,,,,,,,,,,,,,,,,,,,,,,,,,,,,,,,,,,,,,,,,,,,,,,,,,,,,,,,,,,,,,,,,,,,,,,,,,,,,,,,,,,,,,,,,,,,,,,,,,,,,,,,,,,,,,,,,,,,,,,,,,,,,,,,,,,,,,,,,,,,,,,,,,,,,,,,,,,,,,,,,,,,,,,,,,,,,,,,,,,,,,,,,,,,,,,,,,,,,,,,,,,,,,,,,,,,,,,,,,,,,,,,,,,,,,,,,,,,,,,,,,,,,,,,,,,,,,,,,,,,,,,,,,,,,,,,,,,,,,,,,,,,,,,,,,,,,,,,,,,,,,,,,,,,,,,,,,,,,,,,,,,,,,,,,,,,,,,,,,,,,,,,,,,,,,,,,,,,,,,,,,,,,,,,,,,,,,,,,,,,,,,,,,,,,,,,,,,,,,,,,,
"4922-17th-St,-Zephyrhills,-FL-33542","4922 17th St, Zephyrhills, FL 33542",4922 17th St,,Zephyrhills,FL,12,33542,Pasco,101,28.229219,-82.174409,Apartment,2,1.0,900.0,Active,1749,Standard,2026-09-14T00:00:00.000Z,,2026-06-27T00:00:00.000Z,2026-09-14T02:40:31.097Z,1,Pasco,Zephyrhills,,,,,,,,,,,,,,,,,,,,,,,,,Rental Listing,1749,Standard,2026-09-14T00:00:00.000Z,,1,,,,,,,,,,,,,,,,,,,,,,,,,,,,,,,,,,,,,,,,,,,,,,,,,,,,,,,,,,,,,,,,,,,,,,,,,,,,,,,,,,,,,,,,,,,,,,,,,,,,,,,,,,,,,,,,,,,,,,,,,,,,,,,,,,,,,,,,,,,,,,,,,,,,,,,,,,,,,,,,,,,,,,,,,,,,,,,,,,,,,,,,,,,,,,,,,,,,,,,,,,,,,,,,,,,,,,,,,,,,,,,,,,,,,,,,,,,,,,,,,,,,,,,,,,,,,,,,,,,,,,,,,,,,,,,,,,,,,,,,,,,,,,,,,,,,,,,,,,,,,,,,,,,,,,,,,,,,,,,,,,,,,,,,,,,,,,,,,,,,,,,,,,,,,,,,,,,,,,,,,,,,,,,,,,,,,,,,,,,,,,,,,,,,,,,,,,,,,,,,,,,,,,,,,,,,,,,,,,,,,,,,,,,,,,,,,,,,,,,,,,,,,,,,,,,,,,,,,,,,,,,,,,,,,,,,,,,,,,,,,,,,,,,,,,,,,,,,,,,,,,,,,,,,,,,,,,,,,,,
"39132-Co-Rd,---54,-Zephyrhills,-FL-33542","39132 Co Rd, # 54, Zephyrhills, FL 33542",39132 Co Rd,# 54,Zephyrhills,FL,12,33542,Pasco,101,28.250528,-82.169083,Condo,2,2.0,864.0,Active,1400,Standard,2026-09-14T00:00:00.000Z,,2026-03-03T00:00:00.000Z,2026-09-14T02:40:31.087Z,1,Pasco,Zephyrhills,,,,,,,,,,,,,,,,,,,,,,,,,Rental Listing,1400,Standard,2026-09-14T00:00:00.000Z,,1,,,,,,,,,,,,,,,,,,,,,,,,,,,,,,,,,,,,,,,,,,,,,,,,,,,,,,,,,,,,,,,,,,,,,,,,,,,,,,,,,,,,,,,,,,,,,,,,,,,,,,,,,,,,,,,,,,,,,,,,,,,,,,,,,,,,,,,,,,,,,,,,,,,,,,,,,,,,,,,,,,,,,,,,,,,,,,,,,,,,,,,,,,,,,,,,,,,,,,,,,,,,,,,,,,,,,,,,,,,,,,,,,,,,,,,,,,,,,,,,,,,,,,,,,,,,,,,,,,,,,,,,,,,,,,,,,,,,,,,,,,,,,,,,,,,,,,,,,,,,,,,,,,,,,,,,,,,,Rental Listing,1400.0,Standard,2026-03-27T00:00:00.000Z,2026-03-28T00:00:00.000Z,1.0,,,,,,,,,,,,,,,,,,,,,,,,,,,,,,,,,,,,,,,,,,,,,,,,,,,,,,,,,,,,,,,,,,,,,,,,,,,,,,,,,,,,,,,,,,,,,,,,,,,,,,,,,,,,,,,,,,,,,,,,,,,,,,,,,,,,,,,,,,,,,,,,,,,,,,,,,,,,,,,,,,,,,,,,,,,,,,,,,,,,,,,,,,,,,,,,,,,,,,
"5410-4th-St-N,-Unit-B,-Zephyrhills,-FL-33542","5410 4th St N, Unit B, Zephyrhills, FL 33542",5410 4th St N,Unit B,Zephyrhills,FL,12,33542,Pasco,101,28.236292,-82.186516,Condo,4,1.0,,Active,1700,Standard,2026-09-14T00:00:00.000Z,,2026-05-13T00:00:00.000Z,2026-09-14T02:40:31.069Z,1,Pasco,Zephyrhills,,,,,,,,,,,,,,,,,,,,,,,,,Rental Listing,1700,Standard,2026-09-14T00:00:00.000Z,,1,,,,,,,,,,,,,,,,,,,,,,,,,,,,,,,,,,,,,,,,,,,,,,,,,,,,,,,,,,,,,,,,,,,,,,,,,,,,,,,,,,,,,,,,,,,,,,,,,,,,,,,,,,,,,,,,,,,,,,,,,,,,,,,,,,,,,,,,,,,,,,,,,,,,,,,,,,,,,,,,,,,,,,,,,,,,,,,,,,,,,,,,Rental Listing,1900.0,Standard,2026-06-26T00:00:00.000Z,2026-06-27T00:00:00.000Z,1.0,,,,,,,,,,,,,,,,,,,,,,,,,,,,,,,,,,,,,,,,,,,,,,,,,,,,,,,,,,,,,,,,,,,,,,,,,,,,,,,,,,,,,,,,,,,,,,,,,,,,,,,,,,,,,,,,,,,,,,,,,,,,,,,,,,,,,,,,,,,,,,,,,,,,,,,,,,,,,,,,,,,,,,,,,,,,,,,,,,,,,Rental Listing,1900.0,Standard,2026-05-29T00:00:00.000Z,2026-05-30T00:00:00.000Z,1.0,,,,,,,,,,,,,,,,,,,,,,,,,,,,,,,,,,,,,,,,,,,,,,,,,,,,,,,,,,,,,,,,,,,,,,,,,,,,,,,,,,,,,,,,,,,,,,,,,,,,,,,,,,,,,,,,,,,,,,,,,,,,,,,,,,,,,,,,,,,,,,,,
"5617-10th-St,-Zephyrhills,-FL-33542","5617 10th St, Zephyrhills, FL 33542",5617 10th St,,Zephyrhills,FL,12,33542,Pasco,101,28.239141,-82.180396,Single Family,1,1.0,480.0,Active,1350,Standard,2026-09-14T00:00:00.000Z,,2020-02-14T23:56:05.938Z,2026-09-14T02:40:31.052Z,1,Pasco,Zephyrhills,,,,,,,,,,,,,,,,,,,,,,,,,Rental Listing,1350,Standard,2026-09-14T00:00:00.000Z,,1,,,,,,,,,,,,,,,,,,,,,,,,,,,,,,,,,,,,,,,,,,,,,,,,,,,,,,,,,,,,,,,,,,,,,,,,,,,,,,,,,,,,,,,,,,,,,,,,,,,,,,,,,,,,,,,,,,,,,,,,,,,,,,,,,,,,,,,,,,,,,,,,,,,,,,,,,,,,,,,,,,,,,,,,,,,,,,,,,,,,,,,,,,,,,,,,,,,,,,,,,,,,,,,,,,,,,,,,,,,,,,,,,,,,,,,,,,,,,,,,,,,,,,,,,,,,,,,,,,,,,,,,,,,,,,,,,,,,,,,,,,,,,,,,,,,,,,,,,,,,,,,,,,,,,,,,,,,,,,,,,,,,,,,,,,,,,,,,,,,,,,,,,,,,,,,,,,,,,,,,,,,,,,,,,,,,,,,,,,,,,,,,,,,,,,,,,,,,,,,,,,,,,,,,,,,,,,,,,,,,,,,,,,,,,,,,,,,,,,,,,,,,,,,,,,,,,,,,,,,,,,,,,,,,,,,,,,,,,,,,,,,,,,,,,,,,,,,,,,,,,,,,,,,,,,,,,,,,,,,
"28611-Seashell-Ct,-Zephyrhills,-FL-33545","28611 Seashell Ct, Zephyrhills, FL 33545",28611 Seashell Ct,,Zephyrhills,FL,12,33545,Pasco,101,28.246141,-82.342859,Single Family,3,2.0,1321.0,Active,2085,Standard,2026-09-14T00:00:00.000Z,,2020-09-09T02:41:38.140Z,2026-09-14T02:40:31.052Z,1,Pasco,Zephyrhills,,,,,,,,,,,,,,,,,,,,,,,,,Rental Listing,2085,Standard,2026-09-14T00:00:00.000Z,,1,,,,,,,,,,,,,,,,,,,,,,,,,,,,,,,,,,,,,,,,,,,,,,,,,,,,,,,,,,,,,,,,,,,,,,,,,,,,,,,,,,,,,,,,,,,,,,,,,,,,,,,,,,,,,,,,,,,,,,,,,,,,,,,,,,,,,,,,,,,,,,,,,,,,,,,,,,,,,,,,,,,,,,,,,,,,,,,,,,,,,,,,,,,,,,,,,,,,,,,,,,,,,,,,,,,,,,,,,,,,,,,,,,,,,,,,,,,,,,,,,,,,,,,,,,,,,,,,,,,,,,,,,,,,,,,,,,,,,,,,,,,,,,,,,,,,,,,,,,,,,,,,,,,,,,,,,,,,,,,,,,,,,,,,,,,,,,,,,,,,,,,,,,,,,,,,,,,,,,,,,,,,,,,,,,,,,,,,,,,,,,,,,,,,,,,,,,,,,,,,,,,,,,,,,,,,,,,,,,,,,,,,,,,,,,,,,,,,,,,,,,,,,,,,,,,,,,,,,,,,,,,,,,,,,,,,,,,,,,,,,,,,,,,,,,,,,,,,,,,,,,,,,,,,,,,,,,,,,,,
"28537-Seashell-Ct,-Zephyrhills,-FL-33545","28537 Seashell Ct, Zephyrhills, FL 33545",28537 Seashell Ct,,Zephyrhills,FL,12,33545,Pasco,101,28.246143,-82.343766,Single Family,4,2.0,1424.0,Active,2099,Standard,2026-09-14T00:00:00.000Z,,2019-07-12T02:13:35.022Z,2026-09-14T02:40:31.025Z,1,Pasco,Zephyrhills,,,,,,,,,,,,,,,,,,,,,,,,,Rental Listing,2099,Standard,2026-09-14T00:00:00.000Z,,1,,,,,,,,,,,,,,,,,,,,,,,,,,,,,,,,,,,,,,,,,,,,,,,,,,,,,,,,,,,,,,,,,,,,,,,,,,,,,,,,,,,,,,,,,,,,,,,,,,,,,,,,,,,,,,,,,,,,,,,,,,,,,,,,,,,,,,,,,,,,,,,,,,,,,,,,,,,,,,,,,,,,,,,,,,,,,,,,,,,,,,,,,,,,,,,,,,,,,,,,,,,,,,,,,,,,,,,,,,,,,,,,,,,,,,,,,,,,,,,,,,,,,,,,,,,,,,,,,,,,,,,,,,,,,,,,,,,,,,,,,,,,,,,,,,,,,,,,,,,,,,,,,,,,,,,,,,,,,,,,,,,,,,,,,,,,,,,,,,,,,,,,,,,,,,,,,,,,,,,,,,,,,,,,,,,,,,,,,,,,,,,,,,,,,,,,,,,,,,,,,,,,,,,,,,,,,,,,,,Rental Listing,2049.0,Standard,2025-09-10T00:00:00.000Z,2025-09-11T00:00:00.000Z,1.0,,,,,,,,,,,,,,,,,,,,,,,,,,,,,,,,,,,,,,,,,,,,,,,,,,,,,,,,,,,,,,,,,,,,,,,,,,,,,,,,,,,,,,,,,,,,,,,,
"5225-11th-St,-Zephyrhills,-FL-33542","5225 11th St, Zephyrhills, FL 33542",5225 11th St,,Zephyrhills,FL,12,33542,Pasco,101,28.233456,-82.1761,Single Family,3,2.0,796.0,Active,1795,Standard,2026-09-14T00:00:00.000Z,,2023-06-14T00:00:00.000Z,2026-09-14T02:40:31.016Z,1,Pasco,Zephyrhills,,,,,,,,,,,,,,,,,,,,,,,,,Rental Listing,1795,Standard,2026-09-14T00:00:00.000Z,,1,,,,,,,,,,,,,,,,,,,,,,,,,,,,,,,,,,,,,,,,,,,,,,,,,,,,,,,,,,,,,,,,,,,,,,,,,,,,,,,,,,,,,,,,,,,,,,,,,,,,,,,,,,,,,,,,,,,,,,,,,,,,,,,,,,,,,,,,,,,,,,,,,,,,,,,,,,,,,,,,,,,,,,,,,,,,,,,,,,,,,,,,,,,,,,,,,,,,,,,,,,,,,,,,,,,,,,,,,,,,,,,,,,,,,,,,,,,,,,,,,,,,,,,,,,,,,,,,,,,,,,,,,,,,,,,,,,,,,,,,,,,,,,,,,,,,,,,,,,,,,,,,,,,,,,,,,,,,,,,,,,,,,,,,,,,,,,,,,,,,,,,,,,,,,,,,,,,,,,,,,,,,,,,,,,,,,,,,,,,,,,,,,,,,,,,,,,,,,,,,,,,,,,,,,,,,,,,,,,,,,,,,,,,,,,,,,,,,,,,,,,,,,,,,,,,,,,,,,,,,,,,,,,,,,,,,,,,,,,,,,,,,,,,,,,,,,,,,,,,,,,,,,,,,,,,,,,,,,,,
"38944-New-Dennison-Ln,-Zephyrhills,-FL-33542","38944 New Dennison Ln, Zephyrhills, FL 33542",38944 New Dennison Ln,,Zephyrhills,FL,12,33542,Pasco,101,28.256956,-82.17202,Single Family,3,2.0,534.0,Active,1475,Standard,2026-09-14T00:00:00.000Z,,2019-11-04T13:58:15.946Z,2026-09-14T02:40:31.010Z,1,Pasco,Zephyrhills,,,,,,,,,,,,,,,,,,,,,,,,,Rental Listing,1475,Standard,2026-09-14T00:00:00.000Z,,1,,,,,,,,,,,,,,1960.0,,,,,,,,,,,,,,,,,,,,,,,,,,,,,,,,,,,,,,,,,,,,,,,,,,,,,,,,,,,,,,,,,,,,,,,,,,,,,,,,,,,,,,,,,,,,,,,,,,,,,,,,,,,,,,,,,,,,,,,,,,,,,,,,,,,,,,,,,,,,,,,,,,,,,,,,,,,,,,,,,,,,,,,,,,,,,,,,,,,,,,,,,,,,,,,,,,,,,,,,,,,,,,,,,,,,,,,,,,,,,,,,,,,,,,,,,,,,,,,,,,,,,,,,,,,,,,,,,,,,,,,,,,,,,,,,,,,,,,,,,,,,,,,,,,,,,,,,,,,,,,,,,,,,,,,,,,,,,,,,,,,,,,,,,,,,,,,,,,,,,,,,,,,,,,,,,,,,,,,,,,,,,,,,,,,,,,,,,,,,,,,,,,,,,,,,,,,,,,,,,,,,,,,,,,Rental Listing,1750.0,Standard,2026-06-16T00:00:00.000Z,2026-06-17T00:00:00.000Z,1.0,,,,,,,,,,,,,,,,,,,,,,,,,,,,,,,,,,,,,,,,,,,,,,,,,,,,,,,,,,,,,,,,,,,,,,,,,,,,,,,,,,,,,,,,,,
"39049-Harlow-Rose-Dr,-Zephyrhills,-FL-33540","39049 Harlow Rose Dr, Zephyrhills, FL 33540",39049 Harlow Rose Dr,,Zephyrhills,FL,12,33540,Pasco,101,28.202846,-82.172751,Single Family,3,2.0,1491.0,Active,2180,Standard,2026-09-14T00:00:00.000Z,,2023-05-02T00:00:00.000Z,2026-09-14T02:40:26.961Z,1,Pasco,Zephyrhills,,,,,,,,,,,,,,,,,,,,,,,,,Rental Listing,2180,Standard,2026-09-14T00:00:00.000Z,,1,,,,,,,,,,,,,,,,,,,,,,,,,,,,,,,,,,,,,,,,,,,,,,,,,,,,,,,,,,,,,,,,,,,,,,,,,,,,,,,,,,,,,,,,,,,,,,,,,,,,,,,,,,,,,,,,,,,,,,,,,,,,,,,,,,,,,,,,,,,,,,,,,,,,,,,,,,,,,,,,,,,,,,,,,,,,,,,,,,,,,,,,,,,,,,,,,,,,,,,,,,,,,,,,,,,,,,,,,,,,,,,,,,,,,,,,,,,,,,,,,,,,,,,,,,,,,,,,,,,,,,,,,,,,,,,,,,,,,,,,,,,,,,,,,,,,,,,,,,,,,,,,,,,,,,,,,,,,,,,,,,,,,,,,,,,,,,,,,,,,,,,,,,,,,,,,,,,,,,,,,,,,,,,,,,,,,,,,,,,,,,,,,,,,,,,,,,,,,,,,,,,,,,,,,,,,,,,,,,,,,,,,,,,,,,Rental Listing,2150.0,Standard,2023-05-03T00:00:00.000Z,2025-09-15T00:00:00.000Z,866.0,,,,,,,,,,,,,,,,,,,,,,,,,,,,,,,,,,,,,,,,,,,,,,,,,,,,,,,,,,,,,,,,,,,,,,,,,,,,,,,,,,,,
"1837-Tangledvine-Dr,-Zephyrhills,-FL-33543","1837 Tangledvine Dr, Zephyrhills, FL 33543",1837 Tangledvine Dr,,Zephyrhills,FL,12,33543,Pasco,101,28.181435,-82.339519,Single Family,3,2.0,1759.0,Active,2445,Standard,2026-09-14T00:00:00.000Z,,2023-04-01T00:00:00.000Z,2026-09-14T02:40:26.824Z,1,Pasco,Zephyrhills,,,,,,,,,,,,,,,,,,,,,,,,,Rental Listing,2445,Standard,2026-09-14T00:00:00.000Z,,1,,,,,,,,,,,,,,,,,,,,,,,,,,,,,,,,,,,,,,,,,,,,,,,,,,,,,,,,,,,,,,,,,,,,,,,,,,,,,,,,,,,,,,,,,,,,,,,,,,,,,,,,,,,,,,,,,,,,,,,,,,,,,,,,,,,,,,,,,,,,,,,,,,,,,,,,,,,,,,,,,,,,,,,,,,,,,,,,,,,,,,,,,,,,,,,,,,,,,,,,,,,,,,,,,,,,,,,,,,,,,,,,,,,,,,,,,,,,,,,,,,,,,,,,,,,,,,,,,,,,,,,,,,,,,,,,,,,,,,,,,,,,,,,,,,,,,,,,,,,,,,,,,,,,,,,,,,,,,,,,,,,,,,,,,,,,,,,,,,,,,,,,,,,,,,,,,,,,,,,,,,,,,,,,,,,,,,,,,,,,,,,,,,,,,,,,,,,,,,,,,,,,,,,,,,,,,,,,,,,,,,,,,,,,,,,,,,,,Rental Listing,2635.0,Standard,2025-06-25T00:00:00.000Z,2025-06-26T00:00:00.000Z,1.0,Rental Listing,2385.0,Standard,2025-07-30T00:00:00.000Z,2025-07-31T00:00:00.000Z,1.0,,,,,,,,,,,,,,,,,,,,,,,,,,,,,,,,,,,,,,,,,,,,,,,,,,,,,,,,,,,,,,,,,,,,,,,,
"34406-Smart-Dr,-Zephyrhills,-FL-33541","34406 Smart Dr, Zephyrhills, FL 33541",34406 Smart Dr,,Zephyrhills,FL,12,33541,Pasco,101,28.233527,-82.245014,Single Family,3,2.0,1505.0,Active,2180,Standard,2026-09-14T00:00:00.000Z,,2021-10-12T00:47:29.134Z,2026-09-14T02:40:26.818Z,1,Pasco,Zephyrhills,,,,,,,,,,,,,,,,,,,,,,,,,Rental Listing,2180,Standard,2026-09-14T00:00:00.000Z,,1,,,,,,,,,,,,,,,,,,,,,,,,,,,,,,,,,,,,,,,,,,,,,,,,,,,,,,,,,,,,,,,,,,,,,,,,,,,,,,,,,,,,,,,,,,,,,,,,,,,,,,,,,,,,,,,,,,,,,,,,,,,,,,,,,,,,,,,,,,,,,,,,,,,,,,,,,,,,,,,,,,,,,,,,,,,,,,,,,,,,,,,,,,,,,,,,,,,,,,,,,,,,,,,,,,,,,,,,,,,,,,,,,,,,,,,,,,,,,,,,,,,,,,,,,,,,,,,,,,,,,,,,,,,,,,,,,,,,,,,,,,,,,,,,,,,,,,,,,,,,,,,,,,,,,,,,,,,,,,,,,,,,,,,,,,,,,,,,,,,,,,,,,,,,,,,,,,,,,,,,,,,,,,,,,,,,,,,,,,,,,,,,,,,,,,,,,,,,,,,,,,,,,,,,,,,,,,,,,,Rental Listing,2125.0,Standard,2025-09-10T00:00:00.000Z,2025-09-11T00:00:00.000Z,1.0,,,,,,,,,,,,,,,,,,,,,,,,,Rental Listing,2165.0,Standard,2025-06-29T00:00:00.000Z,2025-06-30T00:00:00.000Z,1.0,,,,,,,,,,,,,,,,,,,,,,,,,,,,,,,,,,,,,,,,,,,,,,,,,,,,,,,,,,,,,,,,,,
"6035-Pointe-Pleasant-Blvd,-Zephyrhills,-FL-33545","6035 Pointe Pleasant Blvd, Zephyrhills, FL 33545",6035 Pointe Pleasant Blvd,,Zephyrhills,FL,12,33545,Pasco,101,28.244949,-82.342735,Single Family,4,2.0,1415.0,Active,1995,Standard,2026-09-14T00:00:00.000Z,,2020-02-29T02:19:18.195Z,2026-09-14T02:40:26.811Z,1,Pasco,Zephyrhills,,,,,,,,,,,,,,,,,,,,,,,,,Rental Listing,1995,Standard,2026-09-14T00:00:00.000Z,,1,,,,,,,,,,,,,,,,,,,,,,,,,,,,,,,,,,,,,,,,,,,,,,,,,,,,,,,,,,,,,,,,,,,,,,,,,,,,,,,,,,,,,,,,,,,,,,,,,,,,,,,,,,,,,,,,,,,,,,,,,,,,,,,,,,,,,,,,,,,,,,,,,,,,,,,,,,,,,,,,,,,,,,,,,,,,,,,,,,,,,,,,,,,,,,,,,,,,,,,,,,,,,,,,,,,,,,,,,,,,,,,,,,,,,,,,,,,,,,,,,,,,,,,,,,,,,,,,,,,,,,,,,,,,,,,,,,,,,,,,,,,,,,,,,,,,,,,,,,,,,,,,,,,,,,,,,,,,,,,,,,,,,,,,,,,,,,,,,,,,,,,,,,,,,,,,,,,,,,,,,,,,,,,,,,,,,,,,,,,,,,,,,,,,,,,,,,,,,,,,,,,,,,,,,,,,,,,,,,,,,,,,,,,,,,,,,,,,,,,,,,,,,,,,,,,,,,Rental Listing,3330.0,Standard,2026-04-28T00:00:00.000Z,2026-04-29T00:00:00.000Z,1.0,,,,,,,,,,,,,,,,,,,,,,,,,,,,,,,,,,,,,,,,,,,,,,,,,,,,,,,,,,,,
"5150-6th-St,-Apt-3,-Zephyrhills,-FL-33542","5150 6th St, Apt 3, Zephyrhills, FL 33542",5150 6th St,Apt 3,Zephyrhills,FL,12,33542,Pasco,101,28.232796,-82.182274,Apartment,1,1.0,600.0,Active,1000,Standard,2026-09-14T00:00:00.000Z,,2022-12-26T01:34:44.626Z,2026-09-14T02:40:26.803Z,1,Pasco,Zephyrhills,,,,,,,,,,,,,,,,,,,,,,,,,Rental Listing,1000,Standard,2026-09-14T00:00:00.000Z,,1,,,,,,,,,,,,,,,,,,,,,,,,,,,,,,,,,,,,,,,,,,,,,,,,,,,,,,,,,,,,,,,,,,,,,,,,,,,,,,,,,,,,,,,,,,,,,,,,,,,,,,,,,,,,,,,,,,,,,,,,,,,,,,,,,,,,,,,,,,,,,,,,,,,,,,,,,,,,,,,,,,,,,,,,,,,,,,,,,,,,,,,,,,,,,,,,,,,,,,,,,,,,,,,,,,,,,,,,,,,,,,,,,,,,,,,,,,,,,,,,,,,,,,,,,,,,,,,,,,,,,,,,,,,,,,,,,,,,,,,,,,,,,,,,,,,,,,,,,,,,,,,,,,,,,,,,,,,,,,,,,,,,,,,,,,,,,,,,,,,,,,,,,,,,,,,,,,,,,,,,,,,,,,,,,,,,,,,,,,,,,,,,,,,,,,,,,,,,,,,,,,,,,,,,,,,,,,,,,,,,,,,,,,,,,,,,,,,,,,,,,,,,,,,,,,,,,,,,,,,,,,,,,,,,,,,,,,,,,,,,,,,,,,,,,,,,,,,,,,,,,,,,,,,,,,,,,,,,,,,
"4719-Tangelo-Dr,-Zephyrhills,-FL-33541","4719 Tangelo Dr, Zephyrhills, FL 33541",4719 Tangelo Dr,,Zephyrhills,FL,12,33541,Pasco,101,28.22587,-82.24379,Single Family,2,2.0,1517.0,Active,1800,Standard,2026-09-14T00:00:00.000Z,,2026-06-27T00:00:00.000Z,2026-09-14T02:31:06.342Z,1,Pasco,Zephyrhills,,,,,,,,,,,,,,,,,,,,,,,,,Rental Listing,1800,Standard,2026-09-14T00:00:00.000Z,,1,,,,,,,,,,,,,,,,,,,,,,,,,,,,,,,,,,,,,,,,,,,,,,,,,,,,,,,,,,,,,,,,,,,,,,,,,,,,,,,,,,,,,,,,,,,,,,,,,,,,,,,,,,,,,,,,,,,,,,,,,,,,,,,,,,,,,,,,,,,,,,,,,,,,,,,,,,,,,,,,,,,,,,,,,,,,,,,,,,,,,,,,,,,,,,,,,,,,,,,,,,,,,,,,,,,,,,,,,,,,,,,,,,,,,,,,,,,,,,,,,,,,,,,,,,,,,,,,,,,,,,,,,,,,,,,,,,,,,,,,,,,,,,,,,,,,,,,,,,,,,,,,,,,,,,,,,,,,,,,,,,,,,,,,,,,,,,,,,,,,,,,,,,,,,,,,,,,,,,,,,,,,,,,,,,,,,,,,,,,,,,,,,,,,,,,,,,,,,,,,,,,,,,,,,,,,,,,,,,,,,,,,,,,,,,,,,,,,,,,,,,,,,,,,,,,,,,,,,,,,,,,,,,,,,,,,,,,,,,,,,,,,,,,,,,,,,,,,,,,,,,,,,,,,,,,,,,,,,,,
"7725-Forbes-Rd,-Zephyrhills,-FL-33540","7725 Forbes Rd, Zephyrhills, FL 33540",7725 Forbes Rd,,Zephyrhills,FL,12,33540,Pasco,101,28.269436,-82.155426,Single Family,2,1.0,784.0,Active,1150,Standard,2026-09-14T00:00:00.000Z,,2026-01-17T00:00:00.000Z,2026-09-14T02:31:06.340Z,1,Pasco,Zephyrhills,,,,,,,,,,,,,,,,,,,,,,,,,Rental Listing,1150,Standard,2026-09-14T00:00:00.000Z,,1,,,,,,,,,,,,,,,,,,,,,,,,,,,,,,,,,,,,,,,,,,,,,,,,,,,,,,,,,,,,,,,,,,,,,,,,,,,,,,,,,,,,,,,,,,,,,,,,,,,,,,,,,,,,,,,,,,,,,,,,,,,,,,,,,,,,,,,,,,,,,,,,,,,,,,,,,,,,,,,,,,,,,,,,,,,,,,,,,,,,,,,,,,,,,,,,,,,,,,,,,,,,,,,,,,,,,,,,,,,,,,,,,,,,,,,,,,,,,,,,,,,,,,,,,,,,,,,,,,,,,,,,,,,,,,,,,,,,,,,,,,,,,,,,,,,,,,,,,,,,,,,,,,,,,,,,,,,,,,,,,,,,,,,,,,,,,,,,,,,,,,,,,,,,,,,,,,,,,,,,,,,,,,,,,,,,,,,,,,,,,,,,,,,,,,,,,,,,,,,,,,,,,,,,,,,,,,,,,,,,,,,,,,,,,,,,,,,,,,,,,,,,,,,,,,,,,,,,,,,,Rental Listing,1150.0,Standard,2026-01-20T00:00:00.000Z,2026-01-21T00:00:00.000Z,1.0,Rental Listing,1150.0,Standard,2026-02-10T00:00:00.000Z,2026-02-11T00:00:00.000Z,1.0,Rental Listing,1150.0,Standard,2026-03-06T00:00:00.000Z,2026-03-07T00:00:00.000Z,1.0,,,,,,,,,,,,,,,,,,,,,,,,,,,,,,,,,,,,,,,,,,
"5912-Bramble-Bush-Ct,-Zephyrhills,-FL-33541","5912 Bramble Bush Ct, Zephyrhills, FL 33541",5912 Bramble Bush Ct,,Zephyrhills,FL,12,33541,Pasco,101,28.243273,-82.23629,Single Family,4,3.0,2243.0,Active,2395,Standard,2026-09-14T00:00:00.000Z,,2023-06-15T00:00:00.000Z,2026-09-14T02:31:06.272Z,1,Pasco,Zephyrhills,,,,,,,,,,,,,,,,,,,,,,,,,Rental Listing,2395,Standard,2026-09-14T00:00:00.000Z,,1,,,,,,,,,,,,,10454.0,2006.0,43.0,,,,,,,,,,,,,,,,,,,,,,,,,,,,,,,,,,,,,,,,,,,,,,,,,,,,,,,,,,,,,,,,,,,,,,,,,,,,,,,,,,,,,,,,,,,,,,,,,,,,,,,,,,,,,,,,,,,,,,,,,,,,,,,,,,,,,,,,,,,,,,,,,,,,,,,,,,,,,,,,,,,,,,,,,,,,,,,,,,,,,,,,,,,,,,,,,,,,,,,,,,,,,,,,,,,,,,,,,,,,,,,,,,,,,,,,,,,,,,,,,,,,,,,,,,,,,,,,,,,,,,,,,,,,,,,,,,,,,,,,,,,,,,,,,,,,,,,,,,,,,,,,,,,,,,,,,,,,,,,,,,,,,,,,,,,,,,,,,,,,,,,,,,,,,,,,,,,,,,,,,,,,,,,,,,,,,,,,,,,,,,,,,,,,,,,,,,,,,,,,,,,,,,,,,,,,,,,,,,,,,,,,,,,,,,,,,,,,,,,,,,,,,,,,,,,,,,,,,,,,,,,,,,,,,,,,,,,,,,,,,,,,,,,,,,,,,,,,,,,,,,,,
"32152-Brookstone-Dr,-Zephyrhills,-FL-33545","32152 Brookstone Dr, Zephyrhills, FL 33545",32152 Brookstone Dr,,Zephyrhills,FL,12,33545,Pasco,101,28.228372,-82.28435,Single Family,5,3.0,3390.0,Active,3395,Standard,2026-09-14T00:00:00.000Z,,2022-07-02T02:18:20.463Z,2026-09-14T02:31:06.270Z,1,Pasco,Zephyrhills,,,,,,,,,,,,,,,,,,,,,,,,,Rental Listing,3395,Standard,2026-09-14T00:00:00.000Z,,1,,,,,,,,,,,,,,,,,,,,,,,,,,,,,,,,,,,,,,,,,,,,,,,,,,,,,,,,,,,,,,,,,,,,,,,,,,,,,,,,,,,,,,,,,,,,,,,,,,,,,,,,,,,,,,,,,,,,,,,,,,,,,,,,,,,,,,,,,,,,,,,,,,,,,,,,,,,,,,,,,,,,,,,,,,,,,,,,,,,,,,,,,,,,,,,,,,,,,,,,,,,,,,,,,,,,,,,,,,,,,,,,,,,,,,,,,,,,,,,,,,,,,,,,,,,,,,,,,,,,,,,,,,,,,,,,,,,,,,,,,,,,,,,,,,,,,,,,,,,,,,,,,,,,,,,,,,,,,,,,,,,,,,,,,,,,,,,,,,,,,,,,,,,,,,,,,,,,,,,,,,,,,,,,,,,,,,,,,,,,,,,,,,,,,,,,,,,,,,,,,,,,,,,,,,,,,,,,,,,,,,,,,,,,,,,,,,,,,,,,,,,,,,,,,,,,,,,,,,,,,,,,,,,,,,,,,,,,,,,,,,,,,,,,,,,,,,,,,,,,,,,,,,,,,,,,,,,,,,,
"36111-Shady-Bluff-Loop,-Zephyrhills,-FL-33541","36111 Shady Bluff Loop, Zephyrhills, FL 33541",36111 Shady Bluff Loop,,Zephyrhills,FL,12,33541,Pasco,101,28.246964,-82.218634,Single Family,5,2.5,2118.0,Active,2370,Standard,2026-09-14T00:00:00.000Z,,2026-05-06T00:00:00.000Z,2026-09-14T02:31:06.263Z,1,Pasco,Zephyrhills,,,,,,,,,,,,,,,,,,,,,,,,,Rental Listing,2370,Standard,2026-09-14T00:00:00.000Z,,1,,,,,,,,,,,,,,,,,,,,,,,,,,,,,,,,,,,,,,,,,,,,,,,,,,,,,,,,,,,,,,,,,,,,,,,,,,,,Rental Listing,2395.0,Standard,2026-07-22T00:00:00.000Z,2026-07-23T00:00:00.000Z,1.0,,,,,,,,,,,,,,,,,,,,,,,,,,,,,,,,,,,,,,,,,,,,,,,,,,,,,,,,,,,,,,,,,,,,,,,,,,,,,,,,,,,,,,,,,,,,,,,,,,,,,,,,,,,,,,,,,,,,,,,,,,,,,,,,,,,,,,,,,,,,,,,,,,,,,,,,,,,,,,,,,,,,,,,,,,,,,,,,,,,,,,,,,,,,,,,,,,,,,,,,,,,,,,,,,,,,,,,,,,,,,,,,,,,,,,,,,,,,,,,,,,,,,,,,,,,,,,,,,,,,,,,,,,,,,,,,,,,,,,,,,,,,,,,,,,,,,,,,,,,,,,,,,,,,,,,,,,,,,,,,,,,,,,,,,,,,,,,,,,,,,,,,,,,,,,,,,,,,,,,,,,,,,,,,,,,,,,,,,,,,,,,,,,,,,,,,,,,,,Rental Listing,2445.0,Standard,2026-06-20T00:00:00.000Z,2026-06-21T00:00:00.000Z,1.0,Rental Listing,2395.0,Standard,2026-07-29T00:00:00.000Z,2026-07-30T00:00:00.000Z,1.0,,,,,,,,,,,,,,,,,,,,,,,,,,,,,,
"36232-Misty-Oak-Unit-Bldg-7-Dr,-Unit-204,-Zephyrhills,-FL-33541","36232 Misty Oak Unit Bldg 7 Dr, Unit 204, Zephyrhills, FL 33541",36232 Misty Oak Unit Bldg 7 Dr,Unit 204,Zephyrhills,FL,12,33541,Pasco,101,28.242856,-82.217158,Condo,3,2.0,1325.0,Active,1600,Standard,2026-09-14T00:00:00.000Z,,2026-05-14T00:00:00.000Z,2026-09-14T02:31:06.248Z,1,Pasco,Zephyrhills,,,,,,,,,,,,,,,,,,,,,,,,,Rental Listing,1600,Standard,2026-09-14T00:00:00.000Z,,1,,,,,,,,,,,,,,,,,,,,,,,,,,,,,,,,,,,,,,,,,,,,,,,,,,,,,,,,,,,,,,,,,,,,,,,,,,,,,,,,,,,,,,,,,,,,,,,,,,,,,,,,,,,,,,,,,,,,,,,,,,,,,,,,,,,,,,,,,,,,,,,,,,,,,,,,,,,,,,,,,,,,,,,,,,,,,,,,,,,,,,,,,,,,,,,,,,,,,,,,,,,,,,,,,,,,,,,,,,,,,,,,,,,,,,,,,,,,,,,,,,,,,,,,,,,,,,,,,,,,,,,,,,,,,,,,,,,,,,,,,,,,,,,,,,,,,,,,,,,,,,,,,,,,,,,,,,,,,,,,,,,,,,,,,,,,,,,,,,,,,,,,,,,,,,,,,,,,,,,,,,,,,,,,,,,,,,,,,,,,,,,,,,,,,,,,,,,,,,,,,,,,,,,,,,,,,,,,,,,,,,,,,,,,,,,,,,,,,,,,,,,,,,,,,,,,,,,,,,,,,,,,,,,,,,,,,,,,,,,,,,,,,,,,,,Rental Listing,1700.0,Standard,2026-06-01T00:00:00.000Z,2026-06-02T00:00:00.000Z,1.0,,,,,,,,,,,,,,,,,,,,,,,,
"5517-18th-St,-Zephyrhills,-FL-33542","5517 18th St, Zephyrhills, FL 33542",5517 18th St,,Zephyrhills,FL,12,33542,Pasco,101,28.237615,-82.173872,Single Family,2,1.0,1372.0,Active,1395,Standard,2026-09-14T00:00:00.000Z,,2019-10-02T23:05:41.695Z,2026-09-14T02:31:06.245Z,1,Pasco,Zephyrhills,,,,,,,,,,,,,,,,,,,,,,,,,Rental Listing,1395,Standard,2026-09-14T00:00:00.000Z,,1,,,,,,,,,,,,,,,,,,,,,,,,,,,,,,,,,,,,,,,,,,,,,,,,,,,,,,,,,,,,,,,,,,,,,,,,,,,,,,,,,,,,,,,,,,,,,,,,,,,,,,,,,,,,,,,,,,,,,,,,,,,,,,,,,,,,,,,,,,,,,,,,,,,,,,,,,,,,,,,,,,,,,,,,,,,,,,,,,,,,,,,,,,,,,,,,,,,,,,,,,,,,,,,,,,,,,,,,,,,,,,,,,,,,,,,,,,,,,,,,,,,,,,,,,,,,,,,,,,,,,,,,,,,,,,,,,,,,,,,,,,,,,,,,,,,,,,,,,,,,,,,,,,,,,,,,,,,,,,,,,,,,,,,,,,,,,,,,,,,,,,,,,,,,,,,,,,,,,,,,,,,,,,,,,,,,,,,,,,,,,,,,,,,,,,,,,,,,,,,,,,,,,,,,,,,,,,,,,,,,,,,,,,,,,,,,,,,,,,,,,,,,,,,,,,,,,,,,,,,,,,,,,,,,,,,,,,,,,,,,,,,,,,,,,,,,,,,,Rental Listing,1100.0,Standard,2025-07-14T00:00:00.000Z,2025-07-15T00:00:00.000Z,1.0,,,,,,,,,,,,,,,,,,
"38621-Rose-Ln,-Zephyrhills,-FL-33542","38621 Rose Ln, Zephyrhills, FL 33542",38621 Rose Ln,,Zephyrhills,FL,12,33542,Pasco,101,28.244865,-82.177078,Single Family,2,1.0,1040.0,Active,1395,Standard,2026-09-14T00:00:00.000Z,,2023-07-14T00:00:00.000Z,2026-09-14T02:31:06.236Z,1,Pasco,Zephyrhills,,,,,,,,,,,,,,,,,,,,,,,,,Rental Listing,1395,Standard,2026-09-14T00:00:00.000Z,,1,,,,,,,,,,,,,,,,,,,,,,,,,,,,,,,,,,,,,,,,,,,,,,,,,,,,,,,,,,,,,,,,,,,,,,,,,,,,,,,,,,,,,,,,,,,,,,,,,,,,,,,,,,,,,,,,,,,,,,,,,,,,,,,,,,,,,,,,,,,,,,,,,,,,,,,,,,,,,,,,,,,,,,,,,,,,,,,,,,,,,,,,,,,,,,,,,,,,,,,,,,,,,,,,,,,,,,,,,,,,,,,,,,,,,,,,,,,,,,,,,,,,,,,,,,,,,,,,,,,,,,,,,,,,,,,,,,,,,,,,,,,,,,,,,,,,,,,,,,,,,,,,,,,,,,,,,,,,,,,,,,,,,,,,,,,,,,,,,,,,,,,,,,,,,,,,,,,,,,,,,,,,,,,,,,,,,,,,,,,,,,,,,,,,,,,,,,,,,,,,,,,,,,,,,,,,,,,,,,,,,,,,,,,,,,,,,,,,,,,,,,,,,,,,,,,,,,,,,,,,,,,,,,,,,,,,,,,,,,,,,,,,,,,,,,,,,,,,,,,,,,Rental Listing,1495.0,Standard,2025-05-14T00:00:00.000Z,2025-05-15T00:00:00.000Z,1.0,,,,,,,,,,,,
"37831-Dusty-Saddle-Ln,-Zephyrhills,-FL-33541","37831 Dusty Saddle Ln, Zephyrhills, FL 33541",37831 Dusty Saddle Ln,,Zephyrhills,FL,12,33541,Pasco,101,28.283725,-82.19142,Single Family,5,3.0,2377.0,Active,2645,Standard,2026-09-14T00:00:00.000Z,,2025-07-18T00:00:00.000Z,2026-09-14T02:31:06.228Z,1,Pasco,Zephyrhills,,,,,,,,,,,,,,,,,,,,,,,,,Rental Listing,2645,Standard,2026-09-14T00:00:00.000Z,,1,,,,,,,,,,,,,,2025.0,,,,,,,,,,,,,,,,,,,,,,,,,,,,,,,,,,,,,,,,,,,,,,,,,,,,,,,,,,,,,,,,,,,,,,,,,,,,,,,,,,,,,,,,,,,,,,,,,,,,,,,,,,,,,,,,,,,,,,,,,,,,,,,,,,,,,,,,,,,,,,,,,,,,,,,,,,,,,,,,,,,,,,,,,,,,,,,,,,,,,,,,,,,,,,,,,,,,,,,,,,,,,,,,,,,,,,,,,,,,,,,,,,,,,,,,,,,,,,,,,,,,,,,,,,,,,,,,,,,,,,,,,,,,,,,,,,,,,,,,,,,,,,,,,,,,,,,,,,,,,,,,,,,,,,,,,,,,,,,,,,,,,,,,,,,,,,,,,,,,,,,,,,,,,,,,,,,,,,,,,,,,,,,,,,,,,,,,,,,,,,,,,,,,,,,,,,,,,,,,,,,,,,,,,,,,,,,,,,,,,,,,,,,,,,,,,,,,,,,,,,,,,,,,,,,,,,,,,,,,,,,,,,,,,,,,,,,,,,,,,,,,,,,,,,,,,,Rental Listing,2550.0,Standard,2025-08-22T00:00:00.000Z,2025-08-23T00:00:00.000Z,1.0,Rental Listing,2550.0,Standard,2025-08-26T00:00:00.000Z,2025-08-27T00:00:00.000Z,1.0
