id,formattedAddress,addressLine1,addressLine2,city,state,stateFips,zipCode,county,countyFips,latitude,longitude,propertyType,bedrooms,bathrooms,squareFootage,status,price,listingType,listedDate,removedDate,createdDate,lastSeenDate,daysOnMarket,meta_source_county,meta_source_city,history.2026-03-25.event,history.2026-03-25.price,history.2026-03-25.listingType,history.2026-03-25.listedDate,history.2026-03-25.removedDate,history.2026-03-25.daysOnMarket,history.2026-04-03.event,history.2026-04-03.price,history.2026-04-03.listingType,history.2026-04-03.listedDate,history.2026-04-03.removedDate,history.2026-04-03.daysOnMarket,history.2026-04-25.event,history.2026-04-25.price,history.2026-04-25.listingType,history.2026-04-25.listedDate,history.2026-04-25.removedDate,history.2026-04-25.daysOnMarket,history.2026-10-03.event,history.2026-10-03.price,history.2026-10-03.listingType,history.2026-10-03.listedDate,history.2026-10-03.removedDate,history.2026-10-03.daysOnMarket,history.2026-08-28.event,history.2026-08-28.price,history.2026-08-28.listingType,history.2026-08-28.listedDate,history.2026-08-28.removedDate,history.2026-08-28.daysOnMarket,history.2024-10-25.event,history.2024-10-25.price,history.2024-10-25.listingType,history.2024-10-25.listedDate,history.2024-10-25.removedDate,history.2024-10-25.daysOnMarket,history.2026-07-31.event,history.2026-07-31.price,history.2026-07-31.listingType,history.2026-07-31.listedDate,history.2026-07-31.removedDate,history.2026-07-31.daysOnMarket,history.2026-07-21.event,history.2026-07-21.price,history.2026-07-21.listingType,history.2026-07-21.listedDate,history.2026-07-21.removedDate,history.2026-07-21.daysOnMarket,history.2026-03-14.event,history.2026-03-14.price,history.2026-03-14.listingType,history.2026-03-14.listedDate,history.2026-03-14.removedDate,history.2026-03-14.daysOnMarket,history.2026-04-22.event,history.2026-04-22.price,history.2026-04-22.listingType,history.2026-04-22.listedDate,history.2026-04-22.removedDate,history.2026-04-22.daysOnMarket,history.2026-06-02.event,history.2026-06-02.price,history.2026-06-02.listingType,history.2026-06-02.listedDate,history.2026-06-02.removedDate,history.2026-06-02.daysOnMarket,history.2026-08-26.event,history.2026-08-26.price,history.2026-08-26.listingType,history.2026-08-26.listedDate,history.2026-08-26.removedDate,history.2026-08-26.daysOnMarket,history.2026-09-26.event,history.2026-09-26.price,history.2026-09-26.listingType,history.2026-09-26.listedDate,history.2026-09-26.removedDate,history.2026-09-26.daysOnMarket,yearBuilt,history.2026-09-07.event,history.2026-09-07.price,history.2026-09-07.listingType,history.2026-09-07.listedDate,history.2026-09-07.removedDate,history.2026-09-07.daysOnMarket,history.2024-09-09.event,history.2024-09-09.price,history.2024-09-09.listingType,history.2024-09-09.listedDate,history.2024-09-09.removedDate,history.2024-09-09.daysOnMarket,history.2024-11-28.event,history.2024-11-28.price,history.2024-11-28.listingType,history.2024-11-28.listedDate,history.2024-11-28.removedDate,history.2024-11-28.daysOnMarket,lotSize,hoa.fee,history.2026-07-16.event,history.2026-07-16.price,history.2026-07-16.listingType,history.2026-07-16.listedDate,history.2026-07-16.removedDate,history.2026-07-16.daysOnMarket,history.2025-06-03.event,history.2025-06-03.price,history.2025-06-03.listingType,history.2025-06-03.listedDate,history.2025-06-03.removedDate,history.2025-06-03.daysOnMarket,history.2026-08-22.event,history.2026-08-22.price,history.2026-08-22.listingType,history.2026-08-22.listedDate,history.2026-08-22.removedDate,history.2026-08-22.daysOnMarket,history.2024-10-16.event,history.2024-10-16.price,history.2024-10-16.listingType,history.2024-10-16.listedDate,history.2024-10-16.removedDate,history.2024-10-16.daysOnMarket,history.2026-09-24.event,history.2026-09-24.price,history.2026-09-24.listingType,history.2026-09-24.listedDate,history.2026-09-24.removedDate,history.2026-09-24.daysOnMarket,history.2025-10-08.event,history.2025-10-08.price,history.2025-10-08.listingType,history.2025-10-08.listedDate,history.2025-10-08.removedDate,history.2025-10-08.daysOnMarket,history.2025-06-05.event,history.2025-06-05.price,history.2025-06-05.listingType,history.2025-06-05.listedDate,history.2025-06-05.removedDate,history.2025-06-05.daysOnMarket,history.2025-08-30.event,history.2025-08-30.price,history.2025-08-30.listingType,history.2025-08-30.listedDate,history.2025-08-30.removedDate,history.2025-08-30.daysOnMarket,history.2026-08-19.event,history.2026-08-19.price,history.2026-08-19.listingType,history.2026-08-19.listedDate,history.2026-08-19.removedDate,history.2026-08-19.daysOnMarket,history.2026-09-11.event,history.2026-09-11.price,history.2026-09-11.listingType,history.2026-09-11.listedDate,history.2026-09-11.removedDate,history.2026-09-11.daysOnMarket,history.2025-04-04.event,history.2025-04-04.price,history.2025-04-04.listingType,history.2025-04-04.listedDate,history.2025-04-04.removedDate,history.2025-04-04.daysOnMarket,history.2026-04-21.event,history.2026-04-21.price,history.2026-04-21.listingType,history.2026-04-21.listedDate,history.2026-04-21.removedDate,history.2026-04-21.daysOnMarket,history.2026-05-19.event,history.2026-05-19.price,history.2026-05-19.listingType,history.2026-05-19.listedDate,history.2026-05-19.removedDate,history.2026-05-19.daysOnMarket,history.2026-06-04.event,history.2026-06-04.price,history.2026-06-04.listingType,history.2026-06-04.listedDate,history.2026-06-04.removedDate,history.2026-06-04.daysOnMarket,history.2026-06-26.event,history.2026-06-26.price,history.2026-06-26.listingType,history.2026-06-26.listedDate,history.2026-06-26.removedDate,history.2026-06-26.daysOnMarket,history.2026-08-29.event,history.2026-08-29.price,history.2026-08-29.listingType,history.2026-08-29.listedDate,history.2026-08-29.removedDate,history.2026-08-29.daysOnMarket,history.2024-10-15.event,history.2024-10-15.price,history.2024-10-15.listingType,history.2024-10-15.listedDate,history.2024-10-15.removedDate,history.2024-10-15.daysOnMarket,history.2025-07-14.event,history.2025-07-14.price,history.2025-07-14.listingType,history.2025-07-14.listedDate,history.2025-07-14.removedDate,history.2025-07-14.daysOnMarket,history.2026-07-03.event,history.2026-07-03.price,history.2026-07-03.listingType,history.2026-07-03.listedDate,history.2026-07-03.removedDate,history.2026-07-03.daysOnMarket,history.2026-07-07.event,history.2026-07-07.price,history.2026-07-07.listingType,history.2026-07-07.listedDate,history.2026-07-07.removedDate,history.2026-07-07.daysOnMarket,history.2026-05-22.event,history.2026-05-22.price,history.2026-05-22.listingType,history.2026-05-22.listedDate,history.2026-05-22.removedDate,history.2026-05-22.daysOnMarket,history.2026-07-30.event,history.2026-07-30.price,history.2026-07-30.listingType,history.2026-07-30.listedDate,history.2026-07-30.removedDate,history.2026-07-30.daysOnMarket,history.2026-08-15.event,history.2026-08-15.price,history.2026-08-15.listingType,history.2026-08-15.listedDate,history.2026-08-15.removedDate,history.2026-08-15.daysOnMarket,history.2025-02-16.event,history.2025-02-16.price,history.2025-02-16.listingType,history.2025-02-16.listedDate,history.2025-02-16.removedDate,history.2025-02-16.daysOnMarket,history.2026-03-24.event,history.2026-03-24.price,history.2026-03-24.listingType,history.2026-03-24.listedDate,history.2026-03-24.removedDate,history.2026-03-24.daysOnMarket,history.2026-04-06.event,history.2026-04-06.price,history.2026-04-06.listingType,history.2026-04-06.listedDate,history.2026-04-06.removedDate,history.2026-04-06.daysOnMarket,history.2026-04-30.event,history.2026-04-30.price,history.2026-04-30.listingType,history.2026-04-30.listedDate,history.2026-04-30.removedDate,history.2026-04-30.daysOnMarket,history.2026-08-04.event,history.2026-08-04.price,history.2026-08-04.listingType,history.2026-08-04.listedDate,history.2026-08-04.removedDate,history.2026-08-04.daysOnMarket,history.2026-09-28.event,history.2026-09-28.price,history.2026-09-28.listingType,history.2026-09-28.listedDate,history.2026-09-28.removedDate,history.2026-09-28.daysOnMarket,history.2026-09-01.event,history.2026-09-01.price,history.2026-09-01.listingType,history.2026-09-01.listedDate,history.2026-09-01.removedDate,history.2026-09-01.daysOnMarket,history.2025-09-10.event,history.2025-09-10.price,history.2025-09-10.listingType,history.2025-09-10.listedDate,history.2025-09-10.removedDate,history.2025-09-10.daysOnMarket,history.2026-03-07.event,history.2026-03-07.price,history.2026-03-07.listingType,history.2026-03-07.listedDate,history.2026-03-07.removedDate,history.2026-03-07.daysOnMarket,history.2026-06-05.event,history.2026-06-05.price,history.2026-06-05.listingType,history.2026-06-05.listedDate,history.2026-06-05.removedDate,history.2026-06-05.daysOnMarket,history.2026-01-16.event,history.2026-01-16.price,history.2026-01-16.listingType,history.2026-01-16.listedDate,history.2026-01-16.removedDate,history.2026-01-16.daysOnMarket,history.2026-08-10.event,history.2026-08-10.price,history.2026-08-10.listingType,history.2026-08-10.listedDate,history.2026-08-10.removedDate,history.2026-08-10.daysOnMarket,history.2026-02-27.event,history.2026-02-27.price,history.2026-02-27.listingType,history.2026-02-27.listedDate,history.2026-02-27.removedDate,history.2026-02-27.daysOnMarket,history.2026-09-10.event,history.2026-09-10.price,history.2026-09-10.listingType,history.2026-09-10.listedDate,history.2026-09-10.removedDate,history.2026-09-10.daysOnMarket,history.2024-10-22.event,history.2024-10-22.price,history.2024-10-22.listingType,history.2024-10-22.listedDate,history.2024-10-22.removedDate,history.2024-10-22.daysOnMarket,history.2026-03-17.event,history.2026-03-17.price,history.2026-03-17.listingType,history.2026-03-17.listedDate,history.2026-03-17.removedDate,history.2026-03-17.daysOnMarket,history.2026-05-30.event,history.2026-05-30.price,history.2026-05-30.listingType,history.2026-05-30.listedDate,history.2026-05-30.removedDate,history.2026-05-30.daysOnMarket,history.2026-06-15.event,history.2026-06-15.price,history.2026-06-15.listingType,history.2026-06-15.listedDate,history.2026-06-15.removedDate,history.2026-06-15.daysOnMarket,history.2024-10-18.event,history.2024-10-18.price,history.2024-10-18.listingType,history.2024-10-18.listedDate,history.2024-10-18.removedDate,history.2024-10-18.daysOnMarket,history.2025-10-18.event,history.2025-10-18.price,history.2025-10-18.listingType,history.2025-10-18.listedDate,history.2025-10-18.removedDate,history.2025-10-18.daysOnMarket,history.2025-05-13.event,history.2025-05-13.price,history.2025-05-13.listingType,history.2025-05-13.listedDate,history.2025-05-13.removedDate,history.2025-05-13.daysOnMarket,history.2025-08-04.event,history.2025-08-04.price,history.2025-08-04.listingType,history.2025-08-04.listedDate,history.2025-08-04.removedDate,history.2025-08-04.daysOnMarket,history.2026-08-24.event,history.2026-08-24.price,history.2026-08-24.listingType,history.2026-08-24.listedDate,history.2026-08-24.removedDate,history.2026-08-24.daysOnMarket,history.2024-11-02.event,history.2024-11-02.price,history.2024-11-02.listingType,history.2024-11-02.listedDate,history.2024-11-02.removedDate,history.2024-11-02.daysOnMarket,history.2026-08-06.event,history.2026-08-06.price,history.2026-08-06.listingType,history.2026-08-06.listedDate,history.2026-08-06.removedDate,history.2026-08-06.daysOnMarket,history.2026-08-21.event,history.2026-08-21.price,history.2026-08-21.listingType,history.2026-08-21.listedDate,history.2026-08-21.removedDate,history.2026-08-21.daysOnMarket,history.2025-10-04.event,history.2025-10-04.price,history.2025-10-04.listingType,history.2025-10-04.listedDate,history.2025-10-04.removedDate,history.2025-10-04.daysOnMarket,history.2025-11-05.event,history.2025-11-05.price,history.2025-11-05.listingType,history.2025-11-05.listedDate,history.2025-11-05.removedDate,history.2025-11-05.daysOnMarket,history.2026-03-27.event,history.2026-03-27.price,history.2026-03-27.listingType,history.2026-03-27.listedDate,history.2026-03-27.removedDate,history.2026-03-27.daysOnMarket,history.2026-09-20.event,history.2026-09-20.price,history.2026-09-20.listingType,history.2026-09-20.listedDate,history.2026-09-20.removedDate,history.2026-09-20.daysOnMarket,history.2023-05-03.event,history.2023-05-03.price,history.2023-05-03.listingType,history.2023-05-03.listedDate,history.2023-05-03.removedDate,history.2023-05-03.daysOnMarket,history.2025-07-11.event,history.2025-07-11.price,history.2025-07-11.listingType,history.2025-07-11.listedDate,history.2025-07-11.removedDate,history.2025-07-11.daysOnMarket,history.2026-05-14.event,history.2026-05-14.price,history.2026-05-14.listingType,history.2026-05-14.listedDate,history.2026-05-14.removedDate,history.2026-05-14.daysOnMarket,history.2026-05-26.event,history.2026-05-26.price,history.2026-05-26.listingType,history.2026-05-26.listedDate,history.2026-05-26.removedDate,history.2026-05-26.daysOnMarket,history.2026-04-13.event,history.2026-04-13.price,history.2026-04-13.listingType,history.2026-04-13.listedDate,history.2026-04-13.removedDate,history.2026-04-13.daysOnMarket,history.2026-08-03.event,history.2026-08-03.price,history.2026-08-03.listingType,history.2026-08-03.listedDate,history.2026-08-03.removedDate,history.2026-08-03.daysOnMarket,history.2026-09-06.event,history.2026-09-06.price,history.2026-09-06.listingType,history.2026-09-06.listedDate,history.2026-09-06.removedDate,history.2026-09-06.daysOnMarket,history.2026-04-28.event,history.2026-04-28.price,history.2026-04-28.listingType,history.2026-04-28.listedDate,history.2026-04-28.removedDate,history.2026-04-28.daysOnMarket,history.2025-06-25.event,history.2025-06-25.price,history.2025-06-25.listingType,history.2025-06-25.listedDate,history.2025-06-25.removedDate,history.2025-06-25.daysOnMarket,history.2025-07-30.event,history.2025-07-30.price,history.2025-07-30.listingType,history.2025-07-30.listedDate,history.2025-07-30.removedDate,history.2025-07-30.daysOnMarket,history.2025-05-11.event,history.2025-05-11.price,history.2025-05-11.listingType,history.2025-05-11.listedDate,history.2025-05-11.removedDate,history.2025-05-11.daysOnMarket,history.2026-09-05.event,history.2026-09-05.price,history.2026-09-05.listingType,history.2026-09-05.listedDate,history.2026-09-05.removedDate,history.2026-09-05.daysOnMarket
"7042-Moss-Ledge-Run,-Land-O-Lakes,-FL-34637","7042 Moss Ledge Run, Land O Lakes, FL 34637",7042 Moss Ledge Run,,Land O Lakes,FL,12,34637,Pasco,101,28.260023,-82.455356,Single Family,4,2.0,2091.0,Active,2595,Standard,2026-10-03T00:00:00.000Z,,2019-04-15T03:18:48.776Z,2026-10-03T03:05:28.772Z,1,Pasco,Land O Lakes,Rental Listing,2445.0,Standard,2026-03-25T00:00:00.000Z,2026-03-26T00:00:00.000Z,1.0,Rental Listing,2445.0,Standard,2026-04-03T00:00:00.000Z,2026-04-04T00:00:00.000Z,1.0,Rental Listing,2385.0,Standard,2026-04-25T00:00:00.000Z,2026-04-26T00:00:00.000Z,1.0,Rental Listing,2595,Standard,2026-10-03T00:00:00.000Z,,1,,,,,,,,,,,,,,,,,,,,,,,,,,,,,,,,,,,,,,,,,,,,,,,,,,,,,,,,,,,,,,,,,,,,,,,,,,,,,,,,,,,,,,,,,,,,,,,,,,,,,,,,,,,,,,,,,,,,,,,,,,,,,,,,,,,,,,,,,,,,,,,,,,,,,,,,,,,,,,,,,,,,,,,,,,,,,,,,,,,,,,,,,,,,,,,,,,,,,,,,,,,,,,,,,,,,,,,,,,,,,,,,,,,,,,,,,,,,,,,,,,,,,,,,,,,,,,,,,,,,,,,,,,,,,,,,,,,,,,,,,,,,,,,,,,,,,,,,,,,,,,,,,,,,,,,,,,,,,,,,,,,,,,,,,,,,,,,,,,,,,,,,,,,,,,,,,,,,,,,,,,,,,,,,,,,,,,,,,,,,,,,,,,,,,,,,,,,,,,,,,,,,,,,,,,,,,,,,,,,,,,,,,,,,,,,,,,,,,,,,,,,,,,,,,,,,,,,,,,,,,,,,,
"18750-Narimore-Dr,-Land-O-Lakes,-FL-34638","18750 Narimore Dr, Land O Lakes, FL 34638",18750 Narimore Dr,,Land O Lakes,FL,12,34638,Pasco,101,28.292675,-82.505317,Single Family,3,2.0,1702.0,Active,2615,Standard,2026-10-03T00:00:00.000Z,,2021-08-20T00:30:18.252Z,2026-10-03T03:05:28.768Z,1,Pasco,Land O Lakes,,,,,,,,,,,,,,,,,,,Rental Listing,2615,Standard,2026-10-03T00:00:00.000Z,,1,,,,,,,,,,,,,,,,,,,,,,,,,,,,,,,,,,,,,,,,,,,,,,,,,,,,,,,,,,,,,,,,,,,,,,,,,,,,,,,,,,,,,,,,,,,,,,,,,,,,,,,,,,,,,,,,,,,,,,,,,,,,,,,,,,,,,,,,,,,,,,,,,,,,,,,,,,,,,,,,,,,,,,,,,,,,,,,,,,,,,,,,,,,,,,,,,,,,,,,,,,,,,,,,,,,,,,,,,,,,,,,,,,,,,,,,,,,,,,,,,,,,,,,,,,,,,,,,,,,,,,,,,,,,,,,,,,,,,,,,,,,,,,,,,,,,,,,,,,,,,,,,,,,,,,,,,,,,,,,,,,,,,,,,,,,,,,,,,,,,,,,,,,,,,,,,,,,,,,,,,,,,,,,,,,,,,,,,,,,,,,,,,,,,,,,,,,,,,,,,,,,,,,,,,,,,,,,,,,,,,,,,,,,,,,,,,,,,,,,,,,,,,,,,,,,,,,,,,,,,,,,,,
"18447-Red-Willow-Way,-Land-O-Lakes,-FL-34638","18447 Red Willow Way, Land O Lakes, FL 34638",18447 Red Willow Way,,Land O Lakes,FL,12,34638,Pasco,101,28.301633,-82.51064,Single Family,3,2.0,2150.0,Active,2235,Standard,2026-10-03T00:00:00.000Z,,2020-12-12T01:03:52.073Z,2026-10-03T03:05:28.761Z,1,Pasco,Land O Lakes,,,,,,,,,,,,,,,,,,,Rental Listing,2235,Standard,2026-10-03T00:00:00.000Z,,1,Rental Listing,2790.0,Standard,2026-08-28T00:00:00.000Z,2026-08-29T00:00:00.000Z,1.0,,,,,,,,,,,,,,,,,,,,,,,,,,,,,,,,,,,,,,,,,,,,,,,,,,,,,,,,,,,,,,,,,,,,,,,,,,,,,,,,,,,,,,,,,,,,,,,,,,,,,,,,,,,,,,,,,,,,,,,,,,,,,,,,,,,,,,,,,,,,,,,,,,,,,,,,,,,,,,,,,,,,,,,,,,,,,,,,,,,,,,,,,,,,,,,,,,,,,,,,,,,,,,,,,,,,,,,,,,,,,,,,,,,,,,,,,,,,,,,,,,,,,,,,,,,,,,,,,,,,,,,,,,,,,,,,,,,,,,,,,,,,,,,,,,,,,,,,,,,,,,,,,,,,,,,,,,,,,,,,,,,,,,,,,,,,,,,,,,,,,,,,,,,,,,,,,,,,,,,,,,,,,,,,,,,,,,,,,,,,,,,,,,,,,,,,,,,,,,,,,,,,,,,,,,,,,,,,,,,,,,,,,,,,,,,,,,,,,,,,,,,,,,,,,,,,,,,,,,,
"18136-Cypress-Bay-Pkwy,-Land-O-Lakes,-FL-34638","18136 Cypress Bay Pkwy, Land O Lakes, FL 34638",18136 Cypress Bay Pkwy,,Land O Lakes,FL,12,34638,Pasco,101,28.302351,-82.515594,Single Family,3,2.0,1271.0,Active,1875,Standard,2026-10-03T00:00:00.000Z,,2024-08-02T00:00:00.000Z,2026-10-03T03:05:28.755Z,1,Pasco,Land O Lakes,,,,,,,,,,,,,,,,,,,Rental Listing,1875,Standard,2026-10-03T00:00:00.000Z,,1,,,,,,,,,,,,,,,,,,,,,,,,,,,,,,,,,,,,,,,,,,,,,,,,,,,,,,,,,,,,,,,,,,,,,,,,,,,,,,,,,,,,,,,,,,,,,,,,,,,,,,,,,,,,,,,,,,,,,,,,,,,,,,,,,,,,,,,,,,,,,,,,,,,,,,,,,,,,,,,,,,,,,,,,,,,,,,,,,,,,,,,,,,,,,,,,,,,,,,,,,,,,,,,,,,,,,,,,,,,,,,,,,,,,,,,,,,,,,,,,,,,,,,,,,,,,,,,,,,,,,,,,,,,,,,,,,,,,,,,,,,,,,,,,,,,,,,,,,,,,,,,,,,,,,,,,,,,,,,,,,,,,,,,,,,,,,,,,,,,,,,,,,,,,,,,,,,,,,,,,,,,,,,,,,,,,,,,,,,,,,,,,,,,,,,,,,,,,,,,,,,,,,,,,,,,,,,,,,,,,,,,,,,,,,,,,,,,,,,,,,,,,,,,,,,,,,,,,,,,,,,,,,
"18033-Cypress-Bay-Pkwy,-Land-O-Lakes,-FL-34638","18033 Cypress Bay Pkwy, Land O Lakes, FL 34638",18033 Cypress Bay Pkwy,,Land O Lakes,FL,12,34638,Pasco,101,28.303422,-82.516417,Single Family,3,2.0,1271.0,Active,1950,Standard,2026-10-03T00:00:00.000Z,,2026-10-03T00:00:00.000Z,2026-10-03T03:05:28.755Z,1,Pasco,Land O Lakes,,,,,,,,,,,,,,,,,,,Rental Listing,1950,Standard,2026-10-03T00:00:00.000Z,,1,,,,,,,,,,,,,,,,,,,,,,,,,,,,,,,,,,,,,,,,,,,,,,,,,,,,,,,,,,,,,,,,,,,,,,,,,,,,,,,,,,,,,,,,,,,,,,,,,,,,,,,,,,,,,,,,,,,,,,,,,,,,,,,,,,,,,,,,,,,,,,,,,,,,,,,,,,,,,,,,,,,,,,,,,,,,,,,,,,,,,,,,,,,,,,,,,,,,,,,,,,,,,,,,,,,,,,,,,,,,,,,,,,,,,,,,,,,,,,,,,,,,,,,,,,,,,,,,,,,,,,,,,,,,,,,,,,,,,,,,,,,,,,,,,,,,,,,,,,,,,,,,,,,,,,,,,,,,,,,,,,,,,,,,,,,,,,,,,,,,,,,,,,,,,,,,,,,,,,,,,,,,,,,,,,,,,,,,,,,,,,,,,,,,,,,,,,,,,,,,,,,,,,,,,,,,,,,,,,,,,,,,,,,,,,,,,,,,,,,,,,,,,,,,,,,,,,,,,,,,,,,,,
"23217-Bayou-Grove-St,-Land-O-Lakes,-FL-34639","23217 Bayou Grove St, Land O Lakes, FL 34639",23217 Bayou Grove St,,Land O Lakes,FL,12,34639,Pasco,101,28.206479,-82.431978,Single Family,3,2.0,1532.0,Active,2295,Standard,2026-10-03T00:00:00.000Z,,2024-10-24T00:00:00.000Z,2026-10-03T03:05:28.754Z,1,Pasco,Land O Lakes,,,,,,,,,,,,,,,,,,,Rental Listing,2295,Standard,2026-10-03T00:00:00.000Z,,1,,,,,,,Rental Listing,2260.0,Standard,2024-10-25T00:00:00.000Z,2024-12-17T00:00:00.000Z,53.0,,,,,,,,,,,,,,,,,,,,,,,,,,,,,,,,,,,,,,,,,,,,,,,,,,,,,,,,,,,,,,,,,,,,,,,,,,,,,,,,,,,,,,,,,,,,,,,,,,,,,,,,,,,,,,,,,,,,,,,,,,,,,,,,,,,,,,,,,,,,,,,,,,,,,,,,,,,,,,,,,,,,,,,,,,,,,,,,,,,,,,,,,,,,,,,,,,,,,,,,,,,,,,,,,,,,,,,,,,,,,,,,,,,,,,,,,,,,,,,,,,,,,,,,,,,,,,,,,,,,,,,,,,,,,,,,,,,,,,,,,,,,,,,,,,,,,,,,,,,,,,,,,,,,,,,,,,,,,,,,,,,,,,,,,,,,,,,,,,,,,,,,,,,,,,,,,,,,,,,,,,,,,,,,,,,,,,,,,,,,,,,,,,,,,,,,,,,,,,,,,,,,,,,,,,,,,,,,,,,,,,,,,,,,,,,,,,,,,,,,,,,,,,,,,,,,,
"24146-Cross-Ln,-Land-O-Lakes,-FL-34639","24146 Cross Ln, Land O Lakes, FL 34639",24146 Cross Ln,,Land O Lakes,FL,12,34639,Pasco,101,28.188647,-82.416422,Single Family,3,2.0,1608.0,Active,2400,Standard,2026-10-03T00:00:00.000Z,,2020-12-15T02:15:22.817Z,2026-10-03T03:05:28.752Z,1,Pasco,Land O Lakes,,,,,,,,,,,,,,,,,,,Rental Listing,2400,Standard,2026-10-03T00:00:00.000Z,,1,,,,,,,,,,,,,,,,,,,,,,,,,,,,,,,,,,,,,,,,,,,,,,,,,,,,,,,,,,,,,,,,,,,,,,,,,,,,,,,,,,,,,,,,,,,,,,,,,,,,,,,,,,,,,,,,,,,,,,,,,,,,,,,,,,,,,,,,,,,,,,,,,,,,,,,,,,,,,,,,,,,,,,,,,,,,,,,,,,,,,,,,,,,,,,,,,,,,,,,,,,,,,,,,,,,,,,,,,,,,,,,,,,,,,,,,,,,,,,,,,,,,,,,,,,,,,,,,,,,,,,,,,,,,,,,,,,,,,,,,,,,,,,,,,,,,,,,,,,,,,,,,,,,,,,,,,,,,,,,,,,,,,,,,,,,,,,,,,,,,,,,,,,,,,,,,,,,,,,,,,,,,,,,,,,,,,,,,,,,,,,,,,,,,,,,,,,,,,,,,,,,,,,,,,,,,,,,,,,,,,,,,,,,,,,,,,,,,,,,,,,,,,,,,,,,,,,,,,,,,,,,,,
"25924-Terrawood-Loop,-Land-O-Lakes,-FL-34639","25924 Terrawood Loop, Land O Lakes, FL 34639",25924 Terrawood Loop,,Land O Lakes,FL,12,34639,Pasco,101,28.2221,-82.387022,Single Family,3,2.0,1340.0,Active,1865,Standard,2026-10-03T00:00:00.000Z,,2023-10-28T00:00:00.000Z,2026-10-03T03:05:28.747Z,1,Pasco,Land O Lakes,,,,,,,,,,,,,,,,,,,Rental Listing,1865,Standard,2026-10-03T00:00:00.000Z,,1,,,,,,,,,,,,,Rental Listing,2100.0,Standard,2026-07-31T00:00:00.000Z,2026-08-01T00:00:00.000Z,1.0,,,,,,,,,,,,,,,,,,,,,,,,,,,,,,,,,,,,,,,,,,,,,,,,,,,,,,,,,,,,,,,,,,,,,,,,,,,,,,,,,,,,,,,,,,,,,,,,,,,,,,,,,,,,,,,,,,,,,,,,,,,,,,,,,,,,,,,,,,,,,,,,,,,,,,,,,,,,,,,,,,,,,,,,,,,,,,,,,,,,,,,,,,,,,,,,,,,,,,,,,,,,,,,,,,,,,,,,,,,,,,,,,,,,,,,,,,,,,,,,,,,,,,,,,,,,,,,,,,,,,,,,,,,,,,,,,,,,,,,,,,,,,,,,,,,,,,,,,,,,,,,,,,,,,,,,,,,,,,,,,,,,,,,,,,,,,,,,,,,,,,,,,,,,,,,,,,,,,,,,,,,,,,,,,,,,,,,,,,,,,,,,,,,,,,,,,,,,,,,,,,,,,,,,,,,,,,,,,,,,,,,,,,,,,,,,,,,,,,,,,,,,,,,
"21027-Voyager-Blvd,-Apt-K8,-Land-O-Lakes,-FL-34638","21027 Voyager Blvd, Apt K8, Land O Lakes, FL 34638",21027 Voyager Blvd,Apt K8,Land O Lakes,FL,12,34638,Pasco,101,28.216344,-82.467837,Condo,2,1.0,800.0,Active,1299,Standard,2026-10-03T00:00:00.000Z,,2026-06-28T00:00:00.000Z,2026-10-03T03:05:28.739Z,1,Pasco,Land O Lakes,,,,,,,,,,,,,,,,,,,Rental Listing,1299,Standard,2026-10-03T00:00:00.000Z,,1,,,,,,,,,,,,,,,,,,,Rental Listing,1325.0,Standard,2026-07-21T00:00:00.000Z,2026-07-22T00:00:00.000Z,1.0,,,,,,,,,,,,,,,,,,,,,,,,,,,,,,,,,,,,,,,,,,,,,,,,,,,,,,,,,,,,,,,,,,,,,,,,,,,,,,,,,,,,,,,,,,,,,,,,,,,,,,,,,,,,,,,,,,,,,,,,,,,,,,,,,,,,,,,,,,,,,,,,,,,,,,,,,,,,,,,,,,,,,,,,,,,,,,,,,,,,,,,,,,,,,,,,,,,,,,,,,,,,,,,,,,,,,,,,,,,,,,,,,,,,,,,,,,,,,,,,,,,,,,,,,,,,,,,,,,,,,,,,,,,,,,,,,,,,,,,,,,,,,,,,,,,,,,,,,,,,,,,,,,,,,,,,,,,,,,,,,,,,,,,,,,,,,,,,,,,,,,,,,,,,,,,,,,,,,,,,,,,,,,,,,,,,,,,,,,,,,,,,,,,,,,,,,,,,,,,,,,,,,,,,,,,,,,,,,,,,,,,,,,,,,,,,,,,,,,,,,
"17515-Sandgate-Ct,-Land-O-Lakes,-FL-34638","17515 Sandgate Ct, Land O Lakes, FL 34638",17515 Sandgate Ct,,Land O Lakes,FL,12,34638,Pasco,101,28.205368,-82.525882,Single Family,3,3.0,2112.0,Active,2400,Standard,2026-10-03T00:00:00.000Z,,2020-03-14T03:32:32.613Z,2026-10-03T03:05:28.730Z,1,Pasco,Land O Lakes,,,,,,,,,,,,,,,,,,,Rental Listing,2400,Standard,2026-10-03T00:00:00.000Z,,1,,,,,,,,,,,,,,,,,,,,,,,,,Rental Listing,2550.0,Standard,2026-03-14T00:00:00.000Z,2026-03-15T00:00:00.000Z,1.0,Rental Listing,2550.0,Standard,2026-04-22T00:00:00.000Z,2026-04-23T00:00:00.000Z,1.0,Rental Listing,2550.0,Standard,2026-06-02T00:00:00.000Z,2026-06-03T00:00:00.000Z,1.0,Rental Listing,2400.0,Standard,2026-08-26T00:00:00.000Z,2026-08-27T00:00:00.000Z,1.0,Rental Listing,2400.0,Standard,2026-09-26T00:00:00.000Z,2026-09-27T00:00:00.000Z,1.0,,,,,,,,,,,,,,,,,,,,,,,,,,,,,,,,,,,,,,,,,,,,,,,,,,,,,,,,,,,,,,,,,,,,,,,,,,,,,,,,,,,,,,,,,,,,,,,,,,,,,,,,,,,,,,,,,,,,,,,,,,,,,,,,,,,,,,,,,,,,,,,,,,,,,,,,,,,,,,,,,,,,,,,,,,,,,,,,,,,,,,,,,,,,,,,,,,,,,,,,,,,,,,,,,,,,,,,,,,,,,,,,,,,,,,,,,,,,,,,,,,,,,,,,,,,,,,,,,,,,,,,,,,,,,,,,,,,,,,,,,,,,,,,,,,,,,,,,,,,,,,,,,,,,,,,,,,,,,,,,,,,,,,,,,,,,,,,,,,,,,,,,,,,,,,,,,,,,,,,,,,,,,,,,,,,,,,,,,,,,,,,,,,,,,,,,,,,,,,,,,,,,,,,,,,,
"22477-Bellini-Cir,-Land-O-Lakes,-FL-34639","22477 Bellini Cir, Land O Lakes, FL 34639",22477 Bellini Cir,,Land O Lakes,FL,12,34639,Pasco,101,28.215544,-82.44547,Single Family,4,3.0,2245.0,Active,2875,Standard,2026-10-03T00:00:00.000Z,,2026-07-29T00:00:00.000Z,2026-10-03T03:04:56.320Z,1,Pasco,Land O Lakes,,,,,,,,,,,,,,,,,,,Rental Listing,2875,Standard,2026-10-03T00:00:00.000Z,,1,,,,,,,,,,,,,,,,,,,,,,,,,,,,,,,,,,,,,,,,,,,,,,,,,,,,,,,2023.0,,,,,,,,,,,,,,,,,,,,,,,,,,,,,,,,,,,,,,,,,,,,,,,,,,,,,,,,,,,,,,,,,,,,,,,,,,,,,,,,,,,,,,,,,,,,,,,,,,,,,,,,,,,,,,,,,,,,,,,,,,,,,,,,,,,,,,,,,,,,,,,,,,,,,,,,,,,,,,,,,,,,,,,,,,,,,,,,,,,,,,,,,,,,,,,,,,,,,,,,,,,,,,,,,,,,,,,,,,,,,,,,,,,,,,,,,,,,,,,,,,,,,,,,,,,,,,,,,,,,,,,,,,,,,,,,,,,,,,,,,,,,,,,,,,,,,,,,,,,,,,,,,,,,,,,,,,,,,,,,,,,,,,,,,,,,,,,,,,,,,,,,,,,,,,,,,,,,,,,,,,,,,,,,,,,,,,,,,,,,,,,,,,,,,,,,,,,,,,,,,,,,,,,,,,
"22407-Bellini-Cir,-Land-O-Lakes,-FL-34639","22407 Bellini Cir, Land O Lakes, FL 34639",22407 Bellini Cir,,Land O Lakes,FL,12,34639,Pasco,101,28.215575,-82.444074,Single Family,4,3.0,2245.0,Active,2845,Standard,2026-10-03T00:00:00.000Z,,2026-08-13T00:00:00.000Z,2026-10-03T03:04:56.319Z,1,Pasco,Land O Lakes,,,,,,,,,,,,,,,,,,,Rental Listing,2845,Standard,2026-10-03T00:00:00.000Z,,1,,,,,,,,,,,,,,,,,,,,,,,,,,,,,,,,,,,,,,,,,,,,,,,,,,,,,,,2022.0,Rental Listing,2880.0,Standard,2026-09-07T00:00:00.000Z,2026-09-08T00:00:00.000Z,1.0,,,,,,,,,,,,,,,,,,,,,,,,,,,,,,,,,,,,,,,,,,,,,,,,,,,,,,,,,,,,,,,,,,,,,,,,,,,,,,,,,,,,,,,,,,,,,,,,,,,,,,,,,,,,,,,,,,,,,,,,,,,,,,,,,,,,,,,,,,,,,,,,,,,,,,,,,,,,,,,,,,,,,,,,,,,,,,,,,,,,,,,,,,,,,,,,,,,,,,,,,,,,,,,,,,,,,,,,,,,,,,,,,,,,,,,,,,,,,,,,,,,,,,,,,,,,,,,,,,,,,,,,,,,,,,,,,,,,,,,,,,,,,,,,,,,,,,,,,,,,,,,,,,,,,,,,,,,,,,,,,,,,,,,,,,,,,,,,,,,,,,,,,,,,,,,,,,,,,,,,,,,,,,,,,,,,,,,,,,,,,,,,,,,,,,,,,,,,,,,,,,,,
"22478-Bellini-Cir,-Land-O-Lakes,-FL-34639","22478 Bellini Cir, Land O Lakes, FL 34639",22478 Bellini Cir,,Land O Lakes,FL,12,34639,Pasco,101,28.215583,-82.444961,Single Family,4,2.5,1977.0,Active,2415,Standard,2026-10-03T00:00:00.000Z,,2024-11-04T00:00:00.000Z,2026-10-03T03:04:56.318Z,1,Pasco,Land O Lakes,,,,,,,,,,,,,,,,,,,Rental Listing,2415,Standard,2026-10-03T00:00:00.000Z,,1,,,,,,,,,,,,,,,,,,,,,,,,,,,,,,,,,,,,,,,,,,,,,,,,,,,,,,,2022.0,,,,,,,Rental Listing,2575.0,Standard,2024-09-09T00:00:00.000Z,2024-11-06T00:00:00.000Z,58.0,,,,,,,,,,,,,,,,,,,,,,,,,,,,,,,,,,,,,,,,,,,,,,,,,,,,,,,,,,,,,,,,,,,,,,,,,,,,,,,,,,,,,,,,,,,,,,,,,,,,,,,,,,,,,,,,,,,,,,,,,,,,,,,,,,,,,,,,,,,,,,,,,,,,,,,,,,,,,,,,,,,,,,,,,,,,,,,,,,,,,,,,,,,,,,,,,,,,,,,,,,,,,,,,,,,,,,,,,,,,,,,,,,,,,,,,,,,,,,,,,,,,,,,,,,,,,,,,,,,,,,,,,,,,,,,,,,,,,,,,,,,,,,,,,,,,,,,,,,,,,,,,,,,,,,,,,,,,,,,,,,,,,,,,,,,,,,,,,,,,,,,,,,,,,,,,,,,,,,,,,,,,,,,,,,,,,,,,,,,,,,,,,,,,,,,,,,,,,,
"21027-Monza-Loop,-Land-O-Lakes,-FL-34638","21027 Monza Loop, Land O Lakes, FL 34638",21027 Monza Loop,,Land O Lakes,FL,12,34638,Pasco,101,28.255944,-82.478927,Single Family,4,3.0,2203.0,Active,2850,Standard,2026-10-03T00:00:00.000Z,,2026-09-26T00:00:00.000Z,2026-10-03T03:04:56.317Z,1,Pasco,Land O Lakes,,,,,,,,,,,,,,,,,,,Rental Listing,2850,Standard,2026-10-03T00:00:00.000Z,,1,,,,,,,,,,,,,,,,,,,,,,,,,,,,,,,,,,,,,,,,,,,,,,,,,,,,,,,,,,,,,,,,,,,,,,,,,,,,,,,,,,,,,,,,,,,,,,,,,,,,,,,,,,,,,,,,,,,,,,,,,,,,,,,,,,,,,,,,,,,,,,,,,,,,,,,,,,,,,,,,,,,,,,,,,,,,,,,,,,,,,,,,,,,,,,,,,,,,,,,,,,,,,,,,,,,,,,,,,,,,,,,,,,,,,,,,,,,,,,,,,,,,,,,,,,,,,,,,,,,,,,,,,,,,,,,,,,,,,,,,,,,,,,,,,,,,,,,,,,,,,,,,,,,,,,,,,,,,,,,,,,,,,,,,,,,,,,,,,,,,,,,,,,,,,,,,,,,,,,,,,,,,,,,,,,,,,,,,,,,,,,,,,,,,,,,,,,,,,,,,,,,,,,,,,,,,,,,,,,,,,,,,,,,,,,,,,,,,,,,,,,,,,,,,,,,,,,,,,,,,,,,,,
"19608-Timberbluff-Dr,-Land-O-Lakes,-FL-34638","19608 Timberbluff Dr, Land O Lakes, FL 34638",19608 Timberbluff Dr,,Land O Lakes,FL,12,34638,Pasco,101,28.290322,-82.499082,Single Family,5,3.0,2657.0,Active,2645,Standard,2026-10-03T00:00:00.000Z,,2023-07-19T00:00:00.000Z,2026-10-03T03:04:56.311Z,1,Pasco,Land O Lakes,,,,,,,,,,,,,,,,,,,Rental Listing,2645,Standard,2026-10-03T00:00:00.000Z,,1,,,,,,,,,,,,,,,,,,,,,,,,,,,,,,,,,,,,,,,,,,,,,,,,,,,,,,,,,,,,,,,,,,,,,,,,,,,,,,,,,,,,,,,,,,,,,,,,,,,,,,,,,,,,,,,,,,,,,,,,,,,,,,,,,,,,,,,,,,,,,,,,,,,,,,,,,,,,,,,,,,,,,,,,,,,,,,,,,,,,,,,,,,,,,,,,,,,,,,,,,,,,,,,,,,,,,,,,,,,,,,,,,,,,,,,,,,,,,,,,,,,,,,,,,,,,,,,,,,,,,,,,,,,,,,,,,,,,,,,,,,,,,,,,,,,,,,,,,,,,,,,,,,,,,,,,,,,,,,,,,,,,,,,,,,,,,,,,,,,,,,,,,,,,,,,,,,,,,,,,,,,,,,,,,,,,,,,,,,,,,,,,,,,,,,,,,,,,,,,,,,,,,,,,,,,,,,,,,,,,,,,,,,,,,,,,,,,,,,,,,,,,,,,,,,,,,,,,,,,,,,,,,
"11164-Treasure-Swale-Way,-Land-O-Lakes,-FL-34638","11164 Treasure Swale Way, Land O Lakes, FL 34638",11164 Treasure Swale Way,,Land O Lakes,FL,12,34638,Pasco,101,28.317877,-82.526532,Townhouse,3,3.0,1673.0,Active,2145,Standard,2026-10-03T00:00:00.000Z,,2026-09-18T00:00:00.000Z,2026-10-03T03:04:56.299Z,1,Pasco,Land O Lakes,,,,,,,,,,,,,,,,,,,Rental Listing,2145,Standard,2026-10-03T00:00:00.000Z,,1,,,,,,,,,,,,,,,,,,,,,,,,,,,,,,,,,,,,,,,,,,,,,,,,,,,,,,,,,,,,,,,,,,,,,,,,,,,,,,,,,,,,,,,,,,,,,,,,,,,,,,,,,,,,,,,,,,,,,,,,,,,,,,,,,,,,,,,,,,,,,,,,,,,,,,,,,,,,,,,,,,,,,,,,,,,,,,,,,,,,,,,,,,,,,,,,,,,,,,,,,,,,,,,,,,,,,,,,,,,,,,,,,,,,,,,,,,,,,,,,,,,,,,,,,,,,,,,,,,,,,,,,,,,,,,,,,,,,,,,,,,,,,,,,,,,,,,,,,,,,,,,,,,,,,,,,,,,,,,,,,,,,,,,,,,,,,,,,,,,,,,,,,,,,,,,,,,,,,,,,,,,,,,,,,,,,,,,,,,,,,,,,,,,,,,,,,,,,,,,,,,,,,,,,,,,,,,,,,,,,,,,,,,,,,,,,,,,,,,,,,,,,,,,,,,,,,,,,,,,,,,,,,
"20356-Calla-Lily-Dr,-Land-O-Lakes,-FL-34638","20356 Calla Lily Dr, Land O Lakes, FL 34638",20356 Calla Lily Dr,,Land O Lakes,FL,12,34638,Pasco,101,28.214069,-82.47997,Single Family,4,2.5,1977.0,Active,2635,Standard,2026-10-03T00:00:00.000Z,,2024-12-01T00:00:00.000Z,2026-10-03T03:04:56.255Z,1,Pasco,Land O Lakes,,,,,,,,,,,,,,,,,,,Rental Listing,2635,Standard,2026-10-03T00:00:00.000Z,,1,,,,,,,,,,,,,,,,,,,,,,,,,,,,,,,,,,,,,,,,,,,,,,,,,,,,,,,2022.0,,,,,,,,,,,,,Rental Listing,2575.0,Standard,2024-11-28T00:00:00.000Z,2024-12-03T00:00:00.000Z,5.0,,,,,,,,,,,,,,,,,,,,,,,,,,,,,,,,,,,,,,,,,,,,,,,,,,,,,,,,,,,,,,,,,,,,,,,,,,,,,,,,,,,,,,,,,,,,,,,,,,,,,,,,,,,,,,,,,,,,,,,,,,,,,,,,,,,,,,,,,,,,,,,,,,,,,,,,,,,,,,,,,,,,,,,,,,,,,,,,,,,,,,,,,,,,,,,,,,,,,,,,,,,,,,,,,,,,,,,,,,,,,,,,,,,,,,,,,,,,,,,,,,,,,,,,,,,,,,,,,,,,,,,,,,,,,,,,,,,,,,,,,,,,,,,,,,,,,,,,,,,,,,,,,,,,,,,,,,,,,,,,,,,,,,,,,,,,,,,,,,,,,,,,,,,,,,,,,,,,,,,,,,,,,,,,,,,,,,,,,,,,,,,,,,,,,,,,
"4786-Ballantrae-Blvd,-Land-O-Lakes,-FL-34638","4786 Ballantrae Blvd, Land O Lakes, FL 34638",4786 Ballantrae Blvd,,Land O Lakes,FL,12,34638,Pasco,101,28.223013,-82.522079,Single Family,3,2.0,2101.0,Active,3000,Standard,2026-10-03T00:00:00.000Z,,2023-05-04T00:00:00.000Z,2026-10-03T03:04:56.250Z,1,Pasco,Land O Lakes,,,,,,,,,,,,,,,,,,,Rental Listing,3000,Standard,2026-10-03T00:00:00.000Z,,1,,,,,,,,,,,,,,,,,,,,,,,,,,,,,,,,,,,,,,,,,,,,,,,,,,,,,,,2020.0,,,,,,,,,,,,,,,,,,,6534.0,48.0,,,,,,,,,,,,,,,,,,,,,,,,,,,,,,,,,,,,,,,,,,,,,,,,,,,,,,,,,,,,,,,,,,,,,,,,,,,,,,,,,,,,,,,,,,,,,,,,,,,,,,,,,,,,,,,,,,,,,,,,,,,,,,,,,,,,,,,,,,,,,,,,,,,,,,,,,,,,,,,,,,,,,,,,,,,,,,,,,,,,,,,,,,,,,,,,,,,,,,,,,,,,,,,,,,,,,,,,,,,,,,,,,,,,,,,,,,,,,,,,,,,,,,,,,,,,,,,,,,,,,,,,,,,,,,,,,,,,,,,,,,,,,,,,,,,,,,,,,,,,,,,,,,,,,,,,,,,,,,,,,,,,,,,,,,,,,,,,,,,,,,,,,,,,,,,,,,,,,,,,,,,,,,,,,,,,,,,,,,,,,,,,,,,,,,
"20781-Monza-Loop,-Land-O-Lakes,-FL-34638","20781 Monza Loop, Land O Lakes, FL 34638",20781 Monza Loop,,Land O Lakes,FL,12,34638,Pasco,101,28.258096,-82.479214,Single Family,5,3.0,2615.0,Active,2999,Standard,2026-10-03T00:00:00.000Z,,2026-06-20T00:00:00.000Z,2026-10-03T03:04:56.236Z,1,Pasco,Land O Lakes,,,,,,,,,,,,,,,,,,,Rental Listing,2999,Standard,2026-10-03T00:00:00.000Z,,1,,,,,,,,,,,,,,,,,,,,,,,,,,,,,,,,,,,,,,,,,,,,,,,,,,,,,,,2022.0,,,,,,,,,,,,,,,,,,,7841.0,,Rental Listing,3150.0,Standard,2026-07-16T00:00:00.000Z,2026-07-25T00:00:00.000Z,9.0,,,,,,,,,,,,,,,,,,,,,,,,,,,,,,,,,,,,,,,,,,,,,,,,,,,,,,,,,,,,,,,,,,,,,,,,,,,,,,,,,,,,,,,,,,,,,,,,,,,,,,,,,,,,,,,,,,,,,,,,,,,,,,,,,,,,,,,,,,,,,,,,,,,,,,,,,,,,,,,,,,,,,,,,,,,,,,,,,,,,,,,,,,,,,,,,,,,,,,,,,,,,,,,,,,,,,,,,,,,,,,,,,,,,,,,,,,,,,,,,,,,,,,,,,,,,,,,,,,,,,,,,,,,,,,,,,,,,,,,,,,,,,,,,,,,,,,,,,,,,,,,,,,,,,,,,,,,,,,,,,,,,,,,,,,,,,,,,,,,,,,,,,,,,,,,,,,,,,,,,,,,,,,,,,,,,,,,,,,,,,,,,
"10503-Farm-Hill-Ave,-Land-O-Lakes,-FL-34638","10503 Farm Hill Ave, Land O Lakes, FL 34638",10503 Farm Hill Ave,,Land O Lakes,FL,12,34638,Pasco,101,28.309803,-82.52367,Single Family,4,3.0,2756.0,Active,3150,Standard,2026-10-03T00:00:00.000Z,,2025-06-03T00:00:00.000Z,2026-10-03T03:04:56.235Z,1,Pasco,Land O Lakes,,,,,,,,,,,,,,,,,,,Rental Listing,3150,Standard,2026-10-03T00:00:00.000Z,,1,,,,,,,,,,,,,,,,,,,,,,,,,,,,,,,,,,,,,,,,,,,,,,,,,,,,,,,2025.0,,,,,,,,,,,,,,,,,,,6941.0,,,,,,,,Rental Listing,3000.0,New Construction,2025-06-03T00:00:00.000Z,2025-07-25T00:00:00.000Z,52.0,Rental Listing,3500.0,Standard,2026-08-22T00:00:00.000Z,2026-08-23T00:00:00.000Z,1.0,,,,,,,,,,,,,,,,,,,,,,,,,,,,,,,,,,,,,,,,,,,,,,,,,,,,,,,,,,,,,,,,,,,,,,,,,,,,,,,,,,,,,,,,,,,,,,,,,,,,,,,,,,,,,,,,,,,,,,,,,,,,,,,,,,,,,,,,,,,,,,,,,,,,,,,,,,,,,,,,,,,,,,,,,,,,,,,,,,,,,,,,,,,,,,,,,,,,,,,,,,,,,,,,,,,,,,,,,,,,,,,,,,,,,,,,,,,,,,,,,,,,,,,,,,,,,,,,,,,,,,,,,,,,,,,,,,,,,,,,,,,,,,,,,,,,,,,,,,,,,,,,,,,,,,,,,,,,,,,,,,,,,,,,,,,,,,,,,,,,,,,,,,,,,,,,,,,,,,,,,,,,,,,,,,,,
"5845-Sweet-William-Ter,-Land-O-Lakes,-FL-34639","5845 Sweet William Ter, Land O Lakes, FL 34639",5845 Sweet William Ter,,Land O Lakes,FL,12,34639,Pasco,101,28.242667,-82.442022,Single Family,3,2.0,1840.0,Active,2160,Standard,2026-10-03T00:00:00.000Z,,2020-08-05T02:20:16.712Z,2026-10-03T03:04:56.225Z,1,Pasco,Land O Lakes,,,,,,,,,,,,,,,,,,,Rental Listing,2160,Standard,2026-10-03T00:00:00.000Z,,1,,,,,,,,,,,,,,,,,,,,,,,,,,,,,,,,,,,,,,,,,,,,,,,,,,,,,,,,,,,,,,,,,,,,,,,,,,,,,,,,,,,,,,,,,,,,,,,,,,,,,,,,,,,,,,,,,,,,,,,,,,,,,,,,,,,,,,,,,,,,,,,,,,,,,,,,,,,,,,,,,,,,,,,,,,,,,,,,,,,,,,,,,,,,,,,,,,,,,,,,,,,,,,,,,,,,,,,,,,,,,,,,,,,,,,,,,,,,,,,,,,,,,,,,,,,,,,,,,,,,,,,,,,,,,,,,,,,,,,,,,,,,,,,,,,,,,,,,,,,,,,,,,,,,,,,,,,,,,,,,,,,,,,,,,,,,,,,,,,,,,,,,,,,,,,,,,,,,,,,,,,,,,,,,,,,,,,,,,,,,,,,,,,,,,,,,,,,,,,,,,,,,,,,,,,,,,,,,,,,,,,,,,,,,,,,,,,,,,,,,,,,,,,,,,,,,,,,,,,,,,,,,,
"20371-Calla-Lily-Dr,-Land-O-Lakes,-FL-34638","20371 Calla Lily Dr, Land O Lakes, FL 34638",20371 Calla Lily Dr,,Land O Lakes,FL,12,34638,Pasco,101,28.214582,-82.480027,Single Family,4,2.5,2449.0,Active,2820,Standard,2026-10-03T00:00:00.000Z,,2026-08-18T00:00:00.000Z,2026-10-03T03:04:56.223Z,1,Pasco,Land O Lakes,,,,,,,,,,,,,,,,,,,Rental Listing,2820,Standard,2026-10-03T00:00:00.000Z,,1,,,,,,,,,,,,,,,,,,,,,,,,,,,,,,,,,,,,,,,,,,,,,,,,,,,,,,,2022.0,,,,,,,,,,,,,,,,,,,,,,,,,,,,,,,,,,,,,,,,,,,,,,,,,,,,,,,,,,,,,,,,,,,,,,,,,,,,,,,,,,,,,,,,,,,,,,,,,,,,,,,,,,,,,,,,,,,,,,,,,,,,,,,,,,,,,,,,,,,,,,,,,,,,,,,,,,,,,,,,,,,,,,,,,,,,,,,,,,,,,,,,,,,,,,,,,,,,,,,,,,,,,,,,,,,,,,,,,,,,,,,,,,,,,,,,,,,,,,,,,,,,,,,,,,,,,,,,,,,,,,,,,,,,,,,,,,,,,,,,,,,,,,,,,,,,,,,,,,,,,,,,,,,,,,,,,,,,,,,,,,,,,,,,,,,,,,,,,,,,,,,,,,,,,,,,,,,,,,,,,,,,,,,,,,,,,,,,,,,,,,,,,,,,,,,,,,,,,,,,,,,,,,,,,,
"5801-Candytuft-Pl,-Land-O-Lakes,-FL-34639","5801 Candytuft Pl, Land O Lakes, FL 34639",5801 Candytuft Pl,,Land O Lakes,FL,12,34639,Pasco,101,28.241003,-82.445426,Single Family,4,3.0,2453.0,Active,2630,Standard,2026-10-03T00:00:00.000Z,,2020-08-02T15:31:10.580Z,2026-10-03T03:04:56.218Z,1,Pasco,Land O Lakes,,,,,,,,,,,,,,,,,,,Rental Listing,2630,Standard,2026-10-03T00:00:00.000Z,,1,,,,,,,,,,,,,,,,,,,,,,,,,,,,,,,,,,,,,,,,,,,,,,,,,,,,,,,,,,,,,,,,,,,,,,,,,,,,,,,,,,,,,,,,,,,,,,,,,,,,,,,,,,,,,,,,,,,,,,,,,,,,,,,,,,,,,,,,,,,,,,,,,,,,,,,,,,,,,,,,,,,,,,,,,,,,,,,,,,,,,,,,,,,,,,,,,,,,,,,,,,,,,,,,,,,,,,,,,,,,,,,,,,,,,,,,,,,,,,,,,,,,,,,,,,,,,,,,,,,,,,,,,,,,,,,,,,,,,,,,,,,,,,,,,,,,,,,,,,,,,,,,,,,,,,,,,,,,,,,,,,,,,,,,,,,,,,,,,,,,,,,,,,,,,,,,,,,,,,,,,,,,,,,,,,,,,,,,,,,,,,,,,,,,,,,,,,,,,,,,,,,,,,,,,,,,,,,,,,,,,,,,,,,,,,,,,,,,,,,,,,,,,,,,,,,,,,,,,,,,,,,,,
"20364-Calla-Lily-Dr,-Land-O-Lakes,-FL-34638","20364 Calla Lily Dr, Land O Lakes, FL 34638",20364 Calla Lily Dr,,Land O Lakes,FL,12,34638,Pasco,101,28.214141,-82.479837,Single Family,3,2.0,1700.0,Active,2600,Standard,2026-10-03T00:00:00.000Z,,2024-10-23T00:00:00.000Z,2026-10-03T03:04:56.214Z,1,Pasco,Land O Lakes,,,,,,,,,,,,,,,,,,,Rental Listing,2600,Standard,2026-10-03T00:00:00.000Z,,1,,,,,,,,,,,,,,,,,,,,,,,,,,,,,,,,,,,,,,,,,,,,,,,,,,,,,,,2022.0,,,,,,,,,,,,,,,,,,,,,,,,,,,,,,,,,,,,,,,Rental Listing,2490.0,Standard,2024-10-16T00:00:00.000Z,2024-10-25T00:00:00.000Z,9.0,,,,,,,,,,,,,,,,,,,,,,,,,,,,,,,,,,,,,,,,,,,,,,,,,,,,,,,,,,,,,,,,,,,,,,,,,,,,,,,,,,,,,,,,,,,,,,,,,,,,,,,,,,,,,,,,,,,,,,,,,,,,,,,,,,,,,,,,,,,,,,,,,,,,,,,,,,,,,,,,,,,,,,,,,,,,,,,,,,,,,,,,,,,,,,,,,,,,,,,,,,,,,,,,,,,,,,,,,,,,,,,,,,,,,,,,,,,,,,,,,,,,,,,,,,,,,,,,,,,,,,,,,,,,,,,,,,,,,,,,,,,,,,,,,,,,,,,,,,,,,,,,,,,,,,,,,,,,,,,,,,,,,,,,,,,,,,,,,,,,,,,,,,,,,,,,,,,,,,,,,,,,,,
"24439-Painter-Dr,-Land-O-Lakes,-FL-34639","24439 Painter Dr, Land O Lakes, FL 34639",24439 Painter Dr,,Land O Lakes,FL,12,34639,Pasco,101,28.191586,-82.411439,Single Family,3,2.0,1374.0,Active,1899,Standard,2026-10-03T00:00:00.000Z,,2026-08-29T00:00:00.000Z,2026-10-03T03:04:56.213Z,1,Pasco,Land O Lakes,,,,,,,,,,,,,,,,,,,Rental Listing,1899,Standard,2026-10-03T00:00:00.000Z,,1,,,,,,,,,,,,,,,,,,,,,,,,,,,,,,,,,,,,,,,,,,,,,,,,,,,,,,,,,,,,,,,,,,,,,,,,,,,,,,,,,,,,,,,,,,,,,,,,,,,,,,,,,,,,,,,,,,,,,,,,,,,,,,,,,,,,,,,,,,,,,,,,,,,,,,,,,,,,,,,,,,,,,,,,,,,,,,,,,,,,,,,,,,,,,,,,,,,,,,,,,,,,,,,,,,,,,,,,,,,,,,,,,,,,,,,,,,,,,,,,,,,,,,,,,,,,,,,,,,,,,,,,,,,,,,,,,,,,,,,,,,,,,,,,,,,,,,,,,,,,,,,,,,,,,,,,,,,,,,,,,,,,,,,,,,,,,,,,,,,,,,,,,,,,,,,,,,,,,,,,,,,,,,,,,,,,,,,,,,,,,,,,,,,,,,,,,,,,,,,,,,,,,,,,,,,,,,,,,,,,,,,,,,,,,,,,,,,,,,,,,,,,,,,,,,,,,,,,,,,,,,,,,
"4001-Constantine-Loop,-Wesley-Chapel,-FL-33543","4001 Constantine Loop, Wesley Chapel, FL 33543",4001 Constantine Loop,,Wesley Chapel,FL,12,33543,Pasco,101,28.215191,-82.27655,Single Family,3,2.0,1776.0,Active,2440,Standard,2026-10-03T00:00:00.000Z,,2018-02-26T05:05:00.000Z,2026-10-03T03:05:28.786Z,1,Pasco,Wesley Chapel,,,,,,,,,,,,,,,,,,,Rental Listing,2440,Standard,2026-10-03T00:00:00.000Z,,1,,,,,,,,,,,,,,,,,,,,,,,,,,,,,,,,,,,,,,,,,,,,,,,,,,,,,,,,,,,,,,,,,,,,,,,,,,,,,,,,,,,,,,,,,,,,,,,,,,,,,,,,,,,,,,,,,,,,,,,,,,,,,,,,,,,,,,,,,,,,,,,,,,,,,,,,,,,,,,,,,,,,,,,,,,,,,,,,,,,,,,,,,,,,,,,,,,,,,,,,,,,,,,,,,,,,,,,,,,,,,,,,,,,,,,,,,,,,,,,,,,,,,,,,,,,,,,,,,,,,,,,,,,,,,,,,,,,,,,,,,,,,,,,,,,,,,,,,,,,,,,,,,,,,,,,,,,,,,,,,,,,,,,,,,,,,,,,,,,,,,,,,,,,,,,,,,,,,,,,,,,,,,,,,,,,,,,,,,,,,,,,,,,,,,,,,,,,,,,,,,,,,,,,,,,,,,,,,,,,,,,,,,,,,,,,,,,,,,,,,,,,,,,,,,,,,,,,,,,,,,,,,,
"26641-Sea-Hero-Cir,-Wesley-Chapel,-FL-33544","26641 Sea Hero Cir, Wesley Chapel, FL 33544",26641 Sea Hero Cir,,Wesley Chapel,FL,12,33544,Pasco,101,28.238378,-82.375095,Single Family,4,2.0,1936.0,Active,2380,Standard,2026-10-03T00:00:00.000Z,,2019-12-19T06:40:20.454Z,2026-10-03T03:05:28.770Z,1,Pasco,Wesley Chapel,,,,,,,,,,,,,,,,,,,Rental Listing,2380,Standard,2026-10-03T00:00:00.000Z,,1,,,,,,,,,,,,,,,,,,,,,,,,,,,,,,,,,,,,,,,,,,,,,,,,,,,,,,,,,,,,,,,,,,,,,,,,,,,,,,,,,,,,,,,,,,,,,,,,,,,,,,,,,,,,,,,,,,,,,,,,,,,,,,,,,,,,,,,,,,,,,,,,,,,,,,,,,,,,,,,,,,,,,,,,,,,,,,,,,,,,,,,,,,,,,,,,,,,,,,,,,,,,,,,,,,,,,,,,,,,,,,,,,,,,,,,,,,,,,,,,,,,,,,,,,,,,,,,,,,,,,,,,,,,,,,,,,,,,,,,,,,,,,,,,,,,,,,,,,,,,,,,,,,,,,,,,,,,,,,,,,,,,,,,,,,,,,,,,,,,,,,,,,,,,,,,,,,,,,,,,,,,,,,,,,,,,,,,,,,,,,,,,,,,,,,,,,,,,,,,,,,,,,,,,,,,,,,,,,,,,,,,,,,,,,,,,,,,,,,,,,,,,,,,,,,,,,,,,,,,,,,,,,
"7907-Outerbridge-St,-Wesley-Chapel,-FL-33545","7907 Outerbridge St, Wesley Chapel, FL 33545",7907 Outerbridge St,,Wesley Chapel,FL,12,33545,Pasco,101,28.272219,-82.3141,Single Family,4,4.0,2559.0,Active,2720,Standard,2026-10-03T00:00:00.000Z,,2021-06-16T01:37:09.329Z,2026-10-03T03:05:28.770Z,1,Pasco,Wesley Chapel,,,,,,,,,,,,,,,,,,,Rental Listing,2720,Standard,2026-10-03T00:00:00.000Z,,1,,,,,,,,,,,,,,,,,,,,,,,,,,,,,,,,,,,,,,,,,,,,,,,,,,,,,,,,,,,,,,,,,,,,,,,,,,,,,,,,,,,,,,,,,,,,,,,,,,,,,,,,,,,,,,,,,,,,,,,,,,,,,,,,,,,,,,,,,,,,,,,,,,,,,,,,,,,,,,,,,,,,,,,,,,,,,,,,,,,,,,,,,,,,,,,,,,,,,,,,,,,,,,,,,,,,,,,,,,,,,,,,,,,,,,,,,,,,,,,,,,,,,,,,,,,,,,,,,,,,,,,,,,,,,,,,,,,,,,,,,,,,,,,,,,,,,,,,,,,,,,,,,,,,,,,,,,,,,,,,,,,,,,,,,,,,,,,,,,,,,,,,,,,,,,,,,,,,,,,,,,,,,,,,,,,,,,,,,,,,,,,,,,,,,,,,,,,,,,,,,,,,,,,,,,,,,,,,,,,,,,,,,,,,,,,,,,,,,,,,,,,,,,,,,,,,,,,,,,,,,,,,,
"30728-Iverson-Dr,-Wesley-Chapel,-FL-33543","30728 Iverson Dr, Wesley Chapel, FL 33543",30728 Iverson Dr,,Wesley Chapel,FL,12,33543,Pasco,101,28.175586,-82.30779,Single Family,3,2.0,2100.0,Active,2000,Standard,2026-10-03T00:00:00.000Z,,2024-01-30T00:00:00.000Z,2026-10-03T03:05:28.769Z,1,Pasco,Wesley Chapel,,,,,,,,,,,,,,,,,,,Rental Listing,2000,Standard,2026-10-03T00:00:00.000Z,,1,,,,,,,,,,,,,,,,,,,,,,,,,,,,,,,,,,,,,,,,,,,,,,,,,,,,,,,2000.0,,,,,,,,,,,,,,,,,,,8276.0,,,,,,,,,,,,,,,,,,,,,,,,,,,,,,,,,,,,,,,,,,,,,,,,,,,,,,,,,,,,,,,,,,,,,,,,,,,,,,,,,,,,,,,,,,,,,,,,,,,,,,,,,,,,,,,,,,,,,,,,,,,,,,,,,,,,,,,,,,,,,,,,,,,,,,,,,,,,,,,,,,,,,,,,,,,,,,,,,,,,,,,,,,,,,,,,,,,,,,,,,,,,,,,,,,,,,,,,,,,,,,,,,,,,,,,,,,,,,,,,,,,,,,,,,,,,,,,,,,,,,,,,,,,,,,,,,,,,,,,,,,,,,,,,,,,,,,,,,,,,,,,,,,,,,,,,,,,,,,,,,,,,,,,,,,,,,,,,,,,,,,,,,,,,,,,,,,,,,,,,,,,,,,,,,,,,,,,,,,,,,,,,,,,,,,,
"6425-Pine-Top-Way,-Wesley-Chapel,-FL-33545","6425 Pine Top Way, Wesley Chapel, FL 33545",6425 Pine Top Way,,Wesley Chapel,FL,12,33545,Pasco,101,28.250369,-82.30507,Single Family,3,2.0,1690.0,Active,2280,Standard,2026-10-03T00:00:00.000Z,,2017-10-22T05:05:28.000Z,2026-10-03T03:05:28.766Z,1,Pasco,Wesley Chapel,,,,,,,,,,,,,,,,,,,Rental Listing,2280,Standard,2026-10-03T00:00:00.000Z,,1,,,,,,,,,,,,,,,,,,,,,,,,,,,,,,,,,,,,,,,,,,,,,,,,,,,,,,,,,,,,,,,,,,,,,,,,,,,,,,,,,,,,,,,,,,,,,,,,,,,,,,,,,,,,,,,,,,,,,,,,,,,,,,,,,,,,,,,,,,,,,,,,,,,,,,,,,,,,,,,,,,,,,,,,,,,,,,,,,,,,,,,,,,,,,,,,,,,,,,,,,,,,,,,,,,,,,,,,,,,,,,,,,,,,,,,,,,,,,,,,,,,,,,,,,,,,,,,,,,,,,,,,,,,,,,,,,,,,,,,,,,,,,,,,,,,,,,,,,,,,,,,,,,,,,,,,,,,,,,,,,,,,,,,,,,,,,,,,,,,,,,,,,,,,,,,,,,,,,,,,,,,,,,,,,,,,,,,,,,,,,,,,,,,,,,,,,,,,,,,,,,,,,,,,,,,,,,,,,,,,,,,,,,,,,,,,,,,,,,,,,,,,,,,,,,,,,,,,,,,,,,,,,
"28546-Tall-Grass-Dr,-Wesley-Chapel,-FL-33543","28546 Tall Grass Dr, Wesley Chapel, FL 33543",28546 Tall Grass Dr,,Wesley Chapel,FL,12,33543,Pasco,101,28.171462,-82.343946,Single Family,3,2.0,1626.0,Active,2090,Standard,2026-10-03T00:00:00.000Z,,2026-06-13T00:00:00.000Z,2026-10-03T03:05:28.763Z,1,Pasco,Wesley Chapel,,,,,,,,,,,,,,,,,,,Rental Listing,2090,Standard,2026-10-03T00:00:00.000Z,,1,,,,,,,,,,,,,,,,,,,,,,,,,,,,,,,,,,,,,,,,,,,,,,,,,,,,,,,,,,,,,,,,,,,,,,,,,,,,,,,,,,,,,,,,,,,,,,,,,,,,Rental Listing,2135.0,Standard,2026-09-24T00:00:00.000Z,2026-09-25T00:00:00.000Z,1.0,,,,,,,,,,,,,,,,,,,,,,,,,,,,,,,,,,,,,,,,,,,,,,,,,,,,,,,,,,,,,,,,,,,,,,,,,,,,,,,,,,,,,,,,,,,,,,,,,,,,,,,,,,,,,,,,,,,,,,,,,,,,,,,,,,,,,,,,,,,,,,,,,,,,,,,,,,,,,,,,,,,,,,,,,,,,,,,,,,,,,,,,,,,,,,,,,,,,,,,,,,,,,,,,,,,,,,,,,,,,,,,,,,,,,,,,,,,,,,,,,,,,,,,,,,,,,,,,,,,,,,,,,,,,,,,,,,,,,,,,,,,,,,,,,,,,,,,,,,,,,,,,,,,,,,,,,,,,,,,,,,,,,,,,,,,,,,,,,,,,,,,,,,,,,,,,,,,,,,,,
"6229-Chapel-Pines-Blvd,-Wesley-Chapel,-FL-33545","6229 Chapel Pines Blvd, Wesley Chapel, FL 33545",6229 Chapel Pines Blvd,,Wesley Chapel,FL,12,33545,Pasco,101,28.247877,-82.307031,Single Family,3,2.0,1440.0,Active,2110,Standard,2026-10-03T00:00:00.000Z,,2018-07-31T05:05:17.000Z,2026-10-03T03:05:28.762Z,1,Pasco,Wesley Chapel,,,,,,,,,,,,,,,,,,,Rental Listing,2110,Standard,2026-10-03T00:00:00.000Z,,1,,,,,,,,,,,,,,,,,,,,,,,,,,,,,,,,,,,,,,,,,,,,,,,,,,,,,,,,,,,,,,,,,,,,,,,,,,,,,,,,,,,,,,,,,,,,,,,,,,,,,,,,,,Rental Listing,2100.0,Standard,2025-10-08T00:00:00.000Z,2025-10-09T00:00:00.000Z,1.0,,,,,,,,,,,,,,,,,,,,,,,,,,,,,,,,,,,,,,,,,,,,,,,,,,,,,,,,,,,,,,,,,,,,,,,,,,,,,,,,,,,,,,,,,,,,,,,,,,,,,,,,,,,,,,,,,,,,,,,,,,,,,,,,,,,,,,,,,,,,,,,,,,,,,,,,,,,,,,,,,,,,,,,,,,,,,,,,,,,,,,,,,,,,,,,,,,,,,,,,,,,,,,,,,,,,,,,,,,,,,,,,,,,,,,,,,,,,,,,,,,,,,,,,,,,,,,,,,,,,,,,,,,,,,,,,,,,,,,,,,,,,,,,,,,,,,,,,,,,,,,,,,,,,,,,,,,,,,,,,,,,,,,,,,,,,,,,,,,,,,,,,,,,,,,,,,,
"2404-Spring-Hollow-Loop,-Wesley-Chapel,-FL-33544","2404 Spring Hollow Loop, Wesley Chapel, FL 33544",2404 Spring Hollow Loop,,Wesley Chapel,FL,12,33544,Pasco,101,28.191511,-82.356942,Single Family,3,2.5,2278.0,Active,2395,Standard,2026-10-03T00:00:00.000Z,,2025-05-07T00:00:00.000Z,2026-10-03T03:05:28.762Z,1,Pasco,Wesley Chapel,,,,,,,,,,,,,,,,,,,Rental Listing,2395,Standard,2026-10-03T00:00:00.000Z,,1,,,,,,,,,,,,,,,,,,,,,,,,,,,,,,,,,,,,,,,,,,,,,,,,,,,,,,,,,,,,,,,,,,,,,,,,,,,,,,,,,,,,,,,,,,,,,,,,,,,,,,,,,,,,,,,,Rental Listing,2299.0,Standard,2025-06-05T00:00:00.000Z,2025-06-06T00:00:00.000Z,1.0,Rental Listing,2045.0,Standard,2025-08-30T00:00:00.000Z,2025-08-31T00:00:00.000Z,1.0,Rental Listing,2395.0,Standard,2026-08-19T00:00:00.000Z,2026-08-20T00:00:00.000Z,1.0,,,,,,,,,,,,,,,,,,,,,,,,,,,,,,,,,,,,,,,,,,,,,,,,,,,,,,,,,,,,,,,,,,,,,,,,,,,,,,,,,,,,,,,,,,,,,,,,,,,,,,,,,,,,,,,,,,,,,,,,,,,,,,,,,,,,,,,,,,,,,,,,,,,,,,,,,,,,,,,,,,,,,,,,,,,,,,,,,,,,,,,,,,,,,,,,,,,,,,,,,,,,,,,,,,,,,,,,,,,,,,,,,,,,,,,,,,,,,,,,,,,,,,,,,,,,,,,,,,,,,,,,,,,,,,,,,,,,,,,,,,,,,,,,,,,,,,,,,,,,,,,,,,,,,,,,,,,,,,,,,,,,,,,,,,,,,,,,
"6241-Perdita-Ct,-Wesley-Chapel,-FL-33545","6241 Perdita Ct, Wesley Chapel, FL 33545",6241 Perdita Ct,,Wesley Chapel,FL,12,33545,Pasco,101,28.247893,-82.312002,Single Family,3,2.0,1324.0,Active,1990,Standard,2026-10-03T00:00:00.000Z,,2020-11-14T02:42:17.150Z,2026-10-03T03:05:28.757Z,1,Pasco,Wesley Chapel,,,,,,,,,,,,,,,,,,,Rental Listing,1990,Standard,2026-10-03T00:00:00.000Z,,1,,,,,,,,,,,,,,,,,,,,,,,,,,,,,,,,,,,,,,,,,,,,,,,,,,,,,,,,,,,,,,Rental Listing,1905.0,Standard,2024-09-09T00:00:00.000Z,2024-10-17T00:00:00.000Z,38.0,,,,,,,,,,,,,,,,,,,,,,,,,,,,,,,,,,,,,,,,,,,,,,,,,,,,,,,,,,,,,,,,,,,,,,,,,,,,,,,,,,,,,,,,,,,,,,,,,,,,,,,,,,,,,,,,,,,,,,,,,,,,,,,,,,,,,,,,,,,,,,,,,,,,,,,,,,,,,,,,,,,,,,,,,,,,,,,,,,,,,,,,,,,,,,,,,,,,,,,,,,,,,,,,,,,,,,,,,,,,,,,,,,,,,,,,,,,,,,,,,,,,,,,,,,,,,,,,,,,,,,,,,,,,,,,,,,,,,,,,,,,,,,,,,,,,,,,,,,,,,,,,,,,,,,,,,,,,,,,,,,,,,,,,,,,,,,,,,,,,,,,,,,,,,,,,,,,,,,,,,,,,,,,,,,,,,,,,,,,,,,,,,,,,,,,,,,,,,,
"29942-Morningmist-Dr,-Wesley-Chapel,-FL-33543","29942 Morningmist Dr, Wesley Chapel, FL 33543",29942 Morningmist Dr,,Wesley Chapel,FL,12,33543,Pasco,101,28.183667,-82.32279,Single Family,4,2.0,1665.0,Active,2295,Standard,2026-10-03T00:00:00.000Z,,2020-01-13T18:46:26.001Z,2026-10-03T03:05:28.754Z,1,Pasco,Wesley Chapel,,,,,,,,,,,,,,,,,,,Rental Listing,2295,Standard,2026-10-03T00:00:00.000Z,,1,,,,,,,,,,,,,,,,,,,,,,,,,,,,,,,,,,,,,,,,,,,,,,,,,,,,,,,1998.0,,,,,,,,,,,,,,,,,,,6534.0,,,,,,,,,,,,,,,,,,,,,,,,,,,,,,,,,,,,,,,,,,,,,,,,,,,,,,,,,,,,,,,,,,,,,,,,,,,,,,,,,,,,,,,,,,,,,,,,,,,,,,,,,,,,,,,,,,,,,,,,,,,,,,,,,,,,,,,,,,,,,,,,,,,,,,,,,,,,,,,,,,,,,,,,,,,,,,,,,,,,,,,,,,,,,,,,,,,,,,,,,,,,,,,,,,,,,,,,,,,,,,,,,,,,,,,,,,,,,,,,,,,,,,,,,,,,,,,,,,,,,,,,,,,,,,,,,,,,,,,,,,,,,,,,,,,,,,,,,,,,,,,,,,,,,,,,,,,,,,,,,,,,,,,,,,,,,,,,,,,,,,,,,,,,,,,,,,,,,,,,,,,,,,,,,,,,,,,,,,,,,,,,,,,,,,,
"1430-Maximilian-Dr,-Wesley-Chapel,-FL-33543","1430 Maximilian Dr, Wesley Chapel, FL 33543",1430 Maximilian Dr,,Wesley Chapel,FL,12,33543,Pasco,101,28.178011,-82.330814,Single Family,4,2.0,1690.0,Active,2455,Standard,2026-10-03T00:00:00.000Z,,2020-06-30T01:04:39.594Z,2026-10-03T03:05:28.750Z,1,Pasco,Wesley Chapel,,,,,,,,,,,,,,,,,,,Rental Listing,2455,Standard,2026-10-03T00:00:00.000Z,,1,,,,,,,,,,,,,,,,,,,,,,,,,,,,,,,,,,,,,,,,,,,,,,,,,,,,,,,1995.0,,,,,,,,,,,,,,,,,,,5227.0,,,,,,,,,,,,,,,,,,,,,,,,,,,,,,,,,,,,,,,,,,,,,,,,,,,,,,,,,,,,,,,,,,,,,,,,,,,,,,,,,,,,,,,,,,,,,,,,,,,,,,,,,,,,,,,,,,,,,,,,,,,,,,,,,,,,,,,,,,,,,,,,,,,,,,,,,,,,,,,,,,,,,,,,,,,,,,,,,,,,,,,,,,,,,,,,,,,,,,,,,,,,,,,,,,,,,,,,,,,,,,,,,,,,,,,,,,,,,,,,,,,,,,,,,,,,,,,,,,,,,,,,,,,,,,,,,,,,,,,,,,,,,,,,,,,,,,,,,,,,,,,,,,,,,,,,,,,,,,,,,,,,,,,,,,,,,,,,,,,,,,,,,,,,,,,,,,,,,,,,,,,,,,,,,,,,,,,,,,,,,,,,,,,,,,,
"3927-Constantine-Loop,-Wesley-Chapel,-FL-33543","3927 Constantine Loop, Wesley Chapel, FL 33543",3927 Constantine Loop,,Wesley Chapel,FL,12,33543,Pasco,101,28.214304,-82.276333,Single Family,4,2.0,1574.0,Active,2090,Standard,2026-10-03T00:00:00.000Z,,2017-11-09T05:05:00.000Z,2026-10-03T03:05:28.748Z,1,Pasco,Wesley Chapel,,,,,,,,,,,,,,,,,,,Rental Listing,2090,Standard,2026-10-03T00:00:00.000Z,,1,,,,,,,,,,,,,,,,,,,,,,,,,,,,,,,,,,,,,,,,,,,,,,,,,,,,,,,,,,,,,,Rental Listing,2000.0,Standard,2024-09-09T00:00:00.000Z,2024-09-27T00:00:00.000Z,18.0,,,,,,,,,,,,,,,,,,,,,,,,,,,,,,,,,,,,,,,,,,,,,,,,,,,,,,,,,,,,,,,,,,,,,,,,,,,,,,,,,,,,,,,,,,,,,,,,,,,,,,,,,,,,,,,,,,,,,,,,,,,,,,,,,,,,,,,,,,,,,,,,,,,,,,,,,,,,,,,,,,,,,,,,,,,,,,,,,,,,,,,,,,,,,,,,,,,,,,,,,,,,,,,,,,,,,,,,,,,,,,,,,,,,,,,,,,,,,,,,,,,,,,,,,,,,,,,,,,,,,,,,,,,,,,,,,,,,,,,,,,,,,,,,,,,,,,,,,,,,,,,,,,,,,,,,,,,,,,,,,,,,,,,,,,,,,,,,,,,,,,,,,,,,,,,,,,,,,,,,,,,,,,,,,,,,,,,,,,,,,,,,,,,,,,,,,,,,,,
"33839-Coddle-Ct,-Wesley-Chapel,-FL-33543","33839 Coddle Ct, Wesley Chapel, FL 33543",33839 Coddle Ct,,Wesley Chapel,FL,12,33543,Pasco,101,28.209017,-82.256394,Single Family,3,2.0,1620.0,Active,2180,Standard,2026-10-03T00:00:00.000Z,,2021-10-20T00:18:31.248Z,2026-10-03T03:05:28.745Z,1,Pasco,Wesley Chapel,,,,,,,,,,,,,,,,,,,Rental Listing,2180,Standard,2026-10-03T00:00:00.000Z,,1,,,,,,,,,,,,,,,,,,,,,,,,,,,,,,,,,,,,,,,,,,,,,,,,,,,,,,,,,,,,,,,,,,,,,,,,,,,,,,,,,,,,,,,,,,,,,,,,,,,,,,,,,,,,,,,,,,,,,,,,,,,,,,,,,,Rental Listing,2315.0,Standard,2026-09-11T00:00:00.000Z,2026-09-12T00:00:00.000Z,1.0,,,,,,,,,,,,,,,,,,,,,,,,,,,,,,,,,,,,,,,,,,,,,,,,,,,,,,,,,,,,,,,,,,,,,,,,,,,,,,,,,,,,,,,,,,,,,,,,,,,,,,,,,,,,,,,,,,,,,,,,,,,,,,,,,,,,,,,,,,,,,,,,,,,,,,,,,,,,,,,,,,,,,,,,,,,,,,,,,,,,,,,,,,,,,,,,,,,,,,,,,,,,,,,,,,,,,,,,,,,,,,,,,,,,,,,,,,,,,,,,,,,,,,,,,,,,,,,,,,,,,,,,,,,,,,,,,,,,,,,,,,,,,,,,,,,,,,,,,,,,,,,,,,,,,,,,,,,,,,,,,,,,,,,,,,
"31825-Lily-Arbor-Way,-Wesley-Chapel,-FL-33545","31825 Lily Arbor Way, Wesley Chapel, FL 33545",31825 Lily Arbor Way,,Wesley Chapel,FL,12,33545,Pasco,101,28.27873,-82.290042,Single Family,4,2.0,2155.0,Active,2600,Standard,2026-10-03T00:00:00.000Z,,2024-07-02T00:00:00.000Z,2026-10-03T03:05:28.734Z,1,Pasco,Wesley Chapel,,,,,,,,,,,,,,,,,,,Rental Listing,2600,Standard,2026-10-03T00:00:00.000Z,,1,,,,,,,,,,,,,,,,,,,,,,,,,,,,,,,,,,,,,,,,,,,,,,,,,,,,,,,2022.0,,,,,,,,,,,,,,,,,,,6100.0,,,,,,,,,,,,,,,,,,,,,,,,,,,,,,,,,,,,,,,,,,,,,,,,,,,,,,,,,,,,,,Rental Listing,2545.0,Standard,2025-04-04T00:00:00.000Z,2025-04-05T00:00:00.000Z,1.0,Rental Listing,2600.0,Standard,2026-04-21T00:00:00.000Z,2026-04-22T00:00:00.000Z,1.0,Rental Listing,2600.0,Standard,2026-05-19T00:00:00.000Z,2026-05-20T00:00:00.000Z,1.0,Rental Listing,2600.0,Standard,2026-06-04T00:00:00.000Z,2026-06-05T00:00:00.000Z,1.0,Rental Listing,2600.0,Standard,2026-06-26T00:00:00.000Z,2026-06-27T00:00:00.000Z,1.0,,,,,,,,,,,,,,,,,,,,,,,,,,,,,,,,,,,,,,,,,,,,,,,,,,,,,,,,,,,,,,,,,,,,,,,,,,,,,,,,,,,,,,,,,,,,,,,,,,,,,,,,,,,,,,,,,,,,,,,,,,,,,,,,,,,,,,,,,,,,,,,,,,,,,,,,,,,,,,,,,,,,,,,,,,,,,,,,,,,,,,,,,,,,,,,,,,,,,,,,,,,,,,,,,,,,,,,,,,,,,,,,,,,,,,,,,,,,,,,,,,,,,,,,,,,,,,,,,,,,,,,,,,,,,,,,,,,,,,,,,,,,,,,,,,,,,,,,,,,,
"32732-Yasmine-Loop,-Wesley-Chapel,-FL-33543","32732 Yasmine Loop, Wesley Chapel, FL 33543",32732 Yasmine Loop,,Wesley Chapel,FL,12,33543,Pasco,101,28.212615,-82.274784,Single Family,4,2.0,1950.0,Active,2400,Standard,2026-10-03T00:00:00.000Z,,2024-01-02T00:00:00.000Z,2026-10-03T03:05:28.732Z,1,Pasco,Wesley Chapel,,,,,,,,,,,,,,,,,,,Rental Listing,2400,Standard,2026-10-03T00:00:00.000Z,,1,,,,,,,,,,,,,,,,,,,,,,,,,,,,,,,,,,,,,,,,,,,,,,,,,,,,,,,2010.0,,,,,,,,,,,,,,,,,,,8602.0,,,,,,,,,,,,,,,,,,,,,,,,,,,,,,,,,,,,,,,,,,,,,,,,,,,,,,,,,,,,,,,,,,,,,,,,,,,,,,,,,,,,,,,,,,,,Rental Listing,2400.0,Standard,2026-08-29T00:00:00.000Z,2026-08-30T00:00:00.000Z,1.0,,,,,,,,,,,,,,,,,,,,,,,,,,,,,,,,,,,,,,,,,,,,,,,,,,,,,,,,,,,,,,,,,,,,,,,,,,,,,,,,,,,,,,,,,,,,,,,,,,,,,,,,,,,,,,,,,,,,,,,,,,,,,,,,,,,,,,,,,,,,,,,,,,,,,,,,,,,,,,,,,,,,,,,,,,,,,,,,,,,,,,,,,,,,,,,,,,,,,,,,,,,,,,,,,,,,,,,,,,,,,,,,,,,,,,,,,,,,,,,,,,,,,,,,,,,,,,,,,,,,,,,,,,,,,,,,,,,,,,,,,,,,,,,,,,,,,,
"1228-Throckmorton-Dr,-Wesley-Chapel,-FL-33543","1228 Throckmorton Dr, Wesley Chapel, FL 33543",1228 Throckmorton Dr,,Wesley Chapel,FL,12,33543,Pasco,101,28.17544,-82.3153,Townhouse,2,3.0,,Active,2195,Standard,2026-10-03T00:00:00.000Z,,2026-10-03T00:00:00.000Z,2026-10-03T03:05:28.720Z,1,Pasco,Wesley Chapel,,,,,,,,,,,,,,,,,,,Rental Listing,2195,Standard,2026-10-03T00:00:00.000Z,,1,,,,,,,,,,,,,,,,,,,,,,,,,,,,,,,,,,,,,,,,,,,,,,,,,,,,,,,,,,,,,,,,,,,,,,,,,,,,,,,,,,,,,,,,,,,,,,,,,,,,,,,,,,,,,,,,,,,,,,,,,,,,,,,,,,,,,,,,,,,,,,,,,,,,,,,,,,,,,,,,,,,,,,,,,,,,,,,,,,,,,,,,,,,,,,,,,,,,,,,,,,,,,,,,,,,,,,,,,,,,,,,,,,,,,,,,,,,,,,,,,,,,,,,,,,,,,,,,,,,,,,,,,,,,,,,,,,,,,,,,,,,,,,,,,,,,,,,,,,,,,,,,,,,,,,,,,,,,,,,,,,,,,,,,,,,,,,,,,,,,,,,,,,,,,,,,,,,,,,,,,,,,,,,,,,,,,,,,,,,,,,,,,,,,,,,,,,,,,,,,,,,,,,,,,,,,,,,,,,,,,,,,,,,,,,,,,,,,,,,,,,,,,,,,,,,,,,,,,,,,,,,,,
"1637-Maximilian-Dr,-Wesley-Chapel,-FL-33543","1637 Maximilian Dr, Wesley Chapel, FL 33543",1637 Maximilian Dr,,Wesley Chapel,FL,12,33543,Pasco,101,28.180707,-82.333187,Single Family,3,2.0,1850.0,Active,2500,Standard,2026-10-03T00:00:00.000Z,,2026-07-23T00:00:00.000Z,2026-10-03T03:05:28.716Z,1,Pasco,Wesley Chapel,,,,,,,,,,,,,,,,,,,Rental Listing,2500,Standard,2026-10-03T00:00:00.000Z,,1,,,,,,,,,,,,,,,,,,,,,,,,,,,,,,,,,,,,,,,,,,,,,,,,,,,,,,,,,,,,,,,,,,,,,,,,,,,,,,,,,,,,,,,,,,,,,,,,,,,,,,,,,,,,,,,,,,,,,,,,,,,,,,,,,,,,,,,,,,,,,,,,,,,,,,,,,,,,,,,,,,,,,,,,,,,,,,,,,,,,,,,,,,,,,,,,,,,,,,,,,,,,,,,,,,,,,,,,,,,,,,,,,,,,,,,,,,,,,,,,,,,,,,,,,,,,,,,,,,,,,,,,,,,,,,,,,,,,,,,,,,,,,,,,,,,,,,,,,,,,,,,,,,,,,,,,,,,,,,,,,,,,,,,,,,,,,,,,,,,,,,,,,,,,,,,,,,,,,,,,,,,,,,,,,,,,,,,,,,,,,,,,,,,,,,,,,,,,,,,,,,,,,,,,,,,,,,,,,,,,,,,,,,,,,,,,,,,,,,,,,,,,,,,,,,,,,,,,,,,,,,,,,
"34196-Astoria-Cir,-Wesley-Chapel,-FL-33545","34196 Astoria Cir, Wesley Chapel, FL 33545",34196 Astoria Cir,,Wesley Chapel,FL,12,33545,Pasco,101,28.261993,-82.254083,Single Family,3,2.0,2055.0,Active,2590,Standard,2026-10-03T00:00:00.000Z,,2023-04-15T00:00:00.000Z,2026-10-03T03:04:56.326Z,1,Pasco,Wesley Chapel,,,,,,,,,,,,,,,,,,,Rental Listing,2590,Standard,2026-10-03T00:00:00.000Z,,1,,,,,,,,,,,,,,,,,,,,,,,,,,,,,,,,,,,,,,,,,,,,,,,,,,,,,,,,,,,,,,,,,,,,,,,,,,,,,,,,,,,,,,,,,,,,,,,,,,,,,,,,,,,,,,,,,,,,,,,,,,,,,,,,,,,,,,,,,,,,,,,,,,,,,,,,,,,,,,,,,,,,,,,,,,,,Rental Listing,2435.0,Standard,2024-10-15T00:00:00.000Z,2024-10-16T00:00:00.000Z,1.0,Rental Listing,2460.0,Standard,2025-07-14T00:00:00.000Z,2025-07-15T00:00:00.000Z,1.0,Rental Listing,2590.0,Standard,2026-07-03T00:00:00.000Z,2026-07-04T00:00:00.000Z,1.0,Rental Listing,2590.0,Standard,2026-07-07T00:00:00.000Z,2026-07-08T00:00:00.000Z,1.0,,,,,,,,,,,,,,,,,,,,,,,,,,,,,,,,,,,,,,,,,,,,,,,,,,,,,,,,,,,,,,,,,,,,,,,,,,,,,,,,,,,,,,,,,,,,,,,,,,,,,,,,,,,,,,,,,,,,,,,,,,,,,,,,,,,,,,,,,,,,,,,,,,,,,,,,,,,,,,,,,,,,,,,,,,,,,,,,,,,,,,,,,,,,,,,,,,,,,,,,,,,,,,,,,,,,,,,,,,,,,,,,,,,,,,,,,,,,,,,,,,,,,,,,,,,,,,,,,,,,,,,,,,,,,,
"6234-Chapel-Pines-Blvd,-Wesley-Chapel,-FL-33545","6234 Chapel Pines Blvd, Wesley Chapel, FL 33545",6234 Chapel Pines Blvd,,Wesley Chapel,FL,12,33545,Pasco,101,28.248128,-82.306517,Single Family,4,2.0,1564.0,Active,2215,Standard,2026-10-03T00:00:00.000Z,,2020-03-13T02:03:41.638Z,2026-10-03T03:04:56.321Z,1,Pasco,Wesley Chapel,,,,,,,,,,,,,,,,,,,Rental Listing,2215,Standard,2026-10-03T00:00:00.000Z,,1,,,,,,,,,,,,,,,,,,,,,,,,,,,,,,,,,,,,,,,,,,,,,,,,,,,,,,,2002.0,,,,,,,,,,,,,,,,,,,,,,,,,,,,,,,,,,,,,,,,,,,,,,,,,,,,,,,,,,,,,,,,,,,,,,,,,,,,,,,,,,,,,,,,,,,,,,,,,,,,,,,,,,,,,,,,,,,,,,,,,,,,,,,,,,,,,,,,,,,,,,,,,,,,,,,,,,,,,,,,,,,,,,,,,,,,,,,,,,,,,,,,,,,,,,,,,,,,,,,,,,,,,,,,,,,,,,,,,,,,,,,,,,,,,,,,,,,,,,,,,,,,,,,,,,,,,,,,,,,,,,,,,,,,,,,,,,,,,,,,,,,,,,,,,,,,,,,,,,,,,,,,,,,,,,,,,,,,,,,,,,,,,,,,,,,,,,,,,,,,,,,,,,,,,,,,,,,,,,,,,,,,,,,,,,,,,,,,,,,,,,,,,,,,,,,,,,,,,,,,,,,,,,,,,,
"6453-Tabogi-Trl,-Wesley-Chapel,-FL-33545","6453 Tabogi Trl, Wesley Chapel, FL 33545",6453 Tabogi Trl,,Wesley Chapel,FL,12,33545,Pasco,101,28.250067,-82.31591,Single Family,3,2.0,1292.0,Active,1960,Standard,2026-10-03T00:00:00.000Z,,2019-12-25T11:24:12.145Z,2026-10-03T03:04:56.319Z,1,Pasco,Wesley Chapel,,,,,,,,,,,,,,,,,,,Rental Listing,1960,Standard,2026-10-03T00:00:00.000Z,,1,,,,,,,,,,,,,,,,,,,,,,,,,,,,,,,,,,,,,,,,,,,,,,,,,,,,,,,2005.0,,,,,,,,,,,,,,,,,,,,,,,,,,,,,,,,,,,,,,,,,,,,,,,,,,,,,,,,,,,,,,,,,,,,,,,,,,,,,,,,,,,,,,,,,,,,,,,,,,,,,,,,,,,,,,,,,,,,,,,,,,,,,,,,,,,,,,,,,,,,,Rental Listing,2010.0,Standard,2026-05-22T00:00:00.000Z,2026-05-23T00:00:00.000Z,1.0,Rental Listing,1960.0,Standard,2026-07-30T00:00:00.000Z,2026-07-31T00:00:00.000Z,1.0,Rental Listing,1960.0,Standard,2026-08-15T00:00:00.000Z,2026-08-16T00:00:00.000Z,1.0,,,,,,,,,,,,,,,,,,,,,,,,,,,,,,,,,,,,,,,,,,,,,,,,,,,,,,,,,,,,,,,,,,,,,,,,,,,,,,,,,,,,,,,,,,,,,,,,,,,,,,,,,,,,,,,,,,,,,,,,,,,,,,,,,,,,,,,,,,,,,,,,,,,,,,,,,,,,,,,,,,,,,,,,,,,,,,,,,,,,,,,,,,,,,,,,,,,,,,,,,,,,,,,,,,,,,,,,,,,,,,,,,,,,,,,,,,,,,,,,,,,,,,,,,,,,
"33893-Thyme-Dr,-Wesley-Chapel,-FL-33543","33893 Thyme Dr, Wesley Chapel, FL 33543",33893 Thyme Dr,,Wesley Chapel,FL,12,33543,Pasco,101,28.202676,-82.256134,Single Family,3,2.0,1700.0,Active,2390,Standard,2026-10-03T00:00:00.000Z,,2025-03-06T00:00:00.000Z,2026-10-03T03:04:56.311Z,1,Pasco,Wesley Chapel,,,,,,,,,,,,,,,,,,,Rental Listing,2390,Standard,2026-10-03T00:00:00.000Z,,1,,,,,,,,,,,,,,,,,,,,,,,,,,,,,,,,,,,,,,,,,,,,,,,,,,,,,,,2023.0,,,,,,,,,,,,,,,,,,,,,,,,,,,,,,,,,,,,,,,,,,,,,,,,,,,,,,,,,,,,,,,,,,,,,,,,,,,,,,,,,,,,,,,,,,,,,,,,,,,,,,,,,,,,,,,,,,,,,,,,,,,,,,,,,,,,,,,,,,,,,,,,,,,,,,,,,,,,,,,Rental Listing,2400.0,Standard,2025-02-16T00:00:00.000Z,2025-03-08T00:00:00.000Z,20.0,Rental Listing,2400.0,Standard,2026-03-24T00:00:00.000Z,2026-03-25T00:00:00.000Z,1.0,Rental Listing,2275.0,Standard,2026-04-06T00:00:00.000Z,2026-04-07T00:00:00.000Z,1.0,Rental Listing,2250.0,Standard,2026-04-30T00:00:00.000Z,2026-05-01T00:00:00.000Z,1.0,,,,,,,,,,,,,,,,,,,,,,,,,,,,,,,,,,,,,,,,,,,,,,,,,,,,,,,,,,,,,,,,,,,,,,,,,,,,,,,,,,,,,,,,,,,,,,,,,,,,,,,,,,,,,,,,,,,,,,,,,,,,,,,,,,,,,,,,,,,,,,,,,,,,,,,,,,,,,,,,,,,,,,,,,,,,,,,,,,,,,,,,,,,,,,,,,,,,,,,,,,,,,,,,,,,,,,,,,,,,,,,,,,,,
"5850-War-Admiral-Dr,-Wesley-Chapel,-FL-33544","5850 War Admiral Dr, Wesley Chapel, FL 33544",5850 War Admiral Dr,,Wesley Chapel,FL,12,33544,Pasco,101,28.24374,-82.389328,Single Family,4,2.0,1956.0,Active,2385,Standard,2026-10-03T00:00:00.000Z,,2020-07-16T16:28:06.854Z,2026-10-03T03:04:56.310Z,1,Pasco,Wesley Chapel,,,,,,,,,,,,,,,,,,,Rental Listing,2385,Standard,2026-10-03T00:00:00.000Z,,1,,,,,,,,,,,,,,,,,,,,,,,,,,,,,,,,,,,,,,,,,,,,,,,,,,,,,,,,,,,,,,,,,,,,,,,,,,,,,,,,,,,,,,,,,,,,,,,,,,,,,,,,,,,,,,,,,,,,,,Rental Listing,2399.0,Standard,2025-08-30T00:00:00.000Z,2025-08-31T00:00:00.000Z,1.0,,,,,,,,,,,,,,,,,,,,,,,,,,,,,,,,,,,,,,,,,,,,,,,,,,,,,,,,,,,,,,,,,,,,,,,,,,,,,,,,,,,,,,,,,,,,,,,,,,,,,,,,,,,,,,,,,,,,,,,,,,,,,,,,,,,,,,,,,,,,,,,,,,,,,,,,,,,,,,,,,,,,,,,,,,,,,,,,,,,,,,,,,,,,,,,,,,,,,,,,,,,,,,,,,,,,,,,,,,,,,,,,,,,,,,,,,,,,,,,,,,,,,,,,,,,,,,,,,,,,,,,,,,,,,,,,,,,,,,,,,,,,,,,,,,,,,,,,,,,,,,,,,,,,,,,,,,,,,,,,,,,,,,,,,,,,,,,,,,,,,,
"5211-Avalon-Park-Blvd,---1,-Wesley-Chapel,-FL-33545","5211 Avalon Park Blvd, # 1, Wesley Chapel, FL 33545",5211 Avalon Park Blvd,# 1,Wesley Chapel,FL,12,33545,Pasco,101,28.232203,-82.270508,Townhouse,3,2.5,1820.0,Active,2300,Standard,2026-10-03T00:00:00.000Z,,2026-09-15T00:00:00.000Z,2026-10-03T03:04:56.300Z,1,Pasco,Wesley Chapel,,,,,,,,,,,,,,,,,,,Rental Listing,2300,Standard,2026-10-03T00:00:00.000Z,,1,,,,,,,,,,,,,,,,,,,,,,,,,,,,,,,,,,,,,,,,,,,,,,,,,,,,,,,,,,,,,,,,,,,,,,,,,,,,,,,,,,,,,,,,,,,,,,,,,,,,,,,,,,,,,,,,,,,,,,,,,,,,,,,,,,,,,,,,,,,,,,,,,,,,,,,,,,,,,,,,,,,,,,,,,,,,,,,,,,,,,,,,,,,,,,,,,,,,,,,,,,,,,,,,,,,,,,,,,,,,,,,,,,,,,,,,,,,,,,,,,,,,,,,,,,,,,,,,,,,,,,,,,,,,,,,,,,,,,,,,,,,,,,,,,,,,,,,,,,,,,,,,,,,,,,,,,,,,,,,,,,,,,,,,,,,,,,,,,,,,,,,,,,,,,,,,,,,,,,,,,,,,,,,,,,,,,,,,,,,,,,,,,,,,,,,,,,,,,,,,,,,,,,,,,,,,,,,,,,,,,,,,,,,,,,,,,,,,,,,,,,,,,,,,,,,,,,,,,,,,,,,,,
"33872-Night-Lily-Dr,-Wesley-Chapel,-FL-33543","33872 Night Lily Dr, Wesley Chapel, FL 33543",33872 Night Lily Dr,,Wesley Chapel,FL,12,33543,Pasco,101,28.203637,-82.256529,Single Family,4,2.5,1977.0,Active,2495,Standard,2026-10-03T00:00:00.000Z,,2026-08-20T00:00:00.000Z,2026-10-03T03:04:56.272Z,1,Pasco,Wesley Chapel,,,,,,,,,,,,,,,,,,,Rental Listing,2495,Standard,2026-10-03T00:00:00.000Z,,1,,,,,,,,,,,,,,,,,,,,,,,,,,,,,,,,,,,,,,,,,,,,,,,,,,,,,,,2023.0,,,,,,,,,,,,,,,,,,,,,,,,,,,,,,,,,,,,,,,,,,,,,,,,,,,,,,,,,,,,,,,,,,,,,,,,,,,,,,,,,,,,,,,,,,,,,,,,,,,,,,,,,,,,,,,,,,,,,,,,,,,,,,,,,,,,,,,,,,,,,,,,,,,,,,,,,,,,,,,,,,,,,,,,,,,,,,,,,,,,,,,,,,,,,,,,,,,,,,,,,,,,,,,,,,,,,,,,,,,,,,,,,,,,,,,,,,,,,,,,,,,,,,,,,,,,,,,,,,,,,,,,,,,,,,,,,,,,,,,,,,,,,,,,,,,,,,,,,,,,,,,,,,,,,,,,,,,,,,,,,,,,,,,,,,,,,,,,,,,,,,,,,,,,,,,,,,,,,,,,,,,,,,,,,,,,,,,,,,,,,,,,,,,,,,,,,,,,,,,,,,,,,,,,,,
"3252-Bridge-Haven-Dr,-Wesley-Chapel,-FL-33543","3252 Bridge Haven Dr, Wesley Chapel, FL 33543",3252 Bridge Haven Dr,,Wesley Chapel,FL,12,33543,Pasco,101,28.204346,-82.254387,Single Family,4,2.5,2297.0,Active,2700,Standard,2026-10-03T00:00:00.000Z,,2026-07-18T00:00:00.000Z,2026-10-03T03:04:56.260Z,1,Pasco,Wesley Chapel,,,,,,,,,,,,,,,,,,,Rental Listing,2700,Standard,2026-10-03T00:00:00.000Z,,1,,,,,,,,,,,,,,,,,,,,,,,,,,,,,,,,,,,,,,,,,,,,,,,,,,,,,,,2022.0,,,,,,,,,,,,,,,,,,,,,,,,,,,,,,,,,,,,,,,,,,,,,,,,,,,,,,,,,,,,,,,,,,,,,,,,,,,,,,,,,,,,,,,,,,,,,,,,,,,,,,,,,,,,,,,,,,,,,,,,,,,,,,,,,,,,,,,,,,,,,,,,,,,,,,,,,,,,,,,,,,,,,,,,,,,,,,,,,,,,,,,Rental Listing,2750.0,Standard,2026-08-04T00:00:00.000Z,2026-08-05T00:00:00.000Z,1.0,,,,,,,,,,,,,,,,,,,,,,,,,,,,,,,,,,,,,,,,,,,,,,,,,,,,,,,,,,,,,,,,,,,,,,,,,,,,,,,,,,,,,,,,,,,,,,,,,,,,,,,,,,,,,,,,,,,,,,,,,,,,,,,,,,,,,,,,,,,,,,,,,,,,,,,,,,,,,,,,,,,,,,,,,,,,,,,,,,,,,,,,,,,,,,,,,,,,,,,,,,,,,,,,,,,,,,,,,,,,,,
"6220-12th-Ave,-New-Port-Richey,-FL-34653","6220 12th Ave, New Port Richey, FL 34653",6220 12th Ave,,New Port Richey,FL,12,34653,Pasco,101,28.225694,-82.711464,Single Family,2,2.0,1050.0,Active,1870,Standard,2026-10-03T00:00:00.000Z,,2024-03-17T00:00:00.000Z,2026-10-03T03:05:28.773Z,1,Pasco,New Port Richey,,,,,,,,,,,,,,,,,,,Rental Listing,1870,Standard,2026-10-03T00:00:00.000Z,,1,,,,,,,,,,,,,,,,,,,,,,,,,,,,,,,,,,,,,,,,,,,,,,,,,,,,,,,,,,,,,,,,,,,,,,,,,,,,,,,,,,,,,,,,,,,,,,,,,,,,,,,,,,,,,,,,,,,,,,,,,,,,,,,,,,,,,,,,,,,,,,,,,,,,,,,,,,,,,,,,,,,,,,,,,,,,,,,,,,,,,,,,,,,,,,,,,,,,,,,,,,,,,,,,,,,,,,,,,,,,,,,,,,,,,,,,,,,,,,,,,,,,,,,,,,,,,,,,,,,,,,,,,,,,,,,,,,,,,,,,,,,,,,,,,,,,,,,,,,,,,,,,,,,,,,,,,,,,,,,,,,,,,,,,,,,,,,,,,,,,,,,,,,,,,,,,,,,,,,,,,,,,,,,,,,,,,,,,,,,,,,,,,,,,,,,,,,,,,,,,,,,,,,,,,,,,,,,,,,,,,,,,,,,,,,,,,,,,,,,,,,,,,,,,,,,,,,,,,,,,,,,,,
"9142-Buena-Mesa-Dr,-New-Port-Richey,-FL-34655","9142 Buena Mesa Dr, New Port Richey, FL 34655",9142 Buena Mesa Dr,,New Port Richey,FL,12,34655,Pasco,101,28.235484,-82.663203,Single Family,3,2.0,1876.0,Active,2700,Standard,2026-10-03T00:00:00.000Z,,2017-12-24T05:05:32.000Z,2026-10-03T03:05:28.764Z,1,Pasco,New Port Richey,,,,,,,,,,,,,,,,,,,Rental Listing,2700,Standard,2026-10-03T00:00:00.000Z,,1,,,,,,,,,,,,,,,,,,,,,,,,,,,,,,,,,,,,,,,,,,,,,,,,,,,,,,,,,,,,,,,,,,,,,,,,,,,,,,,,,,,,,,,,,,,,,,,,,,,,,,,,,,,,,,,,,,,,,,,,,,,,,,,,,,,,,,,,,,,,,,,,,,,,,,,,,,,,,,,,,,,,,,,,,,,,,,,,,,,,,,,,,,,,,,,,,,,,,,,,,,,,,,,,,,,,,,,,,,,,,,,,,,,,,,,,,,,,,,,,,,,,,,,,,,,,,,,,,,,,,,,,,,,,,,,,,,,,,,,,,,,,,,,,,,,,,,,,,,,,,,,,,,,,,,,,,,,,,,,,,,,,,,,,,,,,,,,,,,,,,,,,,,,,,,,,,,,,,,,,,,,,,,,,,,,,,,,,,,,,,,,,,,,,,,,,,,,,,,,,,,,,,,,,,,,,,,,,,,,,,,,,,,,,,,,,,,,,,,,,,,,,,,,,,,,,,,,,,,,,,,,,,
"5637-Chipper-Dr,-New-Port-Richey,-FL-34652","5637 Chipper Dr, New Port Richey, FL 34652",5637 Chipper Dr,,New Port Richey,FL,12,34652,Pasco,101,28.212436,-82.72078,Single Family,2,2.0,1310.0,Active,1600,Standard,2026-10-03T00:00:00.000Z,,2026-09-18T00:00:00.000Z,2026-10-03T03:05:28.760Z,1,Pasco,New Port Richey,,,,,,,,,,,,,,,,,,,Rental Listing,1600,Standard,2026-10-03T00:00:00.000Z,,1,,,,,,,,,,,,,,,,,,,,,,,,,,,,,,,,,,,,,,,,,,,,,,,,,,,,,,,1974.0,,,,,,,,,,,,,,,,,,,5227.0,,,,,,,,,,,,,,,,,,,,,,,,,,,,,,,,,,,,,,,,,,,,,,,,,,,,,,,,,,,,,,,,,,,,,,,,,,,,,,,,,,,,,,,,,,,,,,,,,,,,,,,,,,,,,,,,,,,,,,,,,,,,,,,,,,,,,,,,,,,,,,,,,,,,,,,,,,,,,,,,,,,,,,,,,,,,,,,,,,,,,,,,,,,,,,,,,,,,,,,,,,,,,,,,,,,,,,,,,,,,,,,,,,,,,,,,,,,,,,,,,,,,,,,,,,,,,,,,,,,,,,,,,,,,,,,,,,,,,,,,,,,,,,,,,,,,,,,,,,,,,,,,,,,,,,,,,,,,,,,,,,,,,,,,,,,,,,,,,,,,,,,,,,,,,,,,,,,,,,,,,,,,,,,,,,,,,,,,,,,,,,,,,,,,,,,
"4148-Savage-Station-Cir,-New-Port-Richey,-FL-34653","4148 Savage Station Cir, New Port Richey, FL 34653",4148 Savage Station Cir,,New Port Richey,FL,12,34653,Pasco,101,28.21994,-82.695147,Single Family,3,2.5,1783.0,Active,2275,Standard,2026-10-03T00:00:00.000Z,,2020-05-31T05:23:34.680Z,2026-10-03T03:05:28.758Z,1,Pasco,New Port Richey,,,,,,,,,,,,,,,,,,,Rental Listing,2275,Standard,2026-10-03T00:00:00.000Z,,1,,,,,,,,,,,,,,,,,,,,,,,,,,,,,,,,,,,,,,,,,,,,,,,,,,,,,,,,,,,,,,,,,,,,,,,,,,,,,,,,,,,,,,,,,,,,,,,,,,,,,,,,,,,,,,,,,,,,,,,,,,,,,,,,,,Rental Listing,2280.0,Standard,2026-09-11T00:00:00.000Z,2026-09-12T00:00:00.000Z,1.0,,,,,,,,,,,,,,,,,,,,,,,,,,,,,,,,,,,,,,,,,,,,,,,,,,,,,,,,,,,,,,,,,,,,,,,,,,,,,,,,,,,,,,,,,,,,,,,,,,,,,,,,,,,,,Rental Listing,2225.0,Standard,2026-09-28T00:00:00.000Z,2026-09-29T00:00:00.000Z,1.0,,,,,,,,,,,,,,,,,,,,,,,,,,,,,,,,,,,,,,,,,,,,,,,,,,,,,,,,,,,,,,,,,,,,,,,,,,,,,,,,,,,,,,,,,,,,,,,,,,,,,,,,,,,,,,,,,,,,,,,,,,,,,,,,,,,,,,,,,,,,,,,,,,,,,,,,,,,,,,,,,,,,,,,,,,,,,,,,,,,,,,,,,,,,,,,,,,,,,,,,,,,,,,,,,,,,,,,,
"12159-Colony-Lakes-Blvd,-New-Port-Richey,-FL-34654","12159 Colony Lakes Blvd, New Port Richey, FL 34654",12159 Colony Lakes Blvd,,New Port Richey,FL,12,34654,Pasco,101,28.333761,-82.61759,Single Family,4,2.0,1968.0,Active,2280,Standard,2026-10-03T00:00:00.000Z,,2019-04-29T11:05:19.680Z,2026-10-03T03:05:28.750Z,1,Pasco,New Port Richey,,,,,,,,,,,,,,,,,,,Rental Listing,2280,Standard,2026-10-03T00:00:00.000Z,,1,,,,,,,,,,,,,,,,,,,,,,,,,,,,,,,,,,,,,,,,,,,,,,,,,,,,,,,,,,,,,,,,,,,,,,,,,,,,,,,,,,,,,,,,,,,,,,,,,,,,,,,,,,,,,,,,,,,,,,,,,,,,,,,,,,,,,,,,,,,,,,,,,,,,,,,,,,,,,,,,,,,,,,,,,,,,,,,,,,,,,,,,,,,,,,,,,,,,,,,,,,,,,,,,,,,,,,,,,,,,,,,,,,,,,,,,,,,,,,,,,,,,,,,,,,,,,,,,,,,,,,,,,,,,,,,,,,,,,,,,,,,,,,,,,,,,,,,,,,,,,,,,,,,,,,,,,,,,,,,,,,,,,,,,,,,,,,,,,,,,,,,,,,,,,,,,,,,,,,,,,,,,,,,,,,,,,,,,,,,,,,,,,,,,,,,,,,,,,,,,,,,,,,,,,,,,,,,,,,,,,,,,,,,,,,,,,,,,,,,,,,,,,,,,,,,,,,,,,,,,,,,,,
"5917-Missouri-Ave,-New-Port-Richey,-FL-34652","5917 Missouri Ave, New Port Richey, FL 34652",5917 Missouri Ave,,New Port Richey,FL,12,34652,Pasco,101,28.249329,-82.71645,Single Family,3,2.0,1007.0,Active,1735,Standard,2026-10-03T00:00:00.000Z,,2019-07-10T03:11:08.877Z,2026-10-03T03:05:28.749Z,1,Pasco,New Port Richey,,,,,,,,,,,,,,,,,,,Rental Listing,1735,Standard,2026-10-03T00:00:00.000Z,,1,,,,,,,,,,,,,,,,,,,,,,,,,,,,,,,,,,,,,,,,,,,,,,,,,,,,,,,,,,,,,,,,,,,,,,,,,,,,,,,,,,,,,,,,,,,,,,,,,,,,,,,,,,,,,,,,,,,,,,,,,,,,,,,,,,,,,,,,,,,,,,,,,,,,,,,,,,,,,,,,,,,,,,,,,,,,,,,,,,,,,,,,,,,,,,,,,,,,,,,,,,,,,,,,,,,,,,,,,,,,,,,,,,,,,,,,,,,,,,,,,,,,,,,,,,Rental Listing,1790.0,Standard,2026-09-01T00:00:00.000Z,2026-09-02T00:00:00.000Z,1.0,,,,,,,,,,,,,,,,,,,,,,,,,,,,,,,,,,,,,,,,,,,,,,,,,,,,,,,,,,,,,,,,,,,,,,,,,,,,,,,,,,,,,,,,,,,,,,,,,,,,,,,,,,,,,,,,,,,,,,,,,,,,,,,,,,,,,,,,,,,,,,,,,,,,,,,,,,,,,,,,,,,,,,,,,,,,,,,,,,,,,,,,,,,,,,,,,,,,,,,,,,,,,,,,,,
"5245-Amulet-Dr,-New-Port-Richey,-FL-34652","5245 Amulet Dr, New Port Richey, FL 34652",5245 Amulet Dr,,New Port Richey,FL,12,34652,Pasco,101,28.235746,-82.732971,Condo,1,1.0,963.0,Active,1300,Standard,2026-10-03T00:00:00.000Z,,2024-04-02T00:00:00.000Z,2026-10-03T03:05:28.743Z,1,Pasco,New Port Richey,,,,,,,,,,,,,,,,,,,Rental Listing,1300,Standard,2026-10-03T00:00:00.000Z,,1,,,,,,,,,,,,,,,,,,,,,,,,,,,,,,,,,,,,,,,,,,,,,,,,,,,,,,,,,,,,,,,,,,,,,,,,,,,,,,,,,,,,,,,,,,,,,,,,,,,,,,,,,,,,,,,,,,,,,,,,,,,,,,,,,,,,,,,,,,,,,,,,,,,,,,,,,,,,,,,,,,,,,,,,,,,,,,,,,,,,,,,,,,,,,,,,,,,,,,,,,,,,,,,,,,,,,,,,,,,,,,,,,,,,,,,,,,,,,,,,,,,,,,,,,,,,,,,,,,,,,,,,,,,,,,,,,,,,,,,,,,,,,,,,,,,,,,,,,,,,,,,,,,,,,,,,,,,,,,,,,,,,,,,,,,,,,,,,,,,,,,,,,,,,,,,,,,,,,,,,,,,,,,,,,,,,,,,,,,,,,,,,,,,,,,,,,,,,,,,,,,,,,,,,,,,,,,,,,,,,,,,,,,,,,,,,,,,,,,,,,,,,,,,,,,,,,,,,,,,,,,,,,
"8324-Bluebonnet-Pl,-New-Port-Richey,-FL-34653","8324 Bluebonnet Pl, New Port Richey, FL 34653",8324 Bluebonnet Pl,,New Port Richey,FL,12,34653,Pasco,101,28.219633,-82.676804,Single Family,4,2.0,1445.0,Active,2349,Standard,2026-10-03T00:00:00.000Z,,2022-04-07T02:37:51.000Z,2026-10-03T03:05:28.740Z,1,Pasco,New Port Richey,,,,,,,,,,,,,,,,,,,Rental Listing,2349,Standard,2026-10-03T00:00:00.000Z,,1,,,,,,,,,,,,,,,,,,,,,,,,,,,,,,,,,,,,,,,,,,,,,,,,,,,,,,,,,,,,,,,,,,,,,,,,,,,,,,,,,,,,,,,,,,,,,,,,,,,,,,,,,,,,,,,,,,,,,,,,,,,,,,,,,,,,,,,,,,,,,,,,,,,,,,,,,,,,,,,,,,,,,,,,,,,,,,,,,,,,,,,,,,,,,,,,,,,,,,,,,,,,,,,,,,,,,,,,,,,,,,,,,,,,,,,,,,,,,,,,,,,,,,,,,,,,,,,,,,,,,,,,,,,,,,,,,,,,,,,,,,,,,,,,,,,,,,,,,,,,,,,,,,,,,,,,,,,,,,,,,,,,,,,,,,,,,,,,,,,,,,,,,,,,,,,,,,,,,,,,,,,,,,,,,,,,,,,,,,,,,,,,,,,,,,,,,,,,,,,,,,,,,,,,,,,,,,,,,,,,,,,,,,,,,,,,,,,,,,,,,,,,,,,,,,,,,,,,,,,,,,,,,
"4545-Audrey-Ln,-New-Port-Richey,-FL-34652","4545 Audrey Ln, New Port Richey, FL 34652",4545 Audrey Ln,,New Port Richey,FL,12,34652,Pasco,101,28.225334,-82.727318,Apartment,2,1.0,750.0,Active,1295,Standard,2026-10-03T00:00:00.000Z,,2025-06-26T00:00:00.000Z,2026-10-03T03:05:28.729Z,1,Pasco,New Port Richey,,,,,,,,,,,,,,,,,,,Rental Listing,1295,Standard,2026-10-03T00:00:00.000Z,,1,,,,,,,,,,,,,,,,,,,,,,,,,,,,,,,,,,,,,,,,,,,,,,,,,,,,,,,,,,,,,,,,,,,,,,,,,,,,,,,,,,,,,,,,,,,,,,,,,,,,,,,,,,,,,,,,,,,,,,,,,,,,,,,,,,,,,,,,,,,,,,,,,,,,,,,,,,,,,,,,,,,,,,,,,,,,,,,,,,,,,,,,,,,,,,,,,,,,,,,,,,,,,,,,,,,,,,,,,,,,,,,,,,,,,,,,,,,,,,,,,,,,,,,,,,,,,,,,Rental Listing,1295.0,Standard,2025-09-10T00:00:00.000Z,2025-09-11T00:00:00.000Z,1.0,,,,,,,,,,,,,,,,,,,,,,,,,,,,,,,,,,,,,,,,,,,,,,,,,,,,,,,,,,,,,,,,,,,,,,,,,,,,,,,,,,,,,,,,,,,,,,,,,,,,,,,,,,,,,,,,,,,,,,,,,,,,,,,,,,,,,,,,,,,,,,,,,,,,,,,,,,,,,,,,,,,,,,,,,,,,,,,,,,,,,,,,,,,,,,,,,,,,,,,,,,,,
"4403-Terry-Loop,-New-Port-Richey,-FL-34652","4403 Terry Loop, New Port Richey, FL 34652",4403 Terry Loop,,New Port Richey,FL,12,34652,Pasco,101,28.223953,-82.73029,Single Family,2,1.0,1061.0,Active,1350,Standard,2026-10-03T00:00:00.000Z,,2023-03-03T00:00:00.000Z,2026-10-03T03:05:28.720Z,1,Pasco,New Port Richey,,,,,,,,,,,,,,,,,,,Rental Listing,1350,Standard,2026-10-03T00:00:00.000Z,,1,,,,,,,,,,,,,,,,,,,,,,,,,,,,,,,,,,,,,,,,,,,,,,,,,,,,,,,,,,,,,,,,,,,,,,,,,,,,,,,,,,,,,,,,,,,,,,,,,,,,,,,,,,,,,,,,,,,,,,,,,,,,,,,,,,,,,,,,,,,,,,,,,,,,,,,,,,,,,,,,,,,,,,,,,,,,,,,,,,,,,,,,,,,,,,,,,,,,,,,,,,,,,,,,,,,,,,,,,,,,,,,,,,,,,,,,,,,,,,,,,,,,,,,,,,,,,,,,,,,,,,,,,,,,,,,,,,,,,,,,,,,,,,,,,,,,,,,,,,,,,,,,,,,,,,,,,,,,,,,,,,,,,,,,,,,,,,,,,,,,,,,,,,,,,,,,,,,,,,,,,,,,,,,,,,,,,,,,,,,,,,,,,,,,,,,,,,,,,,,,,,,,,,,,,,,,,,,,,,,,,,,,,,,,,,,,,,,,,,,,,,,,,,,,,,,,,,,,,,,,,,,,,
"5567-Sea-Forest-Dr,-Apt-324,-New-Port-Richey,-FL-34652","5567 Sea Forest Dr, Apt 324, New Port Richey, FL 34652",5567 Sea Forest Dr,Apt 324,New Port Richey,FL,12,34652,Pasco,101,28.240515,-82.734765,Condo,2,3.0,1676.0,Active,2300,Standard,2026-10-03T00:00:00.000Z,,2026-03-08T00:00:00.000Z,2026-10-03T03:05:28.714Z,1,Pasco,New Port Richey,,,,,,,,,,,,,,,,,,,Rental Listing,2300,Standard,2026-10-03T00:00:00.000Z,,1,,,,,,,,,,,,,,,,,,,,,,,,,,,,,,,,,,,,,,,,,,,,,,,,,Rental Listing,2300.0,Standard,2026-09-26T00:00:00.000Z,2026-09-27T00:00:00.000Z,1.0,1992.0,,,,,,,,,,,,,,,,,,,1742.0,,,,,,,,,,,,,,,,,,,,,,,,,,,,,,,,,,,,,,,,,,,,,,,,,,,,,,,,,,,,,,,,,,,,,,,,,,,,,,,,,,,,,,,,,,,,,,,,,,,,,,,,,,,,,,,,,,,,,,,,,,,,,,,,,,,,,,,,,,,,,,,,,,,,,,,,,,,,,,,,,,,,,,,,,,,,,,,,,,,,,,,,,,,,Rental Listing,2800.0,Standard,2026-03-07T00:00:00.000Z,2026-06-03T00:00:00.000Z,88.0,Rental Listing,2475.0,Standard,2026-06-05T00:00:00.000Z,2026-08-11T00:00:00.000Z,67.0,,,,,,,,,,,,,,,,,,,,,,,,,,,,,,,,,,,,,,,,,,,,,,,,,,,,,,,,,,,,,,,,,,,,,,,,,,,,,,,,,,,,,,,,,,,,,,,,,,,,,,,,,,,,,,,,,,,,,,,,,,,,,,,,,,,,,,,,,,,,,,,,,,,,,,,,,,,,,,,,,,,,,,,,,,,,,,,,,,,,,,,,,,,,,,,,
"4609-Audrey-Ln,-New-Port-Richey,-FL-34652","4609 Audrey Ln, New Port Richey, FL 34652",4609 Audrey Ln,,New Port Richey,FL,12,34652,Pasco,101,28.225121,-82.726913,Apartment,2,1.0,750.0,Active,1350,Standard,2026-10-03T00:00:00.000Z,,2025-10-29T00:00:00.000Z,2026-10-03T03:04:56.324Z,1,Pasco,New Port Richey,,,,,,,,,,,,,,,,,,,Rental Listing,1350,Standard,2026-10-03T00:00:00.000Z,,1,,,,,,,,,,,,,,,,,,,,,,,,,,,,,,,,,,,,,,,,,,,,,,,,,,,,,,,,,,,,,,,,,,,,,,,,,,,,,,,,,,,,,,,,,,,,,,,,,,,,,,,,,,,,,,,,,,,,,,,,,,,,,,,,,,,,,,,,,,,,,,,,,,,,,,,,,,,,,,,,,,,,,,,,,,,,,,,,,,,,,,,,,,,,,,,,,,,,,,,,,,,,,,,,,,,,,,,,,,,,,,,,,,,,,,,,,,,,,,,,,,,,,,,,,,,,,,,,,,,,,,,,,,,,,,,,,,Rental Listing,1295.0,Standard,2026-01-16T00:00:00.000Z,2026-01-17T00:00:00.000Z,1.0,,,,,,,,,,,,,,,,,,,,,,,,,,,,,,,,,,,,,,,,,,,,,,,,,,,,,,,,,,,,,,,,,,,,,,,,,,,,,,,,,,,,,,,,,,,,,,,,,,,,,,,,,,,,,,,,,,,,,,,,,,,,,,,,,,,,,,,,,,,,,,,,,,,,,,,,,,,,,,,,,,,,,,,,,,,,,,,,,,,,,,,,,,
"5443-Beach-St,-New-Port-Richey,-FL-34652","5443 Beach St, New Port Richey, FL 34652",5443 Beach St,,New Port Richey,FL,12,34652,Pasco,101,28.238647,-82.71696,Apartment,2,1.0,850.0,Active,1395,Standard,2026-10-03T00:00:00.000Z,,2025-09-10T00:00:00.000Z,2026-10-03T03:04:56.323Z,1,Pasco,New Port Richey,,,,,,,,,,,,,,,,,,,Rental Listing,1395,Standard,2026-10-03T00:00:00.000Z,,1,,,,,,,,,,,,,,,,,,,,,,,,,,,,,,,,,,,,,,,,,,,,,,,,,,,,,,,,,,,,,,,,,,,,,,,,,,,,,,,,,,,,,,,,,,,,,,,,,,,,,,,,,,Rental Listing,1250.0,Standard,2025-10-08T00:00:00.000Z,2025-10-09T00:00:00.000Z,1.0,,,,,,,,,,,,,,,,,,,,,,,,,,,,,,,,,,,,,,,,,,,,,,,,,,,,,,,,,,,,,,,,,,,,,,,,,,,,,,,,,,,,,,,,,,,,,,,,,,,,,,,,,,,,,,,,,,,,,,,,,,,,,,,,,,,,,,,,,,,,,,,,,,,,,,,,,,,,,,,,,,,,,,,,,Rental Listing,1395.0,Standard,2026-08-10T00:00:00.000Z,2026-08-11T00:00:00.000Z,1.0,,,,,,,,,,,,,,,,,,,,,,,,,,,,,,,,,,,,,,,,,,,,,,,,,,,,,,,,,,,,,,,,,,,,,,,,,,,,,,,,,,,,,,,,,,,,,,,,,,,,,,,,,,,,,,,,,,,,,,,,,,,,,,,,,,,,,,,,,,,,,,,,,,,,,,,,,,,,,,,,,,,,,,,,,,,,,,,,,,,,
"5548-James-St,-New-Port-Richey,-FL-34652","5548 James St, New Port Richey, FL 34652",5548 James St,,New Port Richey,FL,12,34652,Pasco,101,28.240206,-82.723717,Single Family,2,1.0,800.0,Active,1425,Standard,2026-10-03T00:00:00.000Z,,2026-09-24T00:00:00.000Z,2026-10-03T03:04:56.323Z,1,Pasco,New Port Richey,,,,,,,,,,,,,,,,,,,Rental Listing,1425,Standard,2026-10-03T00:00:00.000Z,,1,,,,,,,,,,,,,,,,,,,,,,,,,,,,,,,,,,,,,,,,,,,,,,,,,,,,,,,,,,,,,,,,,,,,,,,,,,,,,,,,,,,,,,,,,,,,,,,,,,,,,,,,,,,,,,,,,,,,,,,,,,,,,,,,,,,,,,,,,,,,,,,,,,,,,,,,,,,,,,,,,,,,,,,,,,,,,,,,,,,,,,,,,,,,,,,,,,,,,,,,,,,,,,,,,,,,,,,,,,,,,,,,,,,,,,,,,,,,,,,,,,,,,,,,,,,,,,,,,,,,,,,,,,,,,,,,,,,,,,,,,,,,,,,,,,,,,,,,,,,,,,,,,,,,,,,,,,,,,,,,,,,,,,,,,,,,,,,,,,,,,,,,,,,,,,,,,,,,,,,,,,,,,,,,,,,,,,,,,,,,,,,,,,,,,,,,,,,,,,,,,,,,,,,,,,,,,,,,,,,,,,,,,,,,,,,,,,,,,,,,,,,,,,,,,,,,,,,,,,,,,,,,,
"5800-Montana-Ave,-New-Port-Richey,-FL-34652","5800 Montana Ave, New Port Richey, FL 34652",5800 Montana Ave,,New Port Richey,FL,12,34652,Pasco,101,28.247852,-82.718691,Apartment,2,1.0,1536.0,Active,1150,Standard,2026-10-03T00:00:00.000Z,,2026-05-21T00:00:00.000Z,2026-10-03T03:04:56.322Z,1,Pasco,New Port Richey,,,,,,,,,,,,,,,,,,,Rental Listing,1150,Standard,2026-10-03T00:00:00.000Z,,1,,,,,,,,,,,,,,,,,,,,,,,,,,,,,,,,,,,,,,,,,,,,,,,,,Rental Listing,1150.0,Standard,2026-09-26T00:00:00.000Z,2026-09-27T00:00:00.000Z,1.0,1979.0,,,,,,,,,,,,,,,,,,,7405.0,,,,,,,,,,,,,,,,,,,,,,,,,,,,,,,,,,,,,,,,,,,,,,,,,,,,,,,,,,,,,,,,,,,,,,,,,,,,,,,,,,,,,,,,,,,,,,,,,,,,,,,,,,,,,,,,,,,,,,,,,,,,,,,,,,,,,,,,,,,,,,,,,,,,,,,,,,,,,,,,,,,,,,,,,,,,,,,,,,,,,,,,,,,,,,,,,,,,,,,,,,,,,,,,,,,,,,,,,,,,,,,,,,,,,,,,,,,,,,,,,,,,,,,,,,,,,,,,,,,,,,,,,,,,,,,,,,,,,,,,,,,,,,,,,,,,,,,,,,,,,,,,,,,,,,,,,,,,,,,,,,,,,,,,,,,,,,,,,,,,,,,,,,,,,,,,,,,,,,,,,,,,,,,,,,,,,,,,,,,,,,,,,,,,,,,
"4618-Audrey-Ln,-New-Port-Richey,-FL-34652","4618 Audrey Ln, New Port Richey, FL 34652",4618 Audrey Ln,,New Port Richey,FL,12,34652,Pasco,101,28.224907,-82.726746,Apartment,2,1.0,750.0,Active,1350,Standard,2026-10-03T00:00:00.000Z,,2026-07-25T00:00:00.000Z,2026-10-03T03:04:56.315Z,1,Pasco,New Port Richey,,,,,,,,,,,,,,,,,,,Rental Listing,1350,Standard,2026-10-03T00:00:00.000Z,,1,,,,,,,,,,,,,,,,,,,,,,,,,,,,,,,,,,,,,,,,,,,,,,,,,,,,,,,,,,,,,,,,,,,,,,,,,,,,,,,,,,,,,,,,,,,,,,,,,,,,,,,,,,,,,,,,,,,,,,,,,,,,,,,,,,,,,,,,,,,,,,,,,,,,,,,,,,,,,,,,,,,,,,,,,,,,,,,,,,,,,,,,,,,,,,,,,,,,,,,,,,,,,,,,,,,,,,,,,,,,,,,,,,,,,,,,,,,,,,,,,,,,,,,,,,,,,,,,,,,,,,,,,,,,,,,,,,,,,,,,,,,,,,,,,,,,,,,,,,,,,,,,,,,,,,,,,,,,,,,,,,,,,,,,,,,,,,,,,,,,,,,,,,,,,,,,,,,,,,,,,,,,,,,,,,,,,,,,,,,,,,,,,,,,,,,,,,,,,,,,,,,,,,,,,,,,,,,,,,,,,,,,,,,,,,,,,,,,,,,,,,,,,,,,,,,,,,,,,,,,,,,,,
"8480-Houndstooth-Enclave-Dr,-New-Port-Richey,-FL-34655","8480 Houndstooth Enclave Dr, New Port Richey, FL 34655",8480 Houndstooth Enclave Dr,,New Port Richey,FL,12,34655,Pasco,101,28.201194,-82.674633,Single Family,3,2.5,1634.0,Active,2090,Standard,2026-10-03T00:00:00.000Z,,2023-03-11T00:00:00.000Z,2026-10-03T03:04:56.301Z,1,Pasco,New Port Richey,,,,,,,,,,,,,,,,,,,Rental Listing,2090,Standard,2026-10-03T00:00:00.000Z,,1,,,,,,,,,,,,,,,,,,,,,,,,,,,,,,,,,,,,,,,,,,,,,,,,,,,,,,,,,,,,,,,,,,,,,,,,,,,,,,,,,,,,,,,,,,,,,,Rental Listing,1899.0,Standard,2024-10-16T00:00:00.000Z,2024-10-17T00:00:00.000Z,1.0,,,,,,,,,,,,,,,,,,,,,,,,,,,,,,,,,,,,,,,,,,,,,,,,,,,,,,,,,,,,,,,,,,,,,,,,,,,,,,,,,,,,,,,,,,,,,,,,,,,,,,,,,,,,,,,,,,,,,,,,,,,,,,,,,,,,,,,,,,,,,,,,,,,,,,,,,,,,,,,,,,,,,,,,,,,,,,,,,,,,,,,,,,,,,,,,,,,,,,,,,,,,,,,,,,,,,,,,,,,,,,,,,,,,,,,,,,,,,,,,,,,,,,,,,,,,,,,,,,,,,,,,,,,,,,,,,,,,,,,,,,,,,,,,,,,,,,,,,,,,,,,,,,,,,,,,,,,,,,,,,,,,,,,,,,,,,,,,,,,,,,,,,,,,,,,,,,,,,,,,,,,,,,
"8514-Houndstooth-Enclave-Dr,-New-Port-Richey,-FL-34655","8514 Houndstooth Enclave Dr, New Port Richey, FL 34655",8514 Houndstooth Enclave Dr,,New Port Richey,FL,12,34655,Pasco,101,28.201196,-82.67412,Single Family,3,2.5,1634.0,Active,2090,Standard,2026-10-03T00:00:00.000Z,,2022-10-14T01:43:29.284Z,2026-10-03T03:04:56.296Z,1,Pasco,New Port Richey,,,,,,,,,,,,,,,,,,,Rental Listing,2090,Standard,2026-10-03T00:00:00.000Z,,1,,,,,,,,,,,,,,,,,,,,,,,,,,,,,,,,,,,,,,,,,,,,,,,,,,,,,,,,,,,,,,,,,,,,,,,,,,,,,,,,,,,,,,,,,,,,,,,,,,,,,,,,,,,,,,,,,,,,,,,,,,,,,,,,,,,,,,,,,,,,,,,,,,,,,,,,,,,,,,,,,,,,,,,,,,,,,,,,,,,,,,,,,,,,,,,,,,,,,,,,,,,,,,,,,,,,,,,,,,,,,,,,,,,,,,,,,,,,,,,,,,,,,,,,,,,,,,,,,,,,,,,,,,,,,,,,,,,,,,,,,,,,,,Rental Listing,1849.0,Standard,2026-02-27T00:00:00.000Z,2026-02-28T00:00:00.000Z,1.0,,,,,,,,,,,,,,,,,,,,,,,,,,,,,,,,,,,,,,,,,,,,,,,,,,,,,,,,,,,,,,,,,,,,,,,,,,,,,,,,,,,,,,,,,,,,,,,,,,,,,,,,,,,,,,,,,,,,,,,,,,,,,,,,,,,,,,,,,,,,,,,,,,,,,,,,,,,,,,,,,,,,,,,,,,,,,,
"8467-Druid-Oaks-Ln,-New-Port-Richey,-FL-34655","8467 Druid Oaks Ln, New Port Richey, FL 34655",8467 Druid Oaks Ln,,New Port Richey,FL,12,34655,Pasco,101,28.200887,-82.674864,Single Family,3,2.5,1634.0,Active,2075,Standard,2026-10-03T00:00:00.000Z,,2023-01-30T00:00:00.000Z,2026-10-03T03:04:56.295Z,1,Pasco,New Port Richey,,,,,,,,,,,,,,,,,,,Rental Listing,2075,Standard,2026-10-03T00:00:00.000Z,,1,,,,,,,,,,,,,,,,,,,,,,,,,,,,,,,,,,,,,,,,,,,,,,,,,,,,,,,,,,,,,,,,,,,,,,,,,,,,,,,,,,,,,,,,Rental Listing,2125.0,Standard,2026-08-22T00:00:00.000Z,2026-08-23T00:00:00.000Z,1.0,,,,,,,,,,,,,,,,,,,,,,,,,,,,,,,,,,,,,,,,,,,,,,,,,,,,,,,,,,,,,,,,,,,,,,,,,,,,,,,,,,,,,,,,,,,,,,,,,,,,,,,,,,,,,,,,,,,,,,,,,,,,,,,,,,,,,,,,,,,,,,,,,,,,,,,,,,,,,,,,,,,,,,,,,,,,,,,,,,,,,,,,,,,,,,,,,,,,,,,,,,,,,,,,,,,,,,,,,,,,,,,,,,,,,,,,,,,,,,,,,,,,,,,,,,,,,,,,,,,,,,,,,,,,,,,,,,,,,,,,,,,,,,,,,,,,,,,,,,,,,,,,,,,,,,,,,,,,,,,,,,,,,,,,,,,,,,,,,,,,,,,,,,,,,,,,,,,,,,,,,,,,,,,,,,,,
"6240A-Fairskies-Dr,-New-Port-Richey,-FL-34655","6240A Fairskies Dr, New Port Richey, FL 34655",6240A Fairskies Dr,,New Port Richey,FL,12,34655,Pasco,101,28.249878,-82.656197,Single Family,2,2.0,1558.0,Active,2500,Standard,2026-10-03T00:00:00.000Z,,2026-08-07T00:00:00.000Z,2026-10-03T03:04:56.292Z,1,Pasco,New Port Richey,,,,,,,,,,,,,,,,,,,Rental Listing,2500,Standard,2026-10-03T00:00:00.000Z,,1,,,,,,,,,,,,,,,,,,,,,,,,,,,,,,,,,,,,,,,,,,,,,,,,,,,,,,,,,,,,,,,,,,,,,,,,,,,,,,,,,,,,,,,,,,,,,,,,,,,,,,,,,,,,,,,,,,,,,,,,,,,,,,,,,,,,,,,,,,,,,,,,,,,,,,,,,,,,,,,,,,,,,,,,,,,,,,,,,,,,,,,,,,,,,,,,,,,,,,,,,,,,,,,,,,,,,,,,,,,,,,,,,,,,,,,,,,,,,,,,,,,,,,,,,,,,,,,,,,,,,,,,,,,,,,,,,,,,,,,,,,,,,,,,,,,,Rental Listing,2500.0,Standard,2026-09-10T00:00:00.000Z,2026-09-11T00:00:00.000Z,1.0,,,,,,,,,,,,,,,,,,,,,,,,,,,,,,,,,,,,,,,,,,,,,,,,,,,,,,,,,,,,,,,,,,,,,,,,,,,,,,,,,,,,,,,,,,,,,,,,,,,,,,,,,,,,,,,,,,,,,,,,,,,,,,,,,,,,,,,,,,,,,,,,,,,,,,,,,,,,,,,,,,,,,,,,
"3078-Bryant-Park-Dr,-New-Port-Richey,-FL-34655","3078 Bryant Park Dr, New Port Richey, FL 34655",3078 Bryant Park Dr,,New Port Richey,FL,12,34655,Pasco,101,28.203518,-82.676353,Single Family,3,2.5,1801.0,Active,2299,Standard,2026-10-03T00:00:00.000Z,,2023-05-11T00:00:00.000Z,2026-10-03T03:04:56.271Z,1,Pasco,New Port Richey,,,,,,,,,,,,,,,,,,,Rental Listing,2299,Standard,2026-10-03T00:00:00.000Z,,1,,,,,,,,,,,,,,,,,,,,,,,,,,,,,,,,,,,,,,,,,,,,,,,,,,,,,,,,,,,,,,,,,,,,,,,,,,,,,,,,,,,,,,,,,,,,,,,,,,,,,,,,,,,,,,,,,,,,,,,,,,,,,,,,,,,,,,,,,,,,,,,,,,,,,,,,,,,,,,,,,,,,,,,,,,,,,,,,,,,,,,,,,,,,,,,,,,,,,,,,,,,,,,,,,,,,,,,,,,,,,,,,,,,,,,,,,,,,,,,,,,,,,,,,,,,,,,,,,,,,,,,,,,,,,,,,,,,,,,,,,,,,,,,,,,,,,,,,,,,,,,,,,,,,,,,,,,,,,,,,,,,,,,,,,,,,,,,,,,,,,,,,,,,,,,,,,,,,,,,,,,,,,,,,,,,,,,,,,,,,,,,,,,,,,,,,,,,,,,,,,,,,,,,,,,,,,,,,,,,,,,,,,,,,,,,,,,,,,,,,,,,,,,,,,,,,,,,,,,,,,,,,,
"7138-Bellaire-Ter,-New-Port-Richey,-FL-34653","7138 Bellaire Ter, New Port Richey, FL 34653",7138 Bellaire Ter,,New Port Richey,FL,12,34653,Pasco,101,28.261206,-82.704697,Single Family,2,1.0,776.0,Active,1350,Standard,2026-10-03T00:00:00.000Z,,2024-10-23T00:00:00.000Z,2026-10-03T03:04:56.268Z,1,Pasco,New Port Richey,,,,,,,,,,,,,,,,,,,Rental Listing,1350,Standard,2026-10-03T00:00:00.000Z,,1,,,,,,,,,,,,,,,,,,,,,,,,,,,,,,,,,,,,,,,,,,,,,,,,,,,,,,,1978.0,,,,,,,,,,,,,,,,,,,21344.0,,,,,,,,,,,,,,Rental Listing,1350.0,Standard,2026-08-22T00:00:00.000Z,2026-08-23T00:00:00.000Z,1.0,,,,,,,,,,,,,,,,,,,,,,,,,,,,,,,,,,,,,,,,,,,,,,,,,,,,,,,,,,,,,,,,,,,,,,,,,,,,,,,,,,,,,,,,,,,,,,,,,,,,,,,,,,,,,,,,,,,,,,,,,,,,,,,,,,,,,,,,,,,,,,,,,,,,,,,,,,,,,,,,,,,,,,,,,,,,,,,,,,,,,,,,,,,,,,,,,,,,,,,,,,,,,Rental Listing,1350.0,Standard,2024-10-22T00:00:00.000Z,2024-11-01T00:00:00.000Z,10.0,Rental Listing,1350.0,Standard,2026-03-17T00:00:00.000Z,2026-03-18T00:00:00.000Z,1.0,Rental Listing,1350.0,Standard,2026-05-30T00:00:00.000Z,2026-05-31T00:00:00.000Z,1.0,Rental Listing,1350.0,Standard,2026-06-15T00:00:00.000Z,2026-06-16T00:00:00.000Z,1.0,,,,,,,,,,,,,,,,,,,,,,,,,,,,,,,,,,,,,,,,,,,,,,,,,,,,,,,,,,,,,,,,,,,,,,,,,,,,,,,,,,,,,,,,,,,,,,,,,,,,,,,,,,,,,,,,,,,,,,,,,,,,,,,,,,,,,,,,,,,,,,,,
"5644-Emerald-Pointe-Cir,-New-Port-Richey,-FL-34654","5644 Emerald Pointe Cir, New Port Richey, FL 34654",5644 Emerald Pointe Cir,,New Port Richey,FL,12,34654,Pasco,101,28.299454,-82.721016,Single Family,4,5.0,4222.0,Active,9995,Standard,2026-10-03T00:00:00.000Z,,2026-10-02T00:00:00.000Z,2026-10-03T03:04:56.267Z,1,Pasco,New Port Richey,,,,,,,,,,,,,,,,,,,Rental Listing,9995,Standard,2026-10-03T00:00:00.000Z,,1,,,,,,,,,,,,,,,,,,,,,,,,,,,,,,,,,,,,,,,,,,,,,,,,,,,,,,,,,,,,,,,,,,,,,,,,,,,,,,,,,,,,,,,,,,,,,,,,,,,,,,,,,,,,,,,,,,,,,,,,,,,,,,,,,,,,,,,,,,,,,,,,,,,,,,,,,,,,,,,,,,,,,,,,,,,,,,,,,,,,,,,,,,,,,,,,,,,,,,,,,,,,,,,,,,,,,,,,,,,,,,,,,,,,,,,,,,,,,,,,,,,,,,,,,,,,,,,,,,,,,,,,,,,,,,,,,,,,,,,,,,,,,,,,,,,,,,,,,,,,,,,,,,,,,,,,,,,,,,,,,,,,,,,,,,,,,,,,,,,,,,,,,,,,,,,,,,,,,,,,,,,,,,,,,,,,,,,,,,,,,,,,,,,,,,,,,,,,,,,,,,,,,,,,,,,,,,,,,,,,,,,,,,,,,,,,,,,,,,,,,,,,,,,,,,,,,,,,,,,,,,,,,
"2857-Coach-Manors-Way,-New-Port-Richey,-FL-34655","2857 Coach Manors Way, New Port Richey, FL 34655",2857 Coach Manors Way,,New Port Richey,FL,12,34655,Pasco,101,28.200385,-82.672934,Single Family,3,2.5,1801.0,Active,2299,Standard,2026-10-03T00:00:00.000Z,,2023-03-30T00:00:00.000Z,2026-10-03T03:04:56.262Z,1,Pasco,New Port Richey,,,,,,,,,,,,,,,,,,,Rental Listing,2299,Standard,2026-10-03T00:00:00.000Z,,1,,,,,,,,,,,,,,,,,,,,,,,,,,,,,,,,,,,,,,,,,,,,,,,,,,,,,,,,,,,,,,,,,,,,,,,,,,,,,,,,,,,,,,,,,,,,,,,,,,,,,,,,,,,,,,,,,,,,,,,,,,,,,,,,,,,,,,,,,,,,,,,,,,,,,,,,,,,,,,,,,,,,,,,,,,,,,,,,,,,,,,,,,,,,,,,,,,,,,,,,,,,,,,,,,,,,,,,,,,,,,,,,,,,,,,,,,,,,,,,,,,,,,,,,,,,,,,,,,,,,,,,,,,,,,,,,,,,,,,,,,,,,,,,,,,,,,,,,,,,,,,,,,,,,,,,,,,,,,,,,,,Rental Listing,2115.0,Standard,2024-10-18T00:00:00.000Z,2024-10-19T00:00:00.000Z,1.0,,,,,,,,,,,,,,,,,,,,,,,,,,,,,,,,,,,,,,,,,,,,,,,,,,,,,,,,,,,,,,,,,,,,,,,,,,,,,,,,,,,,,,,,,,,,,,,,,,,,,,,,,,,,,,,,,,,,,,,,,,,,,,,,,,,,,,,,,,
"2864-Coach-Manors-Way,-New-Port-Richey,-FL-34655","2864 Coach Manors Way, New Port Richey, FL 34655",2864 Coach Manors Way,,New Port Richey,FL,12,34655,Pasco,101,28.200487,-82.672512,Single Family,3,2.5,1801.0,Active,2299,Standard,2026-10-03T00:00:00.000Z,,2022-10-14T01:37:06.234Z,2026-10-03T03:04:56.257Z,1,Pasco,New Port Richey,,,,,,,,,,,,,,,,,,,Rental Listing,2299,Standard,2026-10-03T00:00:00.000Z,,1,,,,,,,,,,,,,,,,,,,,,,,,,,,,,,,,,,,,,,,,,,,,,,,,,,,,,,,,,,,,,,,,,,,,,,,,,,,,,,,,,,,,,,,,,,,,,,,,,,,,,,,,,,,,,,,,,,,,,,,,,,,,,,,,,,,,,,,,,,,,,,,,,,,,,,,,,,,,,,,,,,,,,,,,,,,,,,,,,,,,,,,,,,,,,,,,,,,,,,,,,,,,,,,,,,,,,,,,,,,,,,,,,,,,,,,,,,,,,,,,,,,,,,,,,,,,,,,,,,,,,,,,,,,,,,,,,,,,,,,,,,,,,,,,,,,,,,,,,,,,,,,,,,,,,,,,,,,,,,,,,,,,,,,,,,,,,,,,,,,,,,,,,,,,,,,,,,,,,,,,,,,,,,,,,,,,,,,,,,,,,,,,,,,,,,,,,,,,,,,,,,,,,,,,,,,,,,,,,,,,,,,,,,,,,,,,,,,,,,,,,,,,,,,,,,,,,,,,,,,,,,,,,
"1517-Firewheel-Dr,-Zephyrhills,-FL-33543","1517 Firewheel Dr, Zephyrhills, FL 33543",1517 Firewheel Dr,,Zephyrhills,FL,12,33543,Pasco,101,28.179032,-82.330524,Single Family,4,3.0,1764.0,Active,2840,Standard,2026-10-03T00:00:00.000Z,,2021-12-10T01:01:53.347Z,2026-10-03T03:05:28.773Z,1,Pasco,Zephyrhills,,,,,,,,,,,,,,,,,,,Rental Listing,2840,Standard,2026-10-03T00:00:00.000Z,,1,,,,,,,,,,,,,,,,,,,,,,,,,,,,,,,,,,,,,,,,,,,,,,,,,,,,,,,,,,,,,,,,,,,,,,,,,,,,,,,,,,,,,,,,,,,,,,,,,,,,,,,,,,,,,,,,,,,,,,,,,,,,,,,,,,,,,,,,,,,,,,,,,,,,,,,,,,,,,,,,,,,,,,,,,,,,,,,,,,,,,,,,,,,,,,,,,,,,,,,,,,,,,,,,,,,,,,,,,,,,,,,,,,,,,,,,,,,,,,,,,,,,,,,,,,,,,,,,,,,,,,,,,,,,,,,,,,,,,,,,,,,,,,,,,,,,,,,,,,,,,,,,,,,,,,,,,,,,,,,,,,,,,,,,,,,,,,,,,,,,,,,,,,,,,,,,,,,,,,,,,,,,,,,,,,,,,,,,,,,,,,,,,,,,,,,,,,,,,,,,,,,,,,,,,,,,,,,,,,,,,,,,,,,,,,,,,,,,,,,,,,,,,,,,,,,,,,,,,,,,,,,,,
"29505-Morningmist-Dr,-Zephyrhills,-FL-33543","29505 Morningmist Dr, Zephyrhills, FL 33543",29505 Morningmist Dr,,Zephyrhills,FL,12,33543,Pasco,101,28.18417,-82.32745,Single Family,3,2.0,1644.0,Active,2295,Standard,2026-10-03T00:00:00.000Z,,2022-07-19T00:49:11.988Z,2026-10-03T03:05:28.760Z,1,Pasco,Zephyrhills,,,,,,,,,,,,,,,,,,,Rental Listing,2295,Standard,2026-10-03T00:00:00.000Z,,1,,,,,,,,,,,,,,,,,,,,,,,,,,,,,,,,,,,,,,,,,,,,,,,,,,,,,,,,,,,,,,,,,,,,,,,,,,,,,,,,,,,,,,,,,,,,,,,,,,,,,,,,,,,,,,,,,,,,,,,,,,,,,,,,,,,,,,,,,,,,,,,,,,,,,,,,,,,,,,,,,,,,,,,,,,,,,,,,,,,,,,,,,,,,,,,,,,,,,,,,,,,,,,,,,,,,,,,,,,,,,,,,,,,,,,,,,,,,,,,,,,,,,,,,,,,,,,,,,,,,,,,,,,,,,,,,,,,,,,,,,,,,,,,,,,,,,,,,,,,,,,,,,,,,,,,,,,,,,,,,,,,,,,,,Rental Listing,2260.0,Standard,2025-10-18T00:00:00.000Z,2025-10-19T00:00:00.000Z,1.0,,,,,,,,,,,,,,,,,,,,,,,,,,,,,,,,,,,,,,,,,,,,,,,,,,,,,,,,,,,,,,,,,,,,,,,,,,,,,,,,,,,,,,,,,,,,,,,,,,,,,,,,,,,,,,,,,,,,,,,,,,,,,,,,,,,,
"28506-Tall-Grass-Dr,-Zephyrhills,-FL-33543","28506 Tall Grass Dr, Zephyrhills, FL 33543",28506 Tall Grass Dr,,Zephyrhills,FL,12,33543,Pasco,101,28.171587,-82.345303,Single Family,3,2.0,1607.0,Active,2640,Standard,2026-10-03T00:00:00.000Z,,2022-04-01T02:31:17.382Z,2026-10-03T03:05:28.759Z,1,Pasco,Zephyrhills,,,,,,,,,,,,,,,,,,,Rental Listing,2640,Standard,2026-10-03T00:00:00.000Z,,1,,,,,,,,,,,,,,,,,,,,,,,,,,,,,,,,,,,,,,,,,,,,,,,,,,,,,,,,,,,,,,,,,,,,,,,,,,,,,,,,,,,,,,,,,,,,,,,,,,,,,,,,,,,,,,,,,,,,,,,,,,,,,,,,,,,,,,,,,,,,,,,,,,,,,,,,,,,,,,,,,,,,,,,,,,,,,,,,,,,,,,,,,,,,,,,,,,,,,,,,,,,,,,,,,,,,,,,,,,,,,,,,,,,,,,,,,,,,,,,,,,,,,,,,,,,,,,,,,,,,,,,,,,,,,,,,,,,,,,,,,,,,,,,,,,,,,,,,,,,,,,,,,,,,,,,,,,,,,,,,,,,,,,,,,,,,,,,,,,,,,,,,,,,,,,,,,,,,,,,,,,,,,,,,,,,,,,,,,,,,,,,,,,,,,,,,,,,,,,,,,,,,,,,,,,,,,,,,,,,,,,,,,,,,,,,,,,,,,,,,,,,,,,,,,,,,,,,,,,,,,,,,,
"39132-County-Rd,-54-Unit-2070,-Zephyrhills,-FL-33542","39132 County Rd, 54 Unit 2070, Zephyrhills, FL 33542",39132 County Rd,54 Unit 2070,Zephyrhills,FL,12,33542,Pasco,101,28.25091,-82.169528,Single Family,2,2.0,972.0,Active,1495,Standard,2026-10-03T00:00:00.000Z,,2025-05-13T00:00:00.000Z,2026-10-03T03:05:28.759Z,1,Pasco,Zephyrhills,,,,,,,,,,,,,,,,,,,Rental Listing,1495,Standard,2026-10-03T00:00:00.000Z,,1,,,,,,,,,,,,,,,,,,,,,,,,,,,,,,,,,,,,,,,,,,,,,,,,,,,,,,,1998.0,,,,,,,,,,,,,,,,,,,1500.0,,,,,,,,,,,,,,,,,,,,,,,,,,,,,,,,,,,,,,,,,,,,,,,,,,,,,,,,,,,,,,,,,,,,,,,,,,,,,,,,,,,,,,,,,,,,,,,,,,,,,,,,,,,,,,,,,,,,,,,,,,,,,,,,,,,,,,,,,,,,,,,,,,,,,,,,,,,,,,,,,,,,,,,,,,,,,,,,,,,,,,,,,,,,,,,,,,,,,,,,,,,,,,,,,,,,,,,,,,,,,,,,,,,,,,,,,,,,,,,,,,,,,,,,,,,,,,,,,,,,Rental Listing,1500.0,Standard,2025-05-13T00:00:00.000Z,2025-06-13T00:00:00.000Z,31.0,Rental Listing,1495.0,Standard,2025-08-04T00:00:00.000Z,2025-09-10T00:00:00.000Z,37.0,Rental Listing,1450.0,Standard,2026-08-24T00:00:00.000Z,2026-09-25T00:00:00.000Z,32.0,,,,,,,,,,,,,,,,,,,,,,,,,,,,,,,,,,,,,,,,,,,,,,,,,,,,,,,,,,,,,,,,,,,,,,,,,,,,,,,,,,,,,,,,,,,,,,,,,,,,,,,,,,,,,,,,,,
"34442-Smart-Dr,-Zephyrhills,-FL-33541","34442 Smart Dr, Zephyrhills, FL 33541",34442 Smart Dr,,Zephyrhills,FL,12,33541,Pasco,101,28.234806,-82.245003,Single Family,3,2.0,1224.0,Active,1830,Standard,2026-10-03T00:00:00.000Z,,2023-08-28T00:00:00.000Z,2026-10-03T03:05:28.756Z,1,Pasco,Zephyrhills,,,,,,,,,,,,,,,,,,,Rental Listing,1830,Standard,2026-10-03T00:00:00.000Z,,1,,,,,,,,,,,,,,,,,,,,,,,,,,,,,,,,,,,,,,,,,,,,,,,,,,,,,,,,,,,,,,,,,,,,,,,,,,,,,,,,,,,,,,,,,,,,,,,,,,,,,,,,,,,,,,,,,,,,,,,,,,,,,,,,,,,,,,,,,,,,,,,,,,,,,,,,,,,,,,,,,,,,,,,,,,,,,,,,,,,,,,,,,,,,,,,,,,,,,,,,,,,,,,,,,,,,,,,,,,,,,,,,,,,,,,,,,,,,,,,,,,,,,,,,,,,,,,,,,,,,,,,,,,,,,,,,,,,,,,,,,,,,,,,,,,,,,,,,,,,,,,,,,,,,,,,,,,,,,,,,,,,,,,,,,,,,,,,,,,,,,,,,,,,,,,,,Rental Listing,1825.0,Standard,2024-11-02T00:00:00.000Z,2024-11-24T00:00:00.000Z,22.0,Rental Listing,1915.0,Standard,2026-08-06T00:00:00.000Z,2026-08-07T00:00:00.000Z,1.0,,,,,,,,,,,,,,,,,,,,,,,,,,,,,,,,,,,,,,,,,,,,,,,,,,,,,,,,,,,,,,,,,,,,,,,,,,,,,,,,,,,,,,,,,,,,,,,,,,,,,,
"3189-Lytton-Hall-Dr,-Zephyrhills,-FL-33540","3189 Lytton Hall Dr, Zephyrhills, FL 33540",3189 Lytton Hall Dr,,Zephyrhills,FL,12,33540,Pasco,101,28.203099,-82.161565,Single Family,4,2.0,1817.0,Active,2200,Standard,2026-10-03T00:00:00.000Z,,2022-03-02T00:02:36.390Z,2026-10-03T03:05:28.753Z,1,Pasco,Zephyrhills,,,,,,,,,,,,,,,,,,,Rental Listing,2200,Standard,2026-10-03T00:00:00.000Z,,1,,,,,,,,,,,,,,,,,,,,,,,,,,,,,,,,,,,,,,,,,,,,,,,,,,,,,,,2020.0,,,,,,,,,,,,,,,,,,,6970.0,77.0,,,,,,,,,,,,,,,,,,,,,,,,,,,,,,,,,,,,,,,,,,,,,,,,,,,,,,,,,,,,,,,,,,,,,,,,,,,,,,,,,,,,,,,,,,,,,,,,,,,,,,,,,,,,,,,,,,,,,,,,,,,,,,,,,,,,,,,,,,,,,,,,,,,,,,,,,,,,,,,,,,,,,,,,,,,,,,,,,,,,,,,,,,,,,,,,,,,,,,,,,,,,,,,,,,,,,,,,,,,,,,,,,,,,,,,,,,,,,,,,,,,,,,,,,,,,,,,,,,,,,,,,,,,,,,,,,,,,,,,,,,,,,,,,,Rental Listing,2270.0,Standard,2026-08-21T00:00:00.000Z,2026-08-22T00:00:00.000Z,1.0,,,,,,,,,,,,,,,,,,,,,,,,,,,,,,,,,,,,,,,,,,,,,,,,,,,,,,,,,,,,,,,,,,,,,,,,,,,,,,,,,,,,,,,,,,,,,,,,
"4850-9th-St,-Zephyrhills,-FL-33542","4850 9th St, Zephyrhills, FL 33542",4850 9th St,,Zephyrhills,FL,12,33542,Pasco,101,28.228513,-82.176519,Apartment,3,1.0,900.0,Active,1575,Standard,2026-10-03T00:00:00.000Z,,2024-05-24T00:00:00.000Z,2026-10-03T03:05:28.753Z,1,Pasco,Zephyrhills,,,,,,,,,,,,,,,,,,,Rental Listing,1575,Standard,2026-10-03T00:00:00.000Z,,1,,,,,,,,,,,,,,,,,,,,,,,,,,,,,,,,,,,,,,,,,,,,,,,,,,,,,,,2006.0,,,,,,,,,,,,,,,,,,,6600.0,,,,,,,,,,,,,,,,,,,,,,,,,,,,,,,,,,,,,,,,,,,,,,,,,,,,,,,,,,,,,,,,,,,,,,,,,,,,,,,,,,,,,,,,,,,,,,,,,,,,,,,,,,,,,,,,,,,,,,,,,,,,,,,,,,,,,,,,,,,,,,,,,,,,,,,,,,,,,,,,,,,,,,,,,,,,,,,,,,,,,,,,,,,,,,,,,,,,,,,,,,,,,,,,,,,,,,,,,,,,,,,,,,,,,,,,,,,,,,,,,,,,,,,,,,,,,,,,,,,,,,,,,,,,,,,,,,,,,,,,,,,,,,,,,,,,,,,,Rental Listing,1575.0,Standard,2025-10-04T00:00:00.000Z,2025-10-05T00:00:00.000Z,1.0,Rental Listing,1495.0,Standard,2025-11-05T00:00:00.000Z,2025-11-06T00:00:00.000Z,1.0,,,,,,,,,,,,,,,,,,,,,,,,,,,,,,,,,,,,,,,,,,,,,,,,,,,,,,,,,,,,,,,,,,,,,,,,,,,,,,,,,,,,
"39132-Co-Rd,---54,-Zephyrhills,-FL-33542","39132 Co Rd, # 54, Zephyrhills, FL 33542",39132 Co Rd,# 54,Zephyrhills,FL,12,33542,Pasco,101,28.250528,-82.169083,Condo,2,2.0,864.0,Active,1400,Standard,2026-10-03T00:00:00.000Z,,2026-03-03T00:00:00.000Z,2026-10-03T03:05:28.725Z,1,Pasco,Zephyrhills,,,,,,,,,,,,,,,,,,,Rental Listing,1400,Standard,2026-10-03T00:00:00.000Z,,1,,,,,,,,,,,,,,,,,,,,,,,,,,,,,,,,,,,,,,,,,,,,,,,,,,,,,,,,,,,,,,,,,,,,,,,,,,,,,,,,,,,,,,,,,,,,,,,,,,,,,,,,,,,,,,,,,,,,,,,,,,,,,,,,,,,,,,,,,,,,,,,,,,,,,,,,,,,,,,,,,,,,,,,,,,,,,,,,,,,,,,,,,,,,,,,,,,,,,,,,,,,,,,,,,,,,,,,,,,,,,,,,,,,,,,,,,,,,,,,,,,,,,,,,,,,,,,,,,,,,,,,,,,,,,,,,,,,,,,,,,,,,,,,,,,,,,,,,,,,,,,,,,,,,,,,,,,,,,,,,,,,,,,,,,,,,,,,,,,,,,,,,,,,,,,,,,,,,,,,,,,,,,,,,,,,,,,,,,,,,,,Rental Listing,1400.0,Standard,2026-03-27T00:00:00.000Z,2026-03-28T00:00:00.000Z,1.0,Rental Listing,1400.0,Standard,2026-09-20T00:00:00.000Z,2026-09-21T00:00:00.000Z,1.0,,,,,,,,,,,,,,,,,,,,,,,,,,,,,,,,,,,,,,,,,,,,,,,,,,,,,,,,,,,,,,,,,,,,,,,,
"4922-17th-St,-Zephyrhills,-FL-33542","4922 17th St, Zephyrhills, FL 33542",4922 17th St,,Zephyrhills,FL,12,33542,Pasco,101,28.229219,-82.174409,Apartment,2,1.0,900.0,Active,1649,Standard,2026-10-03T00:00:00.000Z,,2026-06-27T00:00:00.000Z,2026-10-03T03:04:56.313Z,1,Pasco,Zephyrhills,,,,,,,,,,,,,,,,,,,Rental Listing,1649,Standard,2026-10-03T00:00:00.000Z,,1,,,,,,,,,,,,,,,,,,,,,,,,,,,,,,,,,,,,,,,,,,,,,,,,,,,,,,,,,,,,,,,,,,,,,,,,,,,,,,,,,,,,,,,,,,,,,,,,,,,,,,,,,,,,,,,,,,,,,,,,,,,,,,,,,,,,,,,,,,,,,,,,,,,,,,,,,,,,,,,,,,,,,,,,,,,,,,,,,,,,,,,,,,,,,,,,,,,,,,,,,,,,,,,,,,,,,,,,,,,,,,,,,,,,,,,,,,,,,,,,,,,,,,,,,,,,,,,,,,,,,,,,,,,,,,,,,,,,,,,,,,,,,,,,,,,,,,,,,,,,,,,,,,,,,,,,,,,,,,,,,,,,,,,,,,,,,,,,,,,,,,,,,,,,,,,,,,,,,,,,,,,,,,,,,,,,,,,,,,,,,,,,,,,,,,,,,,,,,,,,,,,,,,,,,,,,,,,,,,,,,,,,,,,,,,,,,,,,,,,,,,,,,,,,,,,,,,,,,,,,,,,,,
"39049-Harlow-Rose-Dr,-Zephyrhills,-FL-33540","39049 Harlow Rose Dr, Zephyrhills, FL 33540",39049 Harlow Rose Dr,,Zephyrhills,FL,12,33540,Pasco,101,28.202846,-82.172751,Single Family,3,2.0,1491.0,Active,2160,Standard,2026-10-03T00:00:00.000Z,,2023-05-02T00:00:00.000Z,2026-10-03T03:04:56.269Z,1,Pasco,Zephyrhills,,,,,,,,,,,,,,,,,,,Rental Listing,2160,Standard,2026-10-03T00:00:00.000Z,,1,,,,,,,,,,,,,,,,,,,,,,,,,,,,,,,,,,,,,,,,,,,,,,,,,,,,,,,,,,,,,,,,,,,,,,,,,,,,,,,,,,,,,,,,,,,,,,,,,,,,,,,,,,,,,,,,,,,,,,,,,,,,,,,,,,,,,,,,,,,,,,,,,,,,,,,,,,,,,,,,,,,,,,,,,,,,,,,,,,,,,,,,,,,,,,,,,,,,,,,,,,,,,,,,,,,,,,,,,,,,,,,,,,,,,,,,,,,,,,,,,,,,,,,,,,,,,,,,,,,,,,,,,,,,,,,,,,,,,,,,,,,,,,,,,,,,,,,,,,,,,,,,,,,,,,,,,,,,,,,,,,,,,,,,,,,,,,,,,,,,,,,,,,,,,,,,,,,,,,,,,,,,,,,,,,,,,,,,,,,,,,,,,,,,,,,,,,Rental Listing,2150.0,Standard,2023-05-03T00:00:00.000Z,2025-09-15T00:00:00.000Z,866.0,,,,,,,,,,,,,,,,,,,,,,,,,,,,,,,,,,,,,,,,,,,,,,,,,,,,,,,,,,,,,,,,,,
"35552-Shade-Fern-Ln,-Zephyrhills,-FL-33541","35552 Shade Fern Ln, Zephyrhills, FL 33541",35552 Shade Fern Ln,,Zephyrhills,FL,12,33541,Pasco,101,28.24846,-82.229099,Single Family,3,2.0,1365.0,Active,1995,Standard,2026-10-03T00:00:00.000Z,,2025-07-12T00:00:00.000Z,2026-10-03T03:04:56.253Z,1,Pasco,Zephyrhills,,,,,,,,,,,,,,,,,,,Rental Listing,1995,Standard,2026-10-03T00:00:00.000Z,,1,,,,,,,,,,,,,,,,,,,,,,,,,,,,,,,,,,,,,,,,,,,,,,,,,,,,,,,,,,,,,,,,,,,,,,,,,,,,,,,,,,,,,,,,,,,,,,,,,,,,,,,,,,,,,,,,,,,,,,,,,,,,,,,,,,,,,,,,,,,,,,,,,,,,,,,,,,,,,,,,,,,,,,,,,,,,,,,,,,,,,,,,,,,,,,,,,,,,,,,,,,,,,,,,,,,,,,,,,,,,,,,,,,,,,,,,,,,,,,,,,,,,,,,,,,,,,,,,,,,,,,,,,,,,,,,,,,,,,,,,,,,,,,,,,,,,,,,,,,,,,,,,,,,,,,,,,,,,,,,,,,,,,,,,,,,,,,,,,,,,,,,,,,,,,,,,,,,,,,,,,,,,,,,,,,,,,,,,,,,,,,,,,,,,,,,,,,,,,,,,Rental Listing,844.0,Standard,2025-07-11T00:00:00.000Z,2025-07-17T00:00:00.000Z,6.0,,,,,,,,,,,,,,,,,,,,,,,,,,,,,,,,,,,,,,,,,,,,,,,,,,,,,,,,,,,,
"4406-Plum-St,-Zephyrhills,-FL-33542","4406 Plum St, Zephyrhills, FL 33542",4406 Plum St,,Zephyrhills,FL,12,33542,Pasco,101,28.221417,-82.182863,Single Family,2,1.0,605.0,Active,1350,Standard,2026-10-03T00:00:00.000Z,,2021-07-25T01:58:03.626Z,2026-10-03T03:04:56.251Z,1,Pasco,Zephyrhills,,,,,,,,,,,,,,,,,,,Rental Listing,1350,Standard,2026-10-03T00:00:00.000Z,,1,,,,,,,,,,,,,,,,,,,,,,,,,,,,,,,,,,,,,,,,,,,,,,,,,,,,,,,,,,,,,,,,,,,,,,,,,,,,,,,,,,,,,,,,,,,,,,,,,,,,,,,,,,,,,,,,,,,,,,,,,,,,,,,,,,,,,,,,,,,,,,,,,,,,,,,,,,,,,,,,,,,,,,,,,,,,,,,,,,,,,,,,,,,,,,,,,,,,,,,,,,,,,,,,,,,,,,,,,,,,,,,,,,,,,,,,,,,,,,,,,,,,,,,,,,,,,,,,,,,,,,,,,,,,,,,,,,,,,,,,,,,,,,,,,,,,,,,,,,,,,,,,,,,,,,,,,,,,Rental Listing,1200.0,Standard,2026-06-15T00:00:00.000Z,2026-06-16T00:00:00.000Z,1.0,,,,,,,,,,,,,,,,,,,,,,,,,,,,,,,,,,,,,,,,,,,,,,,,,,,,,,,,,,,,,,,,,,,,,,,,,,,,,,,,,,,,,Rental Listing,1200.0,Standard,2026-05-14T00:00:00.000Z,2026-05-15T00:00:00.000Z,1.0,Rental Listing,1200.0,Standard,2026-05-26T00:00:00.000Z,2026-05-27T00:00:00.000Z,1.0,,,,,,,,,,,,,,,,,,,,,,,,,,,,,,,,,,,,,,,,,,,,,,,,
"38933-C-Ave,-Zephyrhills,-FL-33542","38933 C Ave, Zephyrhills, FL 33542",38933 C Ave,,Zephyrhills,FL,12,33542,Pasco,101,28.226597,-82.172403,Single Family,1,1.0,520.0,Active,1100,Standard,2026-10-03T00:00:00.000Z,,2026-03-20T00:00:00.000Z,2026-10-03T03:04:56.247Z,1,Pasco,Zephyrhills,,,,,,,,,,,,,,,,,,,Rental Listing,1100,Standard,2026-10-03T00:00:00.000Z,,1,,,,,,,,,,,,,,,,,,,,,,,,,,,,,,,,,,,,,,,,,,,,,,,,,,,,,,,,,,,,,,,,,,,,,,,,,,,,,,,,,,,,,,,,,,,,,,,,,,,,,,,,,,,,,,,,,,,,,,,,,,,,,,,,,,,,,,,,,,,,,,,,,,,,,,,,,,,,,,,,,,,,,,,,,,,,,,,,,,,,,,,,,,,,,,,,,,,,,,,,,,,,,,,,,,,,,,,,,,,,,,,,,,,,,,,,Rental Listing,1099.0,Standard,2026-04-30T00:00:00.000Z,2026-05-01T00:00:00.000Z,1.0,,,,,,,,,,,,,,,,,,,,,,,,,,,,,,,,,,,,,,,,,,,,,,,,,,,,,,,,,,,,,,,,,,,,,,,,,,,,,,,,,,,,,,,,,,,,,,,,,,,,,,,,,,,,,,,,,,,,,,,,,,,,,,,,,,,,,,,,,,,,,,,,,,,,,,,,,,,,,,,,,,,,,,,,,,,,,,,,,,,,,Rental Listing,1099.0,Standard,2026-04-13T00:00:00.000Z,2026-04-14T00:00:00.000Z,1.0,,,,,,,,,,,,,,,,,,,,,,,,,,,,,,,,,,,,,,,,,,
"6939-Shelby-Lynn-Way,-Zephyrhills,-FL-33542","6939 Shelby Lynn Way, Zephyrhills, FL 33542",6939 Shelby Lynn Way,,Zephyrhills,FL,12,33542,Pasco,101,28.258099,-82.208208,Single Family,5,3.0,2256.0,Active,2225,Standard,2026-10-03T00:00:00.000Z,,2026-06-09T00:00:00.000Z,2026-10-03T03:04:56.246Z,1,Pasco,Zephyrhills,,,,,,,,,,,,,,,,,,,Rental Listing,2225,Standard,2026-10-03T00:00:00.000Z,,1,Rental Listing,2340.0,Standard,2026-08-28T00:00:00.000Z,2026-08-29T00:00:00.000Z,1.0,,,,,,,,,,,,,,,,,,,,,,,,,,,,,,,,,,,,,,,,,,,,,,,,,,,,,,,,,,,,,,,,,,,,,,,,,,,,,,,,,,,,,,,,,,,,,,,,,,,,,,,,,,,,,,,,,,,,,,,,,,,,,,,,,,,,,,,,,,,,,,,,,,,,,,,,,,,,,,,,,,,,,,,,,,,,,,,,,,,,,,,,,,,,,,,,,,,,,,,,,,,,,,,,,,,,,,,,,,,,,,,,,,,,,,,,,,,,,,,,,,,,,,,,,,,,,,,,,,,,,,,,,,,,,,,,,,,,,,,,,,,,,,,,,,,,,,,,,,,,,,,,,,,,,,,,,,,,,,,,,,,,,,,,,,,,,,,,,,,,,,,,,,,,,,,,,,,,,,,,,,,,,,,,,,,,,,,,,,,,,,,,,,,,,,,,,,,,,,,,,,,,,,,,,,,,,,,,,,Rental Listing,2399.0,Standard,2026-08-03T00:00:00.000Z,2026-08-04T00:00:00.000Z,1.0,,,,,,,,,,,,,,,,,,,,,,,,,,,,,,,,,,,,
"4568-Sand-Dollar-Way,-Zephyrhills,-FL-33541","4568 Sand Dollar Way, Zephyrhills, FL 33541",4568 Sand Dollar Way,,Zephyrhills,FL,12,33541,Pasco,101,28.224159,-82.201174,Single Family,4,2.5,2305.0,Active,2650,Standard,2026-10-03T00:00:00.000Z,,2026-08-28T00:00:00.000Z,2026-10-03T03:04:56.224Z,1,Pasco,Zephyrhills,,,,,,,,,,,,,,,,,,,Rental Listing,2650,Standard,2026-10-03T00:00:00.000Z,,1,,,,,,,,,,,,,,,,,,,,,,,,,,,,,,,,,,,,,,,,,,,,,,,,,,,,,,,,,,,,,,,,,,,,,,,,,,,,,,,,,,,,,,,,,,,,,,,,,,,,,,,,,,,,,,,,,,,,,,,,,,,,,,,,,,,,,,,,,,,,,,,,,,,,,,,,,,,,,,,,,,,,,,,,,,,,,,,,,,,,,,,,,,,,,,,,,,,,,,,,,,,,,,,,,,,,,,,,,,,,,,,,,,,,,,,,,,,,,,,,,,,,,,,,,,,,,,,,,,,,,,,,,,,,,,,,,,,,,,,,,,,,,,,,,,,,,,,,,,,,,,,,,,,,,,,,,,,,,,,,,,,,,,,,,,,,,,,,,,,,,,,,,,,,,,,,,,,,,,,,,,,,,,,,,,,,,,,,,,,,,,,,,,,,,,,,,,,,,,,,,,,,,,,,,,,,,,,,,,,,,,,,,,,,,,,,,,,,,,,,,,,,,,,,,,,,,,,,,,,,,,,,,
"28537-Seashell-Ct,-Zephyrhills,-FL-33545","28537 Seashell Ct, Zephyrhills, FL 33545",28537 Seashell Ct,,Zephyrhills,FL,12,33545,Pasco,101,28.246143,-82.343766,Single Family,4,2.0,1424.0,Active,2099,Standard,2026-10-03T00:00:00.000Z,,2019-07-12T02:13:35.022Z,2026-10-03T03:04:56.223Z,1,Pasco,Zephyrhills,,,,,,,,,,,,,,,,,,,Rental Listing,2099,Standard,2026-10-03T00:00:00.000Z,,1,,,,,,,,,,,,,,,,,,,,,,,,,,,,,,,,,,,,,,,,,,,,,,,,,,,,,,,,,,,,,,,,,,,,,,,,,,,,,,,,,,,,,,,,,,,,,,,,,,,,,,,,,,,,,,,,,,,,,,,,,,,,,,,,,,,,,,,,,,,,,,,,,,,,,,,,,,,,,,,,,,,,,,,,,,,,,,,,,,,,,,,,,,,,,,,,,,,,,,,,,,,,,,,,,,,,,,,,,,,,,,,,,,,,,,,,,,,,,,,,,,,,,,,,,,,,,,,,Rental Listing,2049.0,Standard,2025-09-10T00:00:00.000Z,2025-09-11T00:00:00.000Z,1.0,,,,,,,,,,,,,,,,,,,,,,,,,,,,,,,,,,,,,,,,,,,,,,,,,,,,,,,,,,,,,,,,,,,,,,,,,,,,,,,,,,,,,,,,,,,,,,,,,,,,,,,,,,,,,,,,,,,,,,,,,,,,,,,,,,,,,,,,,,,,,,,,,,,,,,,,,,,,,,,,,,,,,,,,,,,,,,,,,,,,,,,,,,,,,,,,,,,,,,,,,,,,
"30718-Birdhouse-Dr,-Zephyrhills,-FL-33545","30718 Birdhouse Dr, Zephyrhills, FL 33545",30718 Birdhouse Dr,,Zephyrhills,FL,12,33545,Pasco,101,28.248109,-82.308075,Single Family,3,2.5,1808.0,Active,2375,Standard,2026-10-03T00:00:00.000Z,,2019-11-04T14:26:47.405Z,2026-10-03T03:04:56.217Z,1,Pasco,Zephyrhills,,,,,,,,,,,,,,,,,,,Rental Listing,2375,Standard,2026-10-03T00:00:00.000Z,,1,,,,,,,,,,,,,,,,,,,,,,,,,,,,,,,,,,,,,,,,,,,,,,,,,,,,,,,,,,,,,,,,,,,,,,,,,,,,,,,,,,,,,,,,,,,,,,,,,,,,,,,,,,,,,,,,,,,,,,,,,,,,,,,,,,,,,,,,,,,,,,,,,,,,,,,,,,,,,,,,,,,,,,,,,,,,,,,,,,,,,,,,,,,,,,,,,,,,,,,,,,,,,,,,,,,,,,,,,,,,,,,,,,,,,,,,,,,,,,,,,,,,,,,,,,,,,,,,,,,,,,,,,,,,,,,,,,,,,,,,,,,,,,,,,,,,,,,,,,,,,,,,,,,,,,,,,,,,,,,,,,,,,,,,,,,,,,,,,,,,,,,,,,,,,,,,,,,,,,,,,,,,,,,,,,,,,,,,,,,,,,,,,,,,,,,,,,,,,,,,,,,,,,,,,,,,,,,,,,,,,,,,,,,,,,,,,,,,,,,,,,,,,,,,,,,,,,,,,,,,,,,,,
"28611-Seashell-Ct,-Zephyrhills,-FL-33545","28611 Seashell Ct, Zephyrhills, FL 33545",28611 Seashell Ct,,Zephyrhills,FL,12,33545,Pasco,101,28.246141,-82.342859,Single Family,3,2.0,1321.0,Active,2035,Standard,2026-10-03T00:00:00.000Z,,2020-09-09T02:41:38.140Z,2026-10-03T03:04:56.215Z,1,Pasco,Zephyrhills,,,,,,,,,,,,,,,,,,,Rental Listing,2035,Standard,2026-10-03T00:00:00.000Z,,1,,,,,,,,,,,,,,,,,,,,,,,,,,,,,,,,,,,,,,,,,,,,,,,,,,,,,,,,,,,,,,,,,,,,,,,,,,,,,,,,,,,,,,,,,,,,,,,,,,,,,,,,,,,,,,,,,,,,,,,,,,,,,,,,,,,,,,,,,,,,,,,,,,,,,,,,,,,,,,,,,,,,,,,,,,,,,,,,,,,,,,,,,,,,,,,,,,,,,,,,,,,,,,,,,,,,,,,,,,,,,,,,,,,,,,,,,,,,,,,,,,,,,,,,,,,,,,,,,,,,,,,,,,,,,,,,,,,,,,,,,,,,,,,,,,,,,,,,,,,,,,,,,,,,,,,,,,,,,,,,,,,,,,,,,,,,,,,,,,,,,,,,,,,,,,,,,,,,,,,,,,,,,,,,,,,,,,,,,,,,,,,,,,,,,,,,,,,,,,,,,,,,,,,,,,,,,,,,,,,,,,,,,,,,,,,,,,,,,,,,,,,,,,,,,,,,,,,,,,,,,,,,,
"26736-Middleground-Loop,-Zephyrhills,-FL-33544","26736 Middleground Loop, Zephyrhills, FL 33544",26736 Middleground Loop,,Zephyrhills,FL,12,33544,Pasco,101,28.237088,-82.373603,Single Family,3,2.0,1525.0,Active,2225,Standard,2026-10-03T00:00:00.000Z,,2020-04-20T15:22:47.654Z,2026-10-03T03:03:33.374Z,1,Pasco,Zephyrhills,,,,,,,,,,,,,,,,,,,Rental Listing,2225,Standard,2026-10-03T00:00:00.000Z,,1,,,,,,,,,,,,,,,,,,,,,,,,,,,,,,,,,,,,,,,,,,,,,,,,,,,,,,,,,,,,,,,,,,,,,,,,,,,,,,,,,,,,,,,,,,,,,,,,,,,,,,,,,,,,,,,,,,,,,,,,,,,,,,,,,,,,,,,,,,,,,,,,,,,,,,,,,,,,,,,,,,,,,,,,,,,,,,,,,,,,,,,,,,,,,,,,,,,,,,,,,,,,,,,,,,,,,,,,,,,,,,,,,,,,,,,,,,,,,,,,,,,,,,,,,,,,,,,,,,,,,,,,,,,,,,,,,,,,,,,,,,,,,,,,,,,,,,,,,,,,,,,,,,,,,,,,,,,,,,,,,,,,,,,,,,,,,,,,,,,,,,,,,,,,,,,,,,,,,,,,,,,,,,,,,,,,,,,,,,,,,,,,,,,,,,,,,,,,,,,,,,,,,,,,,,,,,,,,,,,,,,,,,,,,,,Rental Listing,2225.0,Standard,2026-09-06T00:00:00.000Z,2026-09-07T00:00:00.000Z,1.0,,,,,,,,,,,,,,,,,,,,,,,,,,,,,,
"5225-11th-St,-Zephyrhills,-FL-33542","5225 11th St, Zephyrhills, FL 33542",5225 11th St,,Zephyrhills,FL,12,33542,Pasco,101,28.233456,-82.1761,Single Family,3,2.0,796.0,Active,1695,Standard,2026-10-03T00:00:00.000Z,,2023-06-14T00:00:00.000Z,2026-10-03T03:03:33.343Z,1,Pasco,Zephyrhills,,,,,,,,,,,,,,,,,,,Rental Listing,1695,Standard,2026-10-03T00:00:00.000Z,,1,,,,,,,,,,,,,,,,,,,,,,,,,,,,,,,,,,,,,,,,,,,,,,,,,,,,,,,,,,,,,,,,,,,,,,,,,,,,,,,,,,,,,,,,,,,,,,,,,,,,,,,,,,,,,,,,,,,,,,,,,,,,,,,,,,,,,,,,,,,,,,,,,,,,,,,,,,,,,,,,,,,,,,,,,,,,,,,,,,,,,,,,,,,,,,,,,,,,,,,,,,,,,,,,,,,,,,,,,,,,,,,,,,,,,,,,,,,,,,,,,,,,,,,,,,,,,,,,,,,,,,,,,,,,,,,,,,,,,,,,,,,,,,,,,,,,,,,,,,,,,,,,,,,,,,,,,,,,,,,,,,,,,,,,,,,,,,,,,,,,,,,,,,,,,,,,,,,,,,,,,,,,,,,,,,,,,,,,,,,,,,,,,,,,,,,,,,,,,,,,,,,,,,,,,,,,,,,,,,,,,,,,,,,,,,,,,,,,,,,,,,,,,,,,,,,,,,,,,,,,,,,,,
"5617-10th-St,-Zephyrhills,-FL-33542","5617 10th St, Zephyrhills, FL 33542",5617 10th St,,Zephyrhills,FL,12,33542,Pasco,101,28.239141,-82.180396,Single Family,1,1.0,480.0,Active,1295,Standard,2026-10-03T00:00:00.000Z,,2020-02-14T23:56:05.938Z,2026-10-03T03:03:33.328Z,1,Pasco,Zephyrhills,,,,,,,,,,,,,,,,,,,Rental Listing,1295,Standard,2026-10-03T00:00:00.000Z,,1,,,,,,,,,,,,,,,,,,,,,,,,,,,,,,,,,,,,,,,,,,,,,,,,,,,,,,,,,,,,,,,,,,,,,,,,,,,,,,,,,,,,,,,,,,,,,,,,,,,,,,,,,,,,,,,,,,,,,,,,,,,,,,,,,,,,,,,,,,,,,,,,,,,,,,,,,,,,,,,,,,,,,,,,,,,,,,,,,,,,,,,,,,,,,,,,,,,,,,,,,,,,,,,,,,,,,,,,,,,,,,,,,,,,,,,,,,,,,,,,,,,,,,,,,,,,,,,,,,,,,,,,,,,,,,,,,,,,,,,,,,,,,,,,,,,,,,,,,,,,,,,,,,,,,,,,,,,,,,,,,,,,,,,,,,,,,,,,,,,,,,,,,,,,,,,,,,,,,,,,,,,,,,,,,,,,,,,,,,,,,,,,,,,,,,,,,,,,,,,,,,,,,,,,,,,,,,,,,,,,,,,,,,,,,,,,,,,,,,,,,,,,,,,,,,,,,,,,,,,,,,,,,
"27741-Sugar-Loaf-Dr,-Zephyrhills,-FL-33544","27741 Sugar Loaf Dr, Zephyrhills, FL 33544",27741 Sugar Loaf Dr,,Zephyrhills,FL,12,33544,Pasco,101,28.180773,-82.364792,Single Family,3,2.0,1812.0,Active,2615,Standard,2026-10-03T00:00:00.000Z,,2021-05-31T01:15:52.153Z,2026-10-03T03:03:33.312Z,1,Pasco,Zephyrhills,,,,,,,,,,,,,,,,,,,Rental Listing,2615,Standard,2026-10-03T00:00:00.000Z,,1,,,,,,,,,,,,,,,,,,,,,,,,,,,,,,,,,,,,,,,,,,,,,,,,,,,,,,,,,,,,,,,,,,,,,,,,,,,,,,,,,,,,,,,,,,,,,,,,,,,,,,,,,,,,,,,,,,,,,,,,,,,,,,,,,,,,,,,,,,,,,,,,,,,,,,,,,,,,,,,,,,,,,,,,,,,,,,,,,,,,,,,,,,,,,,,,,,,,,,,,,,,,,,,,,,,,,,,,,,,,,,,,,,,,,,,,,,,,,,,,,,,,,,,,,,,,,,,,,,,,,,,,,,,,,,,,,,,,,,,,,,,,,,,,,,,,,,,,,,,,,,,,,,,,,,,,,,,,,,,,,,,,,,,,,,,,,,,,,,,,,,,,,,,,,,,,,,,,,,,,,,,,,,,,,,,,,,,,,,,,,,,,,,,,,,,,,,,,,,,,,,,,,,,,,,,,,,,,,,,,,,,,,,,,,,,,,,,,,,,,,,,,,,,,,,,,,,,,,,,,,,,,,
"6035-Pointe-Pleasant-Blvd,-Zephyrhills,-FL-33545","6035 Pointe Pleasant Blvd, Zephyrhills, FL 33545",6035 Pointe Pleasant Blvd,,Zephyrhills,FL,12,33545,Pasco,101,28.244949,-82.342735,Single Family,4,2.0,1415.0,Active,2070,Standard,2026-10-03T00:00:00.000Z,,2020-02-29T02:19:18.195Z,2026-10-03T03:03:33.275Z,1,Pasco,Zephyrhills,,,,,,,,,,,,,,,,,,,Rental Listing,2070,Standard,2026-10-03T00:00:00.000Z,,1,,,,,,,,,,,,,,,,,,,,,,,,,,,,,,,,,,,,,,,,,,,,,,,,,,,,,,,,,,,,,,,,,,,,,,,,,,,,,,,,,,,,,,,,,,,,,,,,,,,,,,,,,,,,,,,,,,,,,,,,,,,,,,,,,,,,,,,,,,,,,,,,,,,,,,,,,,,,,,,,,,,,,,,,,,,,,,,,,,,,,,,,,,,,,,,,,,,,,,,,,,,,,,,,,,,,,,,,,,,,,,,,,,,,,,,,,,,,,,,,,,,,,,,,,,,,,,,,,,,,,,,,,,,,,,,,,,,,,,,,,,,,,,,,,,,,,,,,,,,,,,,,,,,,,,,,,,,,,,,,,,,,,,,,,,,,,,,,,,,,,,,,,,,,,,,,,,,,,,,,,,,,,,,,,,,,,,,,,,,,,,,,,,,,,,,,,,,,,,,,,,,,,,,,,,,,,,,,,,,,,,,,,,,,,,,,,,,,Rental Listing,3330.0,Standard,2026-04-28T00:00:00.000Z,2026-04-29T00:00:00.000Z,1.0,,,,,,,,,,,,,,,,,,,,,,,,
"1837-Tangledvine-Dr,-Zephyrhills,-FL-33543","1837 Tangledvine Dr, Zephyrhills, FL 33543",1837 Tangledvine Dr,,Zephyrhills,FL,12,33543,Pasco,101,28.181435,-82.339519,Single Family,3,2.0,1759.0,Active,2420,Standard,2026-10-03T00:00:00.000Z,,2023-04-01T00:00:00.000Z,2026-10-03T03:03:33.272Z,1,Pasco,Zephyrhills,,,,,,,,,,,,,,,,,,,Rental Listing,2420,Standard,2026-10-03T00:00:00.000Z,,1,,,,,,,,,,,,,,,,,,,,,,,,,,,,,,,,,,,,,,,,,,,,,,,,,,,,,,,,,,,,,,,,,,,,,,,,,,,,,,,,,,,,,,,,,,,,,,,,,,,,,,,,,,,,,,,,,,,,,,,,,,,,,,,,,,,,,,,,,,,,,,,,,,,,,,,,,,,,,,,,,,,,,,,,,,,,,,,,,,,,,,,,,,,,,,,,,,,,,,,,,,,,,,,,,,,,,,,,,,,,,,,,,,,,,,,,,,,,,,,,,,,,,,,,,,,,,,,,,,,,,,,,,,,,,,,,,,,,,,,,,,,,,,,,,,,,,,,,,,,,,,,,,,,,,,,,,,,,,,,,,,,,,,,,,,,,,,,,,,,,,,,,,,,,,,,,,,,,,,,,,,,,,,,,,,,,,,,,,,,,,,,,,,,,,,,,,,,,,,,,,,,,,,,,,,,,,,,,,,,,,,,,,,,,,,,,,,,,,,,,,,Rental Listing,2635.0,Standard,2025-06-25T00:00:00.000Z,2025-06-26T00:00:00.000Z,1.0,Rental Listing,2385.0,Standard,2025-07-30T00:00:00.000Z,2025-07-31T00:00:00.000Z,1.0,,,,,,,,,,,,
"36590-Garden-Wall-Way,-Zephyrhills,-FL-33541","36590 Garden Wall Way, Zephyrhills, FL 33541",36590 Garden Wall Way,,Zephyrhills,FL,12,33541,Pasco,101,28.248424,-82.211818,Single Family,6,3.0,3092.0,Active,2895,Standard,2026-10-03T00:00:00.000Z,,2025-04-27T00:00:00.000Z,2026-10-03T03:03:33.265Z,1,Pasco,Zephyrhills,,,,,,,,,,,,,,,,,,,Rental Listing,2895,Standard,2026-10-03T00:00:00.000Z,,1,,,,,,,,,,,,,,,,,,,,,,,,,,,,,,,,,,,,,,,,,,,,,,,,,,,,,,,2023.0,,,,,,,,,,,,,,,,,,,6098.0,,,,,,,,,,,,,,,,,,,,,,,,,,,,,,,,,,,,,,,,,,,,,,,,,,,,,,,,,,,,,,,,,,,,,,,,,,,,,,,,,,,,,,,,,,,,,,,,,,,,,,,,,,,,,,,,,,,,,,,,,,,,,,,,,,,,,,,,,,,,,,,,,,,,,,,,,,,,,,,,,,,,,,,,,,,,,,,,,,,,,,,,,,,,,,,,,,,,,,,,,,,,,,,,,,,,,,,,,,,,,,,,,,,,,,,,,,,,Rental Listing,2795.0,Standard,2026-05-30T00:00:00.000Z,2026-08-13T00:00:00.000Z,75.0,,,,,,,,,,,,,,,,,,,,,,,,,,,,,,,,,,,,,,,,,,,,,,,,,,,,,,,,,,,,,,,,,,,,,,,,,,,,,,,,,,,,,,,,,,,,,,,,,,,,,,,,,,,,,,,,,,,,,,,,,,,,,,,,,,,,,,,,,,,Rental Listing,3095.0,Standard,2025-05-11T00:00:00.000Z,2025-05-12T00:00:00.000Z,1.0,Rental Listing,2900.0,Standard,2026-09-05T00:00:00.000Z,2026-10-02T00:00:00.000Z,27.0
