id,formattedAddress,addressLine1,addressLine2,city,state,stateFips,zipCode,county,countyFips,latitude,longitude,propertyType,bedrooms,bathrooms,squareFootage,status,price,listingType,listedDate,removedDate,createdDate,lastSeenDate,daysOnMarket,meta_source_county,meta_source_city,history.2026-07-31.event,history.2026-07-31.price,history.2026-07-31.listingType,history.2026-07-31.listedDate,history.2026-07-31.removedDate,history.2026-07-31.daysOnMarket,history.2026-08-05.event,history.2026-08-05.price,history.2026-08-05.listingType,history.2026-08-05.listedDate,history.2026-08-05.removedDate,history.2026-08-05.daysOnMarket,lotSize,yearBuilt,hoa.fee,history.2025-06-01.event,history.2025-06-01.price,history.2025-06-01.listingType,history.2025-06-01.listedDate,history.2025-06-01.removedDate,history.2025-06-01.daysOnMarket,history.2025-07-25.event,history.2025-07-25.price,history.2025-07-25.listingType,history.2025-07-25.listedDate,history.2025-07-25.removedDate,history.2025-07-25.daysOnMarket,history.2026-07-16.event,history.2026-07-16.price,history.2026-07-16.listingType,history.2026-07-16.listedDate,history.2026-07-16.removedDate,history.2026-07-16.daysOnMarket,history.2026-07-26.event,history.2026-07-26.price,history.2026-07-26.listingType,history.2026-07-26.listedDate,history.2026-07-26.removedDate,history.2026-07-26.daysOnMarket,history.2025-01-24.event,history.2025-01-24.price,history.2025-01-24.listingType,history.2025-01-24.listedDate,history.2025-01-24.removedDate,history.2025-01-24.daysOnMarket,history.2025-03-07.event,history.2025-03-07.price,history.2025-03-07.listingType,history.2025-03-07.listedDate,history.2025-03-07.removedDate,history.2025-03-07.daysOnMarket,history.2025-05-07.event,history.2025-05-07.price,history.2025-05-07.listingType,history.2025-05-07.listedDate,history.2025-05-07.removedDate,history.2025-05-07.daysOnMarket,history.2025-05-17.event,history.2025-05-17.price,history.2025-05-17.listingType,history.2025-05-17.listedDate,history.2025-05-17.removedDate,history.2025-05-17.daysOnMarket,history.2026-07-21.event,history.2026-07-21.price,history.2026-07-21.listingType,history.2026-07-21.listedDate,history.2026-07-21.removedDate,history.2026-07-21.daysOnMarket,history.2026-06-18.event,history.2026-06-18.price,history.2026-06-18.listingType,history.2026-06-18.listedDate,history.2026-06-18.removedDate,history.2026-06-18.daysOnMarket,history.2021-06-07.event,history.2021-06-07.price,history.2021-06-07.listingType,history.2021-06-07.listedDate,history.2021-06-07.removedDate,history.2021-06-07.daysOnMarket,history.2026-06-02.event,history.2026-06-02.price,history.2026-06-02.listingType,history.2026-06-02.listedDate,history.2026-06-02.removedDate,history.2026-06-02.daysOnMarket,history.2026-03-14.event,history.2026-03-14.price,history.2026-03-14.listingType,history.2026-03-14.listedDate,history.2026-03-14.removedDate,history.2026-03-14.daysOnMarket,history.2026-04-22.event,history.2026-04-22.price,history.2026-04-22.listingType,history.2026-04-22.listedDate,history.2026-04-22.removedDate,history.2026-04-22.daysOnMarket,history.2025-01-16.event,history.2025-01-16.price,history.2025-01-16.listingType,history.2025-01-16.listedDate,history.2025-01-16.removedDate,history.2025-01-16.daysOnMarket,history.2026-07-08.event,history.2026-07-08.price,history.2026-07-08.listingType,history.2026-07-08.listedDate,history.2026-07-08.removedDate,history.2026-07-08.daysOnMarket,history.2026-01-17.event,history.2026-01-17.price,history.2026-01-17.listingType,history.2026-01-17.listedDate,history.2026-01-17.removedDate,history.2026-01-17.daysOnMarket,history.2026-03-02.event,history.2026-03-02.price,history.2026-03-02.listingType,history.2026-03-02.listedDate,history.2026-03-02.removedDate,history.2026-03-02.daysOnMarket,history.2026-03-16.event,history.2026-03-16.price,history.2026-03-16.listingType,history.2026-03-16.listedDate,history.2026-03-16.removedDate,history.2026-03-16.daysOnMarket,history.2026-04-11.event,history.2026-04-11.price,history.2026-04-11.listingType,history.2026-04-11.listedDate,history.2026-04-11.removedDate,history.2026-04-11.daysOnMarket,history.2026-05-22.event,history.2026-05-22.price,history.2026-05-22.listingType,history.2026-05-22.listedDate,history.2026-05-22.removedDate,history.2026-05-22.daysOnMarket,history.2026-07-30.event,history.2026-07-30.price,history.2026-07-30.listingType,history.2026-07-30.listedDate,history.2026-07-30.removedDate,history.2026-07-30.daysOnMarket,history.2026-07-05.event,history.2026-07-05.price,history.2026-07-05.listingType,history.2026-07-05.listedDate,history.2026-07-05.removedDate,history.2026-07-05.daysOnMarket,history.2026-06-03.event,history.2026-06-03.price,history.2026-06-03.listingType,history.2026-06-03.listedDate,history.2026-06-03.removedDate,history.2026-06-03.daysOnMarket,history.2026-06-08.event,history.2026-06-08.price,history.2026-06-08.listingType,history.2026-06-08.listedDate,history.2026-06-08.removedDate,history.2026-06-08.daysOnMarket,history.2026-06-14.event,history.2026-06-14.price,history.2026-06-14.listingType,history.2026-06-14.listedDate,history.2026-06-14.removedDate,history.2026-06-14.daysOnMarket,history.2026-04-20.event,history.2026-04-20.price,history.2026-04-20.listingType,history.2026-04-20.listedDate,history.2026-04-20.removedDate,history.2026-04-20.daysOnMarket,history.2026-05-15.event,history.2026-05-15.price,history.2026-05-15.listingType,history.2026-05-15.listedDate,history.2026-05-15.removedDate,history.2026-05-15.daysOnMarket,history.2026-07-13.event,history.2026-07-13.price,history.2026-07-13.listingType,history.2026-07-13.listedDate,history.2026-07-13.removedDate,history.2026-07-13.daysOnMarket,history.2024-12-30.event,history.2024-12-30.price,history.2024-12-30.listingType,history.2024-12-30.listedDate,history.2024-12-30.removedDate,history.2024-12-30.daysOnMarket,history.2025-06-10.event,history.2025-06-10.price,history.2025-06-10.listingType,history.2025-06-10.listedDate,history.2025-06-10.removedDate,history.2025-06-10.daysOnMarket,history.2026-07-20.event,history.2026-07-20.price,history.2026-07-20.listingType,history.2026-07-20.listedDate,history.2026-07-20.removedDate,history.2026-07-20.daysOnMarket,history.2025-05-24.event,history.2025-05-24.price,history.2025-05-24.listingType,history.2025-05-24.listedDate,history.2025-05-24.removedDate,history.2025-05-24.daysOnMarket,history.2025-06-22.event,history.2025-06-22.price,history.2025-06-22.listingType,history.2025-06-22.listedDate,history.2025-06-22.removedDate,history.2025-06-22.daysOnMarket,history.2025-07-28.event,history.2025-07-28.price,history.2025-07-28.listingType,history.2025-07-28.listedDate,history.2025-07-28.removedDate,history.2025-07-28.daysOnMarket,history.2026-07-14.event,history.2026-07-14.price,history.2026-07-14.listingType,history.2026-07-14.listedDate,history.2026-07-14.removedDate,history.2026-07-14.daysOnMarket,history.2025-01-02.event,history.2025-01-02.price,history.2025-01-02.listingType,history.2025-01-02.listedDate,history.2025-01-02.removedDate,history.2025-01-02.daysOnMarket,history.2025-12-10.event,history.2025-12-10.price,history.2025-12-10.listingType,history.2025-12-10.listedDate,history.2025-12-10.removedDate,history.2025-12-10.daysOnMarket,history.2024-10-18.event,history.2024-10-18.price,history.2024-10-18.listingType,history.2024-10-18.listedDate,history.2024-10-18.removedDate,history.2024-10-18.daysOnMarket,history.2026-05-29.event,history.2026-05-29.price,history.2026-05-29.listingType,history.2026-05-29.listedDate,history.2026-05-29.removedDate,history.2026-05-29.daysOnMarket,history.2026-06-15.event,history.2026-06-15.price,history.2026-06-15.listingType,history.2026-06-15.listedDate,history.2026-06-15.removedDate,history.2026-06-15.daysOnMarket,history.2025-04-01.event,history.2025-04-01.price,history.2025-04-01.listingType,history.2025-04-01.listedDate,history.2025-04-01.removedDate,history.2025-04-01.daysOnMarket,history.2026-07-09.event,history.2026-07-09.price,history.2026-07-09.listingType,history.2026-07-09.listedDate,history.2026-07-09.removedDate,history.2026-07-09.daysOnMarket,history.2024-11-11.event,history.2024-11-11.price,history.2024-11-11.listingType,history.2024-11-11.listedDate,history.2024-11-11.removedDate,history.2024-11-11.daysOnMarket,history.2024-12-19.event,history.2024-12-19.price,history.2024-12-19.listingType,history.2024-12-19.listedDate,history.2024-12-19.removedDate,history.2024-12-19.daysOnMarket,history.2024-10-22.event,history.2024-10-22.price,history.2024-10-22.listingType,history.2024-10-22.listedDate,history.2024-10-22.removedDate,history.2024-10-22.daysOnMarket,history.2026-03-17.event,history.2026-03-17.price,history.2026-03-17.listingType,history.2026-03-17.listedDate,history.2026-03-17.removedDate,history.2026-03-17.daysOnMarket,history.2026-05-30.event,history.2026-05-30.price,history.2026-05-30.listingType,history.2026-05-30.listedDate,history.2026-05-30.removedDate,history.2026-05-30.daysOnMarket,history.2025-06-23.event,history.2025-06-23.price,history.2025-06-23.listingType,history.2025-06-23.listedDate,history.2025-06-23.removedDate,history.2025-06-23.daysOnMarket,history.2024-08-26.event,history.2024-08-26.price,history.2024-08-26.listingType,history.2024-08-26.listedDate,history.2024-08-26.removedDate,history.2024-08-26.daysOnMarket,history.2026-03-27.event,history.2026-03-27.price,history.2026-03-27.listingType,history.2026-03-27.listedDate,history.2026-03-27.removedDate,history.2026-03-27.daysOnMarket,history.2026-06-10.event,history.2026-06-10.price,history.2026-06-10.listingType,history.2026-06-10.listedDate,history.2026-06-10.removedDate,history.2026-06-10.daysOnMarket,history.2025-03-25.event,history.2025-03-25.price,history.2025-03-25.listingType,history.2025-03-25.listedDate,history.2025-03-25.removedDate,history.2025-03-25.daysOnMarket,history.2025-07-12.event,history.2025-07-12.price,history.2025-07-12.listingType,history.2025-07-12.listedDate,history.2025-07-12.removedDate,history.2025-07-12.daysOnMarket,history.2025-10-04.event,history.2025-10-04.price,history.2025-10-04.listingType,history.2025-10-04.listedDate,history.2025-10-04.removedDate,history.2025-10-04.daysOnMarket,history.2025-11-05.event,history.2025-11-05.price,history.2025-11-05.listingType,history.2025-11-05.listedDate,history.2025-11-05.removedDate,history.2025-11-05.daysOnMarket,history.2025-12-20.event,history.2025-12-20.price,history.2025-12-20.listingType,history.2025-12-20.listedDate,history.2025-12-20.removedDate,history.2025-12-20.daysOnMarket,history.2026-01-07.event,history.2026-01-07.price,history.2026-01-07.listingType,history.2026-01-07.listedDate,history.2026-01-07.removedDate,history.2026-01-07.daysOnMarket,history.2026-02-08.event,history.2026-02-08.price,history.2026-02-08.listingType,history.2026-02-08.listedDate,history.2026-02-08.removedDate,history.2026-02-08.daysOnMarket,history.2026-02-27.event,history.2026-02-27.price,history.2026-02-27.listingType,history.2026-02-27.listedDate,history.2026-02-27.removedDate,history.2026-02-27.daysOnMarket,history.2026-04-04.event,history.2026-04-04.price,history.2026-04-04.listingType,history.2026-04-04.listedDate,history.2026-04-04.removedDate,history.2026-04-04.daysOnMarket,history.2025-05-03.event,history.2025-05-03.price,history.2025-05-03.listingType,history.2025-05-03.listedDate,history.2025-05-03.removedDate,history.2025-05-03.daysOnMarket,history.2025-06-11.event,history.2025-06-11.price,history.2025-06-11.listingType,history.2025-06-11.listedDate,history.2025-06-11.removedDate,history.2025-06-11.daysOnMarket,history.2025-07-27.event,history.2025-07-27.price,history.2025-07-27.listingType,history.2025-07-27.listedDate,history.2025-07-27.removedDate,history.2025-07-27.daysOnMarket,history.2025-08-15.event,history.2025-08-15.price,history.2025-08-15.listingType,history.2025-08-15.listedDate,history.2025-08-15.removedDate,history.2025-08-15.daysOnMarket,history.2026-06-26.event,history.2026-06-26.price,history.2026-06-26.listingType,history.2026-06-26.listedDate,history.2026-06-26.removedDate,history.2026-06-26.daysOnMarket,history.2025-05-27.event,history.2025-05-27.price,history.2025-05-27.listingType,history.2025-05-27.listedDate,history.2025-05-27.removedDate,history.2025-05-27.daysOnMarket,history.2025-07-02.event,history.2025-07-02.price,history.2025-07-02.listingType,history.2025-07-02.listedDate,history.2025-07-02.removedDate,history.2025-07-02.daysOnMarket,history.2026-05-05.event,history.2026-05-05.price,history.2026-05-05.listingType,history.2026-05-05.listedDate,history.2026-05-05.removedDate,history.2026-05-05.daysOnMarket,history.2026-02-22.event,history.2026-02-22.price,history.2026-02-22.listingType,history.2026-02-22.listedDate,history.2026-02-22.removedDate,history.2026-02-22.daysOnMarket,history.2025-03-31.event,history.2025-03-31.price,history.2025-03-31.listingType,history.2025-03-31.listedDate,history.2025-03-31.removedDate,history.2025-03-31.daysOnMarket,history.2026-03-03.event,history.2026-03-03.price,history.2026-03-03.listingType,history.2026-03-03.listedDate,history.2026-03-03.removedDate,history.2026-03-03.daysOnMarket,history.2026-03-26.event,history.2026-03-26.price,history.2026-03-26.listingType,history.2026-03-26.listedDate,history.2026-03-26.removedDate,history.2026-03-26.daysOnMarket,history.2026-04-09.event,history.2026-04-09.price,history.2026-04-09.listingType,history.2026-04-09.listedDate,history.2026-04-09.removedDate,history.2026-04-09.daysOnMarket,history.2026-05-23.event,history.2026-05-23.price,history.2026-05-23.listingType,history.2026-05-23.listedDate,history.2026-05-23.removedDate,history.2026-05-23.daysOnMarket,history.2026-05-31.event,history.2026-05-31.price,history.2026-05-31.listingType,history.2026-05-31.listedDate,history.2026-05-31.removedDate,history.2026-05-31.daysOnMarket,history.2024-11-02.event,history.2024-11-02.price,history.2024-11-02.listingType,history.2024-11-02.listedDate,history.2024-11-02.removedDate,history.2024-11-02.daysOnMarket,history.2026-04-28.event,history.2026-04-28.price,history.2026-04-28.listingType,history.2026-04-28.listedDate,history.2026-04-28.removedDate,history.2026-04-28.daysOnMarket,history.2026-01-28.event,history.2026-01-28.price,history.2026-01-28.listingType,history.2026-01-28.listedDate,history.2026-01-28.removedDate,history.2026-01-28.daysOnMarket,history.2026-02-12.event,history.2026-02-12.price,history.2026-02-12.listingType,history.2026-02-12.listedDate,history.2026-02-12.removedDate,history.2026-02-12.daysOnMarket,history.2026-07-18.event,history.2026-07-18.price,history.2026-07-18.listingType,history.2026-07-18.listedDate,history.2026-07-18.removedDate,history.2026-07-18.daysOnMarket,history.2025-08-02.event,history.2025-08-02.price,history.2025-08-02.listingType,history.2025-08-02.listedDate,history.2025-08-02.removedDate,history.2025-08-02.daysOnMarket,history.2026-06-01.event,history.2026-06-01.price,history.2026-06-01.listingType,history.2026-06-01.listedDate,history.2026-06-01.removedDate,history.2026-06-01.daysOnMarket,history.2025-07-14.event,history.2025-07-14.price,history.2025-07-14.listingType,history.2025-07-14.listedDate,history.2025-07-14.removedDate,history.2025-07-14.daysOnMarket,history.2026-05-02.event,history.2026-05-02.price,history.2026-05-02.listingType,history.2026-05-02.listedDate,history.2026-05-02.removedDate,history.2026-05-02.daysOnMarket,history.2026-06-20.event,history.2026-06-20.price,history.2026-06-20.listingType,history.2026-06-20.listedDate,history.2026-06-20.removedDate,history.2026-06-20.daysOnMarket
"18525-Dajana-Ave,-Land-O-Lakes,-FL-34638","18525 Dajana Ave, Land O Lakes, FL 34638",18525 Dajana Ave,,Land O Lakes,FL,12,34638,Pasco,101,28.299055,-82.50938,Single Family,3,2.0,1489.0,Active,2125,Standard,2026-08-05T00:00:00.000Z,,2021-01-21T01:15:55.037Z,2026-08-05T03:04:57.380Z,1,Pasco,Land O Lakes,Rental Listing,2125.0,Standard,2026-07-31T00:00:00.000Z,2026-08-01T00:00:00.000Z,1.0,Rental Listing,2125,Standard,2026-08-05T00:00:00.000Z,,1,,,,,,,,,,,,,,,,,,,,,,,,,,,,,,,,,,,,,,,,,,,,,,,,,,,,,,,,,,,,,,,,,,,,,,,,,,,,,,,,,,,,,,,,,,,,,,,,,,,,,,,,,,,,,,,,,,,,,,,,,,,,,,,,,,,,,,,,,,,,,,,,,,,,,,,,,,,,,,,,,,,,,,,,,,,,,,,,,,,,,,,,,,,,,,,,,,,,,,,,,,,,,,,,,,,,,,,,,,,,,,,,,,,,,,,,,,,,,,,,,,,,,,,,,,,,,,,,,,,,,,,,,,,,,,,,,,,,,,,,,,,,,,,,,,,,,,,,,,,,,,,,,,,,,,,,,,,,,,,,,,,,,,,,,,,,,,,,,,,,,,,,,,,,,,,,,,,,,,,,,,,,,,,,,,,,,,,,,,,,,,,,,,,,,,,,,,,,,,,,,,,,,,,,,,,,,,,,,,,,,,,,,,,,,,,,,,,,,,,,,,,,,,,,,,,,,,,,,,,,,,,,,,,,,,,,,,,,,,,,,,,,,,,,,,,,,,,,,,,,,,,,,,,,,,,,,,,,,,,
"4313-Longshore-Dr,-Land-O-Lakes,-FL-34639","4313 Longshore Dr, Land O Lakes, FL 34639",4313 Longshore Dr,,Land O Lakes,FL,12,34639,Pasco,101,28.219834,-82.4347,Single Family,3,2.0,1227.0,Active,1965,Standard,2026-08-05T00:00:00.000Z,,2021-02-20T01:52:15.962Z,2026-08-05T03:04:57.373Z,1,Pasco,Land O Lakes,,,,,,,Rental Listing,1965,Standard,2026-08-05T00:00:00.000Z,,1,4030.0,1995.0,40.0,,,,,,,,,,,,,,,,,,,,,,,,,,,,,,,,,,,,,,,,,,,,,,,,,,,,,,,,,,,,,,,,,,,,,,,,,,,,,,,,,,,,,,,,,,,,,,,,,,,,,,,,,,,,,,,,,,,,,,,,,,,,,,,,,,,,,,,,,,,,,,,,,,,,,,,,,,,,,,,,,,,,,,,,,,,,,,,,,,,,,,,,,,,,,,,,,,,,,,,,,,,,,,,,,,,,,,,,,,,,,,,,,,,,,,,,,,,,,,,,,,,,,,,,,,,,,,,,,,,,,,,,,,,,,,,,,,,,,,,,,,,,,,,,,,,,,,,,,,,,,,,,,,,,,,,,,,,,,,,,,,,,,,,,,,,,,,,,,,,,,,,,,,,,,,,,,,,,,,,,,,,,,,,,,,,,,,,,,,,,,,,,,,,,,,,,,,,,,,,,,,,,,,,,,,,,,,,,,,,,,,,,,,,,,,,,,,,,,,,,,,,,,,,,,,,,,,,,,,,,,,,,,,,,,,,,,,,,,,,,,,,,,,,,,,,,,,,,,,,,,,,,,,,,,,,,,,,,
"5641-Sheer-Bliss-Loop,-Land-O-Lakes,-FL-34639","5641 Sheer Bliss Loop, Land O Lakes, FL 34639",5641 Sheer Bliss Loop,,Land O Lakes,FL,12,34639,Pasco,101,28.239608,-82.442033,Single Family,4,2.0,1938.0,Active,2245,Standard,2026-08-05T00:00:00.000Z,,2026-07-31T00:00:00.000Z,2026-08-05T03:04:57.367Z,1,Pasco,Land O Lakes,,,,,,,Rental Listing,2245,Standard,2026-08-05T00:00:00.000Z,,1,,,,,,,,,,,,,,,,,,,,,,,,,,,,,,,,,,,,,,,,,,,,,,,,,,,,,,,,,,,,,,,,,,,,,,,,,,,,,,,,,,,,,,,,,,,,,,,,,,,,,,,,,,,,,,,,,,,,,,,,,,,,,,,,,,,,,,,,,,,,,,,,,,,,,,,,,,,,,,,,,,,,,,,,,,,,,,,,,,,,,,,,,,,,,,,,,,,,,,,,,,,,,,,,,,,,,,,,,,,,,,,,,,,,,,,,,,,,,,,,,,,,,,,,,,,,,,,,,,,,,,,,,,,,,,,,,,,,,,,,,,,,,,,,,,,,,,,,,,,,,,,,,,,,,,,,,,,,,,,,,,,,,,,,,,,,,,,,,,,,,,,,,,,,,,,,,,,,,,,,,,,,,,,,,,,,,,,,,,,,,,,,,,,,,,,,,,,,,,,,,,,,,,,,,,,,,,,,,,,,,,,,,,,,,,,,,,,,,,,,,,,,,,,,,,,,,,,,,,,,,,,,,,,,,,,,,,,,,,,,,,,,,,,,,,,,,,,,,,,,,,,,,,,,,,,,,,,,,,,
"5743-Eden-Ln,-Land-O-Lakes,-FL-34639","5743 Eden Ln, Land O Lakes, FL 34639",5743 Eden Ln,,Land O Lakes,FL,12,34639,Pasco,101,28.240479,-82.449326,Single Family,3,2.0,1288.0,Active,2060,Standard,2026-08-05T00:00:00.000Z,,2022-12-07T02:44:44.777Z,2026-08-05T03:04:57.354Z,1,Pasco,Land O Lakes,,,,,,,Rental Listing,2060,Standard,2026-08-05T00:00:00.000Z,,1,,,,Rental Listing,2095.0,Standard,2025-06-01T00:00:00.000Z,2025-06-02T00:00:00.000Z,1.0,Rental Listing,1960.0,Standard,2025-07-25T00:00:00.000Z,2025-07-26T00:00:00.000Z,1.0,,,,,,,,,,,,,,,,,,,,,,,,,,,,,,,,,,,,,,,,,,,,,,,,,,,,,,,,,,,,,,,,,,,,,,,,,,,,,,,,,,,,,,,,,,,,,,,,,,,,,,,,,,,,,,,,,,,,,,,,,,,,,,,,,,,,,,,,,,,,,,,,,,,,,,,,,,,,,,,,,,,,,,,,,,,,,,,,,,,,,,,,,,,,,,,,,,,,,,,,,,,,,,,,,,,,,,,,,,,,,,,,,,,,,,,,,,,,,,,,,,,,,,,,,,,,,,,,,,,,,,,,,,,,,,,,,,,,,,,,,,,,,,,,,,,,,,,,,,,,,,,,,,,,,,,,,,,,,,,,,,,,,,,,,,,,,,,,,,,,,,,,,,,,,,,,,,,,,,,,,,,,,,,,,,,,,,,,,,,,,,,,,,,,,,,,,,,,,,,,,,,,,,,,,,,,,,,,,,,,,,,,,,,,,,,,,,,,,,,,,,,,,,,,,,,,,,,,,,,,,,,,,,,,,,,,,,,,,,,,,,,,,,,,,,,,,,,,,,,,,,,,
"20781-Monza-Loop,-Land-O-Lakes,-FL-34638","20781 Monza Loop, Land O Lakes, FL 34638",20781 Monza Loop,,Land O Lakes,FL,12,34638,Pasco,101,28.258096,-82.479214,Single Family,5,3.0,2615.0,Active,3000,Standard,2026-08-05T00:00:00.000Z,,2026-06-20T00:00:00.000Z,2026-08-05T03:04:57.353Z,1,Pasco,Land O Lakes,,,,,,,Rental Listing,3000,Standard,2026-08-05T00:00:00.000Z,,1,7841.0,2022.0,,,,,,,,,,,,,,Rental Listing,3150.0,Standard,2026-07-16T00:00:00.000Z,2026-07-25T00:00:00.000Z,9.0,,,,,,,,,,,,,,,,,,,,,,,,,,,,,,,,,,,,,,,,,,,,,,,,,,,,,,,,,,,,,,,,,,,,,,,,,,,,,,,,,,,,,,,,,,,,,,,,,,,,,,,,,,,,,,,,,,,,,,,,,,,,,,,,,,,,,,,,,,,,,,,,,,,,,,,,,,,,,,,,,,,,,,,,,,,,,,,,,,,,,,,,,,,,,,,,,,,,,,,,,,,,,,,,,,,,,,,,,,,,,,,,,,,,,,,,,,,,,,,,,,,,,,,,,,,,,,,,,,,,,,,,,,,,,,,,,,,,,,,,,,,,,,,,,,,,,,,,,,,,,,,,,,,,,,,,,,,,,,,,,,,,,,,,,,,,,,,,,,,,,,,,,,,,,,,,,,,,,,,,,,,,,,,,,,,,,,,,,,,,,,,,,,,,,,,,,,,,,,,,,,,,,,,,,,,,,,,,,,,,,,,,,,,,,,,,,,,,,,,,,,,,,,,,,,,,,,,,,,,,,,,,,,,,,,,,,,,,,,,,,,,,,,,,,,,,,,,,,,
"4786-Ballantrae-Blvd,-Land-O-Lakes,-FL-34638","4786 Ballantrae Blvd, Land O Lakes, FL 34638",4786 Ballantrae Blvd,,Land O Lakes,FL,12,34638,Pasco,101,28.223013,-82.522079,Single Family,3,2.0,2101.0,Active,3200,Standard,2026-08-05T00:00:00.000Z,,2023-05-04T00:00:00.000Z,2026-08-05T03:04:57.351Z,1,Pasco,Land O Lakes,,,,,,,Rental Listing,3200,Standard,2026-08-05T00:00:00.000Z,,1,6534.0,2020.0,48.0,,,,,,,,,,,,,,,,,,,,,,,,,,,,,,,,,,,,,,,,,,,,,,,,,,,,,,,,,,,,,,,,,,,,,,,,,,,,,,,,,,,,,,,,,,,,,,,,,,,,,,,,,,,,,,,,,,,,,,,,,,,,,,,,,,,,,,,,,,,,,,,,,,,,,,,,,,,,,,,,,,,,,,,,,,,,,,,,,,,,,,,,,,,,,,,,,,,,,,,,,,,,,,,,,,,,,,,,,,,,,,,,,,,,,,,,,,,,,,,,,,,,,,,,,,,,,,,,,,,,,,,,,,,,,,,,,,,,,,,,,,,,,,,,,,,,,,,,,,,,,,,,,,,,,,,,,,,,,,,,,,,,,,,,,,,,,,,,,,,,,,,,,,,,,,,,,,,,,,,,,,,,,,,,,,,,,,,,,,,,,,,,,,,,,,,,,,,,,,,,,,,,,,,,,,,,,,,,,,,,,,,,,,,,,,,,,,,,,,,,,,,,,,,,,,,,,,,,,,,,,,,,,,,,,,,,,,,,,,,,,,,,,,,,,,,,,,,,,,,,,,,,,,,,,,,,,,,,
"17745-Ayrshire-Blvd,-Land-O-Lakes,-FL-34638","17745 Ayrshire Blvd, Land O Lakes, FL 34638",17745 Ayrshire Blvd,,Land O Lakes,FL,12,34638,Pasco,101,28.202116,-82.521777,Single Family,4,2.5,2539.0,Active,2795,Standard,2026-08-05T00:00:00.000Z,,2019-11-04T14:04:11.127Z,2026-08-05T02:51:23.092Z,1,Pasco,Land O Lakes,,,,,,,Rental Listing,2795,Standard,2026-08-05T00:00:00.000Z,,1,,,,,,,,,,Rental Listing,2590.0,Standard,2025-07-25T00:00:00.000Z,2025-07-26T00:00:00.000Z,1.0,,,,,,,Rental Listing,2795.0,Standard,2026-07-26T00:00:00.000Z,2026-07-27T00:00:00.000Z,1.0,,,,,,,,,,,,,,,,,,,,,,,,,,,,,,,,,,,,,,,,,,,,,,,,,,,,,,,,,,,,,,,,,,,,,,,,,,,,,,,,,,,,,,,,,,,,,,,,,,,,,,,,,,,,,,,,,,,,,,,,,,,,,,,,,,,,,,,,,,,,,,,,,,,,,,,,,,,,,,,,,,,,,,,,,,,,,,,,,,,,,,,,,,,,,,,,,,,,,,,,,,,,,,,,,,,,,,,,,,,,,,,,,,,,,,,,,,,,,,,,,,,,,,,,,,,,,,,,,,,,,,,,,,,,,,,,,,,,,,,,,,,,,,,,,,,,,,,,,,,,,,,,,,,,,,,,,,,,,,,,,,,,,,,,,,,,,,,,,,,,,,,,,,,,,,,,,,,,,,,,,,,,,,,,,,,,,,,,,,,,,,,,,,,,,,,,,,,,,,,,,,,,,,,,,,,,,,,,,,,,,,,,,,,,,,,,,,,,,,,,,,,,,,,,,,,,,,,,,,,,,,,,,,,,,,,,,,,,,,,,,,,,,,,,,,,,
"7742-Citrus-Blossom-Dr,-Land-O-Lakes,-FL-34637","7742 Citrus Blossom Dr, Land O Lakes, FL 34637",7742 Citrus Blossom Dr,,Land O Lakes,FL,12,34637,Pasco,101,28.270541,-82.46746,Single Family,3,2.0,1359.0,Active,2105,Standard,2026-08-05T00:00:00.000Z,,2018-09-16T05:05:47.000Z,2026-08-05T02:51:23.084Z,1,Pasco,Land O Lakes,,,,,,,Rental Listing,2105,Standard,2026-08-05T00:00:00.000Z,,1,,2003.0,,,,,,,,,,,,,,,,,,,,,,,,,,,,,,,,,,,,,,,,,,,,,,,,,,,,,,,,,,,,,,,,,,,,,,,,,,,,,,,,,,,,,,,,,,,,,,,,,,,,,,,,,,,,,,,,,,,,,,,,,,,,,,,,,,,,,,,,,,,,,,,,,,,,,,,,,,,,,,,,,,,,,,,,,,,,,,,,,,,,,,,,,,,,,,,,,,,,,,,,,,,,,,,,,,,,,,,,,,,,,,,,,,,,,,,,,,,,,,,,,,,,,,,,,,,,,,,,,,,,,,,,,,,,,,,,,,,,,,,,,,,,,,,,,,,,,,,,,,,,,,,,,,,,,,,,,,,,,,,,,,,,,,,,,,,,,,,,,,,,,,,,,,,,,,,,,,,,,,,,,,,,,,,,,,,,,,,,,,,,,,,,,,,,,,,,,,,,,,,,,,,,,,,,,,,,,,,,,,,,,,,,,,,,,,,,,,,,,,,,,,,,,,,,,,,,,,,,,,,,,,,,,,,,,,,,,,,,,,,,,,,,,,,,,,,,,,,,,,,,,,,,,,,,,,,,,,,,,
"15833-Pond-Rush-Ct,-Land-O-Lakes,-FL-34638","15833 Pond Rush Ct, Land O Lakes, FL 34638",15833 Pond Rush Ct,,Land O Lakes,FL,12,34638,Pasco,101,28.311841,-82.553209,Single Family,3,2.0,2415.0,Active,2195,Standard,2026-08-05T00:00:00.000Z,,2019-12-03T02:04:03.265Z,2026-08-05T02:51:23.083Z,1,Pasco,Land O Lakes,,,,,,,Rental Listing,2195,Standard,2026-08-05T00:00:00.000Z,,1,,,,,,,,,,,,,,,,,,,,,,,,,,,,Rental Listing,2560.0,Standard,2025-01-24T00:00:00.000Z,2025-01-25T00:00:00.000Z,1.0,Rental Listing,2510.0,Standard,2025-03-07T00:00:00.000Z,2025-03-08T00:00:00.000Z,1.0,Rental Listing,2070.0,Standard,2025-05-07T00:00:00.000Z,2025-05-08T00:00:00.000Z,1.0,Rental Listing,2040.0,Standard,2025-05-17T00:00:00.000Z,2025-05-18T00:00:00.000Z,1.0,,,,,,,,,,,,,,,,,,,,,,,,,,,,,,,,,,,,,,,,,,,,,,,,,,,,,,,,,,,,,,,,,,,,,,,,,,,,,,,,,,,,,,,,,,,,,,,,,,,,,,,,,,,,,,,,,,,,,,,,,,,,,,,,,,,,,,,,,,,,,,,,,,,,,,,,,,,,,,,,,,,,,,,,,,,,,,,,,,,,,,,,,,,,,,,,,,,,,,,,,,,,,,,,,,,,,,,,,,,,,,,,,,,,,,,,,,,,,,,,,,,,,,,,,,,,,,,,,,,,,,,,,,,,,,,,,,,,,,,,,,,,,,,,,,,,,,,,,,,,,,,,,,,,,,,,,,,,,,,,,,,,,,,,,,,,,,,,,,,,,,,,,,,,,,,,,,,,,,,,,,,,,,,,,,,,,,,,,,,,,,,,,,,,,,,,,,,,,,,,,,,,,,,,,,,,,,,,,,,,,,,,,,,,,,,,,,,,,,,,,,,,,,,,,,,,,,,,,,,,,,,,,,,,
"21027-Voyager-Blvd,-Apt-K8,-Land-O-Lakes,-FL-34638","21027 Voyager Blvd, Apt K8, Land O Lakes, FL 34638",21027 Voyager Blvd,Apt K8,Land O Lakes,FL,12,34638,Pasco,101,28.216344,-82.467837,Condo,2,1.0,800.0,Active,1325,Standard,2026-08-05T00:00:00.000Z,,2026-06-28T00:00:00.000Z,2026-08-05T02:51:23.046Z,1,Pasco,Land O Lakes,,,,,,,Rental Listing,1325,Standard,2026-08-05T00:00:00.000Z,,1,,,,,,,,,,,,,,,,,,,,,,,,,,,,,,,,,,,,,,,,,,,,,,,,,,,,Rental Listing,1325.0,Standard,2026-07-21T00:00:00.000Z,2026-07-22T00:00:00.000Z,1.0,,,,,,,,,,,,,,,,,,,,,,,,,,,,,,,,,,,,,,,,,,,,,,,,,,,,,,,,,,,,,,,,,,,,,,,,,,,,,,,,,,,,,,,,,,,,,,,,,,,,,,,,,,,,,,,,,,,,,,,,,,,,,,,,,,,,,,,,,,,,,,,,,,,,,,,,,,,,,,,,,,,,,,,,,,,,,,,,,,,,,,,,,,,,,,,,,,,,,,,,,,,,,,,,,,,,,,,,,,,,,,,,,,,,,,,,,,,,,,,,,,,,,,,,,,,,,,,,,,,,,,,,,,,,,,,,,,,,,,,,,,,,,,,,,,,,,,,,,,,,,,,,,,,,,,,,,,,,,,,,,,,,,,,,,,,,,,,,,,,,,,,,,,,,,,,,,,,,,,,,,,,,,,,,,,,,,,,,,,,,,,,,,,,,,,,,,,,,,,,,,,,,,,,,,,,,,,,,,,,,,,,,,,,,,,,,,,,,,,,,,,,,,,,,,,,,,,,,,,,,,,
"18447-Red-Willow-Way,-Land-O-Lakes,-FL-34638","18447 Red Willow Way, Land O Lakes, FL 34638",18447 Red Willow Way,,Land O Lakes,FL,12,34638,Pasco,101,28.301633,-82.51064,Single Family,3,2.0,2150.0,Active,2675,Standard,2026-08-05T00:00:00.000Z,,2020-12-12T01:03:52.073Z,2026-08-05T02:51:22.886Z,1,Pasco,Land O Lakes,,,,,,,Rental Listing,2675,Standard,2026-08-05T00:00:00.000Z,,1,,,,,,,,,,,,,,,,,,,,,,,,,,,,,,,,,,,,,,,,,,,,,,,,,,,,,,,,,,,,,,,,,,,,,,,,,,,,,,,,,,,,,,,,,,,,,,,,,,,,,,,,,,,,,,,,,,,,,,,,,,,,,,,,,,,,,,,,,,,,,,,,,,,,,,,,,,,,,,,,,,,,,,,,,,,,,,,,,,,,,,,,,,,,,,,,,,,,,,,,,,,,,,,,,,,,,,,,,,,,,,,,,,,,,,,,,,,,,,,,,,,,,,,,,,,,,,,,,,,,,,,,,,,,,,,,,,,,,,,,,,,,,,,,,,,,,,,,,,,,,,,,,,,,,,,,,,,,,,,,,,,,,,,,,,,,,,,,,,,,,,,,,,,,,,,,,,,,,,,,,,,,,,,,,,,,,,,,,,,,,,,,,,,,,,,,,,,,,,,,,,,,,,,,,,,,,,,,,,,,,,,,,,,,,,,,,,,,,,,,,,,,,,,,,,,,,,,,,,,,,,,,,,,,,,,,,,,,,,,,,,,,,,,,,,,,,,,,,,,,,,,,,,,,,,,,,,,,,,,
"7108-Kendall-Heath-Way,-Land-O-Lakes,-FL-34637","7108 Kendall Heath Way, Land O Lakes, FL 34637",7108 Kendall Heath Way,,Land O Lakes,FL,12,34637,Pasco,101,28.260858,-82.452532,Single Family,4,2.0,1415.0,Active,2195,Standard,2026-08-05T00:00:00.000Z,,2026-06-18T00:00:00.000Z,2026-08-05T02:51:22.885Z,1,Pasco,Land O Lakes,,,,,,,Rental Listing,2195,Standard,2026-08-05T00:00:00.000Z,,1,,,,,,,,,,,,,,,,,,,,,,,,,,,,,,,,,,,,,,,,,,,,,,,,,,,,,,,,,,Rental Listing,2195.0,Standard,2026-06-18T00:00:00.000Z,2026-06-19T00:00:00.000Z,1.0,,,,,,,,,,,,,,,,,,,,,,,,,,,,,,,,,,,,,,,,,,,,,,,,,,,,,,,,,,,,,,,,,,,,,,,,,,,,,,,,,,,,,,,,,,,,,,,,,,,,,,,,,,,,,,,,,,,,,,,,,,,,,,,,,,,,,,,,,,,,,,,,,,,,,,,,,,,,,,,,,,,,,,,,,,,,,,,,,,,,,,,,,,,,,,,,,,,,,,,,,,,,,,,,,,,,,,,,,,,,,,,,,,,,,,,,,,,,,,,,,,,,,,,,,,,,,,,,,,,,,,,,,,,,,,,,,,,,,,,,,,,,,,,,,,,,,,,,,,,,,,,,,,,,,,,,,,,,,,,,,,,,,,,,,,,,,,,,,,,,,,,,,,,,,,,,,,,,,,,,,,,,,,,,,,,,,,,,,,,,,,,,,,,,,,,,,,,,,,,,,,,,,,,,,,,,,,,,,,,,,,,,,,,,,,,,,,,,,,,,,,,,,,,,,,,,,,,,
"4315-Marchmont-Blvd,-Land-O-Lakes,-FL-34638","4315 Marchmont Blvd, Land O Lakes, FL 34638",4315 Marchmont Blvd,,Land O Lakes,FL,12,34638,Pasco,101,28.22046,-82.496215,Single Family,3,2.0,1837.0,Active,2330,Standard,2026-08-05T00:00:00.000Z,,2020-05-30T02:51:26.540Z,2026-08-05T02:51:22.881Z,1,Pasco,Land O Lakes,,,,,,,Rental Listing,2330,Standard,2026-08-05T00:00:00.000Z,,1,,,,,,,,,,,,,,,,,,,,,,,,,,,,,,,,,,,,,,,,,,,,,,,,,,,,,,,,,,,,,,,,,,,,,,,,,,,,,,,,,,,,,,,,,,,,,,,,,,,,,,,,,,,,,,,,,,,,,,,,,,,,,,,,,,,,,,,,,,,,,,,,,,,,,,,,,,,,,,,,,,,,,,,,,,,,,,,,,,,,,,,,,,,,,,,,,,,,,,,,,,,,,,,,,,,,,,,,,,,,,,,,,,,,,,,,,,,,,,,,,,,,,,,,,,,,,,,,,,,,,,,,,,,,,,,,,,,,,,,,,,,,,,,,,,,,,,,,,,,,,,,,,,,,,,,,,,,,,,,,,,,,,,,,,,,,,,,,,,,,,,,,,,,,,,,,,,,,,,,,,,,,,,,,,,,,,,,,,,,,,,,,,,,,,,,,,,,,,,,,,,,,,,,,,,,,,,,,,,,,,,,,,,,,,,,,,,,,,,,,,,,,,,,,,,,,,,,,,,,,,,,,,,,,,,,,,,,,,,,,,,,,,,,,,,,,,,,,,,,,,,,,,,,,,,,,,,,,,,,
"9320-Black-Thorn-Loop,-Land-O-Lakes,-FL-34638","9320 Black Thorn Loop, Land O Lakes, FL 34638",9320 Black Thorn Loop,,Land O Lakes,FL,12,34638,Pasco,101,28.292778,-82.496181,Single Family,3,2.0,1830.0,Active,2225,Standard,2026-08-05T00:00:00.000Z,,2021-08-04T01:42:18.783Z,2026-08-05T02:51:22.876Z,1,Pasco,Land O Lakes,,,,,,,Rental Listing,2225,Standard,2026-08-05T00:00:00.000Z,,1,6098.0,2005.0,42.0,,,,,,,,,,,,,,,,,,,,,,,,,,,,,,,,,,,,,,,,,,,,,,,,,,,,,,,,,,,,,Rental Listing,2340.0,Standard,2021-06-07T00:00:00.000Z,2026-07-28T00:00:00.000Z,1877.0,,,,,,,,,,,,,,,,,,,,,,,,,,,,,,,,,,,,,,,,,,,,,,,,,,,,,,,,,,,,,,,,,,,,,,,,,,,,,,,,,,,,,,,,,,,,,,,,,,,,,,,,,,,,,,,,,,,,,,,,,,,,,,,,,,,,,,,,,,,,,,,,,,,,,,,,,,,,,,,,,,,,,,,,,,,,,,,,,,,,,,,,,,,,,,,,,,,,,,,,,,,,,,,,,,,,,,,,,,,,,,,,,,,,,,,,,,,,,,,,,,,,,,,,,,,,,,,,,,,,,,,,,,,,,,,,,,,,,,,,,,,,,,,,,,,,,,,,,,,,,,,,,,,,,,,,,,,,,,,,,,,,,,,,,,,,,,,,,,,,,,,,,,,,,,,,,,,,,,,,,,,,,,,,,,,,,,,,,,,,,,,,,,,,,,,,,,,,,,,,,,,,,,,,,,,,,,,,,,,,,,,,,,,,,,,,,,,,,,,,,,,,,,,,,,
"18934-Randall-Pl,-Land-O-Lakes,-FL-34638","18934 Randall Pl, Land O Lakes, FL 34638",18934 Randall Pl,,Land O Lakes,FL,12,34638,Pasco,101,28.296631,-82.502448,Single Family,3,2.5,1545.0,Active,2105,Standard,2026-08-05T00:00:00.000Z,,2020-01-04T00:49:51.435Z,2026-08-05T02:51:22.869Z,1,Pasco,Land O Lakes,,,,,,,Rental Listing,2105,Standard,2026-08-05T00:00:00.000Z,,1,,2009.0,,,,,,,,,,,,,,,,,,,,,,,,,,,,,,,,,,,,,,,,,,,,,,,,,,,,,,,,,,,,,,,,,,,,,,,,,,,,,,,,,,,,,,,,,,,,,,,,,,,,,,,,,,,,,,,,,,,,,,,,,,,,,,,,,,,,,,,,,,,,,,,,,,,,,,,,,,,,,,,,,,,,,,,,,,,,,,,,,,,,,,,,,,,,,,,,,,,,,,,,,,,,,,,,,,,,,,,,,,,,,,,,,,,,,,,,,,,,,,,,,,,,,,,,,,,,,,,,,,,,,,,,,,,,,,,,,,,,,,,,,,,,,,,,,,,,,,,,,,,,,,,,,,,,,,,,,,,,,,,,,,,,,,,,,,,,,,,,,,,,,,,,,,,,,,,,,,,,,,,,,,,,,,,,,,,,,,,,,,,,,,,,,,,,,,,,,,,,,,,,,,,,,,,,,,,,,,,,,,,,,,,,,,,,,,,,,,,,,,,,,,,,,,,,,,,,,,,,,,,,,,,,,,,,,,,,,,,,,,,,,,,,,,,,,,,,,,,,,,,,,,,,,,,,,,,,,,,,,
"9253-Black-Thorn-Loop,-Land-O-Lakes,-FL-34638","9253 Black Thorn Loop, Land O Lakes, FL 34638",9253 Black Thorn Loop,,Land O Lakes,FL,12,34638,Pasco,101,28.292476,-82.495643,Single Family,4,2.0,1824.0,Active,2355,Standard,2026-08-05T00:00:00.000Z,,2021-02-05T00:37:37.882Z,2026-08-05T02:51:22.865Z,1,Pasco,Land O Lakes,,,,,,,Rental Listing,2355,Standard,2026-08-05T00:00:00.000Z,,1,,2005.0,,,,,,,,,,,,,,,,,,,,,,,,,,,,,,,,,,,,,,,,,,,,,,,,,,,,,,,,,,,,,,,,,,,,,,,,,,,,,,,,,,,,,,,,,,,,,,,,,,,,,,,,,,,,,,,,,,,,,,,,,,,,,,,,,,,,,,,,,,,,,,,,,,,,,,,,,,,,,,,,,,,,,,,,,,,,,,,,,,,,,,,,,,,,,,,,,,,,,,,,,,,,,,,,,,,,,,,,,,,,,,,,,,,,,,,,,,,,,,,,,,,,,,,,,,,,,,,,,,,,,,,,,,,,,,,,,,,,,,,,,,,,,,,,,,,,,,,,,,,,,,,,,,,,,,,,,,,,,,,,,,,,,,,,,,,,,,,,,,,,,,,,,,,,,,,,,,,,,,,,,,,,,,,,,,,,,,,,,,,,,,,,,,,,,,,,,,,,,,,,,,,,,,,,,,,,,,,,,,,,,,,,,,,,,,,,,,,,,,,,,,,,,,,,,,,,,,,,,,,,,,,,,,,,,,,,,,,,,,,,,,,,,,,,,,,,,,,,,,,,,,,,,,,,,,,,,,,,,
"4615-Winding-River-Way,-Land-O-Lakes,-FL-34639","4615 Winding River Way, Land O Lakes, FL 34639",4615 Winding River Way,,Land O Lakes,FL,12,34639,Pasco,101,28.221848,-82.386729,Condo,3,2.5,1536.0,Active,1855,Standard,2026-08-05T00:00:00.000Z,,2026-06-06T00:00:00.000Z,2026-08-05T02:51:22.863Z,1,Pasco,Land O Lakes,,,,,,,Rental Listing,1855,Standard,2026-08-05T00:00:00.000Z,,1,,2005.0,,,,,,,,,,,,,,,,,,,,,,,,,,,,,,,,,,,,,,,,,,,,,,,,,,,,,,,,,,,,,,,,,,,,,,,,,,,,,,,,,,,,,,,,,,,,,,,,,,,,,,,,,,,,,,,,,,,,,,,,,,,,,,,,,,,,,,,,,,,,,,,,,,,,,,,,,,,,,,,,,,,,,,,,,,,,,,,,,,,,,,,,,,,,,,,,,,,,,,,,,,,,,,,,,,,,,,,,,,,,,,,,,,,,,,,,,,,,,,,,,,,,,,,,,,,,,,,,,,,,,,,,,,,,,,,,,,,,,,,,,,,,,,,,,,,,,,,,,,,,,,,,,,,,,,,,,,,,,,,,,,,,,,,,,,,,,,,,,,,,,,,,,,,,,,,,,,,,,,,,,,,,,,,,,,,,,,,,,,,,,,,,,,,,,,,,,,,,,,,,,,,,,,,,,,,,,,,,,,,,,,,,,,,,,,,,,,,,,,,,,,,,,,,,,,,,,,,,,,,,,,,,,,,,,,,,,,,,,,,,,,,,,,,,,,,,,,,,,,,,,,,,,,,,,,,,,,,,,
"25924-Terrawood-Loop,-Land-O-Lakes,-FL-34639","25924 Terrawood Loop, Land O Lakes, FL 34639",25924 Terrawood Loop,,Land O Lakes,FL,12,34639,Pasco,101,28.2221,-82.387022,Single Family,3,2.0,1340.0,Active,2100,Standard,2026-08-05T00:00:00.000Z,,2023-10-28T00:00:00.000Z,2026-08-05T02:51:22.861Z,1,Pasco,Land O Lakes,Rental Listing,2100.0,Standard,2026-07-31T00:00:00.000Z,2026-08-01T00:00:00.000Z,1.0,Rental Listing,2100,Standard,2026-08-05T00:00:00.000Z,,1,,,,,,,,,,,,,,,,,,,,,,,,,,,,,,,,,,,,,,,,,,,,,,,,,,,,,,,,,,,,,,,,,,,,,,,,,,,,,,,,,,,,,,,,,,,,,,,,,,,,,,,,,,,,,,,,,,,,,,,,,,,,,,,,,,,,,,,,,,,,,,,,,,,,,,,,,,,,,,,,,,,,,,,,,,,,,,,,,,,,,,,,,,,,,,,,,,,,,,,,,,,,,,,,,,,,,,,,,,,,,,,,,,,,,,,,,,,,,,,,,,,,,,,,,,,,,,,,,,,,,,,,,,,,,,,,,,,,,,,,,,,,,,,,,,,,,,,,,,,,,,,,,,,,,,,,,,,,,,,,,,,,,,,,,,,,,,,,,,,,,,,,,,,,,,,,,,,,,,,,,,,,,,,,,,,,,,,,,,,,,,,,,,,,,,,,,,,,,,,,,,,,,,,,,,,,,,,,,,,,,,,,,,,,,,,,,,,,,,,,,,,,,,,,,,,,,,,,,,,,,,,,,,,,,,,,,,,,,,,,,,,,,,,,,,,,,,,,,,,,,,,,,,,,,,,,,,,,,,,
"23307-Abercorn-Ln,-Land-O-Lakes,-FL-34639","23307 Abercorn Ln, Land O Lakes, FL 34639",23307 Abercorn Ln,,Land O Lakes,FL,12,34639,Pasco,101,28.209847,-82.427647,Single Family,4,3.0,3077.0,Active,3400,Standard,2026-08-05T00:00:00.000Z,,2025-04-20T00:00:00.000Z,2026-08-05T02:51:22.860Z,1,Pasco,Land O Lakes,,,,,,,Rental Listing,3400,Standard,2026-08-05T00:00:00.000Z,,1,,,,,,,,,,,,,,,,,,,,,,,,,,,,,,,,,,,,,,,,,,,,,,Rental Listing,3250.0,Standard,2025-05-17T00:00:00.000Z,2025-05-18T00:00:00.000Z,1.0,,,,,,,,,,,,,,,,,,,Rental Listing,3400.0,Standard,2026-06-02T00:00:00.000Z,2026-06-03T00:00:00.000Z,1.0,,,,,,,,,,,,,,,,,,,,,,,,,,,,,,,,,,,,,,,,,,,,,,,,,,,,,,,,,,,,,,,,,,,,,,,,,,,,,,,,,,,,,,,,,,,,,,,,,,,,,,,,,,,,,,,,,,,,,,,,,,,,,,,,,,,,,,,,,,,,,,,,,,,,,,,,,,,,,,,,,,,,,,,,,,,,,,,,,,,,,,,,,,,,,,,,,,,,,,,,,,,,,,,,,,,,,,,,,,,,,,,,,,,,,,,,,,,,,,,,,,,,,,,,,,,,,,,,,,,,,,,,,,,,,,,,,,,,,,,,,,,,,,,,,,,,,,,,,,,,,,,,,,,,,,,,,,,,,,,,,,,,,,,,,,,,,,,,,,,,,,,,,,,,,,,,,,,,,,,,,,,,,,,,,,,,,,,,,,,,,,,,,,,,,,,,,,,,,,,,,,,,,,,,,,,,,,,,,,,,,,,,,,,,,,,,,,,,,,,,,,,,
"17515-Sandgate-Ct,-Land-O-Lakes,-FL-34638","17515 Sandgate Ct, Land O Lakes, FL 34638",17515 Sandgate Ct,,Land O Lakes,FL,12,34638,Pasco,101,28.205368,-82.525882,Single Family,3,3.0,2112.0,Active,2400,Standard,2026-08-05T00:00:00.000Z,,2020-03-14T03:32:32.613Z,2026-08-05T02:51:22.857Z,1,Pasco,Land O Lakes,,,,,,,Rental Listing,2400,Standard,2026-08-05T00:00:00.000Z,,1,,,,,,,,,,,,,,,,,,,,,,,,,,,,,,,,,,,,,,,,,,,,,,,,,,,,,,,,,,,,,,,,,,,,,,Rental Listing,2550.0,Standard,2026-06-02T00:00:00.000Z,2026-06-03T00:00:00.000Z,1.0,Rental Listing,2550.0,Standard,2026-03-14T00:00:00.000Z,2026-03-15T00:00:00.000Z,1.0,Rental Listing,2550.0,Standard,2026-04-22T00:00:00.000Z,2026-04-23T00:00:00.000Z,1.0,,,,,,,,,,,,,,,,,,,,,,,,,,,,,,,,,,,,,,,,,,,,,,,,,,,,,,,,,,,,,,,,,,,,,,,,,,,,,,,,,,,,,,,,,,,,,,,,,,,,,,,,,,,,,,,,,,,,,,,,,,,,,,,,,,,,,,,,,,,,,,,,,,,,,,,,,,,,,,,,,,,,,,,,,,,,,,,,,,,,,,,,,,,,,,,,,,,,,,,,,,,,,,,,,,,,,,,,,,,,,,,,,,,,,,,,,,,,,,,,,,,,,,,,,,,,,,,,,,,,,,,,,,,,,,,,,,,,,,,,,,,,,,,,,,,,,,,,,,,,,,,,,,,,,,,,,,,,,,,,,,,,,,,,,,,,,,,,,,,,,,,,,,,,,,,,,,,,,,,,,,,,,,,,,,,,,,,,,,,,,,,,,,,,,,,,,,,,,,,,,,,,,,,,,,,,,,,,,,,,,,,,,,,,,,,,
"18025-Cypress-Bay-Pkwy,-Land-O-Lakes,-FL-34638","18025 Cypress Bay Pkwy, Land O Lakes, FL 34638",18025 Cypress Bay Pkwy,,Land O Lakes,FL,12,34638,Pasco,101,28.303555,-82.516462,Single Family,3,2.0,1484.0,Active,2150,Standard,2026-08-05T00:00:00.000Z,,2021-06-15T00:41:15.594Z,2026-08-05T02:48:08.090Z,1,Pasco,Land O Lakes,,,,,,,Rental Listing,2150,Standard,2026-08-05T00:00:00.000Z,,1,,2008.0,,,,,,,,,,,,,,,,,,,,,,,,,,,,,,,,,,,,,,,,,,,,,,,,,,,,,,,,,,,,,,,,,,,,,,,,,,,,,,,,,,,,,,,,,,,,,,,,,,,,,,,,,,,,,,,,,,,,,,,,,,,,,,,,,,,,,,,,,,,,,,,,,,,,,,,,,,,,,,,,,,,,,,,,,,,,,,,,,,,,,,,,,,,,,,,,,,,,,,,,,,,,,,,,,,,,,,,,,,,,,,,,,,,,,,,,,,,,,,,,,,,,,,,,,,,,,,,,,,,,,,,,,,,,,,,,,,,,,,,,,,,,,,,,,,,,,,,,,,,,,,,,,,,,,,,,,,,,,,,,,,,,,,,,,,,,,,,,,,,,,,,,,,,,,,,,,,,,,,,,,,,,,,,,,,,,,,,,,,,,,,,,,,,,,,,,,,,,,,,,,,,,,,,,,,,,,,,,,,,,,,,,,,,,,,,,,,,,,,,,,,,,,,,,,,,,,,,,,,,,,,,,,,,,,,,,,,,,,,,,,,,,,,,,,,,,,,,,,,,,,,,,,,,,,,,,,,,,,
"22744-Robins-Nest-Ct,-Land-O-Lakes,-FL-34639","22744 Robins Nest Ct, Land O Lakes, FL 34639",22744 Robins Nest Ct,,Land O Lakes,FL,12,34639,Pasco,101,28.214529,-82.439319,Single Family,4,3.0,2930.0,Active,3345,Standard,2026-08-05T00:00:00.000Z,,2020-07-17T03:35:37.422Z,2026-08-05T02:48:08.085Z,1,Pasco,Land O Lakes,,,,,,,Rental Listing,3345,Standard,2026-08-05T00:00:00.000Z,,1,,,,,,,,,,,,,,,,,,,,,,Rental Listing,3345.0,Standard,2026-07-26T00:00:00.000Z,2026-07-27T00:00:00.000Z,1.0,,,,,,,,,,,,,,,,,,,,,,,,,,,,,,,,,,,,,,,,,,,,,,,,,,,,,,,,,,,,,,,,,,,,,,,,,,,,,,,,,,,,,,,,,,,,,,,,,,,,,,,,,,,,,,,,,,,,,,,,,,,,,,,,,,,,,,,,,,,,,,,,,,,,,,,,,,,,,,,,,,,,,,,,,,,,,,,,,,,,,,,,,,,,,,,,,,,,,,,,,,,,,,,,,,,,,,,,,,,,,,,,,,,,,,,,,,,,,,,,,,,,,,,,,,,,,,,,,,,,,,,,,,,,,,,,,,,,,,,,,,,,,,,,,,,,,,,,,,,,,,,,,,,,,,,,,,,,,,,,,,,,,,,,,,,,,,,,,,,,,,,,,,,,,,,,,,,,,,,,,,,,,,,,,,,,,,,,,,,,,,,,,,,,,,,,,,,,,,,,,,,,,,,,,,,,,,,,,,,,,,,,,,,,,,,,,,,,,,,,,,,,,,,,,,,,,,,,,,,,,,,,,,,,,,,,,,,,,,,,,,,,,,,,,,,,
"17051-Lixberry-Way,-Land-O-Lakes,-FL-34638","17051 Lixberry Way, Land O Lakes, FL 34638",17051 Lixberry Way,,Land O Lakes,FL,12,34638,Pasco,101,28.208982,-82.533038,Single Family,4,2.5,1892.0,Active,2470,Standard,2026-08-05T00:00:00.000Z,,2019-07-09T21:02:03.431Z,2026-08-05T02:48:08.082Z,1,Pasco,Land O Lakes,,,,,,,Rental Listing,2470,Standard,2026-08-05T00:00:00.000Z,,1,,2008.0,,,,,,,,,,,,,,,,,,,,,,,,,,,,,,,,,,,,,,,,,,,,,,,,,,,,,,,,,,,,,,,,,,,,,,,,,,,,,,,,,,,,,,,,,,,,,,,,,,,,,,,,,,,,,,,,,,,,,,,,,,,,,,,,,,,,,,,,,,,,,,,,,,,,,,,,,,,,,,,,,,,,,,,,,,,,,,,,,,,,,,,,,,,,,,,,,,,,,,,,,,,,,,,,,,,,,,,,,,,,,,,,,,,,,,,,,,,,,,,,,,,,,,,,,,,,,,,,,,,,,,,,,,,,,,,,,,,,,,,,,,,,,,,,,,,,,,,,,,,,,,,,,,,,,,,,,,,,,,,,,,,,,,,,,,,,,,,,,,,,,,,,,,,,,,,,,,,,,,,,,,,,,,,,,,,,,,,,,,,,,,,,,,,,,,,,,,,,,,,,,,,,,,,,,,,,,,,,,,,,,,,,,,,,,,,,,,,,,,,,,,,,,,,,,,,,,,,,,,,,,,,,,,,,,,,,,,,,,,,,,,,,,,,,,,,,,,,,,,,,,,,,,,,,,,,,,,,,,
"9640-Simeon-Dr,-Land-O-Lakes,-FL-34638","9640 Simeon Dr, Land O Lakes, FL 34638",9640 Simeon Dr,,Land O Lakes,FL,12,34638,Pasco,101,28.297885,-82.503712,Single Family,3,3.0,1860.0,Active,2275,Standard,2026-08-05T00:00:00.000Z,,2023-06-17T00:00:00.000Z,2026-08-05T02:48:08.081Z,1,Pasco,Land O Lakes,,,,,,,Rental Listing,2275,Standard,2026-08-05T00:00:00.000Z,,1,,,,,,,,,,,,,,,,,,,,,,Rental Listing,2275.0,Standard,2026-07-26T00:00:00.000Z,2026-07-27T00:00:00.000Z,1.0,,,,,,,,,,,,,,,,,,,,,,,,,,,,,,,,,,,,,,,,,,,,,,,,,,,,,,,,,,,,,,,,,,,,,,,,,,,,,,,,,,,,,,,,,,,,,,,,,,,,,,,,,,,,,,,,,,,,,,,,,,,,,,,,,,,,,,,,,,,,,,,,,,,,,,,,,,,,,,,,,,,,,,,,,,,,,,,,,,,,,,,,,,,,,,,,,,,,,,,,,,,,,,,,,,,,,,,,,,,,,,,,,,,,,,,,,,,,,,,,,,,,,,,,,,,,,,,,,,,,,,,,,,,,,,,,,,,,,,,,,,,,,,,,,,,,,,,,,,,,,,,,,,,,,,,,,,,,,,,,,,,,,,,,,,,,,,,,,,,,,,,,,,,,,,,,,,,,,,,,,,,,,,,,,,,,,,,,,,,,,,,,,,,,,,,,,,,,,,,,,,,,,,,,,,,,,,,,,,,,,,,,,,,,,,,,,,,,,,,,,,,,,,,,,,,,,,,,,,,,,,,,,,,,,,,,,,,,,,,,,,,,,,,,,,,,
"22477-Bellini-Cir,-Land-O-Lakes,-FL-34639","22477 Bellini Cir, Land O Lakes, FL 34639",22477 Bellini Cir,,Land O Lakes,FL,12,34639,Pasco,101,28.215544,-82.44547,Single Family,4,3.0,2245.0,Active,2850,Standard,2026-08-05T00:00:00.000Z,,2026-07-29T00:00:00.000Z,2026-08-05T02:48:08.075Z,1,Pasco,Land O Lakes,,,,,,,Rental Listing,2850,Standard,2026-08-05T00:00:00.000Z,,1,,2023.0,,,,,,,,,,,,,,,,,,,,,,,,,,,,,,,,,,,,,,,,,,,,,,,,,,,,,,,,,,,,,,,,,,,,,,,,,,,,,,,,,,,,,,,,,,,,,,,,,,,,,,,,,,,,,,,,,,,,,,,,,,,,,,,,,,,,,,,,,,,,,,,,,,,,,,,,,,,,,,,,,,,,,,,,,,,,,,,,,,,,,,,,,,,,,,,,,,,,,,,,,,,,,,,,,,,,,,,,,,,,,,,,,,,,,,,,,,,,,,,,,,,,,,,,,,,,,,,,,,,,,,,,,,,,,,,,,,,,,,,,,,,,,,,,,,,,,,,,,,,,,,,,,,,,,,,,,,,,,,,,,,,,,,,,,,,,,,,,,,,,,,,,,,,,,,,,,,,,,,,,,,,,,,,,,,,,,,,,,,,,,,,,,,,,,,,,,,,,,,,,,,,,,,,,,,,,,,,,,,,,,,,,,,,,,,,,,,,,,,,,,,,,,,,,,,,,,,,,,,,,,,,,,,,,,,,,,,,,,,,,,,,,,,,,,,,,,,,,,,,,,,,,,,,,,,,,,,,,,
"1430-Maximilian-Dr,-Wesley-Chapel,-FL-33543","1430 Maximilian Dr, Wesley Chapel, FL 33543",1430 Maximilian Dr,,Wesley Chapel,FL,12,33543,Pasco,101,28.178011,-82.330814,Single Family,3,2.0,1690.0,Active,2720,Standard,2026-08-05T00:00:00.000Z,,2020-06-30T01:04:39.594Z,2026-08-05T03:04:57.381Z,1,Pasco,Wesley Chapel,,,,,,,Rental Listing,2720,Standard,2026-08-05T00:00:00.000Z,,1,5227.0,1995.0,,,,,,,,,,,,,,,,,,,,,,,,,,,,,,,,,,,,,,,,,,,,,,,,,,,,,,,,,,,,,,,,,,,,,,,,,,,,,,,,,,,,,,,,,,,,,,,,,,,,,,,,,,,,,,,,,,,,,,,,,,,,,,,,,,,,,,,,,,,,,,,,,,,,,,,,,,,,,,,,,,,,,,,,,,,,,,,,,,,,,,,,,,,,,,,,,,,,,,,,,,,,,,,,,,,,,,,,,,,,,,,,,,,,,,,,,,,,,,,,,,,,,,,,,,,,,,,,,,,,,,,,,,,,,,,,,,,,,,,,,,,,,,,,,,,,,,,,,,,,,,,,,,,,,,,,,,,,,,,,,,,,,,,,,,,,,,,,,,,,,,,,,,,,,,,,,,,,,,,,,,,,,,,,,,,,,,,,,,,,,,,,,,,,,,,,,,,,,,,,,,,,,,,,,,,,,,,,,,,,,,,,,,,,,,,,,,,,,,,,,,,,,,,,,,,,,,,,,,,,,,,,,,,,,,,,,,,,,,,,,,,,,,,,,,,,,,,,,,,,,,,,,,,,,,,,,,,,,
"4272-Fennwood-Ct,-Wesley-Chapel,-FL-33543","4272 Fennwood Ct, Wesley Chapel, FL 33543",4272 Fennwood Ct,,Wesley Chapel,FL,12,33543,Pasco,101,28.220272,-82.302049,Townhouse,3,2.0,1636.0,Active,2000,Standard,2026-08-05T00:00:00.000Z,,2026-07-09T00:00:00.000Z,2026-08-05T03:04:57.378Z,1,Pasco,Wesley Chapel,,,,,,,Rental Listing,2000,Standard,2026-08-05T00:00:00.000Z,,1,,2014.0,175.0,,,,,,,,,,,,,,,,,,,,,,,,,,,,,,,,,,,,,,,,,,,,,,,,,,,,,,,,,,,,,,,,,,,,,,,,,,,,,,,,,,,,,,,,,,,,,,,,,,,,,,,,,,,,,,,,,,,,,,,,,,,,,,,,,,,,,,,,,,,,,,,,,,,,,,,,,,,,,,,,,,,,,,,,,,,,,,,,,,,,,,,,,,,,,,,,,,,,,,,,,,,,,,,,,,,,,,,,,,,,,,,,,,,,,,,,,,,,,,,,,,,,,,,,,,,,,,,,,,,,,,,,,,,,,,,,,,,,,,,,,,,,,,,,,,,,,,,,,,,,,,,,,,,,,,,,,,,,,,,,,,,,,,,,,,,,,,,,,,,,,,,,,,,,,,,,,,,,,,,,,,,,,,,,,,,,,,,,,,,,,,,,,,,,,,,,,,,,,,,,,,,,,,,,,,,,,,,,,,,,,,,,,,,,,,,,,,,,,,,,,,,,,,,,,,,,,,,,,,,,,,,,,,,,,,,,,,,,,,,,,,,,,,,,,,,,,,,,,,,,,,,,,,,,,,,,,,,,
"30250-Rattana-Ct,-Wesley-Chapel,-FL-33545","30250 Rattana Ct, Wesley Chapel, FL 33545",30250 Rattana Ct,,Wesley Chapel,FL,12,33545,Pasco,101,28.250751,-82.315436,Single Family,3,2.0,1190.0,Active,2245,Standard,2026-08-05T00:00:00.000Z,,2021-08-04T01:42:18.800Z,2026-08-05T03:04:57.370Z,1,Pasco,Wesley Chapel,,,,,,,Rental Listing,2245,Standard,2026-08-05T00:00:00.000Z,,1,,,,,,,,,,,,,,,,,,,,,,,,,,,,,,,,,,,,,,,,,,,,,,,,,,,,,,,,,,,,,,,,,,,,,,,,,,,,,,,,,,,,,,,,,,,,,,,,,,,,,,,,,,,,,,,,,,,,,,,,,,,,,,,,,,,,,,,,,,,,,,,,,,,,,,,,,,,,,,,,,,,,,,,,,,,,,,,,,,,,,,,,,,,,,,,,,,,,,,,,,,,,,,,,,,,,,,,,,,,,,,,,,,,,,,,,,,,,,,,,,,,,,,,,,,,,,,,,,,,,,,,,,,,,,,,,,,,,,,,,,,,,,,,,,,,,,,,,,,,,,,,,,,,,,,,,,,,,,,,,,,,,,,,,,,,,,,,,,,,,,,,,,,,,,,,,,,,,,,,,,,,,,,,,,,,,,,,,,,,,,,,,,,,,,,,,,,,,,,,,,,,,,,,,,,,,,,,,,,,,,,,,,,,,,,,,,,,,,,,,,,,,,,,,,,,,,,,,,,,,,,,,,,,,,,,,,,,,,,,,,,,,,,,,,,,,,,,,,,,,,,,,,,,,,,,,,,,,,,,
"30319-Birdhouse-Dr,-Wesley-Chapel,-FL-33545","30319 Birdhouse Dr, Wesley Chapel, FL 33545",30319 Birdhouse Dr,,Wesley Chapel,FL,12,33545,Pasco,101,28.24735,-82.314636,Single Family,3,2.0,1158.0,Active,1975,Standard,2026-08-05T00:00:00.000Z,,2023-03-15T00:00:00.000Z,2026-08-05T03:04:57.369Z,1,Pasco,Wesley Chapel,,,,,,,Rental Listing,1975,Standard,2026-08-05T00:00:00.000Z,,1,4000.0,2004.0,32.0,,,,,,,,,,,,,,,,,,,,,,,,,,,,,,,,,,,,,,,,,,,,,,,,,,,,,,,,,,,,,,,,,,,,,,,,,,,,,,,,,,,,,,,,,,,,,,,,,,,,,,,,,,,,,,,,,,,,,,,,,,,,,,,,,,,,,,,,,,,,,,,,,,,,,,,,,,,,,,,,,,,,,,,,,,,,,,,,,,,,,,,,,,,,,,,,,,,,,,,,,,,,,,,,,,,,,,,,,,,,,,,,,,,,,,,,,,,,,,,,,,,,,,,,,,,,,,,,,,,,,,,,,,,,,,,,,,,,,,,,,,,,,,,,,,,,,,,,,,,,,,,,,,,,,,,,,,,,,,,,,,,,,,,,,,,,,,,,,,,,,,,,,,,,,,,,,,,,,,,,,,,,,,,,,,,,,,,,,,,,,,,,,,,,,,,,,,,,,,,,,,,,,,,,,,,,,,,,,,,,,,,,,,,,,,,,,,,,,,,,,,,,,,,,,,,,,,,,,,,,,,,,,,,,,,,,,,,,,,,,,,,,,,,,,,,,,,,,,,,,,,,,,,,,,,,,,,,,
"30057-Southwell-Ln,-Wesley-Chapel,-FL-33543","30057 Southwell Ln, Wesley Chapel, FL 33543",30057 Southwell Ln,,Wesley Chapel,FL,12,33543,Pasco,101,28.195153,-82.320166,Townhouse,3,2.5,1853.0,Active,2150,Standard,2026-08-05T00:00:00.000Z,,2022-04-12T00:53:50.137Z,2026-08-05T03:04:57.368Z,1,Pasco,Wesley Chapel,,,,,,,Rental Listing,2150,Standard,2026-08-05T00:00:00.000Z,,1,2001.0,2018.0,237.0,,,,,,,,,,,,,,,,,,,,,,,,,,,,,,,,,,,,,,,,,,,,,,,,,,,,,,,,,,,,,,,,,,,,,,,,,,,,,,,,,,,,,,,,,,,,,,,,,,,,,,,,,,,,,,,,,,,,,,,,,,,,,,,,,,,,,,,,,,,,,,,,,,,,,,,,,,,,,,,,,,,,,,,,,,,,,,,,,,,,,,,,,,,,,,,,,,,,,,,,,,,,,,,,,,,,,,,,,,,,,,,,,,,,,,,,,,,,,,,,,,,,,,,,,,,,,,,,,,,,,,,,,,,,,,,,,,,,,,,,,,,,,,,,,,,,,,,,,,,,,,,,,,,,,,,,,,,,,,,,,,,,,,,,,,,,,,,,,,,,,,,,,,,,,,,,,,,,,,,,,,,,,,,,,,,,,,,,,,,,,,,,,,,,,,,,,,,,,,,,,,,,,,,,,,,,,,,,,,,,,,,,,,,,,,,,,,,,,,,,,,,,,,,,,,,,,,,,,,,,,,,,,,,,,,,,,,,,,,,,,,,,,,,,,,,,,,,,,,,,,,,,,,,,,,,,,,,,
"4908-Cactus-Needle-Ln,-Wesley-Chapel,-FL-33544","4908 Cactus Needle Ln, Wesley Chapel, FL 33544",4908 Cactus Needle Ln,,Wesley Chapel,FL,12,33544,Pasco,101,28.228451,-82.361547,Townhouse,3,2.5,1543.0,Active,1895,Standard,2026-08-05T00:00:00.000Z,,2026-08-04T00:00:00.000Z,2026-08-05T03:04:57.362Z,1,Pasco,Wesley Chapel,,,,,,,Rental Listing,1895,Standard,2026-08-05T00:00:00.000Z,,1,,,,,,,,,,,,,,,,,,,,,,,,,,,,,,,,,,,,,,,,,,,,,,,,,,,,,,,,,,,,,,,,,,,,,,,,,,,,,,,,,,,,,,,,,,,,,,,,,,,,,,,,,,,,,,,,,,,,,,,,,,,,,,,,,,,,,,,,,,,,,,,,,,,,,,,,,,,,,,,,,,,,,,,,,,,,,,,,,,,,,,,,,,,,,,,,,,,,,,,,,,,,,,,,,,,,,,,,,,,,,,,,,,,,,,,,,,,,,,,,,,,,,,,,,,,,,,,,,,,,,,,,,,,,,,,,,,,,,,,,,,,,,,,,,,,,,,,,,,,,,,,,,,,,,,,,,,,,,,,,,,,,,,,,,,,,,,,,,,,,,,,,,,,,,,,,,,,,,,,,,,,,,,,,,,,,,,,,,,,,,,,,,,,,,,,,,,,,,,,,,,,,,,,,,,,,,,,,,,,,,,,,,,,,,,,,,,,,,,,,,,,,,,,,,,,,,,,,,,,,,,,,,,,,,,,,,,,,,,,,,,,,,,,,,,,,,,,,,,,,,,,,,,,,,,,,,,,,,,,
"34335-Lodge-Dr,-Wesley-Chapel,-FL-33543","34335 Lodge Dr, Wesley Chapel, FL 33543",34335 Lodge Dr,,Wesley Chapel,FL,12,33543,Pasco,101,28.201079,-82.248291,Single Family,3,2.0,1456.0,Active,1850,Standard,2026-08-05T00:00:00.000Z,,2024-04-09T00:00:00.000Z,2026-08-05T03:04:57.361Z,1,Pasco,Wesley Chapel,,,,,,,Rental Listing,1850,Standard,2026-08-05T00:00:00.000Z,,1,,,,,,,,,,,,,,,,,,,,,,,,,,,,,,,,,,,,,,,,,,,,,,,,,,,,,,,,,,,,,,,,,,,,,,,,,,,,,,,,,,,,,,,,,,,,,,,,,,,,,,,,,,,,,,,,,,,,,,,,,,,,,,,,,,,,,,,,,,,,,,,,,,,,,,,,,,,,,,,,,,,,,,,,,,,,,,,,,,,,,,,,,,,,,,,,,,,,,,,,,,,,,,,,,,,,,,,,,,,,,,,,,,,,,,,,,,,,,,,,,,,,,,,,,,,,,,,,,,,,,,,,,,,,,,,,,,,,,,,,,,,,,,,,,,,,,,,,,,,,,,,,,,,,,,,,,,,,,,,,,,,,,,,,,,,,,,,,,,,,,,,,,,,,,,,,,,,,,,,,,,,,,,,,,,,,,,,,,,,,,,,,,,,,,,,,,,,,,,,,,,,,,,,,,,,,,,,,,,,,,,,,,,,,,,,,,,,,,,,,,,,,,,,,,,,,,,,,,,,,,,,,,,,,,,,,,,,,,,,,,,,,,,,,,,,,,,,,,,,,,,,,,,,,,,,,,,,,,,,
"8479-Lofty-Timber-Way,-Wesley-Chapel,-FL-33545","8479 Lofty Timber Way, Wesley Chapel, FL 33545",8479 Lofty Timber Way,,Wesley Chapel,FL,12,33545,Pasco,101,28.280766,-82.300783,Single Family,3,2.5,1463.0,Active,1999,Standard,2026-08-05T00:00:00.000Z,,2024-11-22T00:00:00.000Z,2026-08-05T02:51:23.091Z,1,Pasco,Wesley Chapel,,,,,,,Rental Listing,1999,Standard,2026-08-05T00:00:00.000Z,,1,,,,,,,,,,,,,,,,,,,,,,,,,,,,,,,,,,,,,,,,,,,,,,,,,,,,,,,,,,,,,,,,,,,,,,,,,,,,,,,,,,,,,,,,Rental Listing,1945.0,Standard,2025-01-16T00:00:00.000Z,2025-01-17T00:00:00.000Z,1.0,Rental Listing,1999.0,Standard,2026-07-08T00:00:00.000Z,2026-07-09T00:00:00.000Z,1.0,,,,,,,,,,,,,,,,,,,,,,,,,,,,,,,,,,,,,,,,,,,,,,,,,,,,,,,,,,,,,,,,,,,,,,,,,,,,,,,,,,,,,,,,,,,,,,,,,,,,,,,,,,,,,,,,,,,,,,,,,,,,,,,,,,,,,,,,,,,,,,,,,,,,,,,,,,,,,,,,,,,,,,,,,,,,,,,,,,,,,,,,,,,,,,,,,,,,,,,,,,,,,,,,,,,,,,,,,,,,,,,,,,,,,,,,,,,,,,,,,,,,,,,,,,,,,,,,,,,,,,,,,,,,,,,,,,,,,,,,,,,,,,,,,,,,,,,,,,,,,,,,,,,,,,,,,,,,,,,,,,,,,,,,,,,,,,,,,,,,,,,,,,,,,,,,,,,,,,,,,,,,,,,,,,,,,,,,,,,,,,,,,,,,,,,,,,,,,,,,,,,,,,,,,,,,,,,,,,,,
"30151-Barnaby-Ln,-Wesley-Chapel,-FL-33543","30151 Barnaby Ln, Wesley Chapel, FL 33543",30151 Barnaby Ln,,Wesley Chapel,FL,12,33543,Pasco,101,28.177936,-82.31714,Single Family,3,2.5,1401.0,Active,1850,Standard,2026-08-05T00:00:00.000Z,,2026-07-21T00:00:00.000Z,2026-08-05T02:51:23.090Z,1,Pasco,Wesley Chapel,,,,,,,Rental Listing,1850,Standard,2026-08-05T00:00:00.000Z,,1,,,,,,,,,,,,,,,,,,,,,,,,,,,,,,,,,,,,,,,,,,,,,,,,,,,,,,,,,,,,,,,,,,,,,,,,,,,,,,,,,,,,,,,,,,,,,,,,,,,,,,,,,,,,,,,,,,,,,,,,,,,,,,,,,,,,,,,,,,,,,,,,,,,,,,,,,,,,,,,,,,,,,,,,,,,,,,,,,,,,,,,,,,,,,,,,,,,,,,,,,,,,,,,,,,,,,,,,,,,,,,,,,,,,,,,,,,,,,,,,,,,,,,,,,,,,,,,,,,,,,,,,,,,,,,,,,,,,,,,,,,,,,,,,,,,,,,,,,,,,,,,,,,,,,,,,,,,,,,,,,,,,,,,,,,,,,,,,,,,,,,,,,,,,,,,,,,,,,,,,,,,,,,,,,,,,,,,,,,,,,,,,,,,,,,,,,,,,,,,,,,,,,,,,,,,,,,,,,,,,,,,,,,,,,,,,,,,,,,,,,,,,,,,,,,,,,,,,,,,,,,,,,,,,,,,,,,,,,,,,,,,,,,,,,,,,,,,,,,,,,,,,,,,,,,,,,,,,,,,
"4744-Foxhunt-Dr,-Units-1024-&-1022,-Wesley-Chapel,-FL-33543","4744 Foxhunt Dr, Units 1024 & 1022, Wesley Chapel, FL 33543",4744 Foxhunt Dr,Units 1024 & 1022,Wesley Chapel,FL,12,33543,Pasco,101,28.226414,-82.333313,Condo,2,2.0,1420.0,Active,3000,Standard,2026-08-05T00:00:00.000Z,,2024-09-10T00:00:00.000Z,2026-08-05T02:51:22.919Z,1,Pasco,Wesley Chapel,,,,,,,Rental Listing,3000,Standard,2026-08-05T00:00:00.000Z,,1,,,,,,,,,,,,,,,,,,,,,,,,,,,,,,,,,,,,,,,,,,,,,,,,,,,,,,,,,,,,,,,,,,,,,,,,,,,,,,,,,,,,,,,,,,,,,,,,,,,,Rental Listing,3000.0,Standard,2026-01-17T00:00:00.000Z,2026-01-18T00:00:00.000Z,1.0,Rental Listing,3000.0,Standard,2026-03-02T00:00:00.000Z,2026-03-03T00:00:00.000Z,1.0,Rental Listing,3000.0,Standard,2026-03-16T00:00:00.000Z,2026-03-17T00:00:00.000Z,1.0,Rental Listing,3000.0,Standard,2026-04-11T00:00:00.000Z,2026-04-12T00:00:00.000Z,1.0,,,,,,,,,,,,,,,,,,,,,,,,,,,,,,,,,,,,,,,,,,,,,,,,,,,,,,,,,,,,,,,,,,,,,,,,,,,,,,,,,,,,,,,,,,,,,,,,,,,,,,,,,,,,,,,,,,,,,,,,,,,,,,,,,,,,,,,,,,,,,,,,,,,,,,,,,,,,,,,,,,,,,,,,,,,,,,,,,,,,,,,,,,,,,,,,,,,,,,,,,,,,,,,,,,,,,,,,,,,,,,,,,,,,,,,,,,,,,,,,,,,,,,,,,,,,,,,,,,,,,,,,,,,,,,,,,,,,,,,,,,,,,,,,,,,,,,,,,,,,,,,,,,,,,,,,,,,,,,,,,,,,,,,,,,,,,,,,,,,,,,,,,,,,,,,,,,,,,,,,,,,,,,,,,,,,,,,,,,,,,,,,,,,,,,,,,,,,
"6453-Tabogi-Trl,-Wesley-Chapel,-FL-33545","6453 Tabogi Trl, Wesley Chapel, FL 33545",6453 Tabogi Trl,,Wesley Chapel,FL,12,33545,Pasco,101,28.250067,-82.31591,Single Family,3,2.0,1292.0,Active,1960,Standard,2026-08-05T00:00:00.000Z,,2019-12-25T11:24:12.145Z,2026-08-05T02:51:22.889Z,1,Pasco,Wesley Chapel,,,,,,,Rental Listing,1960,Standard,2026-08-05T00:00:00.000Z,,1,,2005.0,,,,,,,,,,,,,,,,,,,,,,,,,,,,,,,,,,,,,,,,,,,,,,,,,,,,,,,,,,,,,,,,,,,,,,,,,,,,,,,,,,,,,,,,,,,,,,,,,,,,,,,,,,,,,,,,,,,,,,,,,,Rental Listing,2010.0,Standard,2026-05-22T00:00:00.000Z,2026-05-23T00:00:00.000Z,1.0,Rental Listing,1960.0,Standard,2026-07-30T00:00:00.000Z,2026-07-31T00:00:00.000Z,1.0,,,,,,,,,,,,,,,,,,,,,,,,,,,,,,,,,,,,,,,,,,,,,,,,,,,,,,,,,,,,,,,,,,,,,,,,,,,,,,,,,,,,,,,,,,,,,,,,,,,,,,,,,,,,,,,,,,,,,,,,,,,,,,,,,,,,,,,,,,,,,,,,,,,,,,,,,,,,,,,,,,,,,,,,,,,,,,,,,,,,,,,,,,,,,,,,,,,,,,,,,,,,,,,,,,,,,,,,,,,,,,,,,,,,,,,,,,,,,,,,,,,,,,,,,,,,,,,,,,,,,,,,,,,,,,,,,,,,,,,,,,,,,,,,,,,,,,,,,,,,,,,,,,,,,,,,,,,,,,,,,,,,,,,,,,,,,,,,,,,,,,,,,,,,,,,,,,,,,,,,,,,,,,,,,,,,,,,,,,,,,,,,
"5152-Blue-Roan-Way,-Wesley-Chapel,-FL-33544","5152 Blue Roan Way, Wesley Chapel, FL 33544",5152 Blue Roan Way,,Wesley Chapel,FL,12,33544,Pasco,101,28.232213,-82.359844,Single Family,3,2.5,1686.0,Active,1995,Standard,2026-08-05T00:00:00.000Z,,2023-07-22T00:00:00.000Z,2026-08-05T02:51:22.879Z,1,Pasco,Wesley Chapel,,,,,,,Rental Listing,1995,Standard,2026-08-05T00:00:00.000Z,,1,,,,,,,,,,,,,,,,,,,,,,,,,,,,,,,,,,,,,,,,,,,,,,,,,,,,,,,,,,,,,,,,,,,,,,,,,,,,,,,,,,,,,,,,,,,,,,,,,,,,,,,,,,,,,,,,,,,,,,,,,,,,,,,,,,,,,,,,Rental Listing,2130.0,Standard,2026-07-05T00:00:00.000Z,2026-07-06T00:00:00.000Z,1.0,,,,,,,,,,,,,,,,,,,,,,,,,,,,,,,,,,,,,,,,,,,,,,,,,,,,,,,,,,,,,,,,,,,,,,,,,,,,,,,,,,,,,,,,,,,,,,,,,,,,,,,,,,,,,,,,,,,,,,,,,,,,,,,,,,,,,,,,,,,,,,,,,,,,,,,,,,,,,,,,,,,,,,,,,,,,,,,,,,,,,,,,,,,,,,,,,,,,,,,,,,,,,,,,,,,,,,,,,,,,,,,,,,,,,,,,,,,,,,,,,,,,,,,,,,,,,,,,,,,,,,,,,,,,,,,,,,,,,,,,,,,,,,,,,,,,,,,,,,,,,,,,,,,,,,,,,,,,,,,,,,,,,,,,,,,,,,,,,,,,,,,,,,,,,,,,,,,,,,,,,,,,,,,,,,,,,,,,,,
"30126-Rattana-Ct,-Wesley-Chapel,-FL-33545","30126 Rattana Ct, Wesley Chapel, FL 33545",30126 Rattana Ct,,Wesley Chapel,FL,12,33545,Pasco,101,28.250733,-82.317572,Single Family,4,2.5,1891.0,Active,2220,Standard,2026-08-05T00:00:00.000Z,,2020-02-14T23:27:50.028Z,2026-08-05T02:51:22.878Z,1,Pasco,Wesley Chapel,,,,,,,Rental Listing,2220,Standard,2026-08-05T00:00:00.000Z,,1,,2005.0,,,,,,,,,,,,,,,,,,,,,,,,,,,,,,,,,,,,,,,,,,,,,,,,,,,,,,,,,,,,,,,,,,,,,,,,,,,,,,,,,,,,,,,,,,,,,,,,,,,,,,,,,,,,,,,,,,,,,,,,,,,,,,,,,,,,,,,,,,,,Rental Listing,2240.0,Standard,2026-06-03T00:00:00.000Z,2026-06-04T00:00:00.000Z,1.0,Rental Listing,2240.0,Standard,2026-06-08T00:00:00.000Z,2026-06-09T00:00:00.000Z,1.0,Rental Listing,2260.0,Standard,2026-06-14T00:00:00.000Z,2026-06-15T00:00:00.000Z,1.0,,,,,,,,,,,,,,,,,,,,,,,,,,,,,,,,,,,,,,,,,,,,,,,,,,,,,,,,,,,,,,,,,,,,,,,,,,,,,,,,,,,,,,,,,,,,,,,,,,,,,,,,,,,,,,,,,,,,,,,,,,,,,,,,,,,,,,,,,,,,,,,,,,,,,,,,,,,,,,,,,,,,,,,,,,,,,,,,,,,,,,,,,,,,,,,,,,,,,,,,,,,,,,,,,,,,,,,,,,,,,,,,,,,,,,,,,,,,,,,,,,,,,,,,,,,,,,,,,,,,,,,,,,,,,,,,,,,,,,,,,,,,,,,,,,,,,,,,,,,,,,,,,,,,,,,,,,,,,,,,,,,,,,,,,,,,,,,,,,,,,,,,,,,,,,,,,,,,,,,,
"1641-Firewheel-Dr,-Wesley-Chapel,-FL-33543","1641 Firewheel Dr, Wesley Chapel, FL 33543",1641 Firewheel Dr,,Wesley Chapel,FL,12,33543,Pasco,101,28.180999,-82.331214,Single Family,3,2.0,1640.0,Active,2450,Standard,2026-08-05T00:00:00.000Z,,2026-07-03T00:00:00.000Z,2026-08-05T02:51:22.867Z,1,Pasco,Wesley Chapel,,,,,,,Rental Listing,2450,Standard,2026-08-05T00:00:00.000Z,,1,,,,,,,,,,,,,,,,,,,,,,,,,,,,,,,,,,,,,,,,,,,,,,,,,,,,,,,,,,,,,,,,,,,,,,,,,,,,,,,,,,,,,,,,,,,,,,,,,,,,,,,,,,,,,,,,,,,,,,,,,,,,,,,,,,,,,,,,,,,,,,,,,,,,,,,,,,,,,,,,,,,,,,,,,,,,,,,,,,,,,,,,,,,,,,,,,,,,,,,,,,,,,,,,,,,,,,,,,,,,,,,,,,,,,,,,,,,,,,,,,,,,,,,,,,,,,,,,,,,,,,,,,,,,,,,,,,,,,,,,,,,,,,,,,,,,,,,,,,,,,,,,,,,,,,,,,,,,,,,,,,,,,,,,,,,,,,,,,,,,,,,,,,,,,,,,,,,,,,,,,,,,,,,,,,,,,,,,,,,,,,,,,,,,,,,,,,,,,,,,,,,,,,,,,,,,,,,,,,,,,,,,,,,,,,,,,,,,,,,,,,,,,,,,,,,,,,,,,,,,,,,,,,,,,,,,,,,,,,,,,,,,,,,,,,,,,,,,,,,,,,,,,,,,,,,,,,,,,,,
"30513-Randall-Manor-St,-Wesley-Chapel,-FL-33545","30513 Randall Manor St, Wesley Chapel, FL 33545",30513 Randall Manor St,,Wesley Chapel,FL,12,33545,Pasco,101,28.272239,-82.311941,Single Family,4,2.0,1665.0,Active,2300,Standard,2026-08-05T00:00:00.000Z,,2023-01-12T00:41:08.005Z,2026-08-05T02:51:22.866Z,1,Pasco,Wesley Chapel,,,,,,,Rental Listing,2300,Standard,2026-08-05T00:00:00.000Z,,1,6050.0,2005.0,,,,,,,,,,,,,,,,,,,,,,,,,,,,,,,,,,,,,,,,,,,,,,,,,,,,,,,,,,,,,,,,,,,,,,,,,,,,,,,,,,,,,,,,,,,,,,,,,,,,,,,,,,,,,,,,,,,,,,,,,,,,,,,,,,,,,,,,,,,,Rental Listing,2495.0,Standard,2026-06-03T00:00:00.000Z,2026-06-04T00:00:00.000Z,1.0,,,,,,,,,,,,,Rental Listing,2495.0,Standard,2026-04-20T00:00:00.000Z,2026-04-21T00:00:00.000Z,1.0,Rental Listing,2495.0,Standard,2026-05-15T00:00:00.000Z,2026-05-16T00:00:00.000Z,1.0,,,,,,,,,,,,,,,,,,,,,,,,,,,,,,,,,,,,,,,,,,,,,,,,,,,,,,,,,,,,,,,,,,,,,,,,,,,,,,,,,,,,,,,,,,,,,,,,,,,,,,,,,,,,,,,,,,,,,,,,,,,,,,,,,,,,,,,,,,,,,,,,,,,,,,,,,,,,,,,,,,,,,,,,,,,,,,,,,,,,,,,,,,,,,,,,,,,,,,,,,,,,,,,,,,,,,,,,,,,,,,,,,,,,,,,,,,,,,,,,,,,,,,,,,,,,,,,,,,,,,,,,,,,,,,,,,,,,,,,,,,,,,,,,,,,,,,,,,,,,,,,,,,,,,,,,,,,,,,,,,,,,,,,,,,,,,,,,,,,,,,,,,,,,
"28546-Tall-Grass-Dr,-Wesley-Chapel,-FL-33543","28546 Tall Grass Dr, Wesley Chapel, FL 33543",28546 Tall Grass Dr,,Wesley Chapel,FL,12,33543,Pasco,101,28.171462,-82.343946,Single Family,3,2.0,1626.0,Active,2345,Standard,2026-08-05T00:00:00.000Z,,2026-06-13T00:00:00.000Z,2026-08-05T02:48:08.088Z,1,Pasco,Wesley Chapel,,,,,,,Rental Listing,2345,Standard,2026-08-05T00:00:00.000Z,,1,,,,,,,,,,,,,,,,,,,,,,,,,,,,,,,,,,,,,,,,,,,,,,,,,,,,,,,,,,,,,,,,,,,,,,,,,,,,,,,,,,,,,,,,,,,,,,,,,,,,,,,,,,,,,,,,,,,,,,,,,,,,,,,,,,,,,,,,,,,,,,,,,,,,,,,,,,,,,,,,,,,,,,,,,,,,,,,,,,,,,,,,,,,,,,,,,,,,,,,,,,,,,,,,,,,,,,,,,,,,,,,,,,,,,,,,,,,,,,,,,,,,,,,,,,,,,,,,,,,,,,,,,,,,,,,,,,,,,,,,,,,,,,,,,,,,,,,,,,,,,,,,,,,,,,,,,,,,,,,,,,,,,,,,,,,,,,,,,,,,,,,,,,,,,,,,,,,,,,,,,,,,,,,,,,,,,,,,,,,,,,,,,,,,,,,,,,,,,,,,,,,,,,,,,,,,,,,,,,,,,,,,,,,,,,,,,,,,,,,,,,,,,,,,,,,,,,,,,,,,,,,,,,,,,,,,,,,,,,,,,,,,,,,,,,,,,,,,,,,,,,,,,,,,,,,,,,,,,,,
"31832-Spoonflower-Cir,-Wesley-Chapel,-FL-33545","31832 Spoonflower Cir, Wesley Chapel, FL 33545",31832 Spoonflower Cir,,Wesley Chapel,FL,12,33545,Pasco,101,28.260435,-82.290134,Single Family,3,2.5,2260.0,Active,2530,Standard,2026-08-05T00:00:00.000Z,,2019-10-30T21:40:48.332Z,2026-08-05T02:48:08.084Z,1,Pasco,Wesley Chapel,,,,,,,Rental Listing,2530,Standard,2026-08-05T00:00:00.000Z,,1,,,,,,,,,,,,,,,,,,,,,,,,,,,,,,,,,,,,,,,,,,,,,,,,,,,,,,,,,,,,,,,,,,,,,,,,,,,,,,,,,,,,,,,,,,,,,,,,,,,,,,,,,,,,,,,,,,,,,,,,,,,,,,,,,,,,,,,,,,,,,,,,,,,,,,,,,,,,,,,,,,,,,,,,,,,,,,,,,,,,,,,,,,,,,,,,,,,,,,,,,,,,,,,,,,,,,,,,,,,,,,,,,,,,,,,,,,,,,,,,,,,,,,,,,,,,,,,,,,,,,,,,,,,,,,,,,,,,,,,,,,,,,,,,,,,,,,,,,,,,,,,,,,,,,,,,,,,,,,,,,,,,,,,,,,,,,,,,,,,,,,,,,,,,,,,,,,,,,,,,,,,,,,,,,,,,,,,,,,,,,,,,,,,,,,,,,,,,,,,,,,,,,,,,,,,,,,,,,,,,,,,,,,,,,,,,,,,,,,,,,,,,,,,,,,,,,,,,,,,,,,,,,,,,,,,,,,,,,,,,,,,,,,,,,,,,,,,,,,,,,,,,,,,,,,,,,,,,,,,
"29566-Cedar-Waxwing-Dr,-Wesley-Chapel,-FL-33545","29566 Cedar Waxwing Dr, Wesley Chapel, FL 33545",29566 Cedar Waxwing Dr,,Wesley Chapel,FL,12,33545,Pasco,101,28.256365,-82.325479,Single Family,4,2.5,1977.0,Active,2660,Standard,2026-08-05T00:00:00.000Z,,2026-06-02T00:00:00.000Z,2026-08-05T02:48:08.049Z,1,Pasco,Wesley Chapel,,,,,,,Rental Listing,2660,Standard,2026-08-05T00:00:00.000Z,,1,,2022.0,,,,,,,,,,,,,,,,,,,,,,,,,,,,,,,,,,,,,,,,,,,,,,,,,,,,,,,,,,,,,,,,,,,,,,,,,,,,,,,,,,,,,,,,,,,,,,,,,,,,,,,,,,,,,,,,,,,,,,,,,,,,,,,,,,,,,,,,,,,,,,,,,,,,,,,,,,,,,,,,,,,,,,,,,,Rental Listing,2660.0,Standard,2026-07-13T00:00:00.000Z,2026-07-14T00:00:00.000Z,1.0,,,,,,,,,,,,,,,,,,,,,,,,,,,,,,,,,,,,,,,,,,,,,,,,,,,,,,,,,,,,,,,,,,,,,,,,,,,,,,,,,,,,,,,,,,,,,,,,,,,,,,,,,,,,,,,,,,,,,,,,,,,,,,,,,,,,,,,,,,,,,,,,,,,,,,,,,,,,,,,,,,,,,,,,,,,,,,,,,,,,,,,,,,,,,,,,,,,,,,,,,,,,,,,,,,,,,,,,,,,,,,,,,,,,,,,,,,,,,,,,,,,,,,,,,,,,,,,,,,,,,,,,,,,,,,,,,,,,,,,,,,,,,,,,,,,,,,,,,,,,,,,,,,,,,,,,,,,,,,,,,,,,,,,,,,,,,,,,,,,,,,
"8513-Alpine-Meadow-Ln,-Wesley-Chapel,-FL-33545","8513 Alpine Meadow Ln, Wesley Chapel, FL 33545",8513 Alpine Meadow Ln,,Wesley Chapel,FL,12,33545,Pasco,101,28.281027,-82.299962,Single Family,3,2.5,1464.0,Active,2049,Standard,2026-08-05T00:00:00.000Z,,2024-11-02T00:00:00.000Z,2026-08-05T02:48:08.048Z,1,Pasco,Wesley Chapel,,,,,,,Rental Listing,2049,Standard,2026-08-05T00:00:00.000Z,,1,,,,,,,,,,,,,,,,,,,,,,,,,,,,,,,,,,,,,,,,,,,,,,,,,,,,,,,,,,,,,,,,,,,,,,,,,,,,,,,,,,,,,,,,,,,,,,,,,,,,,,,,,,,,,,,,,,,,,,,,,,,,,,,,,,,,,,,,,,,,,,,,,,,,,,,,,,,,,,,,,,,,,,,,,,,,,,,,,,Rental Listing,1945.0,Standard,2024-12-30T00:00:00.000Z,2024-12-31T00:00:00.000Z,1.0,,,,,,,,,,,,,,,,,,,,,,,,,,,,,,,,,,,,,,,,,,,,,,,,,,,,,,,,,,,,,,,,,,,,,,,,,,,,,,,,,,,,,,,,,,,,,,,,,,,,,,,,,,,,,,,,,,,,,,,,,,,,,,,,,,,,,,,,,,,,,,,,,,,,,,,,,,,,,,,,,,,,,,,,,,,,,,,,,,,,,,,,,,,,,,,,,,,,,,,,,,,,,,,,,,,,,,,,,,,,,,,,,,,,,,,,,,,,,,,,,,,,,,,,,,,,,,,,,,,,,,,,,,,,,,,,,,,,,,,,,,,,,,,,,,,,,,,,,,,,,,,,,,,,,,,,,,,,,,,,,,,,,,,,,,,,,,,,
"32557-Turtle-Grace-Loop,---1,-Wesley-Chapel,-FL-33545","32557 Turtle Grace Loop, # 1, Wesley Chapel, FL 33545",32557 Turtle Grace Loop,# 1,Wesley Chapel,FL,12,33545,Pasco,101,28.278385,-82.280075,Townhouse,3,3.0,1768.0,Active,2150,Standard,2026-08-05T00:00:00.000Z,,2024-07-26T00:00:00.000Z,2026-08-05T02:48:08.035Z,1,Pasco,Wesley Chapel,,,,,,,Rental Listing,2150,Standard,2026-08-05T00:00:00.000Z,,1,,,,,,,,,,,,,,,,,,,,,,,,,,,,,,,,,,,,,,,,,,,,,,,,,,,,,,,,,,,,,,,,,,,,,,,,,,,,,,,,,,,,,,,,,,,,,,,,,,,,,,,,,,,,,,,,,,,,,,,,,,,,,,,,,,,,,,,,,,,,,,,,,,,,,,,,,,,,,,,,,,,,,,,,,,,,,,,,,,,,,,,,Rental Listing,2100.0,Standard,2025-06-10T00:00:00.000Z,2025-06-11T00:00:00.000Z,1.0,Rental Listing,2150.0,Standard,2026-07-20T00:00:00.000Z,2026-07-21T00:00:00.000Z,1.0,,,,,,,,,,,,,,,,,,,,,,,,,,,,,,,,,,,,,,,,,,,,,,,,,,,,,,,,,,,,,,,,,,,,,,,,,,,,,,,,,,,,,,,,,,,,,,,,,,,,,,,,,,,,,,,,,,,,,,,,,,,,,,,,,,,,,,,,,,,,,,,,,,,,,,,,,,,,,,,,,,,,,,,,,,,,,,,,,,,,,,,,,,,,,,,,,,,,,,,,,,,,,,,,,,,,,,,,,,,,,,,,,,,,,,,,,,,,,,,,,,,,,,,,,,,,,,,,,,,,,,,,,,,,,,,,,,,,,,,,,,,,,,,,,,,,,,,,,,,,,,,,,,,,,,,,,,,,,,,,,,,,
"6452-Tabogi-Trl,-Wesley-Chapel,-FL-33545","6452 Tabogi Trl, Wesley Chapel, FL 33545",6452 Tabogi Trl,,Wesley Chapel,FL,12,33545,Pasco,101,28.250478,-82.315811,Single Family,3,2.0,1292.0,Active,1935,Standard,2026-08-05T00:00:00.000Z,,2020-04-11T04:46:46.472Z,2026-08-05T02:48:08.019Z,1,Pasco,Wesley Chapel,,,,,,,Rental Listing,1935,Standard,2026-08-05T00:00:00.000Z,,1,4000.0,2005.0,,,,,,,,,,,,,,,,,,,,,,,,,,,,,,,,,,,,,,,,,,,,,,,,,,,,,,,,,,,,,,,,,,,,,,,,,,,,,,,,,,,,,,,,,,,,,,,,,,,,,,,,,,,,,,,,,,,,,,,,,,,,,,,,,,,,,,,,,,,,,,,,,,,,,,,,,,,,,,,,,,,,,,,,,,,,,,,,,,,,,,,,,,,,,,,,,,,,,,,,,,,,,,,,,,,,,,,,,,,,,,,,,,,,,,,,,,,,,,,,,,,,,,,,,,,,,,,,,,,,,,,,,,,,,,,,,,,,,,,,,,,,,,,,,,,,,,,,,,,,,,,,,,,,,,,,,,,,,,,,,,,,,,,,,,,,,,,,,,,,,,,,,,,,,,,,,,,,,,,,,,,,,,,,,,,,,,,,,,,,,,,,,,,,,,,,,,,,,,,,,,,,,,,,,,,,,,,,,,,,,,,,,,,,,,,,,,,,,,,,,,,,,,,,,,,,,,,,,,,,,,,,,,,,,,,,,,,,,,,,,,,,,,,,,,,,,,,,,,,,,,,,,,,,,,,,,,,,,
"30618-Double-Dr,-Wesley-Chapel,-FL-33545","30618 Double Dr, Wesley Chapel, FL 33545",30618 Double Dr,,Wesley Chapel,FL,12,33545,Pasco,101,28.243837,-82.30975,Single Family,3,2.0,1303.0,Active,1985,Standard,2026-08-05T00:00:00.000Z,,2021-04-16T00:47:35.840Z,2026-08-05T02:48:08.015Z,1,Pasco,Wesley Chapel,,,,,,,Rental Listing,1985,Standard,2026-08-05T00:00:00.000Z,,1,,,,,,,,,,,,,,,,,,,,,,,,,,,,,,,,,,,,,,,,,,,,,,,,,,,,,,,,,,,,,,,,,,,,,,,,,,,,,,,,,,,,,,,,,,,,,,,,,,,,,,,,,,,,,,,,,,,,,,,,,,,,,,,,,,,,,,,,,,,,,,,,,,,,,,,,,,,,,,,,,,,,,,,,,,,,,,,,,,,,,,,,,,,,,,,,,,,,Rental Listing,2115.0,Standard,2025-05-24T00:00:00.000Z,2025-05-25T00:00:00.000Z,1.0,Rental Listing,2085.0,Standard,2025-06-22T00:00:00.000Z,2025-06-23T00:00:00.000Z,1.0,Rental Listing,1945.0,Standard,2025-07-28T00:00:00.000Z,2025-07-29T00:00:00.000Z,1.0,,,,,,,,,,,,,,,,,,,,,,,,,,,,,,,,,,,,,,,,,,,,,,,,,,,,,,,,,,,,,,,,,,,,,,,,,,,,,,,,,,,,,,,,,,,,,,,,,,,,,,,,,,,,,,,,,,,,,,,,,,,,,,,,,,,,,,,,,,,,,,,,,,,,,,,,,,,,,,,,,,,,,,,,,,,,,,,,,,,,,,,,,,,,,,,,,,,,,,,,,,,,,,,,,,,,,,,,,,,,,,,,,,,,,,,,,,,,,,,,,,,,,,,,,,,,,,,,,,,,,,,,,,,,,,,,,,,,,,,,,,,,,,,,,,,,,,,,,,,,,,,,,,
"3636-Grecko-Dr,-Wesley-Chapel,-FL-33543","3636 Grecko Dr, Wesley Chapel, FL 33543",3636 Grecko Dr,,Wesley Chapel,FL,12,33543,Pasco,101,28.210263,-82.270887,Single Family,3,2.0,1528.0,Active,2170,Standard,2026-08-05T00:00:00.000Z,,2026-05-22T00:00:00.000Z,2026-08-05T02:48:07.920Z,1,Pasco,Wesley Chapel,,,,,,,Rental Listing,2170,Standard,2026-08-05T00:00:00.000Z,,1,,,,,,,,,,,,,,,,,,,,,,,,,,,,,,,,,,,,,,,,,,,,,,,,,,,,,,,,,,,,,,,,,,,,,,,,,,,,,,,,,,,,,,,,,,,,,,,,,,,,,,,,,,,,,,,,,,,,,,,,,,,,,,,,,,,,,,,,,,,,,,,,,,,,,,,,,,,,,,,,,,,,,,,,,,,,,,,,,,,,,,,,,,,,,,,,,,,,,,,,,,,,,,,,,,,,,,,,,,,,,,,,,,,,,,,,,,,,,,,,,,,,,,,,,,,,,,,,,,,,,,,,,,,,,,,,,,,,,,,,,,,,,,,,,,,,,,,,,,,,,,,,,,,,,,,,,,,,,,,,,,,,,,,,,,,,,,,,,,,,,,,,,,,,,,,,,,,,,,,,,,,,,,,,,,,,,,,,,,,,,,,,,,,,,,,,,,,,,,,,,,,,,,,,,,,,,,,,,,,,,,,,,,,,,,,,,,,,,,,,,,,,,,,,,,,,,,,,,,,,,,,,,,,,,,,,,,,,,,,,,,,,,,,,,,,,,,,,,,,,,,,,,,,,,,,,,,,,,,,
"26926-Stillbrook-Dr,-Wesley-Chapel,-FL-33544","26926 Stillbrook Dr, Wesley Chapel, FL 33544",26926 Stillbrook Dr,,Wesley Chapel,FL,12,33544,Pasco,101,28.208558,-82.370747,Single Family,4,2.5,2278.0,Active,2749,Standard,2026-08-05T00:00:00.000Z,,2019-04-15T02:53:46.380Z,2026-08-05T02:48:07.916Z,1,Pasco,Wesley Chapel,,,,,,,Rental Listing,2749,Standard,2026-08-05T00:00:00.000Z,,1,,,,,,,,,,,,,,,,,,,,,,,,,,,,,,,,,,,,,,,,,,,,,,,,,,,,,,,,,,,,,,,,,,,,,,,,,,,,,,,,,,,,,,,,,,,,,,,,,,,,,,,,,,,,,,,,,,,,,,,,,,,,,,,,,,,,,,,,,,,,,,,,,,,,,,,,,,,,,,,,,,,,,,,,,,,,,,,,,,,,,,,,,,,,,,,,,,,,,,,,,,,,,,,,,,,,,,Rental Listing,2749.0,Standard,2026-07-14T00:00:00.000Z,2026-07-15T00:00:00.000Z,1.0,,,,,,,,,,,,,,,,,,,,,,,,,,,,,,,,,,,,,,,,,,,,,,,,,,,,,,,,,,,,,,,,,,,,,,,,,,,,,,,,,,,,,,,,,,,,,,,,,,,,,,,,,,,,,,,,,,,,,,,,,,,,,,,,,,,,,,,,,,,,,,,,,,,,,,,,,,,,,,,,,,,,,,,,,,,,,,,,,,,,,,,,,,,,,,,,,,,,,,,,,,,,,,,,,,,,,,,,,,,,,,,,,,,,,,,,,,,,,,,,,,,,,,,,,,,,,,,,,,,,,,,,,,,,,,,,,,,,,,,,,,,,,,,,,,,,,,,,,,,,
"6410-Buckhead-Ct,-Wesley-Chapel,-FL-33545","6410 Buckhead Ct, Wesley Chapel, FL 33545",6410 Buckhead Ct,,Wesley Chapel,FL,12,33545,Pasco,101,28.250182,-82.309044,Single Family,3,2.0,1440.0,Active,2050,Standard,2026-08-05T00:00:00.000Z,,2023-01-06T02:21:03.346Z,2026-08-05T02:48:07.887Z,1,Pasco,Wesley Chapel,,,,,,,Rental Listing,2050,Standard,2026-08-05T00:00:00.000Z,,1,5227.0,2004.0,25.0,,,,,,,,,,,,,,,,,,,,,,,,,,,,,,,,,,,,,,,,,,,,,,,,,,,,,,,,,,,,,,,,,,,,,,,,,,,,,,,,,,,,,,,,,,,,,,,,,,,,,,,,,,,,,,,,,,,,,,,,,,,,,,,,,,,,,,,,,,,,,,,,,,,,,,,,,,,,,,,,,,,,,,,,,,,,,,,,,,,,,,,,,,,,,,,,,,,,,,,,,,,,,,,,,,,,,,,,,,,,,,,,,,,,,,,,,,,,,,,,,,,,,,,,,,,,,,,,,,,,,,,,,,,,,,,,,,,,,,,,,,,,,,,,,,,,,,,,,,,,,,,,,,,,,,,,,,,,,,,,,,,,,,,,,,,,,,,,,,,,,,,,,,,,,,,,,,,,,,,,,,,,,,,,,,,,,,,,,,,,,,,,,,,,,,,,,,,,,,,,,,,,,,,,,,,,,,,,,,,,,,,,,,,,,,,,,,,,,,,,,,,,,,,,,,,,,,,,,,,,,,,,,,,,,,,,,,,,,,,,,,,,,,,,,,,,,,,,,,,,,,,,,,,,,,,,,,,,
"4610-Audrey-Ln,-New-Port-Richey,-FL-34652","4610 Audrey Ln, New Port Richey, FL 34652",4610 Audrey Ln,,New Port Richey,FL,12,34652,Pasco,101,28.224897,-82.726898,Apartment,2,1.0,750.0,Active,1295,Standard,2026-08-05T00:00:00.000Z,,2022-12-14T03:00:33.413Z,2026-08-05T03:04:57.370Z,1,Pasco,New Port Richey,,,,,,,Rental Listing,1295,Standard,2026-08-05T00:00:00.000Z,,1,,,,,,,,,,,,,,,,,,,,,,,,,,,,,,,,,,,,,,,,,,,,,,,,,,,,,,,,,,,,,,,,,,,,,,,,,,,,,,,,,,,,,,,,,,,,,,,,,,,,,,,,,,,,,,,,,,,,,,,,,,,,,,,,,,,,,,,,,,,,,,,,,,,,,,,,,,,,,,,,,,,,,,,,,,,,,,,,,,,,,,,,,,,,,,,,,,,,,,,,,,,,,,,,,,,,,,,,,,,,Rental Listing,1400.0,Standard,2025-01-02T00:00:00.000Z,2025-01-03T00:00:00.000Z,1.0,Rental Listing,1295.0,Standard,2025-12-10T00:00:00.000Z,2025-12-11T00:00:00.000Z,1.0,,,,,,,,,,,,,,,,,,,,,,,,,,,,,,,,,,,,,,,,,,,,,,,,,,,,,,,,,,,,,,,,,,,,,,,,,,,,,,,,,,,,,,,,,,,,,,,,,,,,,,,,,,,,,,,,,,,,,,,,,,,,,,,,,,,,,,,,,,,,,,,,,,,,,,,,,,,,,,,,,,,,,,,,,,,,,,,,,,,,,,,,,,,,,,,,,,,,,,,,,,,,,,,,,,,,,,,,,,,,,,,,,,,,,,,,,,,,,,,,,,,,,,,,,,,,,,,,,,,,,,,,,,,,,,,,,,,,,,,,,,,,,,,,
"4618-Audrey-Ln,-New-Port-Richey,-FL-34652","4618 Audrey Ln, New Port Richey, FL 34652",4618 Audrey Ln,,New Port Richey,FL,12,34652,Pasco,101,28.224907,-82.726746,Apartment,2,1.0,750.0,Active,1350,Standard,2026-08-05T00:00:00.000Z,,2026-07-25T00:00:00.000Z,2026-08-05T03:04:57.364Z,1,Pasco,New Port Richey,,,,,,,Rental Listing,1350,Standard,2026-08-05T00:00:00.000Z,,1,,,,,,,,,,,,,,,,,,,,,,,,,,,,,,,,,,,,,,,,,,,,,,,,,,,,,,,,,,,,,,,,,,,,,,,,,,,,,,,,,,,,,,,,,,,,,,,,,,,,,,,,,,,,,,,,,,,,,,,,,,,,,,,,,,,,,,,,,,,,,,,,,,,,,,,,,,,,,,,,,,,,,,,,,,,,,,,,,,,,,,,,,,,,,,,,,,,,,,,,,,,,,,,,,,,,,,,,,,,,,,,,,,,,,,,,,,,,,,,,,,,,,,,,,,,,,,,,,,,,,,,,,,,,,,,,,,,,,,,,,,,,,,,,,,,,,,,,,,,,,,,,,,,,,,,,,,,,,,,,,,,,,,,,,,,,,,,,,,,,,,,,,,,,,,,,,,,,,,,,,,,,,,,,,,,,,,,,,,,,,,,,,,,,,,,,,,,,,,,,,,,,,,,,,,,,,,,,,,,,,,,,,,,,,,,,,,,,,,,,,,,,,,,,,,,,,,,,,,,,,,,,,,,,,,,,,,,,,,,,,,,,,,,,,,,,,,,,,,,,,,,,,,,,,,,,,,,,,,,
"8913-Wood-Lake-Ct,-New-Port-Richey,-FL-34653","8913 Wood Lake Ct, New Port Richey, FL 34653",8913 Wood Lake Ct,,New Port Richey,FL,12,34653,Pasco,101,28.223478,-82.667477,Single Family,4,2.0,1190.0,Active,2295,Standard,2026-08-05T00:00:00.000Z,,2026-05-21T00:00:00.000Z,2026-08-05T03:04:57.355Z,1,Pasco,New Port Richey,,,,,,,Rental Listing,2295,Standard,2026-08-05T00:00:00.000Z,,1,,,,,,,,,,,,,,,,,,,,,,,,,,,,,,,,,,,,,,,,,,,,,,,,,,,,,,,,,,,,,,,,,,,,,,,,,,,,,,,,,,,,,,,,,,,,,,,,,,,,,,,,,,,,,,,,,,,,,,,,,,,,,,,,,,,,,,,,,,,,,,,,,,,,Rental Listing,2295.0,Standard,2026-06-08T00:00:00.000Z,2026-06-09T00:00:00.000Z,1.0,,,,,,,,,,,,,,,,,,,,,,,,,,,,,,,,,,,,,,,,,,,,,,,,,,,,,,,,,,,,,,,,,,,,,,,,,,,,,,,,,,,,,,,,,,,,,,,,,,,,,,,,,,,,,,,,,,,,,,,,,,,,,,,,,,,,,,,,,,,,,,,,,,,,,,,,,,,,,,,,,,,,,,,,,,,,,,,,,,,,,,,,,,,,,,,,,,,,,,,,,,,,,,,,,,,,,,,,,,,,,,,,,,,,,,,,,,,,,,,,,,,,,,,,,,,,,,,,,,,,,,,,,,,,,,,,,,,,,,,,,,,,,,,,,,,,,,,,,,,,,,,,,,,,,,,,,,,,,,,,,,,,,,,,,,,,,,,,,,,,,,,,,,,,,,,,,,,,,,,,,,,,,,
"2910-Yellowhammer-Way,-New-Port-Richey,-FL-34655","2910 Yellowhammer Way, New Port Richey, FL 34655",2910 Yellowhammer Way,,New Port Richey,FL,12,34655,Pasco,101,28.201001,-82.673205,Single Family,3,2.5,1801.0,Active,2375,Standard,2026-08-05T00:00:00.000Z,,2022-10-14T01:43:29.284Z,2026-08-05T02:51:23.091Z,1,Pasco,New Port Richey,,,,,,,Rental Listing,2375,Standard,2026-08-05T00:00:00.000Z,,1,,,,,,,,,,,,,,,,,,,,,,,,,,,,,,,,,,,,,,,,,,,,,,,,,,,,,,,,,,,,,,,,,,,,,,,,,,,,,,,,,,,,,,,,,,,,,,,,,,,,,,,,,,,,,,,,,,,,,,,,,,,,,,,,,,,,,,,,,,,,,,,,,,,,,,,,,,,,,,,,,,,,,,,,,,,,,,,,,,,,,,,,,,,,,,,,,,,,,,,,,,,,,,,,,,,,,,,,,,,,,,,,,,,,,,,,Rental Listing,2149.0,Standard,2024-10-18T00:00:00.000Z,2024-10-19T00:00:00.000Z,1.0,,,,,,,,,,,,,,,,,,,,,,,,,,,,,,,,,,,,,,,,,,,,,,,,,,,,,,,,,,,,,,,,,,,,,,,,,,,,,,,,,,,,,,,,,,,,,,,,,,,,,,,,,,,,,,,,,,,,,,,,,,,,,,,,,,,,,,,,,,,,,,,,,,,,,,,,,,,,,,,,,,,,,,,,,,,,,,,,,,,,,,,,,,,,,,,,,,,,,,,,,,,,,,,,,,,,,,,,,,,,,,,,,,,,,,,,,,,,,,,,,,,,,,,,,,,,,,,,,,,,,,,,,,,,,,,,,,,,,,,,,,
"2844-Coach-Manors-Way,-New-Port-Richey,-FL-34655","2844 Coach Manors Way, New Port Richey, FL 34655",2844 Coach Manors Way,,New Port Richey,FL,12,34655,Pasco,101,28.200218,-82.672511,Single Family,3,2.5,2466.0,Active,2625,Standard,2026-08-05T00:00:00.000Z,,2023-04-02T00:00:00.000Z,2026-08-05T02:51:23.090Z,1,Pasco,New Port Richey,,,,,,,Rental Listing,2625,Standard,2026-08-05T00:00:00.000Z,,1,,,,,,,,,,,,,,,,,,,,,,,,,,,,,,,,,,,,,,,,,,,,,,,,,,,,,,,,,,,,,,,,,,,,,,,,,,,,,,,,,,,,,,,,,,,,,,,,,,,,,,,,,,,,,,,,,,,,,,,,,,,,,,,,,,,,,,,,,,,,,,,,,,,,,,,,,,,,,,,,,,,,,,,,,,,,,,,,,,,,,,,,,,,,,,,,,,,,,,,,,,,,,,,,,,,,,,,,,,,,,,,,,,,,,,,,,,,,,,,,,,,,,,,,,,,,,,,,,,,,,,,,,,,,,,,,,,,,,,,,,,,,,,,,,,,,,,,,,,,,,,,,,,,,,,,,,,,,,,,,,,,,,,,,,,,,,,,,,,,,,,,,,,,,,,,,,,,,,,,,,,,,,,,,,,,,,,,,,,,,,,,,,,,,,,,,,,,,,,,,,,,,,,,,,,,,,,,,,,,,,,,,,,,,,,,,,,,,,,,,,,,,,,,,,,,,,,,,,,,,,,,,,,,,,,,,,,,,,,,,,,,,,,,,,,,,,,,,,,,,,,,,,,,,,,,,,,,,,,,
"8335-Birch-Haven-Ln,-New-Port-Richey,-FL-34655","8335 Birch Haven Ln, New Port Richey, FL 34655",8335 Birch Haven Ln,,New Port Richey,FL,12,34655,Pasco,101,28.204404,-82.676928,Single Family,3,2.5,1634.0,Active,2100,Standard,2026-08-05T00:00:00.000Z,,2023-12-14T00:00:00.000Z,2026-08-05T02:51:23.079Z,1,Pasco,New Port Richey,,,,,,,Rental Listing,2100,Standard,2026-08-05T00:00:00.000Z,,1,,,,,,,,,,,,,,,,,,,,,,,,,,,,,,,,,,,,,,,,,,,,,,,,,,,,,,,,,,,,,,,,,,,,,,,,,,,,,,,,,,,,,,,,,,,,,,,,,,,,,,,,,,,,,,,,,,,,,,,,,,,,,,,,,,,,,,,,,,,,,,,,,,,,,,,,,,,,,,,,,,,,,,,,,,,,,,,,,,,,,,,,,,,,,,,,,,,,,,,,,,,,,,,,,,,,,,,,,,,,,,,,,,,,,,,,,,,,,,Rental Listing,2100.0,Standard,2026-05-29T00:00:00.000Z,2026-05-30T00:00:00.000Z,1.0,Rental Listing,2100.0,Standard,2026-06-15T00:00:00.000Z,2026-06-16T00:00:00.000Z,1.0,,,,,,,,,,,,,,,,,,,,,,,,,,,,,,,,,,,,,,,,,,,,,,,,,,,,,,,,,,,,,,,,,,,,,,,,,,,,,,,,,,,,,,,,,,,,,,,,,,,,,,,,,,,,,,,,,,,,,,,,,,,,,,,,,,,,,,,,,,,,,,,,,,,,,,,,,,,,,,,,,,,,,,,,,,,,,,,,,,,,,,,,,,,,,,,,,,,,,,,,,,,,,,,,,,,,,,,,,,,,,,,,,,,,,,,,,,,,,,,,,,,,,,,,,,,,,,,,,,,,,,,,,,,,,,
"6413-Sutters-Mill-Rd,----fl,-New-Port-Richey,-FL-34653","6413 Sutters Mill Rd, # #fl, New Port Richey, FL 34653",6413 Sutters Mill Rd,# #fl,New Port Richey,FL,12,34653,Pasco,101,28.220654,-82.70842,Single Family,3,2.0,1080.0,Active,1525,Standard,2026-08-05T00:00:00.000Z,,2025-03-30T00:00:00.000Z,2026-08-05T02:51:23.076Z,1,Pasco,New Port Richey,,,,,,,Rental Listing,1525,Standard,2026-08-05T00:00:00.000Z,,1,,,,,,,,,,,,,,,,,,,,,,,,,,,,,,,,,,,,,,,,,,,,,,,,,,,,,,,,,,,,,,,,,,,,,,,,,,,,,,,,,,,,,,,,,,,,,,,,,,,,,,,,,,,,,,,,,,,,,,,,,,,,,,,,,,,,,,,,,,,,,,,,,,,,,,,,,,,,,,,,,,,,,,,,,,,,,,,,,,,,,,,,,,,,,,,,,,,,,,,,,,,,,,,,,,,,,,,,,,,,,,,,,,,,,,,,,,,,,,,,,,,,,,,,,,Rental Listing,1600.0,Standard,2025-04-01T00:00:00.000Z,2025-04-02T00:00:00.000Z,1.0,,,,,,,,,,,,,,,,,,,,,,,,,,,,,,,,,,,,,,,,,,,,,,,,,,,,,,,,,,,,,,,,,,,,,,,,,,,,,,,,,,,,,,,,,,,,,,,,,,,,,,,,,,,,,,,,,,,,,,,,,,,,,,,,,,,,,,,,,,,,,,,,,,,,,,,,,,,,,,,,,,,,,,,,,,,,,,,,,,,,,,,,,,,,,,,,,,,,,,,,,,,,,,,,,,,,,,,,,,,,,,,,,,,,,,,,,,,,,,,,,,,,,,,,,,,,,,,,,,,,,,,,
"2848-Yellowhammer-Way,-New-Port-Richey,-FL-34655","2848 Yellowhammer Way, New Port Richey, FL 34655",2848 Yellowhammer Way,,New Port Richey,FL,12,34655,Pasco,101,28.200135,-82.673199,Single Family,3,2.5,1801.0,Active,2349,Standard,2026-08-05T00:00:00.000Z,,2023-08-26T00:00:00.000Z,2026-08-05T02:51:23.071Z,1,Pasco,New Port Richey,,,,,,,Rental Listing,2349,Standard,2026-08-05T00:00:00.000Z,,1,,,,,,,,,,,,,,,,,,,,,,,,,,,,,,,,,,,,,,,,,,,,,,,,,,,,,,,,,,,,,,,,,,,,,,,,,,,,,,,,,,,,,,,,,,,,,,,,,,,,,,,,,,,,,,,,,,,,,,,,,,,,,,,,,,,,,,,,,,,,,,,,,,,,,,,,,,,,,,,,,,,,,,,,,,,,,,,,,,,,,,,,,,,,,,,,,,,,,,,,,,,,,,,,,,,,,,,,,,,,,,,,,,,,,,,,,,,,,,,,,,,,,,,,,,,,,,,,,,,,,,,,,,,,,,,,,,,,,,,,,,,,,,,,,,,,,,,,,,,,,,,,,,,,,,,,,,,,,,,,,,,,,,,,,,,,,,,,,,,,,,,,,,,,,,,,,,,,,,,,,,,,,,,,,,,,,,,,,,,,,,,,,,,,,,,,,,,,,,,,,,,,,,,,,,,,,,,,,,,,,,,,,,,,,,,,,,,,,,,,,,,,,,,,,,,,,,,,,,,,,,,,,,,,,,,,,,,,,,,,,,,,,,,,,,,,,,,,,,,,,,,,,,,,,,,,,,,,,,,
"2864-Coach-Manors-Way,-New-Port-Richey,-FL-34655","2864 Coach Manors Way, New Port Richey, FL 34655",2864 Coach Manors Way,,New Port Richey,FL,12,34655,Pasco,101,28.200487,-82.672512,Single Family,3,2.5,1801.0,Active,2375,Standard,2026-08-05T00:00:00.000Z,,2022-10-14T01:37:06.234Z,2026-08-05T02:51:23.042Z,1,Pasco,New Port Richey,,,,,,,Rental Listing,2375,Standard,2026-08-05T00:00:00.000Z,,1,,,,,,,,,,,,,,,,,,,,,,,,,,,,,,,,,,,,,,,,,,,,,,,,,,,,,,,,,,,,,,,,,,,,,,,,,,,,,,,,,,,,,,,,,,,,,,,,,,,,,,,,,,,,,,,,,,,,,,,,,,,,,,,,,,,,,,,,,,,,,,,,,,,,,,,,,,,,,,,,,,,,,,,,,,,,,,,,,,,,,,,,,,,,,,,,,,,,,,,,,,,,,,,,,,,,,,,,,,,,,,,,,,,,,,,,,,,,,,,,,,,,,,,,,,,,,,,,,,,,,,,,,,,,,,,,,,,,,,,,,,,,,,,,,,,,,,,,,,,,,,,,,,,,,,,,,,,,,,,,,,,,,,,,,,,,,,,,,,,,,,,,,,,,,,,,,,,,,,,,,,,,,,,,,,,,,,,,,,,,,,,,,,,,,,,,,,,,,,,,,,,,,,,,,,,,,,,,,,,,,,,,,,,,,,,,,,,,,,,,,,,,,,,,,,,,,,,,,,,,,,,,,,,,,,,,,,,,,,,,,,,,,,,,,,,,,,,,,,,,,,,,,,,,,,,,,,,,,,,
"5521-Executive-Dr,-Apt-D5,-New-Port-Richey,-FL-34652","5521 Executive Dr, Apt D5, New Port Richey, FL 34652",5521 Executive Dr,Apt D5,New Port Richey,FL,12,34652,Pasco,101,28.239431,-82.717186,Condo,2,2.0,1000.0,Active,1459,Standard,2026-08-05T00:00:00.000Z,,2026-07-01T00:00:00.000Z,2026-08-05T02:51:23.037Z,1,Pasco,New Port Richey,,,,,,,Rental Listing,1459,Standard,2026-08-05T00:00:00.000Z,,1,,2006.0,,,,,,,,,,,,,,,,,,,,,,,,,,,,,,,,,,,,,,,,,,,,,,,,,,,,,,,,,,,,,,,,,,,,,,,,,,,,,,,,,,,,,,,,,,,,,,,,,,,,,,,,,,,,,,,,,,,,,,,,,,,,,,,,,,,,,,,,,,,,,,,,,,,,,,,,,,,,,,,,,,,,,,,,,,,,,,,,,,,,,,,,,,,,,,,,,,,,,,,,,,,,,,,,,,,,,,,,,,,,,,,,,,,,,,,,,,,,,,,,,,,,,,,,,,,,,,Rental Listing,1459.0,Standard,2026-07-09T00:00:00.000Z,2026-07-10T00:00:00.000Z,1.0,,,,,,,,,,,,,,,,,,,,,,,,,,,,,,,,,,,,,,,,,,,,,,,,,,,,,,,,,,,,,,,,,,,,,,,,,,,,,,,,,,,,,,,,,,,,,,,,,,,,,,,,,,,,,,,,,,,,,,,,,,,,,,,,,,,,,,,,,,,,,,,,,,,,,,,,,,,,,,,,,,,,,,,,,,,,,,,,,,,,,,,,,,,,,,,,,,,,,,,,,,,,,,,,,,,,,,,,,,,,,,,,,,,,,,,,,,,,,,,,,,,,,,,,,,,,,,,,,,
"5847-Nebraska-Ave,-New-Port-Richey,-FL-34652","5847 Nebraska Ave, New Port Richey, FL 34652",5847 Nebraska Ave,,New Port Richey,FL,12,34652,Pasco,101,28.24995,-82.717369,Single Family,1,1.0,900.0,Active,1350,Standard,2026-08-05T00:00:00.000Z,,2022-10-27T00:53:37.283Z,2026-08-05T02:51:23.022Z,1,Pasco,New Port Richey,,,,,,,Rental Listing,1350,Standard,2026-08-05T00:00:00.000Z,,1,,,,,,,,,,,,,,,,,,,,,,,,,,,,,,,,,,,,,,,,,,,,,,,,,,,,,,,,,,,,,,,,,,,,,,,,,,,,,,,,,,,,,,,,,,,,,,,,,,,,,,,,,,,,,,,,,,,,,,,,,,,,,,,,,,,,,,,,,,,,,,,,,,,,,,,,,,,,,,,,,,,,,,,,,,,,,,,,,,,,,,,,,,,,,,,,,,,,,,,,,,,,,,,,,,,,,,,,,,,,,,,,,,,,,,,,,,,,,,,,,,,,,,,,,,,,,,,,,,,,,,Rental Listing,1200.0,Standard,2024-11-11T00:00:00.000Z,2024-11-12T00:00:00.000Z,1.0,Rental Listing,1200.0,Standard,2024-12-19T00:00:00.000Z,2024-12-20T00:00:00.000Z,1.0,,,,,,,,,,,,,,,,,,,,,,,,,,,,,,,,,,,,,,,,,,,,,,,,,,,,,,,,,,,,,,,,,,,,,,,,,,,,,,,,,,,,,,,,,,,,,,,,,,,,,,,,,,,,,,,,,,,,,,,,,,,,,,,,,,,,,,,,,,,,,,,,,,,,,,,,,,,,,,,,,,,,,,,,,,,,,,,,,,,,,,,,,,,,,,,,,,,,,,,,,,,,,,,,,,,,,,,,,,,,,,,,,,,,,,,,,,,,,,,,,,,,,,
"7138-Bellaire-Ter,-New-Port-Richey,-FL-34653","7138 Bellaire Ter, New Port Richey, FL 34653",7138 Bellaire Ter,,New Port Richey,FL,12,34653,Pasco,101,28.261206,-82.704697,Single Family,2,1.0,776.0,Active,1350,Standard,2026-08-05T00:00:00.000Z,,2024-10-23T00:00:00.000Z,2026-08-05T02:51:22.940Z,1,Pasco,New Port Richey,,,,,,,Rental Listing,1350,Standard,2026-08-05T00:00:00.000Z,,1,21344.0,1978.0,,,,,,,,,,,,,,,,,,,,,,,,,,,,,,,,,,,,,,,,,,,,,,,,,,,,,,,,,,,,,,,,,,,,,,,,,,,,,,,,,,,,,,,,,,,,,,,,,,,,,,,,,,,,,,,,,,,,,,,,,,,,,,,,,,,,,,,,,,,,,,,,,,,,,,,,,,,,,,,,,,,,,,,,,,,,,,,,,,,,,,,,,,,,,,,,,,,,,,,,,,,,,,,,,,,,,,,,,,,,,,,,,,,,,,,,,,,,,,,,,,Rental Listing,1350.0,Standard,2026-06-15T00:00:00.000Z,2026-06-16T00:00:00.000Z,1.0,,,,,,,,,,,,,,,,,,,,,,,,,Rental Listing,1350.0,Standard,2024-10-22T00:00:00.000Z,2024-11-01T00:00:00.000Z,10.0,Rental Listing,1350.0,Standard,2026-03-17T00:00:00.000Z,2026-03-18T00:00:00.000Z,1.0,Rental Listing,1350.0,Standard,2026-05-30T00:00:00.000Z,2026-05-31T00:00:00.000Z,1.0,,,,,,,,,,,,,,,,,,,,,,,,,,,,,,,,,,,,,,,,,,,,,,,,,,,,,,,,,,,,,,,,,,,,,,,,,,,,,,,,,,,,,,,,,,,,,,,,,,,,,,,,,,,,,,,,,,,,,,,,,,,,,,,,,,,,,,,,,,,,,,,,,,,,,,,,,,,,,,,,,,,,,,,,,,,,,,,,,,,,,,,,,,,,,,,,,,,,,,,,,,,,,,,,,,,,,,,,,,,,,,,,,,,,
"7726-Sue-Ellen-Dr,-New-Port-Richey,-FL-34668","7726 Sue Ellen Dr, New Port Richey, FL 34668",7726 Sue Ellen Dr,,New Port Richey,FL,12,34668,Pasco,101,28.324806,-82.686522,Single Family,2,1.0,864.0,Active,1600,Standard,2026-08-05T00:00:00.000Z,,2023-03-12T00:00:00.000Z,2026-08-05T02:51:22.899Z,1,Pasco,New Port Richey,,,,,,,Rental Listing,1600,Standard,2026-08-05T00:00:00.000Z,,1,,1977.0,,,,,,,,,,,,,,,,,,,,,,,,,,,,,,,,,,,,,,,,,,,,,,,,,,,,,,,,,,,,,,,,,,,,,,,,,,,,,,,,,,,,,,,,,,,,,,,,,,,,,,,,,,,,,,,,,,,,,,,,,,,,,,,,,,,,,,,,,,,,,,,,,,,,,,,,,,,,,,,,,,,,,,,,,,,,,,,,,,,,,,,,,,,,,,,,,,,,,,,,,,,,,,,,,,,,,,,,,,,,,,,,,,,,,,,,,,,,,,,,,,,,,,,,,,,,,,,,,,,,,,,,,,,,,,,,,,,,,,,,,,,,,,,,,,Rental Listing,1500.0,Standard,2025-06-23T00:00:00.000Z,2025-06-24T00:00:00.000Z,1.0,,,,,,,,,,,,,,,,,,,,,,,,,,,,,,,,,,,,,,,,,,,,,,,,,,,,,,,,,,,,,,,,,,,,,,,,,,,,,,,,,,,,,,,,,,,,,,,,,,,,,,,,,,,,,,,,,,,,,,,,,,,,,,,,,,,,,,,,,,,,,,,,,,,,,,,,,,,,,,,,,,,,,,,,,,,,,,,,,,,,,,,,,,,,,,,,,,,,,,,,,,,,,,,,,,,,,,,,,,,,,,
"9351-Beaufort-Ct,-New-Port-Richey,-FL-34654","9351 Beaufort Ct, New Port Richey, FL 34654",9351 Beaufort Ct,,New Port Richey,FL,12,34654,Pasco,101,28.293661,-82.619407,Single Family,3,2.0,1819.0,Active,2135,Standard,2026-08-05T00:00:00.000Z,,2026-07-10T00:00:00.000Z,2026-08-05T02:51:22.895Z,1,Pasco,New Port Richey,,,,,,,Rental Listing,2135,Standard,2026-08-05T00:00:00.000Z,,1,,,,,,,,,,,,,,,,,,,,,,,,,,,,,,,,,,,,,,,,,,,,,,,,,,,,,,,,,,,,,,,,,,,,,,,,,,,,,,,,,,,,,,,,,,,,,,,,,,,,,,,,,,,,,,,,,,,,,,,,,,,,,,,,,,,,,,,,,,,,,,,,,,,,,,,,,,,,,,,,,,,,,,,,,,,,,,,,,,,,,,,,,,,,,,,,,,,,,,,,,,,,,,,,,,,,,,,,,,,,,,,,,,,,,,,,,,,,,,,,,,,,,,,,,,,,,,,,,,,,,,,,,,,,,,,,,,,,,,,,,,,,,,,,,,,,,,,,,,,,,,,,,,,,,,,,,,,,,,,,,,,,,,,,,,,,,,,,,,,,,,,,,,,,,,,,,,,,,,,,,,,,,,,,,,,,,,,,,,,,,,,,,,,,,,,,,,,,,,,,,,,,,,,,,,,,,,,,,,,,,,,,,,,,,,,,,,,,,,,,,,,,,,,,,,,,,,,,,,,,,,,,,,,,,,,,,,,,,,,,,,,,,,,,,,,,,,,,,,,,,,,,,,,,,,,,,,,,,,,
"6029-Bayway-Ct,-New-Port-Richey,-FL-34652","6029 Bayway Ct, New Port Richey, FL 34652",6029 Bayway Ct,,New Port Richey,FL,12,34652,Pasco,101,28.246584,-82.739911,Single Family,4,3.0,3064.0,Active,6100,Standard,2026-08-05T00:00:00.000Z,,2023-12-06T00:00:00.000Z,2026-08-05T02:51:22.888Z,1,Pasco,New Port Richey,,,,,,,Rental Listing,6100,Standard,2026-08-05T00:00:00.000Z,,1,,1986.0,,,,,,,,,,,,,,,,,,,,,,,,,,,,,,,,,,,,,,,,,,,,,,,,,,,,,,,,,,,,,,,,,,,,,,,,,,,,,,,,,,,,,,,,,,,,,,,,,,,,,,,,,,,,,,,,,,,,,,,,,,,,,,,,,,,,,,,,,,,,,,,,,,,,,,,,,,,,,,,,,,,,,,,,,,,,,,,,,,,,,,,,,,,,,,,,,,,,,,,,,,,,,,,,,,,,,,,,,,,,,,,,,,,,,,,,,,,,,,,,,,,,,,,,,,,,,,,,,,,,,,,,,,,,,,,,,,,,,,,,,,,,,,,,,,,,,,,,,,,,,,,,,,,,,,,,,,,,,,,,,,,,,,,,,,,,,,,,,,,,,,,,,,,,,,,,,,,,,,,,,,,,,,,,,,,,,,,,,,,,,,,,,,,,,,,,,,,,,,,,,,,,,,,,,,,,,,,,,,,,,,,,,,,,,,,,,,,,,,,,,,,,,,,,,,,,,,,,,,,,,,,,,,,,,,,,,,,,,,,,,,,,,,,,,,,,,,,,,,,,,,,,,,,,,,,,,,,,,
"4916-Gulf-Waters-Dr,-New-Port-Richey,-FL-34652","4916 Gulf Waters Dr, New Port Richey, FL 34652",4916 Gulf Waters Dr,,New Port Richey,FL,12,34652,Pasco,101,28.240394,-82.732445,Townhouse,3,2.5,1607.0,Active,2000,Standard,2026-08-05T00:00:00.000Z,,2021-10-27T01:39:51.960Z,2026-08-05T02:51:22.882Z,1,Pasco,New Port Richey,,,,,,,Rental Listing,2000,Standard,2026-08-05T00:00:00.000Z,,1,1228.0,2021.0,,,,,,,,,,,,,,,,,,,,,,,,,,,,,,,,,,,,,,,,,,,,,,,,,,,,,,,,,,,,,,,,,,,,,,,,,,,,,,,,,,,,,,,,,,,,,,,,,,,,,,,,,,,,,,,,,,,,,,,,,,,,,,,,,,,,,,,,,,,,,,,,,,,,,,,,,,,,,,,,,,,,,,,,,,,,,,,,,,,,,,,,,,,,,,,,,,,,,,,,,,,,,,,,,,,,,,,,,,,,,,,,,,,,,,,,,,,,,,,,,,,,,,,,,,,,,,,,,,,,,,,,,,,,,,,,,,,,,,,,,,,,,,,,,,,,,,,,,,,,,,,,,,,,,,,,,,,,,,,,,,,,,,,,,,,,,,,,,,,,,,,,,,,,,,,,,,,,,,,,,,,,,,,,,,,,,,,,,,,,,,,,,,,,,,,,,,,,,,,,,,,,,,,,,,,,,,,,,,,,,,,,,,,,,,,,,,,,,,,,,,,,,,,,,,,,,,,,,,,,,,,,,,,,,,,,,,,,,,,,,,,,,,,,,,,,,,,,,,,,,,,,,,,,,,,,,,,,,
"7140-Bellaire-Ter,-New-Port-Richey,-FL-34653","7140 Bellaire Ter, New Port Richey, FL 34653",7140 Bellaire Ter,,New Port Richey,FL,12,34653,Pasco,101,28.261281,-82.704891,Single Family,2,1.0,776.0,Active,1350,Standard,2026-08-05T00:00:00.000Z,,2023-06-09T00:00:00.000Z,2026-08-05T02:51:22.868Z,1,Pasco,New Port Richey,,,,,,,Rental Listing,1350,Standard,2026-08-05T00:00:00.000Z,,1,21344.0,1978.0,,,,,,,,,,,,,,,,,,,,,,,,,,,,,,,,,,,,,,,,,,,,,,,,,,,,,,,,,,,,,,,,,,,,,,,,,,,,,,,,,,,,,,,,,,,,,,,,,,,,,,,,,,,,,,,,,,,,,,,,,,,,,,,,,,,,,,,,,,,,,,,,,,,,,,,,,,,,,,,,,,,,,,,,,,,,,,,,,,,,,,,,,,,,,,,,,,,,,,,,,,,,,,,,,,,,,,,,,,,,,,,,,,,,,,,,,,,,,,,,,,,,,,,,,,,,,,,,,,,,,,,,,,,,,,,,,,,,,,,,,,,,,,,,,,,,,,,,Rental Listing,1350.0,Standard,2024-08-26T00:00:00.000Z,2024-10-02T00:00:00.000Z,37.0,Rental Listing,1350.0,Standard,2026-03-27T00:00:00.000Z,2026-03-28T00:00:00.000Z,1.0,Rental Listing,1350.0,Standard,2026-06-10T00:00:00.000Z,2026-06-11T00:00:00.000Z,1.0,,,,,,,,,,,,,,,,,,,,,,,,,,,,,,,,,,,,,,,,,,,,,,,,,,,,,,,,,,,,,,,,,,,,,,,,,,,,,,,,,,,,,,,,,,,,,,,,,,,,,,,,,,,,,,,,,,,,,,,,,,,,,,,,,,,,,,,,,,,,,,,,,,,,,,,,,,,,,,,,,,,,,,,,,,,,,,,,,,,,,,,,,,,,,,,,,,,,,,,,,,,,
"3910-Glissade-Dr,-New-Port-Richey,-FL-34652","3910 Glissade Dr, New Port Richey, FL 34652",3910 Glissade Dr,,New Port Richey,FL,12,34652,Pasco,101,28.215714,-82.744921,Single Family,3,2.0,1512.0,Active,1995,Standard,2026-08-05T00:00:00.000Z,,2021-12-28T02:54:06.020Z,2026-08-05T02:48:08.089Z,1,Pasco,New Port Richey,,,,,,,Rental Listing,1995,Standard,2026-08-05T00:00:00.000Z,,1,,,,,,,,,,,,,,,,,,,,,,,,,,,,,,,,,,,,,,,,,,,,,,,,,,,,,,,,,,,,,,,,,,,,,,,,,,,,,,,,,,,,,,,,,,,,,,,,,,,,,,,,,,,,,,,,,,,,,,,,,,,,,,,,,,,,,,,,,,,,,,,,,,,,,,,,,,,,,,,,,,,,,,,,,,,,,,,,,,,,,,,,,,,,,,,,,,,,,,,,,,,,,,,,,,,,,,,,,,,,,,,,,,,,,,,,,,,,,,,,,,,,,,,,,,,,,,,,,,,,,,,,,,,,,,,,,,,,,,,,,,,,,,,,,,,,,,,,,,,,,,,,,,,,,,,,,,,,,,,,,,,,,,,,,,,,,,,,,,,,,,,,,,,,,,,,,,,,,,,,,,,,,,,,,,,,,,,,,,,,,,,,,,,,,,,,,,,,,,,,,,,,,,,,,,,,,,,,,,,,,,,,,,,,,,,,,,,,,,,,,,,,,,,,,,,,,,,,,,,,,,,,,,,,,,,,,,,,,,,,,,,,,,,,,,,,,,,,,,,,,,,,,,,,,,,,,,,,,,,
"3516-Teeside-Dr,-New-Port-Richey,-FL-34655","3516 Teeside Dr, New Port Richey, FL 34655",3516 Teeside Dr,,New Port Richey,FL,12,34655,Pasco,101,28.210341,-82.653832,Single Family,2,2.0,1288.0,Active,1850,Standard,2026-08-05T00:00:00.000Z,,2025-01-03T00:00:00.000Z,2026-08-05T02:48:08.085Z,1,Pasco,New Port Richey,,,,,,,Rental Listing,1850,Standard,2026-08-05T00:00:00.000Z,,1,22047458.0,1980.0,,,,,,,,,,,,,,,,,,,,,,,,,,,,,,,,,,,,,,,,,,,,,,,,,,,,,,,,,,,,,,,,,,,,,,,,,,,,,,,,,,,,,,,,,,,,,,,,,,,,,,,,,,,,,,,,,,,,,,,,,,,,,,,,,,,,,,,,,,,,,,,,,,,,,,,,,,,,,,,,,,,,,,,,,,,,,,,,,,,,,,,,,,,,,,,,,,,,,,,,,,,,,,,,,,,,,,,,,,Rental Listing,1750.0,Standard,2025-01-02T00:00:00.000Z,2025-01-23T00:00:00.000Z,21.0,,,,,,,,,,,,,,,,,,,,,,,,,,,,,,,,,,,,,,,,,,,,,,,,,,,,,,,,,,,,,,,,,,,,,,,,,,,,,,,,,,,,,,,,,,,,,,,,,,,,,,,,,,,,,,,,,,,,,,,,,,,,,,,,,,,,,,,,,,,,,,,,,,,,,,,,,,,,,,,,,,,,,,,,,,,,,,,,,,,,,,,,,,,,,,,,,,,,,,,,,,,,,,,,,,,,,,,,,,,,,,,,,,,,,,,,,,,,,,,,,,,,,,,,,,,,,,,,,,,,,,,,,,,,,,,,,,,,,,,,,,,,,,,,,,,,,,
"5525-Wahoo-Ct,-New-Port-Richey,-FL-34652","5525 Wahoo Ct, New Port Richey, FL 34652",5525 Wahoo Ct,,New Port Richey,FL,12,34652,Pasco,101,28.239613,-82.732902,Townhouse,3,3.0,1607.0,Active,2100,Standard,2026-08-05T00:00:00.000Z,,2022-09-22T02:16:19.530Z,2026-08-05T02:48:08.083Z,1,Pasco,New Port Richey,,,,,,,Rental Listing,2100,Standard,2026-08-05T00:00:00.000Z,,1,1227.0,2022.0,,,,,,,,,,,,,,,,,,,,,,,,,,,,,,,,,,,,,,,,,,,,,,,,,,,,,,,,,,,,,,,,,,,,,,,,,,Rental Listing,2100.0,Standard,2026-03-14T00:00:00.000Z,2026-03-15T00:00:00.000Z,1.0,,,,,,,,,,,,,,,,,,,,,,,,,,,,,,,,,,,,,,,,,,,,,,,,,,,,,,,,,,,,,,,,,,,,,,,,,,,,,,,,,,,,,,,,,,,,,,,,,,,,,,,,,,,,,,,,,,,,,,,,,,,,,,,,,,,,,,,,,,,,,,,,,,,,,,,,,,,,,,,,,,,,,,,,,,,,,,,,,,,,,,,,,,,,,,,,,,,,,,,,,,,,,,,,,,,,,,,,,,,,,,,,,,,,,,,,,,,Rental Listing,1800.0,Standard,2025-03-25T00:00:00.000Z,2025-03-26T00:00:00.000Z,1.0,Rental Listing,2100.0,Standard,2025-07-12T00:00:00.000Z,2025-07-13T00:00:00.000Z,1.0,Rental Listing,2100.0,Standard,2025-10-04T00:00:00.000Z,2025-10-05T00:00:00.000Z,1.0,Rental Listing,2100.0,Standard,2025-11-05T00:00:00.000Z,2025-11-06T00:00:00.000Z,1.0,Rental Listing,2100.0,Standard,2025-12-20T00:00:00.000Z,2025-12-21T00:00:00.000Z,1.0,Rental Listing,2100.0,Standard,2026-01-07T00:00:00.000Z,2026-01-08T00:00:00.000Z,1.0,Rental Listing,2100.0,Standard,2026-02-08T00:00:00.000Z,2026-02-09T00:00:00.000Z,1.0,Rental Listing,2100.0,Standard,2026-02-27T00:00:00.000Z,2026-02-28T00:00:00.000Z,1.0,Rental Listing,2100.0,Standard,2026-04-04T00:00:00.000Z,2026-04-05T00:00:00.000Z,1.0,,,,,,,,,,,,,,,,,,,,,,,,,,,,,,,,,,,,,,,,,,,,,,,,,,,,,,,,,,,,,,,,,,,,,,,,,,,,,,,,,,,,,,,,,,,,,,,,,,,,,,,,,,,,,,,,,,,,,,,,,,,,,,,,,,,,,,,,,,,,,,,,,,,,,,
"3814-Linkwood-St,-New-Port-Richey,-FL-34652","3814 Linkwood St, New Port Richey, FL 34652",3814 Linkwood St,,New Port Richey,FL,12,34652,Pasco,101,28.214597,-82.732028,Single Family,3,1.0,1104.0,Active,1625,Standard,2026-08-05T00:00:00.000Z,,2020-03-19T17:11:50.213Z,2026-08-05T02:48:08.012Z,1,Pasco,New Port Richey,Rental Listing,1625.0,Standard,2026-07-31T00:00:00.000Z,2026-08-01T00:00:00.000Z,1.0,Rental Listing,1625,Standard,2026-08-05T00:00:00.000Z,,1,,,,,,,,,,,,,,,,,,,,,,,,,,,,,,,,,,,,,,,,,,,,,,,,,,,,,,,,,,,,,,,,,,,,,,,,,,,,,,,,,,,,,,,,,,,,,,,,,,,,,,,,,,,,,,,,,,,,,,,,,,,,,,,,,,,,,,,,,,,,,,,,,,,,,,,,,,,,,,,,,,,,,,,,,,,,,,,,,,,,,,,,,,,,,,,,,,,,,,,,,,,,,,,,,,,,,,,,,,,,,,,,,,,,,,,,,,,,,,,,,,,,,,,,,,,,,,,,,,,,,,,,,,,,,,,,,,,,,,,,,,,,,,,,,,,,,,,,,,,,,,,,,,,,,,,,,,,,,,,,,,,,,,,,,,,,,,,,,,,,,,,,,,,,,,,,,,,,,,,,,,,,,,,,,,,,,,,,,,,,,,,,,,,,,,,,,,,,,,,,,,,,,,,,,,,,,,,,,,,,,,,,,,,,,,,,,,,,,,,,,,,,,,,,,,,,,,,,,,,,,,,,,,,,,,,,,,,,,,,,,,,,,,,,,,,,,,,,,,,,,,,,,,,,,,,,,,,,,,,
"3153-Lodi-Dr,-New-Port-Richey,-FL-34655","3153 Lodi Dr, New Port Richey, FL 34655",3153 Lodi Dr,,New Port Richey,FL,12,34655,Pasco,101,28.205517,-82.695377,Single Family,3,2.0,1283.0,Active,1800,Standard,2026-08-05T00:00:00.000Z,,2022-04-13T00:11:53.420Z,2026-08-05T02:48:08.000Z,1,Pasco,New Port Richey,Rental Listing,1800.0,Standard,2026-07-31T00:00:00.000Z,2026-08-01T00:00:00.000Z,1.0,Rental Listing,1800,Standard,2026-08-05T00:00:00.000Z,,1,,,,,,,,,,,,,,,,,,,,,,,,,,,,,,,,,,,,,,,,,,,,,,,,,,,,,,,,,,,,,,,,,,,,,,,,,,,,,,,,,,,,,,,,,,,,,,,,,,,,,,,,,,,,,,,,,,,,,,,,,,,,,,,,,,,,,,,,,,,,,,,,,,,,,,,,,,,,,,,,,,,,,,,,,,,,,,,,,,,,,,,,,,,,,,,,,,,,,,,,,,,,,,,,,,,,,,,,,,,,,,,,,,,,,,,,,,,,,,,,,,,,,,,,,,,,,,,,,,,,,,,,,,,,,,,,,,,,,,,,,,,,,,,,,,,,,,,,,,,,,,,,,,,,,,,,,,,,,,,,,,,,,,,,,,,,,,,,,,,,,,,,,,,,,,,,,,,,,,,,,,,,,,,,,,Rental Listing,1800.0,Standard,2025-05-03T00:00:00.000Z,2025-05-04T00:00:00.000Z,1.0,,,,,,,,,,,,,,,,,,,,,,,,,,,,,,,,,,,,,,,,,,,,,,,,,,,,,,,,,,,,,,,,,,,,,,,,,,,,,,,,,,,,,,,,,,,,,,,,,,,,,,,,,,,,,,,,,,,,,,,,,,,,,,,,,,,,,,,,,,,,,,,,
"9101-Easthaven-Ct,-New-Port-Richey,-FL-34655","9101 Easthaven Ct, New Port Richey, FL 34655",9101 Easthaven Ct,,New Port Richey,FL,12,34655,Pasco,101,28.238569,-82.664349,Single Family,3,2.0,1837.0,Active,2195,Standard,2026-08-05T00:00:00.000Z,,2022-03-01T01:33:29.645Z,2026-08-05T02:48:07.951Z,1,Pasco,New Port Richey,,,,,,,Rental Listing,2195,Standard,2026-08-05T00:00:00.000Z,,1,,,,,,,,,,,,,,,,,,,,,,,,,,,,,,,,,,,,,,,,,,,,,,,,,,,,,,,,,,,,,,,,,,,,,,,,,,,,,,,,,,,,,,,,,,,,,,,,,,,,,,,,,,,,,,,,,,,,,,,,,,,,,,,,,,,,,,,,,,,,,,,,,,,,,,,,,,,,,,,,,,,,,,,,,,,,,,,,,,,,,,,,,,,,,,,,,,,,,,,,,,,,,,,,,,,,,,,,,,,,,,,,,,,,,,,,,,,,,,,,,,,,,,,,,,,,,,,,,,,,,,,,,,,,,,,,,,,,,,,,,,,,,,,,,,,,Rental Listing,2395.0,Standard,2025-06-23T00:00:00.000Z,2025-06-24T00:00:00.000Z,1.0,,,,,,,,,,,,,,,,,,,,,,,,,,,,,,,,,,,,,,,,,,,,,,,,,,,,,,,,,,,,,,,,,,,,,,,,,,,,,,,Rental Listing,2520.0,Standard,2025-06-11T00:00:00.000Z,2025-06-12T00:00:00.000Z,1.0,Rental Listing,2220.0,Standard,2025-07-27T00:00:00.000Z,2025-07-28T00:00:00.000Z,1.0,,,,,,,,,,,,,,,,,,,,,,,,,,,,,,,,,,,,,,,,,,,,,,,,,,,,,,,,,,,,,,,,,,,,,,,,,,,,,,,,,,,,,,,,,,,,,,,,,,,,,,,,,,,,,,,,,,,,,,,,,,,,,,,,,,,,
"2917-Gridiron-Isle,-New-Port-Richey,-FL-34655","2917 Gridiron Isle, New Port Richey, FL 34655",2917 Gridiron Isle,,New Port Richey,FL,12,34655,Pasco,101,28.201095,-82.672249,Single Family,3,2.5,2319.0,Active,2499,Standard,2026-08-05T00:00:00.000Z,,2023-06-10T00:00:00.000Z,2026-08-05T02:48:07.944Z,1,Pasco,New Port Richey,,,,,,,Rental Listing,2499,Standard,2026-08-05T00:00:00.000Z,,1,,,,,,,,,,,,,,,,,,,,,,,,,,,,,,,,,,,,,,,,,,,,,,,,,,,,,,,,,,,,,,,,,,,,,,,,,,,,,,,,,,,,,,,,,,,,,,,,,,,,,,,,,,,,,,,,,,,,,,,,,,,,,,,,,,,,,,,,,,,,,,,,,,,,,,,,,,,,,,,,,,,,,,,,,,,,,,,,,,,,,,,,,,,,,,,,,,,,,,,,,,,,,,,,,,,,,,,,,,,,,,,,,,,,,,,,,,,,,,,,,,,,,,,,,,,,,,,,,,,,,,,,,,,,,,,,,,,,,,,,,,,,,,,,,,,,,,,,,,,,,,,,,,,,,,,,,,,,,,,,,,,,,,,,,,,,,,,,,,,,,,,,,,,,,,,,,,,,,,,,,,,,,,,,,,,,,,,,,,,,,,,,,,,,,,,,,,,,,,,,,,,,,,,,,,,,,,,,,,,,,,,,,,,,,,,,,,,,,,,,,,,,,,,,,,,,,,,,,,,,,,,,,,,,,,,,,,,,,,,,,,,,,,,,,,,,,,,,,,,,,,,,,,,,,,,,,,,,,,,
"11616-Leda-Ln,-New-Port-Richey,-FL-34654","11616 Leda Ln, New Port Richey, FL 34654",11616 Leda Ln,,New Port Richey,FL,12,34654,Pasco,101,28.269806,-82.622816,Single Family,3,2.0,1675.0,Active,2180,Standard,2026-08-05T00:00:00.000Z,,2021-04-11T01:49:01.795Z,2026-08-05T02:48:07.940Z,1,Pasco,New Port Richey,,,,,,,Rental Listing,2180,Standard,2026-08-05T00:00:00.000Z,,1,,,,,,,,,,,,,,,,,,,,,,,,,,,,,,,,,,,,,,,,,,,,,,,,,,,,,,,,,,,,,,,,,,,,,,,,,,,,,,,,,,,,,,,,,,,,,,,,,,,,,,,,,,,,,,,,,,,,,,,,,,,,,,,,,,,,,,,,,,,,,,,,,,,,,,,,,,,,,,,,,,,,,,,,,,,,,,,,,,,,,,,,,,,,,,,,,,,,,,,,,,,,,,,,,,,,,,,,,,,,,,,,,,,,,,,,,,,,,,,,,,,,,,,,,,,,,,,,,,,,,,,,,,,,,,,,,,,,,,,,,,,,,,,,,,,,,,,,,,,,,,,,,,,,,,,,,,,,,,,,,,,,,,,,,,,,,,,,,,,,,,,,,,,,,,,,,,,,,,,,,,,,,,,,,,,,,,,,,,,,,,,,,,,,Rental Listing,2180.0,Standard,2025-08-15T00:00:00.000Z,2025-08-16T00:00:00.000Z,1.0,,,,,,,,,,,,,,,,,,,,,,,,,,,,,,,,,,,,,,,,,,,,,,,,,,,,,,,,,,,,,,,,,,,,,,,,,,,,,,,,,,,,,,,,,,,,,,,,,,,,,,,,,,,,,,,,,,,,,,,,,,,,,,
"4922-17th-St,-Zephyrhills,-FL-33542","4922 17th St, Zephyrhills, FL 33542",4922 17th St,,Zephyrhills,FL,12,33542,Pasco,101,28.229219,-82.174409,Apartment,2,1.0,900.0,Active,1900,Standard,2026-08-05T00:00:00.000Z,,2026-06-27T00:00:00.000Z,2026-08-05T03:04:57.358Z,1,Pasco,Zephyrhills,,,,,,,Rental Listing,1900,Standard,2026-08-05T00:00:00.000Z,,1,,,,,,,,,,,,,,,,,,,,,,,,,,,,,,,,,,,,,,,,,,,,,,,,,,,,,,,,,,,,,,,,,,,,,,,,,,,,,,,,,,,,,,,,,,,,,,,,,,,,,,,,,,,,,,,,,,,,,,,,,,,,,,,,,,,,,,,,,,,,,,,,,,,,,,,,,,,,,,,,,,,,,,,,,,,,,,,,,,,,,,,,,,,,,,,,,,,,,,,,,,,,,,,,,,,,,,,,,,,,,,,,,,,,,,,,,,,,,,,,,,,,,,,,,,,,,,,,,,,,,,,,,,,,,,,,,,,,,,,,,,,,,,,,,,,,,,,,,,,,,,,,,,,,,,,,,,,,,,,,,,,,,,,,,,,,,,,,,,,,,,,,,,,,,,,,,,,,,,,,,,,,,,,,,,,,,,,,,,,,,,,,,,,,,,,,,,,,,,,,,,,,,,,,,,,,,,,,,,,,,,,,,,,,,,,,,,,,,,,,,,,,,,,,,,,,,,,,,,,,,,,,,,,,,,,,,,,,,,,,,,,,,,,,,,,,,,,,,,,,,,,,,,,,,,,,,,,,,,,
"4920-17th-St,-Zephyrhills,-FL-33542","4920 17th St, Zephyrhills, FL 33542",4920 17th St,,Zephyrhills,FL,12,33542,Pasco,101,28.229233,-82.174409,Apartment,1,1.0,450.0,Active,1000,Standard,2026-08-05T00:00:00.000Z,,2026-06-27T00:00:00.000Z,2026-08-05T03:04:57.357Z,1,Pasco,Zephyrhills,,,,,,,Rental Listing,1000,Standard,2026-08-05T00:00:00.000Z,,1,,,,,,,,,,,,,,,,,,,,,,,,,,,,,,,,,,,,,,,,,,,,,,,,,,,,,,,,,,,,,,,,,,,,,,,,,,,,,,,,,,,,,,,,,,,,,,,,,,,,,,,,,,,,,,,,,,,,,,,,,,,,,,,,,,,,,,,,,,,,,,,,,,,,,,,,,,,,,,,,,,,,,,,,,,,,,,,,,,,,,,,,,,,,,,,,,,,,,,,,,,,,,,,,,,,,,,,,,,,,,,,,,,,,,,,,,,,,,,,,,,,,,,,,,,,,,,,,,,,,,,,,,,,,,,,,,,,,,,,,,,,,,,,,,,,,,,,,,,,,,,,,,,,,,,,,,,,,,,,,,,,,,,,,,,,,,,,,,,,,,,,,,,,,,,,,,,,,,,,,,,,,,,,,,,,,,,,,,,,,,,,,,,,,,,,,,,,,,,,,,,,,,,,,,,,,,,,,,,,,,,,,,,,,,,,,,,,,,,,,,,,,,,,,,,,,,,,,,,,,,,,,,,,,,,,,,,,,,,,,,,,,,,,,,,,,,,,,,,,,,,,,,,,,,,,,,,,,,,,
"5410-4th-St-N,-Unit-B,-Zephyrhills,-FL-33542","5410 4th St N, Unit B, Zephyrhills, FL 33542",5410 4th St N,Unit B,Zephyrhills,FL,12,33542,Pasco,101,28.236292,-82.186516,Condo,4,1.0,,Active,1900,Standard,2026-08-05T00:00:00.000Z,,2026-05-13T00:00:00.000Z,2026-08-05T03:04:57.354Z,1,Pasco,Zephyrhills,,,,,,,Rental Listing,1900,Standard,2026-08-05T00:00:00.000Z,,1,,,,,,,,,,,,,,,,,,,,,,,,,,,,,,,,,,,,,,,,,,,,,,,,,,,,,,,,,,,,,,,,,,,,,,,,,,,,,,,,,,,,,,,,,,,,,,,,,,,,,,,,,,,,,,,,,,,,,,,,,,,,,,,,,,,,,,,,,,,,,,,,,,,,,,,,,,,,,,,,,,,,,,,,,,,,,,,,,,,,,,,,,,,,,,,,,,,,,,,,,,,,,,,,,,,,,,,,,,,,,,,,,,,,,,,,,,,,,,Rental Listing,1900.0,Standard,2026-05-29T00:00:00.000Z,2026-05-30T00:00:00.000Z,1.0,,,,,,,,,,,,,,,,,,,,,,,,,,,,,,,,,,,,,,,,,,,,,,,,,,,,,,,,,,,,,,,,,,,,,,,,,,,,,,,,,,,,,,,,,,,,,,,,,,,,,,,,,,,,,,,,,,,,,,,,,,,,,,,,,,,,,,,,,,,,,,,,,,,,,,,Rental Listing,1900.0,Standard,2026-06-26T00:00:00.000Z,2026-06-27T00:00:00.000Z,1.0,,,,,,,,,,,,,,,,,,,,,,,,,,,,,,,,,,,,,,,,,,,,,,,,,,,,,,,,,,,,,,,,,,,,,,,,,,,,,,,,,,,,,,,,,,,,,,,,,,,,,,,,,,,,,,,,,,,,,,,,
"35491-Shade-Fern-Ln,-Zephyrhills,-FL-33541","35491 Shade Fern Ln, Zephyrhills, FL 33541",35491 Shade Fern Ln,,Zephyrhills,FL,12,33541,Pasco,101,28.249362,-82.229579,Single Family,3,2.0,1412.0,Active,1970,Standard,2026-08-05T00:00:00.000Z,,2023-07-05T00:00:00.000Z,2026-08-05T03:04:57.350Z,1,Pasco,Zephyrhills,,,,,,,Rental Listing,1970,Standard,2026-08-05T00:00:00.000Z,,1,4800.0,2022.0,,,,,,,,,,,,,,,,,,,,,,,,,,,,,,,,,,,,,,,,,,,,,,,,,,,,,,,,,,,,,,,,,,,,,,,,,,,,,,,,,,,,,,,,,,,,,,,,,,,,,,,,,,,,,,,,,,,,,,,,,,,,,,,,,,,,,,,,,,,,,,,,,,,,,,,,,,,,,,,,,,,,,,,,,,,,,,,,,,,,,,,,,,,,,,,,,,,,,,,,,,,,,,,,,,,,,,,,,,,,,,,,,,,,,,,,,,,,,,,,,,,,,,,,,,,,,,,,,,,,,,,,,,,,,,,,,,,,,,,,,,,,,,,,,,,,,,,,,,,,,,,,,,,,,,,,,,,,,,,,,,,,,,,,,,,,,,,,,,,,,,,,,,,,,,,,,,,,,,,,,,,,,,,,,,,,,,,,,,,,,,,,,,,,,,,,,,,,,,,,,,,,,,,,,,,,,,,,,,,,,,,,,,,,,,,,,,,,,,,,,,,,,,,,,,,,,,,,,,,,,,,,,,,,,,,,,,,,,,,,,,,,,,,,,,,,,,,,,,,,,,,,,,,,,,,,,,,,,
"6851-Ripple-Pond-Loop,-Zephyrhills,-FL-33541","6851 Ripple Pond Loop, Zephyrhills, FL 33541",6851 Ripple Pond Loop,,Zephyrhills,FL,12,33541,Pasco,101,28.256869,-82.209426,Single Family,2,2.0,1400.0,Active,1900,Standard,2026-08-05T00:00:00.000Z,,2025-05-07T00:00:00.000Z,2026-08-05T02:51:23.085Z,1,Pasco,Zephyrhills,,,,,,,Rental Listing,1900,Standard,2026-08-05T00:00:00.000Z,,1,,,,,,,,,,,,,,,,,,,,,,,,,,,,,,,,,,,,,,,,,,,,,,,,,,,,,,,,,,,,,,,,,,,,,,,,,,,,,,,,,,,,,,,,,,,,,,,,,,,,,,,,,,,,,,,,,,,,,,,,,,,,,,,,,,,,,,,,,,,,,,,,,,,,,,,,,,,,,,,,,,,,,,,,,,,,,,,,,,,,,,,,,,,,,,,,,,,,,,,,,,,,,,,,,,,,,,,,,,,,,,,,,,,,,,,,,,,,,,,,,,,,,,,,,,,,,,,,,,,,,,,,,,,,,,,,,,,,,,,,,,,,,,,,,,,,,,,,,,,,,,,,,,,,,,,,,,,,,,,,,,,,,,,,,,,,,,,,,,,,,,,,,,,,,,,,,,,,,,,,,,,,,,,,,,,,,,,,,,,,,,,,,,,,,,,,,,,,,,,,Rental Listing,1900.0,Standard,2025-05-27T00:00:00.000Z,2025-05-28T00:00:00.000Z,1.0,Rental Listing,1875.0,Standard,2025-07-02T00:00:00.000Z,2025-07-03T00:00:00.000Z,1.0,,,,,,,,,,,,,,,,,,,,,,,,,,,,,,,,,,,,,,,,,,,,,,,,,,,,,,,,,,,,,,,,,,,,,,,,,,,,,,,,,,,,,,,,,,,,,,,,,,,,,,,,,,,,
"36148-Risa-Michele-St,-Zephyrhills,-FL-33541","36148 Risa Michele St, Zephyrhills, FL 33541",36148 Risa Michele St,,Zephyrhills,FL,12,33541,Pasco,101,28.231918,-82.219268,Townhouse,3,2.0,1634.0,Active,1850,Standard,2026-08-05T00:00:00.000Z,,2026-03-03T00:00:00.000Z,2026-08-05T02:51:23.070Z,1,Pasco,Zephyrhills,,,,,,,Rental Listing,1850,Standard,2026-08-05T00:00:00.000Z,,1,1742.0,2026.0,,,,,,,,,,,,,,,,,,,,,,,,,,,,,,,,,,,,,,,,,,,,,,,,,,,,,,,,,,,,,,,,,,,,,,,,,,,,,,,,,,,,,,,,,,,,,,,,,,,,,,,,,,,,,,,,,,,,,,,,,,,,,,,,,,,,,,,,,,,,,,,,,,,,,,,,,,,,,,,,,,,,,,,,,,,,,,,,,,,,,,,,,,,,,,,,,,,,,,,,,,,,,,,,,,,,,,,,,,,,,,,,,,,,,,,,,,,,,,,,,,,,,,,,,,,,,,,,,,,,,,,,,,,,,,,,,,,,,,,,,,,,,,,,,,,,,,,,,,,,,,,,,,,,,,,,,,,,,,,,,,,,,,,,,,,,,,,,,,,,,,,,,,,,,,,,,,,,,,,,,,,,,,,,,,,,,,,,,,,,,,,,,,,,,,,,,,,,,,,,,,,,,,,,,,Rental Listing,1850.0,Standard,2026-05-05T00:00:00.000Z,2026-05-06T00:00:00.000Z,1.0,,,,,,,,,,,,,,,,,,,,,,,,,,,,,,,,,,,,,,,,,,,,,,,,,,,,,,,,,,,,,,,,,,,,,,,,,,,,,,,,,,,,,,,,,,,,,,,,,,,,,,
"5215-Lochmead-Ter,-Zephyrhills,-FL-33541","5215 Lochmead Ter, Zephyrhills, FL 33541",5215 Lochmead Ter,,Zephyrhills,FL,12,33541,Pasco,101,28.233161,-82.236847,Single Family,2,2.0,1252.0,Active,1700,Standard,2026-08-05T00:00:00.000Z,,2026-01-24T00:00:00.000Z,2026-08-05T02:51:23.048Z,1,Pasco,Zephyrhills,,,,,,,Rental Listing,1700,Standard,2026-08-05T00:00:00.000Z,,1,,,,,,,,,,,,,,,,,,,,,,,,,,,,,,,,,,,,,,,,,,,,,,,,,,,,,,,,,,,,,,,,,,,,,,,,,,,,,,,,,,,,,,,,,,,,,,,,,,,,,,,,,,,,,,,,,,,,,,,,,,,,,,,,,,,,,,,,,,,,,,,,,,,,,,,,,,,,,,,,,,,,,,,,,,,,,,,,,,,,,,,,,,,,,,,,,,,,,,,,,,,,,,,,,,,,,,,,,,,,,,,,,,,,,,,,,,,,,,,,,,,,,,,,,,,,,,,,,,,,,,,,,,,,,,,,,,,,,,,,,,,,,,,,,,,,,,,,,,,,,,,,,,,,,,,,,,,,,,,,,,,,,,,,,,,,,,,,,,,,,,,,,,,,,,,,,,,,,,,,,,,,,,,,,,,,,,,,,,,,,,,,,,,,,,,,,,,,,,,,,,,,,,,,,,,,,,,,,,Rental Listing,1700.0,Standard,2026-02-22T00:00:00.000Z,2026-02-23T00:00:00.000Z,1.0,,,,,,,,,,,,,,,,,,,,,,,,,,,,,,,,,,,,,,,,,,,,,,,,,,,,,,,,,,,,,,,,,,,,,,,,,,,,,,,,,,,,,,,,,,,,,,,,
"3189-Lytton-Hall-Dr,-Zephyrhills,-FL-33540","3189 Lytton Hall Dr, Zephyrhills, FL 33540",3189 Lytton Hall Dr,,Zephyrhills,FL,12,33540,Pasco,101,28.203099,-82.161565,Single Family,4,2.0,1817.0,Active,2360,Standard,2026-08-05T00:00:00.000Z,,2022-03-02T00:02:36.390Z,2026-08-05T02:51:23.027Z,1,Pasco,Zephyrhills,,,,,,,Rental Listing,2360,Standard,2026-08-05T00:00:00.000Z,,1,6970.0,2020.0,77.0,,,,,,,,,,,,,,,,,,,,,,,,,,,,,,,,,,,,,,,,,,,,,,,,,,,,,,,,,,,,,,,,,,,,,,,,,,,,,,,,,,,,,,,,,,,,,,,,,,,,,,,,,,,,,,,,,,,,,,,,,,,,,,,,,,,,,,,,,,,,,,,,,,,,,,,,,,,,,,,,,,,,,,,,,,,,,,,,,,,,,,,,,,,,,,,,,,,,,,,,,,,,,,,,,,,,,,,,,,,,,,,,,,,,,,,,,,,,,,,,,,,,,,,,,,,,,,,,,,,,,,,,,,,,,,,,,,,,,,,,,,,,,,,,,,,,,,,,,,,,,,,,,,,,,,,,,,,,,,,,,,,,,,,,,,,,,,,,,,,,,,,,,,,,,,,,,,,,,,,,,,,,,,,,,,,,,,,,,,,,,,,,,,,,,,,,,,,,,,,,,,,,,,,,,,,,,,,,,,,,,,,,,,,,,,,,,,,,,,,,,,,,,,,,,,,,,,,,,,,,,,,,,,,,,,,,,,,,,,,,,,,,,,,,,,,,,,,,,,,,,,,,,,,,,,,,,,,,
"37956-Dusty-Saddle-Ln,-Zephyrhills,-FL-33541","37956 Dusty Saddle Ln, Zephyrhills, FL 33541",37956 Dusty Saddle Ln,,Zephyrhills,FL,12,33541,Pasco,101,28.28242,-82.190789,Single Family,4,2.5,2297.0,Active,2500,Standard,2026-08-05T00:00:00.000Z,,2026-06-19T00:00:00.000Z,2026-08-05T02:51:22.965Z,1,Pasco,Zephyrhills,,,,,,,Rental Listing,2500,Standard,2026-08-05T00:00:00.000Z,,1,,,,,,,,,,,,,,,,,,,,,,,,,,,,,,,,,,,,,,,,,,,,,,,,,,,,,,,,,,,,,,,,,,,,,,,,,,,,,,,,,,,,,,,,,,,,,,,,,,,,,,,,,,,,,,,,,,,,,,,,,,,,,,,,,,,,,,,,,,,,,,,,,,,,,,,,,,,,,,,,,,,,,,,,,,,,,,,,,,,,,,,,,,,,,,,,,,,,,,,,,,,,,,,,,,,,,,,,,,,,,,,,,,,,,,,,,,,,,,,,,,,,,,,,,,,,,,,,,,,,,,,,,,,,,,,,,,,,,,,,,,,,,,,,,,,,,,,,,,,,,,,,,,,,,,,,,,,,,,,,,,,,,,,,,,,,,,,,,,,,,,,,,,,,,,,,,,,,,,,,,,,,,,,,,,,,,,,,,,,,,,,,,,,,,,,,,,,,,,,,,,,,,,,,,,,,,,,,,,,,,,,,,,,,,,,,,,,,,,,,,,,,,,,,,,,,,,,,,,,,,,,,,,,,,,,,,,,,,,,,,,,,,,,,,,,,,,,,,,,,,,,,,,,,,,,,,,,,,,,
"34990-Gravelly-Dr,-Zephyrhills,-FL-33541","34990 Gravelly Dr, Zephyrhills, FL 33541",34990 Gravelly Dr,,Zephyrhills,FL,12,33541,Pasco,101,28.198706,-82.238166,Single Family,4,2.5,1870.0,Active,2400,Standard,2026-08-05T00:00:00.000Z,,2026-07-21T00:00:00.000Z,2026-08-05T02:51:22.915Z,1,Pasco,Zephyrhills,,,,,,,Rental Listing,2400,Standard,2026-08-05T00:00:00.000Z,,1,,,,,,,,,,,,,,,,,,,,,,,,,,,,,,,,,,,,,,,,,,,,,,,,,,,,,,,,,,,,,,,,,,,,,,,,,,,,,,,,,,,,,,,,,,,,,,,,,,,,,,,,,,,,,,,,,,,,,,,,,,,,,,,,,,,,,,,,,,,,,,,,,,,,,,,,,,,,,,,,,,,,,,,,,,,,,,,,,,,,,,,,,,,,,,,,,,,,,,,,,,,,,,,,,,,,,,,,,,,,,,,,,,,,,,,,,,,,,,,,,,,,,,,,,,,,,,,,,,,,,,,,,,,,,,,,,,,,,,,,,,,,,,,,,,,,,,,,,,,,,,,,,,,,,,,,,,,,,,,,,,,,,,,,,,,,,,,,,,,,,,,,,,,,,,,,,,,,,,,,,,,,,,,,,,,,,,,,,,,,,,,,,,,,,,,,,,,,,,,,,,,,,,,,,,,,,,,,,,,,,,,,,,,,,,,,,,,,,,,,,,,,,,,,,,,,,,,,,,,,,,,,,,,,,,,,,,,,,,,,,,,,,,,,,,,,,,,,,,,,,,,,,,,,,,,,,,,,,,,
"4352-6th-St,-Zephyrhills,-FL-33542","4352 6th St, Zephyrhills, FL 33542",4352 6th St,,Zephyrhills,FL,12,33542,Pasco,101,28.221304,-82.180807,Single Family,1,1.0,494.0,Active,1100,Standard,2026-08-05T00:00:00.000Z,,2020-05-23T13:15:08.471Z,2026-08-05T02:51:22.891Z,1,Pasco,Zephyrhills,,,,,,,Rental Listing,1100,Standard,2026-08-05T00:00:00.000Z,,1,,,,,,,,,,,,,,,,,,,,,,,,,,,,,,,,,,,,,,,,,,,,,,,,,,,,,,,,,,,,,,,,,,,,,,,,,,,,,,,,,,,,,,,,,,,,,,,,,,,,,,,,,,,,,,,,,,,,,,,,,,,,,,,,,,,,,,,,,,,,,,,,,,,,,,,,,,,,,,,,,,,,,,,,,,,,,,,,,,,,,,,,,,,,,,,,,,,,,,,,,,,,,,,,,,,,,,,,,,,,Rental Listing,1100.0,Standard,2025-01-02T00:00:00.000Z,2025-01-03T00:00:00.000Z,1.0,,,,,,,,,,,,,,,,,,,,,,,,,,,,,,,,,,,,,,,,,,,,,,,,,,,,,,,,,,,,,,,,,,,,,,,,,,,,,,,,,,,,,,,,,,,,,,,,,,,,,,,,,,,,,,,,,,,,,,,,,,,,,,,,,,,,,,,,,,,,,,,,,,,,,,,,,,,,,,,,,,,,,,,,,,,,,,,,,,,,,,,,,,,,,,,,,,,,,,,Rental Listing,1250.0,Standard,2025-03-31T00:00:00.000Z,2025-04-01T00:00:00.000Z,1.0,Rental Listing,1200.0,Standard,2026-03-03T00:00:00.000Z,2026-03-04T00:00:00.000Z,1.0,Rental Listing,1200.0,Standard,2026-03-26T00:00:00.000Z,2026-03-27T00:00:00.000Z,1.0,Rental Listing,1200.0,Standard,2026-04-09T00:00:00.000Z,2026-04-10T00:00:00.000Z,1.0,Rental Listing,1100.0,Standard,2026-05-23T00:00:00.000Z,2026-05-24T00:00:00.000Z,1.0,Rental Listing,1100.0,Standard,2026-05-31T00:00:00.000Z,2026-06-01T00:00:00.000Z,1.0,,,,,,,,,,,,,,,,,,,,,,,,,,,,,,,,,,,,,,,,,,,,,,,,,,,,,,,,,,,,
"5617-10th-St,-Zephyrhills,-FL-33542","5617 10th St, Zephyrhills, FL 33542",5617 10th St,,Zephyrhills,FL,12,33542,Pasco,101,28.239141,-82.180396,Single Family,1,1.0,480.0,Active,1395,Standard,2026-08-05T00:00:00.000Z,,2020-02-14T23:56:05.938Z,2026-08-05T02:51:22.870Z,1,Pasco,Zephyrhills,,,,,,,Rental Listing,1395,Standard,2026-08-05T00:00:00.000Z,,1,,,,,,,,,,,,,,,,,,,,,,,,,,,,,,,,,,,,,,,,,,,,,,,,,,,,,,,,,,,,,,,,,,,,,,,,,,,,,,,,,,,,,,,,,,,,,,,,,,,,,,,,,,,,,,,,,,,,,,,,,,,,,,,,,,,,,,,,,,,,,,,,,,,,,,,,,,,,,,,,,,,,,,,,,,,,,,,,,,,,,,,,,,,,,,,,,,,,,,,,,,,,,,,,,,,,,,,,,,,,,,,,,,,,,,,,,,,,,,,,,,,,,,,,,,,,,,,,,,,,,,,,,,,,,,,,,,,,,,,,,,,,,,,,,,,,,,,,,,,,,,,,,,,,,,,,,,,,,,,,,,,,,,,,,,,,,,,,,,,,,,,,,,,,,,,,,,,,,,,,,,,,,,,,,,,,,,,,,,,,,,,,,,,,,,,,,,,,,,,,,,,,,,,,,,,,,,,,,,,,,,,,,,,,,,,,,,,,,,,,,,,,,,,,,,,,,,,,,,,,,,,,,,,,,,,,,,,,,,,,,,,,,,,,,,,,,,,,,,,,,,,,,,,,,,,,,,,,,,,
"34442-Smart-Dr,-Zephyrhills,-FL-33541","34442 Smart Dr, Zephyrhills, FL 33541",34442 Smart Dr,,Zephyrhills,FL,12,33541,Pasco,101,28.234806,-82.245003,Single Family,3,2.0,1224.0,Active,1940,Standard,2026-08-05T00:00:00.000Z,,2023-08-28T00:00:00.000Z,2026-08-05T02:48:07.900Z,1,Pasco,Zephyrhills,,,,,,,Rental Listing,1940,Standard,2026-08-05T00:00:00.000Z,,1,,,,,,,,,,,,,,,,,,,,,,,,,,,,,,,,,,,,,,,,,,,,,,,,,,,,,,,,,,,,,,,,,,,,,,,,,,,,,,,,,,,,,,,,,,,,,,,,,,,,,,,,,,,,,,,,,,,,,,,,,,,,,,,,,,,,,,,,,,,,,,,,,,,,,,,,,,,,,,,,,,,,,,,,,,,,,,,,,,,,,,,,,,,,,,,,,,,,,,,,,,,,,,,,,,,,,,,,,,,,,,,,,,,,,,,,,,,,,,,,,,,,,,,,,,,,,,,,,,,,,,,,,,,,,,,,,,,,,,,,,,,,,,,,,,,,,,,,,,,,,,,,,,,,,,,,,,,,,,,,,,,,,,,,,,,,,,,,,,,,,,,,,,,,,,,,,,,,,,,,,,,,,,,,,,,,,,,,,,,,,,,,,,,,,,,,,,,,,,,,,,,,,,,,,,,,,,,,,,,,,,,,,,,,,,,,,,,,,,,,,,,,,,,,,,,,,,,,,,,,Rental Listing,1825.0,Standard,2024-11-02T00:00:00.000Z,2024-11-24T00:00:00.000Z,22.0,,,,,,,,,,,,,,,,,,,,,,,,,,,,,,,,,,,,,,,,,,,,,,,,,,,,,,
"6035-Pointe-Pleasant-Blvd,-Zephyrhills,-FL-33545","6035 Pointe Pleasant Blvd, Zephyrhills, FL 33545",6035 Pointe Pleasant Blvd,,Zephyrhills,FL,12,33545,Pasco,101,28.244949,-82.342735,Single Family,4,2.0,1415.0,Active,2155,Standard,2026-08-05T00:00:00.000Z,,2020-02-29T02:19:18.195Z,2026-08-05T02:48:07.862Z,1,Pasco,Zephyrhills,,,,,,,Rental Listing,2155,Standard,2026-08-05T00:00:00.000Z,,1,,,,,,,,,,,,,,,,,,,,,,,,,,,,,,,,,,,,,,,,,,,,,,,,,,,,,,,,,,,,,,,,,,,,,,,,,,,,,,,,,,,,,,,,,,,,,,,,,,,,,,,,,,,,,,,,,,,,,,,,,,,,,,,,,,,,,,,,,,,,,,,,,,,,,,,,,,,,,,,,,,,,,,,,,,,,,,,,,,,,,,,,,,,,,,,,,,,,,,,,,,,,,,,,,,,,,,,,,,,,,,,,,,,,,,,,,,,,,,,,,,,,,,,,,,,,,,,,,,,,,,,,,,,,,,,,,,,,,,,,,,,,,,,,,,,,,,,,,,,,,,,,,,,,,,,,,,,,,,,,,,,,,,,,,,,,,,,,,,,,,,,,,,,,,,,,,,,,,,,,,,,,,,,,,,,,,,,,,,,,,,,,,,,,,,,,,,,,,,,,,,,,,,,,,,,,,,,,,,,,,,,,,,,,,,,,,,,,,,,,,,,,,,,,,,,,,,,,,,,,,,,,,,Rental Listing,3330.0,Standard,2026-04-28T00:00:00.000Z,2026-04-29T00:00:00.000Z,1.0,,,,,,,,,,,,,,,,,,,,,,,,,,,,,,,,,,,,,,,,,,,,,,,,
"4719-Tangelo-Dr,-Zephyrhills,-FL-33541","4719 Tangelo Dr, Zephyrhills, FL 33541",4719 Tangelo Dr,,Zephyrhills,FL,12,33541,Pasco,101,28.22587,-82.24379,Single Family,2,2.0,1517.0,Active,1800,Standard,2026-08-05T00:00:00.000Z,,2026-06-27T00:00:00.000Z,2026-08-05T02:48:04.030Z,1,Pasco,Zephyrhills,,,,,,,Rental Listing,1800,Standard,2026-08-05T00:00:00.000Z,,1,,,,,,,,,,,,,,,,,,,,,,,,,,,,,,,,,,,,,,,,,,,,,,,,,,,,,,,,,,,,,,,,,,,,,,,,,,,,,,,,,,,,,,,,,,,,,,,,,,,,,,,,,,,,,,,,,,,,,,,,,,,,,,,,,,,,,,,,,,,,,,,,,,,,,,,,,,,,,,,,,,,,,,,,,,,,,,,,,,,,,,,,,,,,,,,,,,,,,,,,,,,,,,,,,,,,,,,,,,,,,,,,,,,,,,,,,,,,,,,,,,,,,,,,,,,,,,,,,,,,,,,,,,,,,,,,,,,,,,,,,,,,,,,,,,,,,,,,,,,,,,,,,,,,,,,,,,,,,,,,,,,,,,,,,,,,,,,,,,,,,,,,,,,,,,,,,,,,,,,,,,,,,,,,,,,,,,,,,,,,,,,,,,,,,,,,,,,,,,,,,,,,,,,,,,,,,,,,,,,,,,,,,,,,,,,,,,,,,,,,,,,,,,,,,,,,,,,,,,,,,,,,,,,,,,,,,,,,,,,,,,,,,,,,,,,,,,,,,,,,,,,,,,,,,,,,,,,,,,,
"34801-Double-Eagle-Ct,-Zephyrhills,-FL-33541","34801 Double Eagle Ct, Zephyrhills, FL 33541",34801 Double Eagle Ct,,Zephyrhills,FL,12,33541,Pasco,101,28.230606,-82.241139,Condo,3,2.0,1577.0,Active,2000,Standard,2026-08-05T00:00:00.000Z,,2026-01-03T00:00:00.000Z,2026-08-05T02:48:04.015Z,1,Pasco,Zephyrhills,,,,,,,Rental Listing,2000,Standard,2026-08-05T00:00:00.000Z,,1,,,,,,,,,,,,,,,,,,,,,,,,,,,,,,,,,,,,,,,,,,,,,,,,,,,,,,,,,,,,,,,,,,,,,,,,,,,,,,,,,,,,,,,,,,,,,,,,,,,,,,,,,,,,,,,,,,,,,,,,,,,,,,,,,,,,,,,,,,,,,,,,,,,,,,,,,,,,,,,,,,,,,,,,,,,,,,,,,,,,,,,,,,,,,,,,,,,,,,,,,,,,,,,,,,,,,,,,,,,,,,,,,,,,,,,,,,,,,,,,,,,,,,,,,,,,,,,,,,,,,,,,,,,,,,,,,,,,,,,,,,,,,,,,,,,,,,,,,,,,,,,,,,,,,,,,,,,,,,,,,,,,,,,,,,,,,,,,,,,,,,,,,,,,,,,,,,,,,,,,,,,,,,,,,,,,,,,,,,,,,,,,,,,,,,,,,,Rental Listing,2000.0,Standard,2026-06-26T00:00:00.000Z,2026-06-27T00:00:00.000Z,1.0,,,,,,,,,,,,,,,,,,,,,,,,,,,,,,,,,,,,,,,,,,,,,,,,,,,,,,,,,,,,,,,,,,,,,,,,,Rental Listing,2000.0,Standard,2026-01-28T00:00:00.000Z,2026-01-29T00:00:00.000Z,1.0,,,,,,,,,,,,,,,,,,,,,,,,,,,,,,,,,,,,,,,,,,
"4550-Charter-St,-Zephyrhills,-FL-33542","4550 Charter St, Zephyrhills, FL 33542",4550 Charter St,,Zephyrhills,FL,12,33542,Pasco,101,28.224135,-82.184761,Single Family,2,2.0,1008.0,Active,1495,Standard,2026-08-05T00:00:00.000Z,,2026-07-01T00:00:00.000Z,2026-08-05T02:48:04.014Z,1,Pasco,Zephyrhills,,,,,,,Rental Listing,1495,Standard,2026-08-05T00:00:00.000Z,,1,6970.0,1989.0,,,,,,,,,,,,,,,,,,,,,,,,,,,,,,,,,,,,,,,,,,,,,,,,,,,,,,,,,,,,,,,,,,,,,,,,,,,,,,,,,,,,,,,,,,,,,,,,,,,,,,,,,,,,,,,,,,,,,,,,,,,,,,,,,,,,,,,,,,,,,,,,,,,,,,,,,,,,,,,,,,,,,,,,,,,,,,,,,,,,,,,,,,,,,,,,,,,,,,,,,,,,,,,,,,,,,,,,,,,,,,,,,,,,,,,,,,,,,,,,,,,,,,,,,,,,,,,,,,,,,,,,,,,,,,,,,,,,,,,,,,,,,,,,,,,,,,,,,,,,,,,,,,,,,,,,,,,,,,,,,,,,,,,,,,,,,,,,,,,,,,,,,,,,,,,,,,,,,,,,,,,,,,,,,,,,,,,,,,,,,,,,,,,,,,,,,,,,,,,,,,,,,,,,,,,,,,,,,,,,,,,,,,,,,,,,,,,,,,,,,,,,,,,,,,,,,,,,,,,,,,,,,,,,,,,,,,,,,,,,,,,,,,,,,,,,,,,,,,,,,,,,,,,,,,,,,,,,,
"38311-A-Ave,-Zephyrhills,-FL-33542","38311 A Ave, Zephyrhills, FL 33542",38311 A Ave,,Zephyrhills,FL,12,33542,Pasco,101,28.228958,-82.182986,Single Family,2,2.0,948.0,Active,1350,Standard,2026-08-05T00:00:00.000Z,,2024-06-23T00:00:00.000Z,2026-08-05T02:48:03.985Z,1,Pasco,Zephyrhills,,,,,,,Rental Listing,1350,Standard,2026-08-05T00:00:00.000Z,,1,,,,,,,,,,,,,,,,,,,,,,,,,,,,,,,,,,,,,,,,,,,,,,,,,,,,,,,,,,,,,,,,,,,,,,,,,,,,,,,,,,,,,,,,,,,,,,,,,,,,,,,,,,,,,,,,,,,,,,,,,,,,,,,,,,,,,,,,,,,,,,,,,,,,,,,,,,,,,,,,,,,,,,,,,,,,,,,,,,,,,,,,,,,,,,,,,,,,,,,,,,,,,,,,,,,,,,,,,,,,,,,,,,,,,,,,,,,,,,,,,,,,,,,,,,,,,,,,,,,,,,,,,,,,,,,,,,,,,,,,,,,,,,,,,,,,,,,,,,,,,,,,,,,,,,,,,,,,,,,,,,,,,,,,,,,,,,,,,,,,,,,,,,,,,,,,,,,,,,,,,,,,,,,,,,,,,,,,,,,,,,,,,,,,,,,,,,,,,,,,,,,,,,,,,,,,,,,,,,,,,,,,,,,,,,,,,,,,,,,,,,,,,,,,,,,,,,,,,,,,,,,,,,,,,,,,,,,,,,Rental Listing,1350.0,Standard,2026-02-12T00:00:00.000Z,2026-02-13T00:00:00.000Z,1.0,Rental Listing,1350.0,Standard,2026-07-18T00:00:00.000Z,2026-07-19T00:00:00.000Z,1.0,,,,,,,,,,,,,,,,,,,,,,,,,,,,,,
"37819-Alissa-Dr,-Zephyrhills,-FL-33542","37819 Alissa Dr, Zephyrhills, FL 33542",37819 Alissa Dr,,Zephyrhills,FL,12,33542,Pasco,101,28.223474,-82.191176,Condo,2,2.0,864.0,Active,1450,Standard,2026-08-05T00:00:00.000Z,,2025-05-18T00:00:00.000Z,2026-08-05T02:48:03.982Z,1,Pasco,Zephyrhills,,,,,,,Rental Listing,1450,Standard,2026-08-05T00:00:00.000Z,,1,,,,,,,,,,,,,,,,,,,,,,,,,,,,,,,,,,,,,,,,,,,,,,,,,,,,,,,,,,,,,,,,,,,,,,,,,,,,,,,,,,,,,,,,,,,,,,,,,,,,,,,,,,,,,,,,,,,,,,,,,,,,,,,,,,Rental Listing,1450.0,Standard,2026-07-30T00:00:00.000Z,2026-07-31T00:00:00.000Z,1.0,,,,,,,,,,,,,,,,,,,,,,,,,,,,,,,,,,,,,,,,,,,,,,,,,,,,,,,,,,,,,,,,,,,,,,,,,,,,,,,,,,,,,,,,,,,,,,,,,,,,,,,,,,,,,,,,,,,,,,,,,,,,,,,,,,,,,,,,,,,,,,,,,,,,,,,,,,,,,,,,,,,,,,,,,,,,,,,,,,,,,,,,,,,,,,,,,,,,,,,,,,,,,,,,,,,,,,,,,,,,,,,,,,,,,,,,,,,,,,,,,,,,,,,,,,,,,,,,,,,,,,,,,,,,,,,,,,,,,,,,,,,,,,,,,,,,,,,,,,,,,,,,,,,,,,,,,,,,,,,,,,,,,,,,,,,,,,,,,,,,,,,,,,,,,,,,,,,Rental Listing,1500.0,Standard,2025-08-02T00:00:00.000Z,2025-08-03T00:00:00.000Z,1.0,,,,,,,,,,,,,,,,,,,,,,,,
"7205-Royal-George-Ct,-Zephyrhills,-FL-33545","7205 Royal George Ct, Zephyrhills, FL 33545",7205 Royal George Ct,,Zephyrhills,FL,12,33545,Pasco,101,28.262124,-82.305024,Single Family,4,2.0,1544.0,Active,2070,Standard,2026-08-05T00:00:00.000Z,,2019-11-25T23:22:18.584Z,2026-08-05T02:48:03.962Z,1,Pasco,Zephyrhills,,,,,,,Rental Listing,2070,Standard,2026-08-05T00:00:00.000Z,,1,7405.0,2005.0,,,,,,,,,,,,,,,,,,,,,,,,,,,,,,,,,,,,,,,,,,,,,,,,,,,,,,,,,,,,,,,,,,,,,,,,,,,,,,,,,,,,,,,,,,,,,,,,,,,,,,,,,,,,,,,,,,,,,,,,,,,,,,,,,,,,,,,,,,,,,,,,,,,,,,,,,,,,,,,,,,,,,,,,,,,,,,,,,,,,,,,,,,,,,,,,,,,,,,,,,,,,,,,,,,,,,,,,,,,,,,,,,,,,,,,,,,,,,,,,,,,,,,,,,,,,,,,,,,,,,,,,,,,,,,,,,,,,,,,,,,,,,,,,,,,,,,,,,,,,,,,,,,,,,,,,,,,,,,,,,,,,,,,,,,,,,,,,,,,,,,,,,,,,,,,,,,,,,,,,,,,,,,,,,,,,,,,,,,,,,,,,,,,,,,,,,,,,,,,,,,,,,,,,,,,,,,,,,,,,,,,,,,,,,,,,,,,,,,,,,,,,,,,,,,,,,,,,,,,,,,,,,,,,,,,,,,,,,,,,,,,,,,,,,,,,,,,,,,,,,,,,,,,,,,,,,,,,,
"36232-Misty-Oak-Unit-Bldg-7-Dr,-Unit-204,-Zephyrhills,-FL-33541","36232 Misty Oak Unit Bldg 7 Dr, Unit 204, Zephyrhills, FL 33541",36232 Misty Oak Unit Bldg 7 Dr,Unit 204,Zephyrhills,FL,12,33541,Pasco,101,28.242856,-82.217158,Condo,3,2.0,1325.0,Active,1600,Standard,2026-08-05T00:00:00.000Z,,2026-05-14T00:00:00.000Z,2026-08-05T02:48:03.952Z,1,Pasco,Zephyrhills,,,,,,,Rental Listing,1600,Standard,2026-08-05T00:00:00.000Z,,1,,,,,,,,,,,,,,,,,,,,,,,,,,,,,,,,,,,,,,,,,,,,,,,,,,,,,,,,,,,,,,,,,,,,,,,,,,,,,,,,,,,,,,,,,,,,,,,,,,,,,,,,,,,,,,,,,,,,,,,,,,,,,,,,,,,,,,,,,,,,,,,,,,,,,,,,,,,,,,,,,,,,,,,,,,,,,,,,,,,,,,,,,,,,,,,,,,,,,,,,,,,,,,,,,,,,,,,,,,,,,,,,,,,,,,,,,,,,,,,,,,,,,,,,,,,,,,,,,,,,,,,,,,,,,,,,,,,,,,,,,,,,,,,,,,,,,,,,,,,,,,,,,,,,,,,,,,,,,,,,,,,,,,,,,,,,,,,,,,,,,,,,,,,,,,,,,,,,,,,,,,,,,,,,,,,,,,,,,,,,,,,,,,,,,,,,,,,,,,,,,,,,,,,,,,,,,,,,,,,,,,,,,,,,,,,,,,,,,,,,,,,,,,,,,,,,,,,,,,,,,,,,,,,,,,,,,,,,,,,,,,,,,,,,,,,,,,,,Rental Listing,1700.0,Standard,2026-06-01T00:00:00.000Z,2026-06-02T00:00:00.000Z,1.0,,,,,,,,,,,,,,,,,,
"5517-18th-St,-Zephyrhills,-FL-33542","5517 18th St, Zephyrhills, FL 33542",5517 18th St,,Zephyrhills,FL,12,33542,Pasco,101,28.237615,-82.173872,Single Family,2,1.0,1372.0,Active,1395,Standard,2026-08-05T00:00:00.000Z,,2019-10-02T23:05:41.695Z,2026-08-05T02:48:03.943Z,1,Pasco,Zephyrhills,,,,,,,Rental Listing,1395,Standard,2026-08-05T00:00:00.000Z,,1,,,,,,,,,,,,,,,,,,,,,,,,,,,,,,,,,,,,,,,,,,,,,,,,,,,,,,,,,,,,,,,,,,,,,,,,,,,,,,,,,,,,,,,,,,,,,,,,,,,,,,,,,,,,,,,,,,,,,,,,,,,,,,,,,,,,,,,,,,,,,,,,,,,,,,,,,,,,,,,,,,,,,,,,,,,,,,,,,,,,,,,,,,,,,,,,,,,,,,,,,,,,,,,,,,,,,,,,,,,,,,,,,,,,,,,,,,,,,,,,,,,,,,,,,,,,,,,,,,,,,,,,,,,,,,,,,,,,,,,,,,,,,,,,,,,,,,,,,,,,,,,,,,,,,,,,,,,,,,,,,,,,,,,,,,,,,,,,,,,,,,,,,,,,,,,,,,,,,,,,,,,,,,,,,,,,,,,,,,,,,,,,,,,,,,,,,,,,,,,,,,,,,,,,,,,,,,,,,,,,,,,,,,,,,,,,,,,,,,,,,,,,,,,,,,,,,,,,,,,,,,,,,,,,,,,,,,,,,,,,,,,,,,,,,,,,,,,,,,,,,,Rental Listing,1100.0,Standard,2025-07-14T00:00:00.000Z,2025-07-15T00:00:00.000Z,1.0,,,,,,,,,,,,
"5912-Bramble-Bush-Ct,-Zephyrhills,-FL-33541","5912 Bramble Bush Ct, Zephyrhills, FL 33541",5912 Bramble Bush Ct,,Zephyrhills,FL,12,33541,Pasco,101,28.243273,-82.23629,Single Family,4,3.0,2243.0,Active,2495,Standard,2026-08-05T00:00:00.000Z,,2023-06-15T00:00:00.000Z,2026-08-05T02:48:03.934Z,1,Pasco,Zephyrhills,,,,,,,Rental Listing,2495,Standard,2026-08-05T00:00:00.000Z,,1,10454.0,2006.0,43.0,,,,,,,,,,,,,,,,,,,,,,,,,,,,,,,,,,,,,,,,,,,,,,,,,,,,,,,,,,,,,,,,,,,,,,,,,,,,,,,,,,,,,,,,,,,,,,,,,,,,,,,,,,,,,,,,,,,,,,,,,,,,,,,,,,,,,,,,,,,,,,,,,,,,,,,,,,,,,,,,,,,,,,,,,,,,,,,,,,,,,,,,,,,,,,,,,,,,,,,,,,,,,,,,,,,,,,,,,,,,,,,,,,,,,,,,,,,,,,,,,,,,,,,,,,,,,,,,,,,,,,,,,,,,,,,,,,,,,,,,,,,,,,,,,,,,,,,,,,,,,,,,,,,,,,,,,,,,,,,,,,,,,,,,,,,,,,,,,,,,,,,,,,,,,,,,,,,,,,,,,,,,,,,,,,,,,,,,,,,,,,,,,,,,,,,,,,,,,,,,,,,,,,,,,,,,,,,,,,,,,,,,,,,,,,,,,,,,,,,,,,,,,,,,,,,,,,,,,,,,,,,,,,,,,,,,,,,,,,,,,,,,,,,,,,,,,,,,,,,,,,,,,,,,,,,,,,,,
"7413-Pulteney-Dr,-Zephyrhills,-FL-33545","7413 Pulteney Dr, Zephyrhills, FL 33545",7413 Pulteney Dr,,Zephyrhills,FL,12,33545,Pasco,101,28.265068,-82.301231,Single Family,3,2.0,2042.0,Active,2390,Standard,2026-08-05T00:00:00.000Z,,2026-07-15T00:00:00.000Z,2026-08-05T02:48:03.934Z,1,Pasco,Zephyrhills,,,,,,,Rental Listing,2390,Standard,2026-08-05T00:00:00.000Z,,1,,,,,,,,,,,,,,,,,,,,,,Rental Listing,2390.0,Standard,2026-07-26T00:00:00.000Z,2026-07-27T00:00:00.000Z,1.0,,,,,,,,,,,,,,,,,,,,,,,,,,,,,,,,,,,,,,,,,,,,,,,,,,,,,,,,,,,,,,,,,,,,,,,,,,,,,,,,,,,,,,,,,,,,,,,,,,,,,,,,,,,,,,,,,,,,,,,,,,,,,,,,,,,,,,,,,,,,,,,,,,,,,,,,,,,,,,,,,,,,,,,,,,,,,,,,,,,,,,,,,,,,,,,,,,,,,,,,,,,,,,,,,,,,,,,,,,,,,,,,,,,,,,,,,,,,,,,,,,,,,,,,,,,,,,,,,,,,,,,,,,,,,,,,,,,,,,,,,,,,,,,,,,,,,,,,,,,,,,,,,,,,,,,,,,,,,,,,,,,,,,,,,,,,,,,,,,,,,,,,,,,,,,,,,,,,,,,,,,,,,,,,,,,,,,,,,,,,,,,,,,,,,,,,,,,,,,,,,,,,,,,,,,,,,,,,,,,,,,,,,,,,,,,,,,,,,,,,,,,,,,,,,,,,,,,,,,,,,,,,,,,,,,,,,,,,,,,,,,,,,,,,,,,,
"37739-Rattlesnake-Trl,-Zephyrhills,-FL-33541","37739 Rattlesnake Trl, Zephyrhills, FL 33541",37739 Rattlesnake Trl,,Zephyrhills,FL,12,33541,Pasco,101,28.283037,-82.192142,Single Family,4,2.5,1977.0,Active,2365,Standard,2026-08-05T00:00:00.000Z,,2026-03-12T00:00:00.000Z,2026-08-05T02:45:29.292Z,1,Pasco,Zephyrhills,,,,,,,Rental Listing,2365,Standard,2026-08-05T00:00:00.000Z,,1,,2026.0,,,,,,,,,,,,,,,,,,,,,,,,,,,,,,,,,,,,,,,,,,,,,,,,,,,,,,,,,,,,,,,,,,,,,,,,,,,,,,,,,,,,,,,,,,,,,,,,,,,,,,,,,,,,,,,,,,,,,,,,,,,,,,,,,,,,,,,,,,,,,,,,,,,,,,,,,,,,,,,,,,,,,,,,,,,,,,,,,,,,,,,,,,,,,,,,,,,,,,,,,,,,,,,,,,,,,,,,,,,,,,,,,,,,,,,,,,,,Rental Listing,2365.0,Standard,2026-05-29T00:00:00.000Z,2026-05-30T00:00:00.000Z,1.0,,,,,,,,,,,,,,,,,,,,,,,,,,,,,,,,,,,,,,,,,,,,,,,,,,,,,,,,,,,,,,,,,,,,,,,,,,,,,,,,,,,,,,,,,,,,,,,,,,,,,,,,,,,,,,,,,,,,,,,,,,,,,,,,,,,,,,,,,,,,,,,,,,,,,,,,,,,,,,,,,,,,,,,,,,,,,,,,,,,,,,,,,,,,,,,,,,,,,,,,,,,,,,,,,,,,,,,,,,,,,,,,,,,,,,,,,,,,,,,,,,,,,,,,,,,,,,,,,,,,,,,,,Rental Listing,2340.0,Standard,2026-05-02T00:00:00.000Z,2026-05-03T00:00:00.000Z,1.0,Rental Listing,2365.0,Standard,2026-06-20T00:00:00.000Z,2026-06-21T00:00:00.000Z,1.0
