id,formattedAddress,addressLine1,addressLine2,city,state,stateFips,zipCode,county,countyFips,latitude,longitude,propertyType,bedrooms,bathrooms,squareFootage,status,price,listingType,listedDate,removedDate,createdDate,lastSeenDate,daysOnMarket,meta_source_county,meta_source_city,history.2026-08-28.event,history.2026-08-28.price,history.2026-08-28.listingType,history.2026-08-28.listedDate,history.2026-08-28.removedDate,history.2026-08-28.daysOnMarket,history.2026-10-06.event,history.2026-10-06.price,history.2026-10-06.listingType,history.2026-10-06.listedDate,history.2026-10-06.removedDate,history.2026-10-06.daysOnMarket,history.2024-10-25.event,history.2024-10-25.price,history.2024-10-25.listingType,history.2024-10-25.listedDate,history.2024-10-25.removedDate,history.2024-10-25.daysOnMarket,history.2026-07-31.event,history.2026-07-31.price,history.2026-07-31.listingType,history.2026-07-31.listedDate,history.2026-07-31.removedDate,history.2026-07-31.daysOnMarket,history.2026-03-14.event,history.2026-03-14.price,history.2026-03-14.listingType,history.2026-03-14.listedDate,history.2026-03-14.removedDate,history.2026-03-14.daysOnMarket,history.2026-04-22.event,history.2026-04-22.price,history.2026-04-22.listingType,history.2026-04-22.listedDate,history.2026-04-22.removedDate,history.2026-04-22.daysOnMarket,history.2026-06-02.event,history.2026-06-02.price,history.2026-06-02.listingType,history.2026-06-02.listedDate,history.2026-06-02.removedDate,history.2026-06-02.daysOnMarket,history.2026-08-26.event,history.2026-08-26.price,history.2026-08-26.listingType,history.2026-08-26.listedDate,history.2026-08-26.removedDate,history.2026-08-26.daysOnMarket,history.2026-09-26.event,history.2026-09-26.price,history.2026-09-26.listingType,history.2026-09-26.listedDate,history.2026-09-26.removedDate,history.2026-09-26.daysOnMarket,history.2026-07-21.event,history.2026-07-21.price,history.2026-07-21.listingType,history.2026-07-21.listedDate,history.2026-07-21.removedDate,history.2026-07-21.daysOnMarket,yearBuilt,history.2024-11-28.event,history.2024-11-28.price,history.2024-11-28.listingType,history.2024-11-28.listedDate,history.2024-11-28.removedDate,history.2024-11-28.daysOnMarket,history.2024-10-16.event,history.2024-10-16.price,history.2024-10-16.listingType,history.2024-10-16.listedDate,history.2024-10-16.removedDate,history.2024-10-16.daysOnMarket,history.2026-09-07.event,history.2026-09-07.price,history.2026-09-07.listingType,history.2026-09-07.listedDate,history.2026-09-07.removedDate,history.2026-09-07.daysOnMarket,history.2024-09-09.event,history.2024-09-09.price,history.2024-09-09.listingType,history.2024-09-09.listedDate,history.2024-09-09.removedDate,history.2024-09-09.daysOnMarket,history.2026-08-10.event,history.2026-08-10.price,history.2026-08-10.listingType,history.2026-08-10.listedDate,history.2026-08-10.removedDate,history.2026-08-10.daysOnMarket,history.2026-03-25.event,history.2026-03-25.price,history.2026-03-25.listingType,history.2026-03-25.listedDate,history.2026-03-25.removedDate,history.2026-03-25.daysOnMarket,history.2026-04-03.event,history.2026-04-03.price,history.2026-04-03.listingType,history.2026-04-03.listedDate,history.2026-04-03.removedDate,history.2026-04-03.daysOnMarket,history.2026-04-25.event,history.2026-04-25.price,history.2026-04-25.listingType,history.2026-04-25.listedDate,history.2026-04-25.removedDate,history.2026-04-25.daysOnMarket,lotSize,history.2025-06-03.event,history.2025-06-03.price,history.2025-06-03.listingType,history.2025-06-03.listedDate,history.2025-06-03.removedDate,history.2025-06-03.daysOnMarket,history.2026-08-22.event,history.2026-08-22.price,history.2026-08-22.listingType,history.2026-08-22.listedDate,history.2026-08-22.removedDate,history.2026-08-22.daysOnMarket,history.2026-09-24.event,history.2026-09-24.price,history.2026-09-24.listingType,history.2026-09-24.listedDate,history.2026-09-24.removedDate,history.2026-09-24.daysOnMarket,history.2025-10-08.event,history.2025-10-08.price,history.2025-10-08.listingType,history.2025-10-08.listedDate,history.2025-10-08.removedDate,history.2025-10-08.daysOnMarket,history.2026-09-11.event,history.2026-09-11.price,history.2026-09-11.listingType,history.2026-09-11.listedDate,history.2026-09-11.removedDate,history.2026-09-11.daysOnMarket,history.2026-08-29.event,history.2026-08-29.price,history.2026-08-29.listingType,history.2026-08-29.listedDate,history.2026-08-29.removedDate,history.2026-08-29.daysOnMarket,history.2025-11-05.event,history.2025-11-05.price,history.2025-11-05.listingType,history.2025-11-05.listedDate,history.2025-11-05.removedDate,history.2025-11-05.daysOnMarket,history.2025-06-09.event,history.2025-06-09.price,history.2025-06-09.listingType,history.2025-06-09.listedDate,history.2025-06-09.removedDate,history.2025-06-09.daysOnMarket,history.2025-12-25.event,history.2025-12-25.price,history.2025-12-25.listingType,history.2025-12-25.listedDate,history.2025-12-25.removedDate,history.2025-12-25.daysOnMarket,history.2026-08-30.event,history.2026-08-30.price,history.2026-08-30.listingType,history.2026-08-30.listedDate,history.2026-08-30.removedDate,history.2026-08-30.daysOnMarket,history.2026-09-21.event,history.2026-09-21.price,history.2026-09-21.listingType,history.2026-09-21.listedDate,history.2026-09-21.removedDate,history.2026-09-21.daysOnMarket,history.2026-09-25.event,history.2026-09-25.price,history.2026-09-25.listingType,history.2026-09-25.listedDate,history.2026-09-25.removedDate,history.2026-09-25.daysOnMarket,history.2024-10-15.event,history.2024-10-15.price,history.2024-10-15.listingType,history.2024-10-15.listedDate,history.2024-10-15.removedDate,history.2024-10-15.daysOnMarket,history.2025-07-14.event,history.2025-07-14.price,history.2025-07-14.listingType,history.2025-07-14.listedDate,history.2025-07-14.removedDate,history.2025-07-14.daysOnMarket,history.2026-07-03.event,history.2026-07-03.price,history.2026-07-03.listingType,history.2026-07-03.listedDate,history.2026-07-03.removedDate,history.2026-07-03.daysOnMarket,history.2026-07-07.event,history.2026-07-07.price,history.2026-07-07.listingType,history.2026-07-07.listedDate,history.2026-07-07.removedDate,history.2026-07-07.daysOnMarket,history.2026-08-04.event,history.2026-08-04.price,history.2026-08-04.listingType,history.2026-08-04.listedDate,history.2026-08-04.removedDate,history.2026-08-04.daysOnMarket,history.2026-05-22.event,history.2026-05-22.price,history.2026-05-22.listingType,history.2026-05-22.listedDate,history.2026-05-22.removedDate,history.2026-05-22.daysOnMarket,history.2026-07-30.event,history.2026-07-30.price,history.2026-07-30.listingType,history.2026-07-30.listedDate,history.2026-07-30.removedDate,history.2026-07-30.daysOnMarket,history.2026-08-15.event,history.2026-08-15.price,history.2026-08-15.listingType,history.2026-08-15.listedDate,history.2026-08-15.removedDate,history.2026-08-15.daysOnMarket,history.2025-02-16.event,history.2025-02-16.price,history.2025-02-16.listingType,history.2025-02-16.listedDate,history.2025-02-16.removedDate,history.2025-02-16.daysOnMarket,history.2026-03-24.event,history.2026-03-24.price,history.2026-03-24.listingType,history.2026-03-24.listedDate,history.2026-03-24.removedDate,history.2026-03-24.daysOnMarket,history.2026-04-06.event,history.2026-04-06.price,history.2026-04-06.listingType,history.2026-04-06.listedDate,history.2026-04-06.removedDate,history.2026-04-06.daysOnMarket,history.2026-04-30.event,history.2026-04-30.price,history.2026-04-30.listingType,history.2026-04-30.listedDate,history.2026-04-30.removedDate,history.2026-04-30.daysOnMarket,history.2026-09-01.event,history.2026-09-01.price,history.2026-09-01.listingType,history.2026-09-01.listedDate,history.2026-09-01.removedDate,history.2026-09-01.daysOnMarket,history.2026-03-07.event,history.2026-03-07.price,history.2026-03-07.listingType,history.2026-03-07.listedDate,history.2026-03-07.removedDate,history.2026-03-07.daysOnMarket,history.2026-06-05.event,history.2026-06-05.price,history.2026-06-05.listingType,history.2026-06-05.listedDate,history.2026-06-05.removedDate,history.2026-06-05.daysOnMarket,history.2024-11-23.event,history.2024-11-23.price,history.2024-11-23.listingType,history.2024-11-23.listedDate,history.2024-11-23.removedDate,history.2024-11-23.daysOnMarket,history.2026-10-02.event,history.2026-10-02.price,history.2026-10-02.listingType,history.2026-10-02.listedDate,history.2026-10-02.removedDate,history.2026-10-02.daysOnMarket,history.2025-09-10.event,history.2025-09-10.price,history.2025-09-10.listingType,history.2025-09-10.listedDate,history.2025-09-10.removedDate,history.2025-09-10.daysOnMarket,history.2026-01-16.event,history.2026-01-16.price,history.2026-01-16.listingType,history.2026-01-16.listedDate,history.2026-01-16.removedDate,history.2026-01-16.daysOnMarket,history.2024-08-26.event,history.2024-08-26.price,history.2024-08-26.listingType,history.2024-08-26.listedDate,history.2024-08-26.removedDate,history.2024-08-26.daysOnMarket,history.2026-03-27.event,history.2026-03-27.price,history.2026-03-27.listingType,history.2026-03-27.listedDate,history.2026-03-27.removedDate,history.2026-03-27.daysOnMarket,history.2026-06-10.event,history.2026-06-10.price,history.2026-06-10.listingType,history.2026-06-10.listedDate,history.2026-06-10.removedDate,history.2026-06-10.daysOnMarket,history.2024-10-04.event,history.2024-10-04.price,history.2024-10-04.listingType,history.2024-10-04.listedDate,history.2024-10-04.removedDate,history.2024-10-04.daysOnMarket,history.2025-03-19.event,history.2025-03-19.price,history.2025-03-19.listingType,history.2025-03-19.listedDate,history.2025-03-19.removedDate,history.2025-03-19.daysOnMarket,history.2026-05-18.event,history.2026-05-18.price,history.2026-05-18.listingType,history.2026-05-18.listedDate,history.2026-05-18.removedDate,history.2026-05-18.daysOnMarket,history.2026-06-22.event,history.2026-06-22.price,history.2026-06-22.listingType,history.2026-06-22.listedDate,history.2026-06-22.removedDate,history.2026-06-22.daysOnMarket,history.2026-09-23.event,history.2026-09-23.price,history.2026-09-23.listingType,history.2026-09-23.listedDate,history.2026-09-23.removedDate,history.2026-09-23.daysOnMarket,hoa.fee,history.2026-08-21.event,history.2026-08-21.price,history.2026-08-21.listingType,history.2026-08-21.listedDate,history.2026-08-21.removedDate,history.2026-08-21.daysOnMarket,history.2025-10-04.event,history.2025-10-04.price,history.2025-10-04.listingType,history.2025-10-04.listedDate,history.2025-10-04.removedDate,history.2025-10-04.daysOnMarket,history.2024-11-02.event,history.2024-11-02.price,history.2024-11-02.listingType,history.2024-11-02.listedDate,history.2024-11-02.removedDate,history.2024-11-02.daysOnMarket,history.2026-08-06.event,history.2026-08-06.price,history.2026-08-06.listingType,history.2026-08-06.listedDate,history.2026-08-06.removedDate,history.2026-08-06.daysOnMarket,history.2026-02-12.event,history.2026-02-12.price,history.2026-02-12.listingType,history.2026-02-12.listedDate,history.2026-02-12.removedDate,history.2026-02-12.daysOnMarket,history.2026-06-19.event,history.2026-06-19.price,history.2026-06-19.listingType,history.2026-06-19.listedDate,history.2026-06-19.removedDate,history.2026-06-19.daysOnMarket,history.2025-10-18.event,history.2025-10-18.price,history.2025-10-18.listingType,history.2025-10-18.listedDate,history.2025-10-18.removedDate,history.2025-10-18.daysOnMarket,history.2025-04-01.event,history.2025-04-01.price,history.2025-04-01.listingType,history.2025-04-01.listedDate,history.2025-04-01.removedDate,history.2025-04-01.daysOnMarket,history.2025-04-07.event,history.2025-04-07.price,history.2025-04-07.listingType,history.2025-04-07.listedDate,history.2025-04-07.removedDate,history.2025-04-07.daysOnMarket,history.2025-04-19.event,history.2025-04-19.price,history.2025-04-19.listingType,history.2025-04-19.listedDate,history.2025-04-19.removedDate,history.2025-04-19.daysOnMarket,history.2026-04-09.event,history.2026-04-09.price,history.2026-04-09.listingType,history.2026-04-09.listedDate,history.2026-04-09.removedDate,history.2026-04-09.daysOnMarket,history.2026-04-20.event,history.2026-04-20.price,history.2026-04-20.listingType,history.2026-04-20.listedDate,history.2026-04-20.removedDate,history.2026-04-20.daysOnMarket,history.2026-05-06.event,history.2026-05-06.price,history.2026-05-06.listingType,history.2026-05-06.listedDate,history.2026-05-06.removedDate,history.2026-05-06.daysOnMarket,history.2025-08-10.event,history.2025-08-10.price,history.2025-08-10.listingType,history.2025-08-10.listedDate,history.2025-08-10.removedDate,history.2025-08-10.daysOnMarket,history.2025-08-27.event,history.2025-08-27.price,history.2025-08-27.listingType,history.2025-08-27.listedDate,history.2025-08-27.removedDate,history.2025-08-27.daysOnMarket,history.2025-09-13.event,history.2025-09-13.price,history.2025-09-13.listingType,history.2025-09-13.listedDate,history.2025-09-13.removedDate,history.2025-09-13.daysOnMarket,history.2026-09-06.event,history.2026-09-06.price,history.2026-09-06.listingType,history.2026-09-06.listedDate,history.2026-09-06.removedDate,history.2026-09-06.daysOnMarket,history.2025-05-13.event,history.2025-05-13.price,history.2025-05-13.listingType,history.2025-05-13.listedDate,history.2025-05-13.removedDate,history.2025-05-13.daysOnMarket,history.2025-08-04.event,history.2025-08-04.price,history.2025-08-04.listingType,history.2025-08-04.listedDate,history.2025-08-04.removedDate,history.2025-08-04.daysOnMarket,history.2026-08-24.event,history.2026-08-24.price,history.2026-08-24.listingType,history.2026-08-24.listedDate,history.2026-08-24.removedDate,history.2026-08-24.daysOnMarket,history.2025-07-11.event,history.2025-07-11.price,history.2025-07-11.listingType,history.2025-07-11.listedDate,history.2025-07-11.removedDate,history.2025-07-11.daysOnMarket,history.2023-05-03.event,history.2023-05-03.price,history.2023-05-03.listingType,history.2023-05-03.listedDate,history.2023-05-03.removedDate,history.2023-05-03.daysOnMarket,history.2026-05-14.event,history.2026-05-14.price,history.2026-05-14.listingType,history.2026-05-14.listedDate,history.2026-05-14.removedDate,history.2026-05-14.daysOnMarket,history.2026-05-26.event,history.2026-05-26.price,history.2026-05-26.listingType,history.2026-05-26.listedDate,history.2026-05-26.removedDate,history.2026-05-26.daysOnMarket,history.2026-06-15.event,history.2026-06-15.price,history.2026-06-15.listingType,history.2026-06-15.listedDate,history.2026-06-15.removedDate,history.2026-06-15.daysOnMarket,history.2026-08-03.event,history.2026-08-03.price,history.2026-08-03.listingType,history.2026-08-03.listedDate,history.2026-08-03.removedDate,history.2026-08-03.daysOnMarket,history.2026-04-28.event,history.2026-04-28.price,history.2026-04-28.listingType,history.2026-04-28.listedDate,history.2026-04-28.removedDate,history.2026-04-28.daysOnMarket
"18447-Red-Willow-Way,-Land-O-Lakes,-FL-34638","18447 Red Willow Way, Land O Lakes, FL 34638",18447 Red Willow Way,,Land O Lakes,FL,12,34638,Pasco,101,28.301633,-82.51064,Single Family,3,2.0,2150.0,Active,2190,Standard,2026-10-06T00:00:00.000Z,,2020-12-12T01:03:52.073Z,2026-10-06T02:41:43.046Z,1,Pasco,Land O Lakes,Rental Listing,2790.0,Standard,2026-08-28T00:00:00.000Z,2026-08-29T00:00:00.000Z,1.0,Rental Listing,2190,Standard,2026-10-06T00:00:00.000Z,,1,,,,,,,,,,,,,,,,,,,,,,,,,,,,,,,,,,,,,,,,,,,,,,,,,,,,,,,,,,,,,,,,,,,,,,,,,,,,,,,,,,,,,,,,,,,,,,,,,,,,,,,,,,,,,,,,,,,,,,,,,,,,,,,,,,,,,,,,,,,,,,,,,,,,,,,,,,,,,,,,,,,,,,,,,,,,,,,,,,,,,,,,,,,,,,,,,,,,,,,,,,,,,,,,,,,,,,,,,,,,,,,,,,,,,,,,,,,,,,,,,,,,,,,,,,,,,,,,,,,,,,,,,,,,,,,,,,,,,,,,,,,,,,,,,,,,,,,,,,,,,,,,,,,,,,,,,,,,,,,,,,,,,,,,,,,,,,,,,,,,,,,,,,,,,,,,,,,,,,,,,,,,,,,,,,,,,,,,,,,,,,,,,,,,,,,,,,,,,,,,,,,,,,,,,,,,,,,,,,,,,,,,,,,,,,,,,,,,,,,,,,,,,,,,,,,,,,,,,,,,,,,,,,,,,,,,,,,,,,,,,,,,,,,,,,,,,,,
"23217-Bayou-Grove-St,-Land-O-Lakes,-FL-34639","23217 Bayou Grove St, Land O Lakes, FL 34639",23217 Bayou Grove St,,Land O Lakes,FL,12,34639,Pasco,101,28.206479,-82.431978,Single Family,3,2.0,1532.0,Active,2295,Standard,2026-10-06T00:00:00.000Z,,2024-10-24T00:00:00.000Z,2026-10-06T02:41:43.044Z,1,Pasco,Land O Lakes,,,,,,,Rental Listing,2295,Standard,2026-10-06T00:00:00.000Z,,1,Rental Listing,2260.0,Standard,2024-10-25T00:00:00.000Z,2024-12-17T00:00:00.000Z,53.0,,,,,,,,,,,,,,,,,,,,,,,,,,,,,,,,,,,,,,,,,,,,,,,,,,,,,,,,,,,,,,,,,,,,,,,,,,,,,,,,,,,,,,,,,,,,,,,,,,,,,,,,,,,,,,,,,,,,,,,,,,,,,,,,,,,,,,,,,,,,,,,,,,,,,,,,,,,,,,,,,,,,,,,,,,,,,,,,,,,,,,,,,,,,,,,,,,,,,,,,,,,,,,,,,,,,,,,,,,,,,,,,,,,,,,,,,,,,,,,,,,,,,,,,,,,,,,,,,,,,,,,,,,,,,,,,,,,,,,,,,,,,,,,,,,,,,,,,,,,,,,,,,,,,,,,,,,,,,,,,,,,,,,,,,,,,,,,,,,,,,,,,,,,,,,,,,,,,,,,,,,,,,,,,,,,,,,,,,,,,,,,,,,,,,,,,,,,,,,,,,,,,,,,,,,,,,,,,,,,,,,,,,,,,,,,,,,,,,,,,,,,,,,,,,,,,,,,,,,,,,,,,,,,,,,,,,,,,,,,,,,,,,,,,,
"18750-Narimore-Dr,-Land-O-Lakes,-FL-34638","18750 Narimore Dr, Land O Lakes, FL 34638",18750 Narimore Dr,,Land O Lakes,FL,12,34638,Pasco,101,28.292675,-82.505317,Single Family,3,2.0,1702.0,Active,2615,Standard,2026-10-06T00:00:00.000Z,,2021-08-20T00:30:18.252Z,2026-10-06T02:41:43.038Z,1,Pasco,Land O Lakes,,,,,,,Rental Listing,2615,Standard,2026-10-06T00:00:00.000Z,,1,,,,,,,,,,,,,,,,,,,,,,,,,,,,,,,,,,,,,,,,,,,,,,,,,,,,,,,,,,,,,,,,,,,,,,,,,,,,,,,,,,,,,,,,,,,,,,,,,,,,,,,,,,,,,,,,,,,,,,,,,,,,,,,,,,,,,,,,,,,,,,,,,,,,,,,,,,,,,,,,,,,,,,,,,,,,,,,,,,,,,,,,,,,,,,,,,,,,,,,,,,,,,,,,,,,,,,,,,,,,,,,,,,,,,,,,,,,,,,,,,,,,,,,,,,,,,,,,,,,,,,,,,,,,,,,,,,,,,,,,,,,,,,,,,,,,,,,,,,,,,,,,,,,,,,,,,,,,,,,,,,,,,,,,,,,,,,,,,,,,,,,,,,,,,,,,,,,,,,,,,,,,,,,,,,,,,,,,,,,,,,,,,,,,,,,,,,,,,,,,,,,,,,,,,,,,,,,,,,,,,,,,,,,,,,,,,,,,,,,,,,,,,,,,,,,,,,,,,,,,,,,,,,,,,,,,,,,,,,,,,,,,,,,,,,,,,,,
"25924-Terrawood-Loop,-Land-O-Lakes,-FL-34639","25924 Terrawood Loop, Land O Lakes, FL 34639",25924 Terrawood Loop,,Land O Lakes,FL,12,34639,Pasco,101,28.2221,-82.387022,Single Family,3,2.0,1340.0,Active,1820,Standard,2026-10-06T00:00:00.000Z,,2023-10-28T00:00:00.000Z,2026-10-06T02:41:43.037Z,1,Pasco,Land O Lakes,,,,,,,Rental Listing,1820,Standard,2026-10-06T00:00:00.000Z,,1,,,,,,,Rental Listing,2100.0,Standard,2026-07-31T00:00:00.000Z,2026-08-01T00:00:00.000Z,1.0,,,,,,,,,,,,,,,,,,,,,,,,,,,,,,,,,,,,,,,,,,,,,,,,,,,,,,,,,,,,,,,,,,,,,,,,,,,,,,,,,,,,,,,,,,,,,,,,,,,,,,,,,,,,,,,,,,,,,,,,,,,,,,,,,,,,,,,,,,,,,,,,,,,,,,,,,,,,,,,,,,,,,,,,,,,,,,,,,,,,,,,,,,,,,,,,,,,,,,,,,,,,,,,,,,,,,,,,,,,,,,,,,,,,,,,,,,,,,,,,,,,,,,,,,,,,,,,,,,,,,,,,,,,,,,,,,,,,,,,,,,,,,,,,,,,,,,,,,,,,,,,,,,,,,,,,,,,,,,,,,,,,,,,,,,,,,,,,,,,,,,,,,,,,,,,,,,,,,,,,,,,,,,,,,,,,,,,,,,,,,,,,,,,,,,,,,,,,,,,,,,,,,,,,,,,,,,,,,,,,,,,,,,,,,,,,,,,,,,,,,,,,,,,,,,,,,,,,,,,,,,,,,,,,,,,,,,,,,,,,,,,
"24146-Cross-Ln,-Land-O-Lakes,-FL-34639","24146 Cross Ln, Land O Lakes, FL 34639",24146 Cross Ln,,Land O Lakes,FL,12,34639,Pasco,101,28.188647,-82.416422,Single Family,3,2.0,1608.0,Active,2400,Standard,2026-10-06T00:00:00.000Z,,2020-12-15T02:15:22.817Z,2026-10-06T02:41:43.020Z,1,Pasco,Land O Lakes,,,,,,,Rental Listing,2400,Standard,2026-10-06T00:00:00.000Z,,1,,,,,,,,,,,,,,,,,,,,,,,,,,,,,,,,,,,,,,,,,,,,,,,,,,,,,,,,,,,,,,,,,,,,,,,,,,,,,,,,,,,,,,,,,,,,,,,,,,,,,,,,,,,,,,,,,,,,,,,,,,,,,,,,,,,,,,,,,,,,,,,,,,,,,,,,,,,,,,,,,,,,,,,,,,,,,,,,,,,,,,,,,,,,,,,,,,,,,,,,,,,,,,,,,,,,,,,,,,,,,,,,,,,,,,,,,,,,,,,,,,,,,,,,,,,,,,,,,,,,,,,,,,,,,,,,,,,,,,,,,,,,,,,,,,,,,,,,,,,,,,,,,,,,,,,,,,,,,,,,,,,,,,,,,,,,,,,,,,,,,,,,,,,,,,,,,,,,,,,,,,,,,,,,,,,,,,,,,,,,,,,,,,,,,,,,,,,,,,,,,,,,,,,,,,,,,,,,,,,,,,,,,,,,,,,,,,,,,,,,,,,,,,,,,,,,,,,,,,,,,,,,,,,,,,,,,,,,,,,,,,,,,,,,,,,,,,,
"17515-Sandgate-Ct,-Land-O-Lakes,-FL-34638","17515 Sandgate Ct, Land O Lakes, FL 34638",17515 Sandgate Ct,,Land O Lakes,FL,12,34638,Pasco,101,28.205368,-82.525882,Single Family,3,3.0,2112.0,Active,2400,Standard,2026-10-06T00:00:00.000Z,,2020-03-14T03:32:32.613Z,2026-10-06T02:41:43.015Z,1,Pasco,Land O Lakes,,,,,,,Rental Listing,2400,Standard,2026-10-06T00:00:00.000Z,,1,,,,,,,,,,,,,Rental Listing,2550.0,Standard,2026-03-14T00:00:00.000Z,2026-03-15T00:00:00.000Z,1.0,Rental Listing,2550.0,Standard,2026-04-22T00:00:00.000Z,2026-04-23T00:00:00.000Z,1.0,Rental Listing,2550.0,Standard,2026-06-02T00:00:00.000Z,2026-06-03T00:00:00.000Z,1.0,Rental Listing,2400.0,Standard,2026-08-26T00:00:00.000Z,2026-08-27T00:00:00.000Z,1.0,Rental Listing,2400.0,Standard,2026-09-26T00:00:00.000Z,2026-09-27T00:00:00.000Z,1.0,,,,,,,,,,,,,,,,,,,,,,,,,,,,,,,,,,,,,,,,,,,,,,,,,,,,,,,,,,,,,,,,,,,,,,,,,,,,,,,,,,,,,,,,,,,,,,,,,,,,,,,,,,,,,,,,,,,,,,,,,,,,,,,,,,,,,,,,,,,,,,,,,,,,,,,,,,,,,,,,,,,,,,,,,,,,,,,,,,,,,,,,,,,,,,,,,,,,,,,,,,,,,,,,,,,,,,,,,,,,,,,,,,,,,,,,,,,,,,,,,,,,,,,,,,,,,,,,,,,,,,,,,,,,,,,,,,,,,,,,,,,,,,,,,,,,,,,,,,,,,,,,,,,,,,,,,,,,,,,,,,,,,,,,,,,,,,,,,,,,,,,,,,,,,,,,,,,,,,,,,,,,,,,,,,,,,,,,,,,,,,,,,,,,,,,,,,,,,,,,,,,,,,,,,,,,,,,,,,,,,,,,,,,,,,,,,,,,,,,,,,,,,,,,,,,,,
"21027-Voyager-Blvd,-Apt-K8,-Land-O-Lakes,-FL-34638","21027 Voyager Blvd, Apt K8, Land O Lakes, FL 34638",21027 Voyager Blvd,Apt K8,Land O Lakes,FL,12,34638,Pasco,101,28.216344,-82.467837,Condo,2,1.0,800.0,Active,1299,Standard,2026-10-06T00:00:00.000Z,,2026-06-28T00:00:00.000Z,2026-10-06T02:41:43.008Z,1,Pasco,Land O Lakes,,,,,,,Rental Listing,1299,Standard,2026-10-06T00:00:00.000Z,,1,,,,,,,,,,,,,,,,,,,,,,,,,,,,,,,,,,,,,,,,,,,Rental Listing,1325.0,Standard,2026-07-21T00:00:00.000Z,2026-07-22T00:00:00.000Z,1.0,,,,,,,,,,,,,,,,,,,,,,,,,,,,,,,,,,,,,,,,,,,,,,,,,,,,,,,,,,,,,,,,,,,,,,,,,,,,,,,,,,,,,,,,,,,,,,,,,,,,,,,,,,,,,,,,,,,,,,,,,,,,,,,,,,,,,,,,,,,,,,,,,,,,,,,,,,,,,,,,,,,,,,,,,,,,,,,,,,,,,,,,,,,,,,,,,,,,,,,,,,,,,,,,,,,,,,,,,,,,,,,,,,,,,,,,,,,,,,,,,,,,,,,,,,,,,,,,,,,,,,,,,,,,,,,,,,,,,,,,,,,,,,,,,,,,,,,,,,,,,,,,,,,,,,,,,,,,,,,,,,,,,,,,,,,,,,,,,,,,,,,,,,,,,,,,,,,,,,,,,,,,,,,,,,,,,,,,,,,,,,,,,,,,,,,,,,,,,,,,,,,,,,,,,,,,,,,,,,,,,,,,,,,,,,,,,,,,,,,,,,,,,,,
"18136-Cypress-Bay-Pkwy,-Land-O-Lakes,-FL-34638","18136 Cypress Bay Pkwy, Land O Lakes, FL 34638",18136 Cypress Bay Pkwy,,Land O Lakes,FL,12,34638,Pasco,101,28.302351,-82.515594,Single Family,3,2.0,1271.0,Active,1875,Standard,2026-10-06T00:00:00.000Z,,2024-08-02T00:00:00.000Z,2026-10-06T02:41:43.006Z,1,Pasco,Land O Lakes,,,,,,,Rental Listing,1875,Standard,2026-10-06T00:00:00.000Z,,1,,,,,,,,,,,,,,,,,,,,,,,,,,,,,,,,,,,,,,,,,,,,,,,,,,,,,,,,,,,,,,,,,,,,,,,,,,,,,,,,,,,,,,,,,,,,,,,,,,,,,,,,,,,,,,,,,,,,,,,,,,,,,,,,,,,,,,,,,,,,,,,,,,,,,,,,,,,,,,,,,,,,,,,,,,,,,,,,,,,,,,,,,,,,,,,,,,,,,,,,,,,,,,,,,,,,,,,,,,,,,,,,,,,,,,,,,,,,,,,,,,,,,,,,,,,,,,,,,,,,,,,,,,,,,,,,,,,,,,,,,,,,,,,,,,,,,,,,,,,,,,,,,,,,,,,,,,,,,,,,,,,,,,,,,,,,,,,,,,,,,,,,,,,,,,,,,,,,,,,,,,,,,,,,,,,,,,,,,,,,,,,,,,,,,,,,,,,,,,,,,,,,,,,,,,,,,,,,,,,,,,,,,,,,,,,,,,,,,,,,,,,,,,,,,,,,,,,,,,,,,,,,,,,,,,,,,,,,,,,,,,,,,,,,,,,,,,,
"4246-Whittner-Dr,-Land-O-Lakes,-FL-34639","4246 Whittner Dr, Land O Lakes, FL 34639",4246 Whittner Dr,,Land O Lakes,FL,12,34639,Pasco,101,28.215021,-82.432493,Single Family,4,2.0,1996.0,Active,2610,Standard,2026-10-06T00:00:00.000Z,,2019-10-13T01:25:08.567Z,2026-10-06T02:39:02.990Z,1,Pasco,Land O Lakes,,,,,,,Rental Listing,2610,Standard,2026-10-06T00:00:00.000Z,,1,,,,,,,,,,,,,,,,,,,,,,,,,,,,,,,,,,,,,,,,,,,,,,,,,,,,,,,,,,,,,,,,,,,,,,,,,,,,,,,,,,,,,,,,,,,,,,,,,,,,,,,,,,,,,,,,,,,,,,,,,,,,,,,,,,,,,,,,,,,,,,,,,,,,,,,,,,,,,,,,,,,,,,,,,,,,,,,,,,,,,,,,,,,,,,,,,,,,,,,,,,,,,,,,,,,,,,,,,,,,,,,,,,,,,,,,,,,,,,,,,,,,,,,,,,,,,,,,,,,,,,,,,,,,,,,,,,,,,,,,,,,,,,,,,,,,,,,,,,,,,,,,,,,,,,,,,,,,,,,,,,,,,,,,,,,,,,,,,,,,,,,,,,,,,,,,,,,,,,,,,,,,,,,,,,,,,,,,,,,,,,,,,,,,,,,,,,,,,,,,,,,,,,,,,,,,,,,,,,,,,,,,,,,,,,,,,,,,,,,,,,,,,,,,,,,,,,,,,,,,,,,,,,,,,,,,,,,,,,,,,,,,,,,,,,,,,,,
"5845-Sweet-William-Ter,-Land-O-Lakes,-FL-34639","5845 Sweet William Ter, Land O Lakes, FL 34639",5845 Sweet William Ter,,Land O Lakes,FL,12,34639,Pasco,101,28.242667,-82.442022,Single Family,3,2.0,1840.0,Active,2099,Standard,2026-10-06T00:00:00.000Z,,2020-08-05T02:20:16.712Z,2026-10-06T02:39:02.986Z,1,Pasco,Land O Lakes,,,,,,,Rental Listing,2099,Standard,2026-10-06T00:00:00.000Z,,1,,,,,,,,,,,,,,,,,,,,,,,,,,,,,,,,,,,,,,,,,,,,,,,,,,,,,,,,,,,,,,,,,,,,,,,,,,,,,,,,,,,,,,,,,,,,,,,,,,,,,,,,,,,,,,,,,,,,,,,,,,,,,,,,,,,,,,,,,,,,,,,,,,,,,,,,,,,,,,,,,,,,,,,,,,,,,,,,,,,,,,,,,,,,,,,,,,,,,,,,,,,,,,,,,,,,,,,,,,,,,,,,,,,,,,,,,,,,,,,,,,,,,,,,,,,,,,,,,,,,,,,,,,,,,,,,,,,,,,,,,,,,,,,,,,,,,,,,,,,,,,,,,,,,,,,,,,,,,,,,,,,,,,,,,,,,,,,,,,,,,,,,,,,,,,,,,,,,,,,,,,,,,,,,,,,,,,,,,,,,,,,,,,,,,,,,,,,,,,,,,,,,,,,,,,,,,,,,,,,,,,,,,,,,,,,,,,,,,,,,,,,,,,,,,,,,,,,,,,,,,,,,,,,,,,,,,,,,,,,,,,,,,,,,,,,,,,,
"21027-Monza-Loop,-Land-O-Lakes,-FL-34638","21027 Monza Loop, Land O Lakes, FL 34638",21027 Monza Loop,,Land O Lakes,FL,12,34638,Pasco,101,28.255944,-82.478927,Single Family,4,3.0,2203.0,Active,2850,Standard,2026-10-06T00:00:00.000Z,,2026-09-26T00:00:00.000Z,2026-10-06T02:39:02.986Z,1,Pasco,Land O Lakes,,,,,,,Rental Listing,2850,Standard,2026-10-06T00:00:00.000Z,,1,,,,,,,,,,,,,,,,,,,,,,,,,,,,,,,,,,,,,,,,,,,,,,,,,,,,,,,,,,,,,,,,,,,,,,,,,,,,,,,,,,,,,,,,,,,,,,,,,,,,,,,,,,,,,,,,,,,,,,,,,,,,,,,,,,,,,,,,,,,,,,,,,,,,,,,,,,,,,,,,,,,,,,,,,,,,,,,,,,,,,,,,,,,,,,,,,,,,,,,,,,,,,,,,,,,,,,,,,,,,,,,,,,,,,,,,,,,,,,,,,,,,,,,,,,,,,,,,,,,,,,,,,,,,,,,,,,,,,,,,,,,,,,,,,,,,,,,,,,,,,,,,,,,,,,,,,,,,,,,,,,,,,,,,,,,,,,,,,,,,,,,,,,,,,,,,,,,,,,,,,,,,,,,,,,,,,,,,,,,,,,,,,,,,,,,,,,,,,,,,,,,,,,,,,,,,,,,,,,,,,,,,,,,,,,,,,,,,,,,,,,,,,,,,,,,,,,,,,,,,,,,,,,,,,,,,,,,,,,,,,,,,,,,,,,,,,,,
"20356-Calla-Lily-Dr,-Land-O-Lakes,-FL-34638","20356 Calla Lily Dr, Land O Lakes, FL 34638",20356 Calla Lily Dr,,Land O Lakes,FL,12,34638,Pasco,101,28.214069,-82.47997,Single Family,4,2.5,1977.0,Active,2722,Standard,2026-10-06T00:00:00.000Z,,2024-12-01T00:00:00.000Z,2026-10-06T02:39:02.981Z,1,Pasco,Land O Lakes,,,,,,,Rental Listing,2722,Standard,2026-10-06T00:00:00.000Z,,1,,,,,,,,,,,,,,,,,,,,,,,,,,,,,,,,,,,,,,,,,,,,,,,,,2022.0,Rental Listing,2575.0,Standard,2024-11-28T00:00:00.000Z,2024-12-03T00:00:00.000Z,5.0,,,,,,,,,,,,,,,,,,,,,,,,,,,,,,,,,,,,,,,,,,,,,,,,,,,,,,,,,,,,,,,,,,,,,,,,,,,,,,,,,,,,,,,,,,,,,,,,,,,,,,,,,,,,,,,,,,,,,,,,,,,,,,,,,,,,,,,,,,,,,,,,,,,,,,,,,,,,,,,,,,,,,,,,,,,,,,,,,,,,,,,,,,,,,,,,,,,,,,,,,,,,,,,,,,,,,,,,,,,,,,,,,,,,,,,,,,,,,,,,,,,,,,,,,,,,,,,,,,,,,,,,,,,,,,,,,,,,,,,,,,,,,,,,,,,,,,,,,,,,,,,,,,,,,,,,,,,,,,,,,,,,,,,,,,,,,,,,,,,,,,,,,,,,,,,,,,,,,,,,,,,,,,,,,,,,,,,,,,,,,,,,,,,,,,,,,,,,,,,,,,,,,,,,,,,,,,,,,,,,,,,,,,,,,,,,,,,,,,,,
"20364-Calla-Lily-Dr,-Land-O-Lakes,-FL-34638","20364 Calla Lily Dr, Land O Lakes, FL 34638",20364 Calla Lily Dr,,Land O Lakes,FL,12,34638,Pasco,101,28.214141,-82.479837,Single Family,3,2.0,1700.0,Active,2687,Standard,2026-10-06T00:00:00.000Z,,2024-10-23T00:00:00.000Z,2026-10-06T02:39:02.977Z,1,Pasco,Land O Lakes,,,,,,,Rental Listing,2687,Standard,2026-10-06T00:00:00.000Z,,1,,,,,,,,,,,,,,,,,,,,,,,,,,,,,,,,,,,,,,,,,,,,,,,,,2022.0,,,,,,,Rental Listing,2490.0,Standard,2024-10-16T00:00:00.000Z,2024-10-25T00:00:00.000Z,9.0,,,,,,,,,,,,,,,,,,,,,,,,,,,,,,,,,,,,,,,,,,,,,,,,,,,,,,,,,,,,,,,,,,,,,,,,,,,,,,,,,,,,,,,,,,,,,,,,,,,,,,,,,,,,,,,,,,,,,,,,,,,,,,,,,,,,,,,,,,,,,,,,,,,,,,,,,,,,,,,,,,,,,,,,,,,,,,,,,,,,,,,,,,,,,,,,,,,,,,,,,,,,,,,,,,,,,,,,,,,,,,,,,,,,,,,,,,,,,,,,,,,,,,,,,,,,,,,,,,,,,,,,,,,,,,,,,,,,,,,,,,,,,,,,,,,,,,,,,,,,,,,,,,,,,,,,,,,,,,,,,,,,,,,,,,,,,,,,,,,,,,,,,,,,,,,,,,,,,,,,,,,,,,,,,,,,,,,,,,,,,,,,,,,,,,,,,,,,,,,,,,,,,,,,,,,,,,,,,,,,,,,,,,,,,,,,,,
"22407-Bellini-Cir,-Land-O-Lakes,-FL-34639","22407 Bellini Cir, Land O Lakes, FL 34639",22407 Bellini Cir,,Land O Lakes,FL,12,34639,Pasco,101,28.215575,-82.444074,Single Family,4,3.0,2245.0,Active,2932,Standard,2026-10-06T00:00:00.000Z,,2026-08-13T00:00:00.000Z,2026-10-06T02:39:02.976Z,1,Pasco,Land O Lakes,,,,,,,Rental Listing,2932,Standard,2026-10-06T00:00:00.000Z,,1,,,,,,,,,,,,,,,,,,,,,,,,,,,,,,,,,,,,,,,,,,,,,,,,,2022.0,,,,,,,,,,,,,Rental Listing,2880.0,Standard,2026-09-07T00:00:00.000Z,2026-09-08T00:00:00.000Z,1.0,,,,,,,,,,,,,,,,,,,,,,,,,,,,,,,,,,,,,,,,,,,,,,,,,,,,,,,,,,,,,,,,,,,,,,,,,,,,,,,,,,,,,,,,,,,,,,,,,,,,,,,,,,,,,,,,,,,,,,,,,,,,,,,,,,,,,,,,,,,,,,,,,,,,,,,,,,,,,,,,,,,,,,,,,,,,,,,,,,,,,,,,,,,,,,,,,,,,,,,,,,,,,,,,,,,,,,,,,,,,,,,,,,,,,,,,,,,,,,,,,,,,,,,,,,,,,,,,,,,,,,,,,,,,,,,,,,,,,,,,,,,,,,,,,,,,,,,,,,,,,,,,,,,,,,,,,,,,,,,,,,,,,,,,,,,,,,,,,,,,,,,,,,,,,,,,,,,,,,,,,,,,,,,,,,,,,,,,,,,,,,,,,,,,,,,,,,,,,,,,,,,,,,,,,,,,,,,,,,,,,,,,,,,,
"22478-Bellini-Cir,-Land-O-Lakes,-FL-34639","22478 Bellini Cir, Land O Lakes, FL 34639",22478 Bellini Cir,,Land O Lakes,FL,12,34639,Pasco,101,28.215583,-82.444961,Single Family,4,2.5,1977.0,Active,2502,Standard,2026-10-06T00:00:00.000Z,,2024-11-04T00:00:00.000Z,2026-10-06T02:39:02.975Z,1,Pasco,Land O Lakes,,,,,,,Rental Listing,2502,Standard,2026-10-06T00:00:00.000Z,,1,,,,,,,,,,,,,,,,,,,,,,,,,,,,,,,,,,,,,,,,,,,,,,,,,2022.0,,,,,,,,,,,,,,,,,,,Rental Listing,2575.0,Standard,2024-09-09T00:00:00.000Z,2024-11-06T00:00:00.000Z,58.0,,,,,,,,,,,,,,,,,,,,,,,,,,,,,,,,,,,,,,,,,,,,,,,,,,,,,,,,,,,,,,,,,,,,,,,,,,,,,,,,,,,,,,,,,,,,,,,,,,,,,,,,,,,,,,,,,,,,,,,,,,,,,,,,,,,,,,,,,,,,,,,,,,,,,,,,,,,,,,,,,,,,,,,,,,,,,,,,,,,,,,,,,,,,,,,,,,,,,,,,,,,,,,,,,,,,,,,,,,,,,,,,,,,,,,,,,,,,,,,,,,,,,,,,,,,,,,,,,,,,,,,,,,,,,,,,,,,,,,,,,,,,,,,,,,,,,,,,,,,,,,,,,,,,,,,,,,,,,,,,,,,,,,,,,,,,,,,,,,,,,,,,,,,,,,,,,,,,,,,,,,,,,,,,,,,,,,,,,,,,,,,,,,,,,,,,,,,,,,,,,,,,,,,,,,,,,,,,,,,,,,
"2846-Prairie-Iris-Dr,-Land-O-Lakes,-FL-34638","2846 Prairie Iris Dr, Land O Lakes, FL 34638",2846 Prairie Iris Dr,,Land O Lakes,FL,12,34638,Pasco,101,28.199426,-82.527652,Single Family,4,2.5,2110.0,Active,2657,Standard,2026-10-06T00:00:00.000Z,,2019-04-30T08:54:49.154Z,2026-10-06T02:39:02.972Z,1,Pasco,Land O Lakes,,,,,,,Rental Listing,2657,Standard,2026-10-06T00:00:00.000Z,,1,,,,,,,,,,,,,,,,,,,,,,,,,,,,,,,,,,,,,,,,,,,,,,,,,2005.0,,,,,,,,,,,,,,,,,,,,,,,,,,,,,,,,,,,,,,,,,,,,,,,,,,,,,,,,,,,,,,,,,,,,,,,,,,,,,,,,,,,,,,,,,,,,,,,,,,,,,,,,,,,,,,,,,,,,,,,,,,,,,,,,,,,,,,,,,,,,,,,,,,,,,,,,,,,,,,,,,,,,,,,,,,,,,,,,,,,,,,,,,,,,,,,,,,,,,,,,,,,,,,,,,,,,,,,,,,,,,,,,,,,,,,,,,,,,,,,,,,,,,,,,,,,,,,,,,,,,,,,,,,,,,,,,,,,,,,,,,,,,,,,,,,,,,,,,,,,,,,,,,,,,,,,,,,,,,,,,,,,,,,,,,,,,,,,,,,,,,,,,,,,,,,,,,,,,,,,,,,,,,,,,,,,,,,,,,,,,,,,,,,,,,,,,,,,,,,,,,,,,,,,,,,,,,,,,,,,,,,,,,,,,,,,,,,,,,,,,,,,,,,
"22477-Bellini-Cir,-Land-O-Lakes,-FL-34639","22477 Bellini Cir, Land O Lakes, FL 34639",22477 Bellini Cir,,Land O Lakes,FL,12,34639,Pasco,101,28.215544,-82.44547,Single Family,4,3.0,2245.0,Active,2962,Standard,2026-10-06T00:00:00.000Z,,2026-07-29T00:00:00.000Z,2026-10-06T02:39:02.965Z,1,Pasco,Land O Lakes,,,,,,,Rental Listing,2962,Standard,2026-10-06T00:00:00.000Z,,1,,,,,,,,,,,,,,,,,,,,,,,,,,,,,,,,,,,,,,,,,,,,,,,,,2023.0,,,,,,,,,,,,,,,,,,,,,,,,,,,,,,,,,,,,,,,,,,,,,,,,,,,,,,,,,,,,,,,,,,,,,,,,,,,,,,,,,,,,,,,,,,,,,,,,,,,,,,,,,,,,,,,,,,,,,,,,,,,,,,,,,,,,,,,,,,,,,,,,,,,,,,,,,,,,,,,,,,,,,,,,,,,,,,,,,,,,,,,,,,,,,,,,,,,,,,,,,,,,,,,,,,,,,,,,,,,,,,,,,,,,,,,,,,,,,,,,,,,,,,,,,,,,,,,,,,,,,,,,,,,,,,,,,,,,,,,,,,,,,,,,,,,,,,,,,,,,,,,,,,,,,,,,,,,,,,,,,,,,,,,,,,,,,,,,,,,,,,,,,,,,,,,,,,,,,,,,,,,,,,,,,,,,,,,,,,,,,,,,,,,,,,,,,,,,,,,,,,,,,,,,,,,,,,,,,,,,,,,,,,,,,,,,,,,,,,,,,,,,,,
"20371-Calla-Lily-Dr,-Land-O-Lakes,-FL-34638","20371 Calla Lily Dr, Land O Lakes, FL 34638",20371 Calla Lily Dr,,Land O Lakes,FL,12,34638,Pasco,101,28.214582,-82.480027,Single Family,4,2.5,2449.0,Active,2907,Standard,2026-10-06T00:00:00.000Z,,2026-08-18T00:00:00.000Z,2026-10-06T02:39:02.964Z,1,Pasco,Land O Lakes,,,,,,,Rental Listing,2907,Standard,2026-10-06T00:00:00.000Z,,1,,,,,,,,,,,,,,,,,,,,,,,,,,,,,,,,,,,,,,,,,,,,,,,,,2022.0,,,,,,,,,,,,,,,,,,,,,,,,,,,,,,,,,,,,,,,,,,,,,,,,,,,,,,,,,,,,,,,,,,,,,,,,,,,,,,,,,,,,,,,,,,,,,,,,,,,,,,,,,,,,,,,,,,,,,,,,,,,,,,,,,,,,,,,,,,,,,,,,,,,,,,,,,,,,,,,,,,,,,,,,,,,,,,,,,,,,,,,,,,,,,,,,,,,,,,,,,,,,,,,,,,,,,,,,,,,,,,,,,,,,,,,,,,,,,,,,,,,,,,,,,,,,,,,,,,,,,,,,,,,,,,,,,,,,,,,,,,,,,,,,,,,,,,,,,,,,,,,,,,,,,,,,,,,,,,,,,,,,,,,,,,,,,,,,,,,,,,,,,,,,,,,,,,,,,,,,,,,,,,,,,,,,,,,,,,,,,,,,,,,,,,,,,,,,,,,,,,,,,,,,,,,,,,,,,,,,,,,,,,,,,,,,,,,,,,,,,,,,,,
"9253-Black-Thorn-Loop,-Land-O-Lakes,-FL-34638","9253 Black Thorn Loop, Land O Lakes, FL 34638",9253 Black Thorn Loop,,Land O Lakes,FL,12,34638,Pasco,101,28.292476,-82.495643,Single Family,4,2.0,1824.0,Active,2187,Standard,2026-10-06T00:00:00.000Z,,2021-02-05T00:37:37.882Z,2026-10-06T02:39:02.962Z,1,Pasco,Land O Lakes,,,,,,,Rental Listing,2187,Standard,2026-10-06T00:00:00.000Z,,1,,,,,,,,,,,,,,,,,,,,,,,,,,,,,,,,,,,,,,,,,,,,,,,,,2005.0,,,,,,,,,,,,,,,,,,,,,,,,,Rental Listing,2295.0,Standard,2026-08-10T00:00:00.000Z,2026-08-11T00:00:00.000Z,1.0,,,,,,,,,,,,,,,,,,,,,,,,,,,,,,,,,,,,,,,,,,,,,,,,,,,,,,,,,,,,,,,,,,,,,,,,,,,,,,,,,,,,,,,,,,,,,,,,,,,,,,,,,,,,,,,,,,,,,,,,,,,,,,,,,,,,,,,,,,,,,,,,,,,,,,,,,,,,,,,,,,,,,,,,,,,,,,,,,,,,,,,,,,,,,,,,,,,,,,,,,,,,,,,,,,,,,,,,,,,,,,,,,,,,,,,,,,,,,,,,,,,,,,,,,,,,,,,,,,,,,,,,,,,,,,,,,,,,,,,,,,,,,,,,,,,,,,,,,,,,,,,,,,,,,,,,,,,,,,,,,,,,,,,,,,,,,,,,,,,,,,,,,,,,,,,,,,,,,,,,,,,,,,,,,,,,,,,,,,,,,,,,,,,,,,,,,,,,,,,,,,,,,,,,,,,,,,,,
"5801-Candytuft-Pl,-Land-O-Lakes,-FL-34639","5801 Candytuft Pl, Land O Lakes, FL 34639",5801 Candytuft Pl,,Land O Lakes,FL,12,34639,Pasco,101,28.241003,-82.445426,Single Family,4,3.0,2453.0,Active,2630,Standard,2026-10-06T00:00:00.000Z,,2020-08-02T15:31:10.580Z,2026-10-06T02:39:02.945Z,1,Pasco,Land O Lakes,,,,,,,Rental Listing,2630,Standard,2026-10-06T00:00:00.000Z,,1,,,,,,,,,,,,,,,,,,,,,,,,,,,,,,,,,,,,,,,,,,,,,,,,,,,,,,,,,,,,,,,,,,,,,,,,,,,,,,,,,,,,,,,,,,,,,,,,,,,,,,,,,,,,,,,,,,,,,,,,,,,,,,,,,,,,,,,,,,,,,,,,,,,,,,,,,,,,,,,,,,,,,,,,,,,,,,,,,,,,,,,,,,,,,,,,,,,,,,,,,,,,,,,,,,,,,,,,,,,,,,,,,,,,,,,,,,,,,,,,,,,,,,,,,,,,,,,,,,,,,,,,,,,,,,,,,,,,,,,,,,,,,,,,,,,,,,,,,,,,,,,,,,,,,,,,,,,,,,,,,,,,,,,,,,,,,,,,,,,,,,,,,,,,,,,,,,,,,,,,,,,,,,,,,,,,,,,,,,,,,,,,,,,,,,,,,,,,,,,,,,,,,,,,,,,,,,,,,,,,,,,,,,,,,,,,,,,,,,,,,,,,,,,,,,,,,,,,,,,,,,,,,,,,,,,,,,,,,,,,,,,,,,,,,,,,,,,
"4609-Braesgate-Ct,-Land-O-Lakes,-FL-34639","4609 Braesgate Ct, Land O Lakes, FL 34639",4609 Braesgate Ct,,Land O Lakes,FL,12,34639,Pasco,101,28.223996,-82.437005,Single Family,4,2.0,1940.0,Active,2445,Standard,2026-10-06T00:00:00.000Z,,2020-04-18T14:59:40.653Z,2026-10-06T02:39:02.899Z,1,Pasco,Land O Lakes,,,,,,,Rental Listing,2445,Standard,2026-10-06T00:00:00.000Z,,1,,,,,,,,,,,,,,,,,,,,,,,,,,,,,,,,,,,,,,,,,,,,,,,,,,,,,,,,,,,,,,,,,,,,,,,,,,,,,,,,,,,,,,,,,,,,,,,,,,,,,,,,,,,,,,,,,,,,,,,,,,,,,,,,,,,,,,,,,,,,,,,,,,,,,,,,,,,,,,,,,,,,,,,,,,,,,,,,,,,,,,,,,,,,,,,,,,,,,,,,,,,,,,,,,,,,,,,,,,,,,,,,,,,,,,,,,,,,,,,,,,,,,,,,,,,,,,,,,,,,,,,,,,,,,,,,,,,,,,,,,,,,,,,,,,,,,,,,,,,,,,,,,,,,,,,,,,,,,,,,,,,,,,,,,,,,,,,,,,,,,,,,,,,,,,,,,,,,,,,,,,,,,,,,,,,,,,,,,,,,,,,,,,,,,,,,,,,,,,,,,,,,,,,,,,,,,,,,,,,,,,,,,,,,,,,,,,,,,,,,,,,,,,,,,,,,,,,,,,,,,,,,,,,,,,,,,,,,,,,,,,,,,,,,,,,,,,,
"7042-Moss-Ledge-Run,-Land-O-Lakes,-FL-34637","7042 Moss Ledge Run, Land O Lakes, FL 34637",7042 Moss Ledge Run,,Land O Lakes,FL,12,34637,Pasco,101,28.260023,-82.455356,Single Family,4,2.0,2091.0,Active,2595,Standard,2026-10-06T00:00:00.000Z,,2019-04-15T03:18:48.776Z,2026-10-06T02:39:02.886Z,1,Pasco,Land O Lakes,,,,,,,Rental Listing,2595,Standard,2026-10-06T00:00:00.000Z,,1,,,,,,,,,,,,,,,,,,,,,,,,,,,,,,,,,,,,,,,,,,,,,,,,,,,,,,,,,,,,,,,,,,,,,,,,,,,,,,,,Rental Listing,2445.0,Standard,2026-03-25T00:00:00.000Z,2026-03-26T00:00:00.000Z,1.0,Rental Listing,2445.0,Standard,2026-04-03T00:00:00.000Z,2026-04-04T00:00:00.000Z,1.0,Rental Listing,2385.0,Standard,2026-04-25T00:00:00.000Z,2026-04-26T00:00:00.000Z,1.0,,,,,,,,,,,,,,,,,,,,,,,,,,,,,,,,,,,,,,,,,,,,,,,,,,,,,,,,,,,,,,,,,,,,,,,,,,,,,,,,,,,,,,,,,,,,,,,,,,,,,,,,,,,,,,,,,,,,,,,,,,,,,,,,,,,,,,,,,,,,,,,,,,,,,,,,,,,,,,,,,,,,,,,,,,,,,,,,,,,,,,,,,,,,,,,,,,,,,,,,,,,,,,,,,,,,,,,,,,,,,,,,,,,,,,,,,,,,,,,,,,,,,,,,,,,,,,,,,,,,,,,,,,,,,,,,,,,,,,,,,,,,,,,,,,,,,,,,,,,,,,,,,,,,,,,,,,,,,,,,,,,,,,,,,,,,,,,,,,,,,,,,,,,,,,,,,,,,,,,,,,,,,,,,,,,,,,,,,,,,,,,,,,,,,,,,,,,,,,
"17348-Lawn-Orchid-Loop,-Land-O-Lakes,-FL-34638","17348 Lawn Orchid Loop, Land O Lakes, FL 34638",17348 Lawn Orchid Loop,,Land O Lakes,FL,12,34638,Pasco,101,28.196208,-82.528289,Single Family,3,2.0,1655.0,Active,2345,Standard,2026-10-06T00:00:00.000Z,,2026-09-18T00:00:00.000Z,2026-10-06T02:39:02.870Z,1,Pasco,Land O Lakes,,,,,,,Rental Listing,2345,Standard,2026-10-06T00:00:00.000Z,,1,,,,,,,,,,,,,,,,,,,,,,,,,,,,,,,,,,,,,,,,,,,,,,,,,,,,,,,,,,,,,,,,,,,,,,,,,,,,,,,,,,,,,,,,,,,,,,,,,,,,,,,,,,,,,,,,,,,,,,,,,,,,,,,,,,,,,,,,,,,,,,,,,,,,,,,,,,,,,,,,,,,,,,,,,,,,,,,,,,,,,,,,,,,,,,,,,,,,,,,,,,,,,,,,,,,,,,,,,,,,,,,,,,,,,,,,,,,,,,,,,,,,,,,,,,,,,,,,,,,,,,,,,,,,,,,,,,,,,,,,,,,,,,,,,,,,,,,,,,,,,,,,,,,,,,,,,,,,,,,,,,,,,,,,,,,,,,,,,,,,,,,,,,,,,,,,,,,,,,,,,,,,,,,,,,,,,,,,,,,,,,,,,,,,,,,,,,,,,,,,,,,,,,,,,,,,,,,,,,,,,,,,,,,,,,,,,,,,,,,,,,,,,,,,,,,,,,,,,,,,,,,,,,,,,,,,,,,,,,,,,,,,,,,,,,,,,,,
"18033-Cypress-Bay-Pkwy,-Land-O-Lakes,-FL-34638","18033 Cypress Bay Pkwy, Land O Lakes, FL 34638",18033 Cypress Bay Pkwy,,Land O Lakes,FL,12,34638,Pasco,101,28.303422,-82.516417,Single Family,3,2.0,1271.0,Active,1950,Standard,2026-10-06T00:00:00.000Z,,2026-10-03T00:00:00.000Z,2026-10-06T02:39:02.833Z,1,Pasco,Land O Lakes,,,,,,,Rental Listing,1950,Standard,2026-10-06T00:00:00.000Z,,1,,,,,,,,,,,,,,,,,,,,,,,,,,,,,,,,,,,,,,,,,,,,,,,,,,,,,,,,,,,,,,,,,,,,,,,,,,,,,,,,,,,,,,,,,,,,,,,,,,,,,,,,,,,,,,,,,,,,,,,,,,,,,,,,,,,,,,,,,,,,,,,,,,,,,,,,,,,,,,,,,,,,,,,,,,,,,,,,,,,,,,,,,,,,,,,,,,,,,,,,,,,,,,,,,,,,,,,,,,,,,,,,,,,,,,,,,,,,,,,,,,,,,,,,,,,,,,,,,,,,,,,,,,,,,,,,,,,,,,,,,,,,,,,,,,,,,,,,,,,,,,,,,,,,,,,,,,,,,,,,,,,,,,,,,,,,,,,,,,,,,,,,,,,,,,,,,,,,,,,,,,,,,,,,,,,,,,,,,,,,,,,,,,,,,,,,,,,,,,,,,,,,,,,,,,,,,,,,,,,,,,,,,,,,,,,,,,,,,,,,,,,,,,,,,,,,,,,,,,,,,,,,,,,,,,,,,,,,,,,,,,,,,,,,,,,,,,,
"10503-Farm-Hill-Ave,-Land-O-Lakes,-FL-34638","10503 Farm Hill Ave, Land O Lakes, FL 34638",10503 Farm Hill Ave,,Land O Lakes,FL,12,34638,Pasco,101,28.309803,-82.52367,Single Family,4,3.0,2756.0,Active,3150,Standard,2026-10-06T00:00:00.000Z,,2025-06-03T00:00:00.000Z,2026-10-06T02:39:02.832Z,1,Pasco,Land O Lakes,,,,,,,Rental Listing,3150,Standard,2026-10-06T00:00:00.000Z,,1,,,,,,,,,,,,,,,,,,,,,,,,,,,,,,,,,,,,,,,,,,,,,,,,,2025.0,,,,,,,,,,,,,,,,,,,,,,,,,,,,,,,,,,,,,,,,,,,,,,,,,6941.0,Rental Listing,3000.0,New Construction,2025-06-03T00:00:00.000Z,2025-07-25T00:00:00.000Z,52.0,Rental Listing,3500.0,Standard,2026-08-22T00:00:00.000Z,2026-08-23T00:00:00.000Z,1.0,,,,,,,,,,,,,,,,,,,,,,,,,,,,,,,,,,,,,,,,,,,,,,,,,,,,,,,,,,,,,,,,,,,,,,,,,,,,,,,,,,,,,,,,,,,,,,,,,,,,,,,,,,,,,,,,,,,,,,,,,,,,,,,,,,,,,,,,,,,,,,,,,,,,,,,,,,,,,,,,,,,,,,,,,,,,,,,,,,,,,,,,,,,,,,,,,,,,,,,,,,,,,,,,,,,,,,,,,,,,,,,,,,,,,,,,,,,,,,,,,,,,,,,,,,,,,,,,,,,,,,,,,,,,,,,,,,,,,,,,,,,,,,,,,,,,,,,,,,,,,,,,,,,,,,,,,,,,,,,,,,,,,,,,,,,,,,,,,,,,,,,,,,,,,,,,,,,,,,,,,,,,,,,,,,,,,,,,,,,,,,,,,
"28546-Tall-Grass-Dr,-Wesley-Chapel,-FL-33543","28546 Tall Grass Dr, Wesley Chapel, FL 33543",28546 Tall Grass Dr,,Wesley Chapel,FL,12,33543,Pasco,101,28.171462,-82.343946,Single Family,3,2.0,1626.0,Active,2090,Standard,2026-10-06T00:00:00.000Z,,2026-06-13T00:00:00.000Z,2026-10-06T02:41:43.065Z,1,Pasco,Wesley Chapel,,,,,,,Rental Listing,2090,Standard,2026-10-06T00:00:00.000Z,,1,,,,,,,,,,,,,,,,,,,,,,,,,,,,,,,,,,,,,,,,,,,,,,,,,,,,,,,,,,,,,,,,,,,,,,,,,,,,,,,,,,,,,,,,,,,,,,,,,,,,,,,,,,,,,,,Rental Listing,2135.0,Standard,2026-09-24T00:00:00.000Z,2026-09-25T00:00:00.000Z,1.0,,,,,,,,,,,,,,,,,,,,,,,,,,,,,,,,,,,,,,,,,,,,,,,,,,,,,,,,,,,,,,,,,,,,,,,,,,,,,,,,,,,,,,,,,,,,,,,,,,,,,,,,,,,,,,,,,,,,,,,,,,,,,,,,,,,,,,,,,,,,,,,,,,,,,,,,,,,,,,,,,,,,,,,,,,,,,,,,,,,,,,,,,,,,,,,,,,,,,,,,,,,,,,,,,,,,,,,,,,,,,,,,,,,,,,,,,,,,,,,,,,,,,,,,,,,,,,,,,,,,,,,,,,,,,,,,,,,,,,,,,,,,,,,,,,,,,,,,,,,,,,,,,,,,,,,,,,,,,,,,,,,,,,,,,,,,,,,,,,,,,,,,,,,,,,,,,,,,,,,,,,,,,,,,,,,,,,,,,,,
"6229-Chapel-Pines-Blvd,-Wesley-Chapel,-FL-33545","6229 Chapel Pines Blvd, Wesley Chapel, FL 33545",6229 Chapel Pines Blvd,,Wesley Chapel,FL,12,33545,Pasco,101,28.247877,-82.307031,Single Family,3,2.0,1440.0,Active,2110,Standard,2026-10-06T00:00:00.000Z,,2018-07-31T05:05:17.000Z,2026-10-06T02:41:43.047Z,1,Pasco,Wesley Chapel,,,,,,,Rental Listing,2110,Standard,2026-10-06T00:00:00.000Z,,1,,,,,,,,,,,,,,,,,,,,,,,,,,,,,,,,,,,,,,,,,,,,,,,,,,,,,,,,,,,,,,,,,,,,,,,,,,,,,,,,,,,,,,,,,,,,,,,,,,,,,,,,,,,,,,,,,,,,,Rental Listing,2100.0,Standard,2025-10-08T00:00:00.000Z,2025-10-09T00:00:00.000Z,1.0,,,,,,,,,,,,,,,,,,,,,,,,,,,,,,,,,,,,,,,,,,,,,,,,,,,,,,,,,,,,,,,,,,,,,,,,,,,,,,,,,,,,,,,,,,,,,,,,,,,,,,,,,,,,,,,,,,,,,,,,,,,,,,,,,,,,,,,,,,,,,,,,,,,,,,,,,,,,,,,,,,,,,,,,,,,,,,,,,,,,,,,,,,,,,,,,,,,,,,,,,,,,,,,,,,,,,,,,,,,,,,,,,,,,,,,,,,,,,,,,,,,,,,,,,,,,,,,,,,,,,,,,,,,,,,,,,,,,,,,,,,,,,,,,,,,,,,,,,,,,,,,,,,,,,,,,,,,,,,,,,,,,,,,,,,,,,,,,,,,,,,,,,,,,,,,,,,,,,,,,,,,,,,,,,,,,,
"1430-Maximilian-Dr,-Wesley-Chapel,-FL-33543","1430 Maximilian Dr, Wesley Chapel, FL 33543",1430 Maximilian Dr,,Wesley Chapel,FL,12,33543,Pasco,101,28.178011,-82.330814,Single Family,4,2.0,1690.0,Active,2455,Standard,2026-10-06T00:00:00.000Z,,2020-06-30T01:04:39.594Z,2026-10-06T02:41:43.047Z,1,Pasco,Wesley Chapel,,,,,,,Rental Listing,2455,Standard,2026-10-06T00:00:00.000Z,,1,,,,,,,,,,,,,,,,,,,,,,,,,,,,,,,,,,,,,,,,,,,,,,,,,1995.0,,,,,,,,,,,,,,,,,,,,,,,,,,,,,,,,,,,,,,,,,,,,,,,,,5227.0,,,,,,,,,,,,,,,,,,,,,,,,,,,,,,,,,,,,,,,,,,,,,,,,,,,,,,,,,,,,,,,,,,,,,,,,,,,,,,,,,,,,,,,,,,,,,,,,,,,,,,,,,,,,,,,,,,,,,,,,,,,,,,,,,,,,,,,,,,,,,,,,,,,,,,,,,,,,,,,,,,,,,,,,,,,,,,,,,,,,,,,,,,,,,,,,,,,,,,,,,,,,,,,,,,,,,,,,,,,,,,,,,,,,,,,,,,,,,,,,,,,,,,,,,,,,,,,,,,,,,,,,,,,,,,,,,,,,,,,,,,,,,,,,,,,,,,,,,,,,,,,,,,,,,,,,,,,,,,,,,,,,,,,,,,,,,,,,,,,,,,,,,,,,,,,,,,,,,,,,,,,,,,,,,,,,,,,,,,,,,,,,,,,,,,,,,,,,,
"33839-Coddle-Ct,-Wesley-Chapel,-FL-33543","33839 Coddle Ct, Wesley Chapel, FL 33543",33839 Coddle Ct,,Wesley Chapel,FL,12,33543,Pasco,101,28.209017,-82.256394,Single Family,3,2.0,1620.0,Active,2180,Standard,2026-10-06T00:00:00.000Z,,2021-10-20T00:18:31.248Z,2026-10-06T02:41:43.043Z,1,Pasco,Wesley Chapel,,,,,,,Rental Listing,2180,Standard,2026-10-06T00:00:00.000Z,,1,,,,,,,,,,,,,,,,,,,,,,,,,,,,,,,,,,,,,,,,,,,,,,,,,,,,,,,,,,,,,,,,,,,,,,,,,,,,,,,,,,,,,,,,,,,,,,,,,,,,,,,,,,,,,,,,,,,,,,,,,,,Rental Listing,2315.0,Standard,2026-09-11T00:00:00.000Z,2026-09-12T00:00:00.000Z,1.0,,,,,,,,,,,,,,,,,,,,,,,,,,,,,,,,,,,,,,,,,,,,,,,,,,,,,,,,,,,,,,,,,,,,,,,,,,,,,,,,,,,,,,,,,,,,,,,,,,,,,,,,,,,,,,,,,,,,,,,,,,,,,,,,,,,,,,,,,,,,,,,,,,,,,,,,,,,,,,,,,,,,,,,,,,,,,,,,,,,,,,,,,,,,,,,,,,,,,,,,,,,,,,,,,,,,,,,,,,,,,,,,,,,,,,,,,,,,,,,,,,,,,,,,,,,,,,,,,,,,,,,,,,,,,,,,,,,,,,,,,,,,,,,,,,,,,,,,,,,,,,,,,,,,,,,,,,,,,,,,,,,,,,,,,,,,,,,,,,,,,,,,,,,,,,,,,,,,,,,,,,,,,,,
"32732-Yasmine-Loop,-Wesley-Chapel,-FL-33543","32732 Yasmine Loop, Wesley Chapel, FL 33543",32732 Yasmine Loop,,Wesley Chapel,FL,12,33543,Pasco,101,28.212615,-82.274784,Single Family,4,2.0,1950.0,Active,2400,Standard,2026-10-06T00:00:00.000Z,,2024-01-02T00:00:00.000Z,2026-10-06T02:41:43.022Z,1,Pasco,Wesley Chapel,,,,,,,Rental Listing,2400,Standard,2026-10-06T00:00:00.000Z,,1,,,,,,,,,,,,,,,,,,,,,,,,,,,,,,,,,,,,,,,,,,,,,,,,,2010.0,,,,,,,,,,,,,,,,,,,,,,,,,,,,,,,,,,,,,,,,,,,,,,,,,8602.0,,,,,,,,,,,,,,,,,,,,,,,,,,,,,,,Rental Listing,2400.0,Standard,2026-08-29T00:00:00.000Z,2026-08-30T00:00:00.000Z,1.0,,,,,,,,,,,,,,,,,,,,,,,,,,,,,,,,,,,,,,,,,,,,,,,,,,,,,,,,,,,,,,,,,,,,,,,,,,,,,,,,,,,,,,,,,,,,,,,,,,,,,,,,,,,,,,,,,,,,,,,,,,,,,,,,,,,,,,,,,,,,,,,,,,,,,,,,,,,,,,,,,,,,,,,,,,,,,,,,,,,,,,,,,,,,,,,,,,,,,,,,,,,,,,,,,,,,,,,,,,,,,,,,,,,,,,,,,,,,,,,,,,,,,,,,,,,,,,,,,,,,,,,,,,,,,,,,,,,,,,,,,,,,,,,,,,,,,,,,,,,,,,,,,,,,,,,,,,,,,,,,,,,,,,,,,,,,,,,,,,,,,,,,,,,,,,,,,,,,,,,,,
"6425-Pine-Top-Way,-Wesley-Chapel,-FL-33545","6425 Pine Top Way, Wesley Chapel, FL 33545",6425 Pine Top Way,,Wesley Chapel,FL,12,33545,Pasco,101,28.250369,-82.30507,Single Family,3,2.0,1690.0,Active,2280,Standard,2026-10-06T00:00:00.000Z,,2017-10-22T05:05:28.000Z,2026-10-06T02:41:43.021Z,1,Pasco,Wesley Chapel,,,,,,,Rental Listing,2280,Standard,2026-10-06T00:00:00.000Z,,1,,,,,,,,,,,,,,,,,,,,,,,,,,,,,,,,,,,,,,,,,,,,,,,,,,,,,,,,,,,,,,,,,,,,,,,,,,,,,,,,,,,,,,,,,,,,,,,,,,,,,,,,,,,,,,,,,,,,,,,,,,,,,,,,,,,,,,,,,,,,,,,,,,,,,,,,,,,,,,,,,,,,,,,,,,,,,,,,,,,,,,,,,,,,,,,,,,,,,,,,,,,,,,,,,,,,,,,,,,,,,,,,,,,,,,,,,,,,,,,,,,,,,,,,,,,,,,,,,,,,,,,,,,,,,,,,,,,,,,,,,,,,,,,,,,,,,,,,,,,,,,,,,,,,,,,,,,,,,,,,,,,,,,,,,,,,,,,,,,,,,,,,,,,,,,,,,,,,,,,,,,,,,,,,,,,,,,,,,,,,,,,,,,,,,,,,,,,,,,,,,,,,,,,,,,,,,,,,,,,,,,,,,,,,,,,,,,,,,,,,,,,,,,,,,,,,,,,,,,,,,,,,,,,,,,,,,,,,,,,,,,,,,,,,,,,,,,,
"29942-Morningmist-Dr,-Wesley-Chapel,-FL-33543","29942 Morningmist Dr, Wesley Chapel, FL 33543",29942 Morningmist Dr,,Wesley Chapel,FL,12,33543,Pasco,101,28.183667,-82.32279,Single Family,4,2.0,1665.0,Active,2295,Standard,2026-10-06T00:00:00.000Z,,2020-01-13T18:46:26.001Z,2026-10-06T02:41:43.014Z,1,Pasco,Wesley Chapel,,,,,,,Rental Listing,2295,Standard,2026-10-06T00:00:00.000Z,,1,,,,,,,,,,,,,,,,,,,,,,,,,,,,,,,,,,,,,,,,,,,,,,,,,1998.0,,,,,,,,,,,,,,,,,,,,,,,,,,,,,,,,,,,,,,,,,,,,,,,,,6534.0,,,,,,,,,,,,,,,,,,,,,,,,,,,,,,,,,,,,,,,,,,,,,,,,,,,,,,,,,,,,,,,,,,,,,,,,,,,,,,,,,,,,,,,,,,,,,,,,,,,,,,,,,,,,,,,,,,,,,,,,,,,,,,,,,,,,,,,,,,,,,,,,,,,,,,,,,,,,,,,,,,,,,,,,,,,,,,,,,,,,,,,,,,,,,,,,,,,,,,,,,,,,,,,,,,,,,,,,,,,,,,,,,,,,,,,,,,,,,,,,,,,,,,,,,,,,,,,,,,,,,,,,,,,,,,,,,,,,,,,,,,,,,,,,,,,,,,,,,,,,,,,,,,,,,,,,,,,,,,,,,,,,,,,,,,,,,,,,,,,,,,,,,,,,,,,,,,,,,,,,,,,,,,,,,,,,,,,,,,,,,,,,,,,,,,,,,,,,,
"6241-Perdita-Ct,-Wesley-Chapel,-FL-33545","6241 Perdita Ct, Wesley Chapel, FL 33545",6241 Perdita Ct,,Wesley Chapel,FL,12,33545,Pasco,101,28.247893,-82.312002,Single Family,3,2.0,1324.0,Active,1990,Standard,2026-10-06T00:00:00.000Z,,2020-11-14T02:42:17.150Z,2026-10-06T02:41:43.011Z,1,Pasco,Wesley Chapel,,,,,,,Rental Listing,1990,Standard,2026-10-06T00:00:00.000Z,,1,,,,,,,,,,,,,,,,,,,,,,,,,,,,,,,,,,,,,,,,,,,,,,,,,,,,,,,,,,,,,,,,,,,,Rental Listing,1905.0,Standard,2024-09-09T00:00:00.000Z,2024-10-17T00:00:00.000Z,38.0,,,,,,,,,,,,,,,,,,,,,,,,,,,,,,,,,,,,,,,,,,,,,,,,,,,,,,,,,,,,,,,,,,,,,,,,,,,,,,,,,,,,,,,,,,,,,,,,,,,,,,,,,,,,,,,,,,,,,,,,,,,,,,,,,,,,,,,,,,,,,,,,,,,,,,,,,,,,,,,,,,,,,,,,,,,,,,,,,,,,,,,,,,,,,,,,,,,,,,,,,,,,,,,,,,,,,,,,,,,,,,,,,,,,,,,,,,,,,,,,,,,,,,,,,,,,,,,,,,,,,,,,,,,,,,,,,,,,,,,,,,,,,,,,,,,,,,,,,,,,,,,,,,,,,,,,,,,,,,,,,,,,,,,,,,,,,,,,,,,,,,,,,,,,,,,,,,,,,,,,,,,,,,,,,,,,,,,,,,,,,,,,,,,,,,,,,,,,,,,,,,,,,,,,,,,,,,,,,,,,,,
"7907-Outerbridge-St,-Wesley-Chapel,-FL-33545","7907 Outerbridge St, Wesley Chapel, FL 33545",7907 Outerbridge St,,Wesley Chapel,FL,12,33545,Pasco,101,28.272219,-82.3141,Single Family,4,4.0,2559.0,Active,2720,Standard,2026-10-06T00:00:00.000Z,,2021-06-16T01:37:09.329Z,2026-10-06T02:41:43.010Z,1,Pasco,Wesley Chapel,,,,,,,Rental Listing,2720,Standard,2026-10-06T00:00:00.000Z,,1,,,,,,,,,,,,,,,,,,,,,,,,,,,,,,,,,,,,,,,,,,,,,,,,,,,,,,,,,,,,,,,,,,,,,,,,,,,,,,,,,,,,,,,,,,,,,,,,,,,,,,,,,,,,,,,,,,,,,,,,,,,,,,,,,,,,,,,,,,,,,,,,,,,,,,,,,,,,,,,,,,,,,,,,,,,,,,,,,,,,,,,,,,,,,,,,,,,,,,,,,,,,,,,,,,,,,,,,,,,,,,,,,,,,,,,,,,,,,,,,,,,,,,,,,,,,,,,,,,,,,,,,,,,,,,,,,,,,,,,,,,,,,,,,,,,,,,,,,,,,,,,,,,,,,,,,,,,,,,,,,,,,,,,,,,,,,,,,,,,,,,,,,,,,,,,,,,,,,,,,,,,,,,,,,,,,,,,,,,,,,,,,,,,,,,,,,,,,,,,,,,,,,,,,,,,,,,,,,,,,,,,,,,,,,,,,,,,,,,,,,,,,,,,,,,,,,,,,,,,,,,,,,,,,,,,,,,,,,,,,,,,,,,,,,,,,,,,
"4001-Constantine-Loop,-Wesley-Chapel,-FL-33543","4001 Constantine Loop, Wesley Chapel, FL 33543",4001 Constantine Loop,,Wesley Chapel,FL,12,33543,Pasco,101,28.215191,-82.27655,Single Family,3,2.0,1776.0,Active,2440,Standard,2026-10-06T00:00:00.000Z,,2018-02-26T05:05:00.000Z,2026-10-06T02:41:43.009Z,1,Pasco,Wesley Chapel,,,,,,,Rental Listing,2440,Standard,2026-10-06T00:00:00.000Z,,1,,,,,,,,,,,,,,,,,,,,,,,,,,,,,,,,,,,,,,,,,,,,,,,,,,,,,,,,,,,,,,,,,,,,,,,,,,,,,,,,,,,,,,,,,,,,,,,,,,,,,,,,,,,,,,,,,,,,,,,,,,,,,,,,,,,,,,,,,,,,,,,,,,,,,,,,,,,,,,,,,,,,,,,,,,,,,,,,,,,,,,,,,,,,,,,,,,,,,,,,,,,,,,,,,,,,,,,,,,,,,,,,,,,,,,,,,,,,,,,,,,,,,,,,,,,,,,,,,,,,,,,,,,,,,,,,,,,,,,,,,,,,,,,,,,,,,,,,,,,,,,,,,,,,,,,,,,,,,,,,,,,,,,,,,,,,,,,,,,,,,,,,,,,,,,,,,,,,,,,,,,,,,,,,,,,,,,,,,,,,,,,,,,,,,,,,,,,,,,,,,,,,,,,,,,,,,,,,,,,,,,,,,,,,,,,,,,,,,,,,,,,,,,,,,,,,,,,,,,,,,,,,,,,,,,,,,,,,,,,,,,,,,,,,,,,,,,,
"1228-Throckmorton-Dr,-Wesley-Chapel,-FL-33543","1228 Throckmorton Dr, Wesley Chapel, FL 33543",1228 Throckmorton Dr,,Wesley Chapel,FL,12,33543,Pasco,101,28.17544,-82.3153,Townhouse,2,3.0,,Active,2195,Standard,2026-10-06T00:00:00.000Z,,2026-10-03T00:00:00.000Z,2026-10-06T02:41:43.008Z,1,Pasco,Wesley Chapel,,,,,,,Rental Listing,2195,Standard,2026-10-06T00:00:00.000Z,,1,,,,,,,,,,,,,,,,,,,,,,,,,,,,,,,,,,,,,,,,,,,,,,,,,,,,,,,,,,,,,,,,,,,,,,,,,,,,,,,,,,,,,,,,,,,,,,,,,,,,,,,,,,,,,,,,,,,,,,,,,,,,,,,,,,,,,,,,,,,,,,,,,,,,,,,,,,,,,,,,,,,,,,,,,,,,,,,,,,,,,,,,,,,,,,,,,,,,,,,,,,,,,,,,,,,,,,,,,,,,,,,,,,,,,,,,,,,,,,,,,,,,,,,,,,,,,,,,,,,,,,,,,,,,,,,,,,,,,,,,,,,,,,,,,,,,,,,,,,,,,,,,,,,,,,,,,,,,,,,,,,,,,,,,,,,,,,,,,,,,,,,,,,,,,,,,,,,,,,,,,,,,,,,,,,,,,,,,,,,,,,,,,,,,,,,,,,,,,,,,,,,,,,,,,,,,,,,,,,,,,,,,,,,,,,,,,,,,,,,,,,,,,,,,,,,,,,,,,,,,,,,,,,,,,,,,,,,,,,,,,,,,,,,,,,,,,,,
"26641-Sea-Hero-Cir,-Wesley-Chapel,-FL-33544","26641 Sea Hero Cir, Wesley Chapel, FL 33544",26641 Sea Hero Cir,,Wesley Chapel,FL,12,33544,Pasco,101,28.238378,-82.375095,Single Family,4,2.0,1936.0,Active,2380,Standard,2026-10-06T00:00:00.000Z,,2019-12-19T06:40:20.454Z,2026-10-06T02:41:43.007Z,1,Pasco,Wesley Chapel,,,,,,,Rental Listing,2380,Standard,2026-10-06T00:00:00.000Z,,1,,,,,,,,,,,,,,,,,,,,,,,,,,,,,,,,,,,,,,,,,,,,,,,,,,,,,,,,,,,,,,,,,,,,,,,,,,,,,,,,,,,,,,,,,,,,,,,,,,,,,,,,,,,,,,,,,,,,,,,,,,,,,,,,,,,,,,,,,,,,,,,,,,,,,,,,,,,,,,,,,,,,,,,,,,,,,,,,,,,,,,,,,,,,,,,,,,,,,,,,,,,,,,,,,,,,,,,,,,,,,,,,,,,,,,,,,,,,,,,,,,,,,,,,,,,,,,,,,,,,,,,,,,,,,,,,,,,,,,,,,,,,,,,,,,,,,,,,,,,,,,,,,,,,,,,,,,,,,,,,,,,,,,,,,,,,,,,,,,,,,,,,,,,,,,,,,,,,,,,,,,,,,,,,,,,,,,,,,,,,,,,,,,,,,,,,,,,,,,,,,,,,,,,,,,,,,,,,,,,,,,,,,,,,,,,,,,,,,,,,,,,,,,,,,,,,,,,,,,,,,,,,,,,,,,,,,,,,,,,,,,,,,,,,,,,,,,,
"1637-Maximilian-Dr,-Wesley-Chapel,-FL-33543","1637 Maximilian Dr, Wesley Chapel, FL 33543",1637 Maximilian Dr,,Wesley Chapel,FL,12,33543,Pasco,101,28.180707,-82.333187,Single Family,3,2.0,1850.0,Active,2500,Standard,2026-10-06T00:00:00.000Z,,2026-07-23T00:00:00.000Z,2026-10-06T02:41:43.007Z,1,Pasco,Wesley Chapel,,,,,,,Rental Listing,2500,Standard,2026-10-06T00:00:00.000Z,,1,,,,,,,,,,,,,,,,,,,,,,,,,,,,,,,,,,,,,,,,,,,,,,,,,,,,,,,,,,,,,,,,,,,,,,,,,,,,,,,,,,,,,,,,,,,,,,,,,,,,,,,,,,,,,,,,,,,,,,,,,,,,,,,,,,,,,,,,,,,,,,,,,,,,,,,,,,,,,,,,,,,,,,,,,,,,,,,,,,,,,,,,,,,,,,,,,,,,,,,,,,,,,,,,,,,,,,,,,,,,,,,,,,,,,,,,,,,,,,,,,,,,,,,,,,,,,,,,,,,,,,,,,,,,,,,,,,,,,,,,,,,,,,,,,,,,,,,,,,,,,,,,,,,,,,,,,,,,,,,,,,,,,,,,,,,,,,,,,,,,,,,,,,,,,,,,,,,,,,,,,,,,,,,,,,,,,,,,,,,,,,,,,,,,,,,,,,,,,,,,,,,,,,,,,,,,,,,,,,,,,,,,,,,,,,,,,,,,,,,,,,,,,,,,,,,,,,,,,,,,,,,,,,,,,,,,,,,,,,,,,,,,,,,,,,,,,,,
"30555-Birdhouse-Dr,-Wesley-Chapel,-FL-33545","30555 Birdhouse Dr, Wesley Chapel, FL 33545",30555 Birdhouse Dr,,Wesley Chapel,FL,12,33545,Pasco,101,28.248188,-82.31037,Single Family,3,2.0,1158.0,Active,1895,Standard,2026-10-06T00:00:00.000Z,,2021-03-12T00:56:59.095Z,2026-10-06T02:41:43.002Z,1,Pasco,Wesley Chapel,,,,,,,Rental Listing,1895,Standard,2026-10-06T00:00:00.000Z,,1,,,,,,,,,,,,,,,,,,,,,,,,,,,,,,,,,,,,,,,,,,,,,,,,,,,,,,,,,,,,,,,,,,,,,,,,,,,,,,,,,,,,,,,,,,,,,,,,,,,,,,,,,,,,,,,,,,,,,,,,,,,,,,,,,,,,,,,Rental Listing,1820.0,Standard,2025-11-05T00:00:00.000Z,2025-11-06T00:00:00.000Z,1.0,,,,,,,,,,,,,,,,,,,,,,,,,,,,,,,,,,,,,,,,,,,,,,,,,,,,,,,,,,,,,,,,,,,,,,,,,,,,,,,,,,,,,,,,,,,,,,,,,,,,,,,,,,,,,,,,,,,,,,,,,,,,,,,,,,,,,,,,,,,,,,,,,,,,,,,,,,,,,,,,,,,,,,,,,,,,,,,,,,,,,,,,,,,,,,,,,,,,,,,,,,,,,,,,,,,,,,,,,,,,,,,,,,,,,,,,,,,,,,,,,,,,,,,,,,,,,,,,,,,,,,,,,,,,,,,,,,,,,,,,,,,,,,,,,,,,,,,,,,,,,,,,,,,,,,,,,,,,,,,,,,,,,,,,,,,,,,,,,,,,,,,,,,,,,,,,,,,
"3927-Constantine-Loop,-Wesley-Chapel,-FL-33543","3927 Constantine Loop, Wesley Chapel, FL 33543",3927 Constantine Loop,,Wesley Chapel,FL,12,33543,Pasco,101,28.214304,-82.276333,Single Family,4,2.0,1574.0,Active,2120,Standard,2026-10-06T00:00:00.000Z,,2017-11-09T05:05:00.000Z,2026-10-06T02:41:42.999Z,1,Pasco,Wesley Chapel,,,,,,,Rental Listing,2120,Standard,2026-10-06T00:00:00.000Z,,1,,,,,,,,,,,,,,,,,,,,,,,,,,,,,,,,,,,,,,,,,,,,,,,,,,,,,,,,,,,,,,,,,,,,Rental Listing,2000.0,Standard,2024-09-09T00:00:00.000Z,2024-09-27T00:00:00.000Z,18.0,,,,,,,,,,,,,,,,,,,,,,,,,,,,,,,,,,,,,,,,,,,,,,,,,,,,,,,,,,,,,,,,,,,,,,,,,,,,,,,,,,,,,,,,,,,,,,,,,,,,,,,,,,,,,,,,,,,,,,,,,,,,,,,,,,,,,,,,,,,,,,,,,,,,,,,,,,,,,,,,,,,,,,,,,,,,,,,,,,,,,,,,,,,,,,,,,,,,,,,,,,,,,,,,,,,,,,,,,,,,,,,,,,,,,,,,,,,,,,,,,,,,,,,,,,,,,,,,,,,,,,,,,,,,,,,,,,,,,,,,,,,,,,,,,,,,,,,,,,,,,,,,,,,,,,,,,,,,,,,,,,,,,,,,,,,,,,,,,,,,,,,,,,,,,,,,,,,,,,,,,,,,,,,,,,,,,,,,,,,,,,,,,,,,,,,,,,,,,,,,,,,,,,,,,,,,,,,,,,,,,,
"26903-Stillbrook-Dr,-Wesley-Chapel,-FL-33544","26903 Stillbrook Dr, Wesley Chapel, FL 33544",26903 Stillbrook Dr,,Wesley Chapel,FL,12,33544,Pasco,101,28.20966,-82.37157,Single Family,3,2.5,1871.0,Active,2135,Standard,2026-10-06T00:00:00.000Z,,2020-04-29T02:05:33.873Z,2026-10-06T02:39:02.987Z,1,Pasco,Wesley Chapel,,,,,,,Rental Listing,2135,Standard,2026-10-06T00:00:00.000Z,,1,,,,,,,,,,,,,,,,,,,,,,,,,,,,,,,,,,,,,,,,,,,,,,,,,,,,,,,,,,,,,,,,,,,,,,,,,,,,,,,,,,,,,,,,,,,,,,,,,,,,,,,,,,,,,,,,,,,,,,,,,,,,,,,,,,,,,,,,,,,,,Rental Listing,2390.0,Standard,2025-06-09T00:00:00.000Z,2025-06-10T00:00:00.000Z,1.0,Rental Listing,2330.0,Standard,2025-12-25T00:00:00.000Z,2025-12-26T00:00:00.000Z,1.0,Rental Listing,2270.0,Standard,2026-08-30T00:00:00.000Z,2026-08-31T00:00:00.000Z,1.0,Rental Listing,2215.0,Standard,2026-09-21T00:00:00.000Z,2026-09-22T00:00:00.000Z,1.0,,,,,,,,,,,,,,,,,,,,,,,,,,,,,,,,,,,,,,,,,,,,,,,,,,,,,,,,,,,,,,,,,,,,,,,,,,,,,,,,,,,,,,,,,,,,,,,,,,,,,,,,,,,,,,,,,,,,,,,,,,,,,,,,,,,,,,,,,,,,,,,,,,,,,,,,,,,,,,,,,,,,,,,,,,,,,,,,,,,,,,,,,,,,,,,,,,,,,,,,,,,,,,,,,,,,,,,,,,,,,,,,,,,,,,,,,,,,,,,,,,,,,,,,,,,,,,,,,,,,,,,,,,,,,,,,,,,,,,,,,,,,,,,,,,,,,,,,,,,,,,,,,,,,,,,,,,,,,,,,,,,,,,,,,,,
"6234-Chapel-Pines-Blvd,-Wesley-Chapel,-FL-33545","6234 Chapel Pines Blvd, Wesley Chapel, FL 33545",6234 Chapel Pines Blvd,,Wesley Chapel,FL,12,33545,Pasco,101,28.248128,-82.306517,Single Family,4,2.0,1564.0,Active,2227,Standard,2026-10-06T00:00:00.000Z,,2020-03-13T02:03:41.638Z,2026-10-06T02:39:02.982Z,1,Pasco,Wesley Chapel,,,,,,,Rental Listing,2227,Standard,2026-10-06T00:00:00.000Z,,1,,,,,,,,,,,,,,,,,,,,,,,,,,,,,,,,,,,,,,,,,,,,,,,,,2002.0,,,,,,,,,,,,,,,,,,,,,,,,,,,,,,,,,,,,,,,,,,,,,,,,,,,,,,,,,,,,,,,,,,,,,,,,,,,,,,,,,,,,,,,,,,,,,,,,,,,,,,,,,,,,,,,,,,,,,,,,,,,,,,,,,,,,,,,,,,,,,,,,,,,,,,,,,,,,,,,,,,,,,,,,,,,,,,,,,,,,,,,,,,,,,,,,,,,,,,,,,,,,,,,,,,,,,,,,,,,,,,,,,,,,,,,,,,,,,,,,,,,,,,,,,,,,,,,,,,,,,,,,,,,,,,,,,,,,,,,,,,,,,,,,,,,,,,,,,,,,,,,,,,,,,,,,,,,,,,,,,,,,,,,,,,,,,,,,,,,,,,,,,,,,,,,,,,,,,,,,,,,,,,,,,,,,,,,,,,,,,,,,,,,,,,,,,,,,,,,,,,,,,,,,,,,,,,,,,,,,,,,,,,,,,,,,,,,,,,,,,,,,,,
"27920-Madison-Green-Way,-Wesley-Chapel,-FL-33544","27920 Madison Green Way, Wesley Chapel, FL 33544",27920 Madison Green Way,,Wesley Chapel,FL,12,33544,Pasco,101,28.255296,-82.356645,Single Family,4,2.5,1977.0,Active,2742,Standard,2026-10-06T00:00:00.000Z,,2026-09-20T00:00:00.000Z,2026-10-06T02:39:02.981Z,1,Pasco,Wesley Chapel,,,,,,,Rental Listing,2742,Standard,2026-10-06T00:00:00.000Z,,1,,,,,,,,,,,,,,,,,,,,,,,,,,,,,,,,,,,,,,,,,,,,,,,,,2026.0,,,,,,,,,,,,,,,,,,,,,,,,,,,,,,,,,,,,,,,,,,,,,,,,,,,,,,,,,,,,,,,,,,,,,,,,,,,,,,,,,,,,,,,,,,,,,,,,,,,,,,,,,,,,,,,,,,,,Rental Listing,2655.0,Standard,2026-09-25T00:00:00.000Z,2026-09-26T00:00:00.000Z,1.0,,,,,,,,,,,,,,,,,,,,,,,,,,,,,,,,,,,,,,,,,,,,,,,,,,,,,,,,,,,,,,,,,,,,,,,,,,,,,,,,,,,,,,,,,,,,,,,,,,,,,,,,,,,,,,,,,,,,,,,,,,,,,,,,,,,,,,,,,,,,,,,,,,,,,,,,,,,,,,,,,,,,,,,,,,,,,,,,,,,,,,,,,,,,,,,,,,,,,,,,,,,,,,,,,,,,,,,,,,,,,,,,,,,,,,,,,,,,,,,,,,,,,,,,,,,,,,,,,,,,,,,,,,,,,,,,,,,,,,,,,,,,,,,,,,,,,,,,,,,,,,,,,,,,,,,,,,,,,,,,,,,,,
"33939-Ackee-Ln,-Wesley-Chapel,-FL-33543","33939 Ackee Ln, Wesley Chapel, FL 33543",33939 Ackee Ln,,Wesley Chapel,FL,12,33543,Pasco,101,28.205449,-82.255343,Single Family,5,3.0,2525.0,Active,2917,Standard,2026-10-06T00:00:00.000Z,,2026-08-27T00:00:00.000Z,2026-10-06T02:39:02.979Z,1,Pasco,Wesley Chapel,,,,,,,Rental Listing,2917,Standard,2026-10-06T00:00:00.000Z,,1,,,,,,,,,,,,,,,,,,,,,,,,,,,,,,,,,,,,,,,,,,,,,,,,,2022.0,,,,,,,,,,,,,,,,,,,,,,,,,,,,,,,,,,,,,,,,,,,,,,,,,,,,,,,,,,,,,,,,,,,,,,,,,,,,,,,,,,,,,,,,,,,,,,,,,,,,,,,,,,,,,,,,,,,,,,,,,,,,,,,,,,,,,,,,,,,,,,,,,,,,,,,,,,,,,,,,,,,,,,,,,,,,,,,,,,,,,,,,,,,,,,,,,,,,,,,,,,,,,,,,,,,,,,,,,,,,,,,,,,,,,,,,,,,,,,,,,,,,,,,,,,,,,,,,,,,,,,,,,,,,,,,,,,,,,,,,,,,,,,,,,,,,,,,,,,,,,,,,,,,,,,,,,,,,,,,,,,,,,,,,,,,,,,,,,,,,,,,,,,,,,,,,,,,,,,,,,,,,,,,,,,,,,,,,,,,,,,,,,,,,,,,,,,,,,,,,,,,,,,,,,,,,,,,,,,,,,,,,,,,,,,,,,,,,,,,,,,,,,,
"34196-Astoria-Cir,-Wesley-Chapel,-FL-33545","34196 Astoria Cir, Wesley Chapel, FL 33545",34196 Astoria Cir,,Wesley Chapel,FL,12,33545,Pasco,101,28.261993,-82.254083,Single Family,3,2.0,2055.0,Active,2590,Standard,2026-10-06T00:00:00.000Z,,2023-04-15T00:00:00.000Z,2026-10-06T02:39:02.978Z,1,Pasco,Wesley Chapel,,,,,,,Rental Listing,2590,Standard,2026-10-06T00:00:00.000Z,,1,,,,,,,,,,,,,,,,,,,,,,,,,,,,,,,,,,,,,,,,,,,,,,,,,,,,,,,,,,,,,,,,,,,,,,,,,,,,,,,,,,,,,,,,,,,,,,,,,,,,,,,,,,,,,,,,,,,,,,,,,,,,,,,,,,,,,,,,,,,,,,,,,,,,,,,,,,,,,,,,,,,,,,,,,,,Rental Listing,2435.0,Standard,2024-10-15T00:00:00.000Z,2024-10-16T00:00:00.000Z,1.0,Rental Listing,2460.0,Standard,2025-07-14T00:00:00.000Z,2025-07-15T00:00:00.000Z,1.0,Rental Listing,2590.0,Standard,2026-07-03T00:00:00.000Z,2026-07-04T00:00:00.000Z,1.0,Rental Listing,2590.0,Standard,2026-07-07T00:00:00.000Z,2026-07-08T00:00:00.000Z,1.0,,,,,,,,,,,,,,,,,,,,,,,,,,,,,,,,,,,,,,,,,,,,,,,,,,,,,,,,,,,,,,,,,,,,,,,,,,,,,,,,,,,,,,,,,,,,,,,,,,,,,,,,,,,,,,,,,,,,,,,,,,,,,,,,,,,,,,,,,,,,,,,,,,,,,,,,,,,,,,,,,,,,,,,,,,,,,,,,,,,,,,,,,,,,,,,,,,,,,,,,,,,,,,,,,,,,,,,,,,,,,,,,,,,,,,,,,,,,,,,,,,,,,,,,,,,,,,,,,,,,,,,,,,,,,,,,,,,,,,,,,,,,,,,,,,,,,,,,,,,,,
"29542-Cedar-Waxwing-Dr,-Wesley-Chapel,-FL-33545","29542 Cedar Waxwing Dr, Wesley Chapel, FL 33545",29542 Cedar Waxwing Dr,,Wesley Chapel,FL,12,33545,Pasco,101,28.256035,-82.325482,Single Family,3,2.0,1588.0,Active,2472,Standard,2026-10-06T00:00:00.000Z,,2026-08-10T00:00:00.000Z,2026-10-06T02:39:02.978Z,1,Pasco,Wesley Chapel,,,,,,,Rental Listing,2472,Standard,2026-10-06T00:00:00.000Z,,1,,,,,,,,,,,,,,,,,,,,,,,,,,,,,,,,,,,,,,,,,,,,,,,,,2022.0,,,,,,,,,,,,,,,,,,,,,,,,,,,,,,,,,,,,,,,,,,,,,,,,,,,,,,,,,,,,,,,,,,,,,,,,,,,,,,,,,,,,,,,,,,,,,,,,,,,,,,,,,,,,,,,,,,,,,,,,,,,,,,,,,,,,,,,,,,,,,,,,,,,,,,,,,,,,,,,,,,,,,,,,,,,,,,,,,,,,,,,,,,,,,,,,,,,,,,,,,,,,,,,,,,,,,,,,,,,,,,,,,,,,,,,,,,,,,,,,,,,,,,,,,,,,,,,,,,,,,,,,,,,,,,,,,,,,,,,,,,,,,,,,,,,,,,,,,,,,,,,,,,,,,,,,,,,,,,,,,,,,,,,,,,,,,,,,,,,,,,,,,,,,,,,,,,,,,,,,,,,,,,,,,,,,,,,,,,,,,,,,,,,,,,,,,,,,,,,,,,,,,,,,,,,,,,,,,,,,,,,,,,,,,,,,,,,,,,,,,,,,,,
"3252-Bridge-Haven-Dr,-Wesley-Chapel,-FL-33543","3252 Bridge Haven Dr, Wesley Chapel, FL 33543",3252 Bridge Haven Dr,,Wesley Chapel,FL,12,33543,Pasco,101,28.204346,-82.254387,Single Family,4,2.5,2297.0,Active,2787,Standard,2026-10-06T00:00:00.000Z,,2026-07-18T00:00:00.000Z,2026-10-06T02:39:02.975Z,1,Pasco,Wesley Chapel,,,,,,,Rental Listing,2787,Standard,2026-10-06T00:00:00.000Z,,1,,,,,,,,,,,,,,,,,,,,,,,,,,,,,,,,,,,,,,,,,,,,,,,,,2022.0,,,,,,,,,,,,,,,,,,,,,,,,,,,,,,,,,,,,,,,,,,,,,,,,,,,,,,,,,,,,,,,,,,,,,,,,,,,,,,,,,,,,,,,,,,,,,,,,,,,,,,,,,,,,,,,,,,,,,,,,,,,,,,,,,,,,,,,,,,,,,,,,,,Rental Listing,2750.0,Standard,2026-08-04T00:00:00.000Z,2026-08-05T00:00:00.000Z,1.0,,,,,,,,,,,,,,,,,,,,,,,,,,,,,,,,,,,,,,,,,,,,,,,,,,,,,,,,,,,,,,,,,,,,,,,,,,,,,,,,,,,,,,,,,,,,,,,,,,,,,,,,,,,,,,,,,,,,,,,,,,,,,,,,,,,,,,,,,,,,,,,,,,,,,,,,,,,,,,,,,,,,,,,,,,,,,,,,,,,,,,,,,,,,,,,,,,,,,,,,,,,,,,,,,,,,,,,,,,,,,,,,,,,,,,,,,,,,,,,,,,,,,,,,,,,,,,,,,,,,,,,,,,,,,,,,,,,,,,,,,,,,,,,,,,,,,,,
"6453-Tabogi-Trl,-Wesley-Chapel,-FL-33545","6453 Tabogi Trl, Wesley Chapel, FL 33545",6453 Tabogi Trl,,Wesley Chapel,FL,12,33545,Pasco,101,28.250067,-82.31591,Single Family,3,2.0,1292.0,Active,1942,Standard,2026-10-06T00:00:00.000Z,,2019-12-25T11:24:12.145Z,2026-10-06T02:39:02.974Z,1,Pasco,Wesley Chapel,,,,,,,Rental Listing,1942,Standard,2026-10-06T00:00:00.000Z,,1,,,,,,,,,,,,,,,,,,,,,,,,,,,,,,,,,,,,,,,,,,,,,,,,,2005.0,,,,,,,,,,,,,,,,,,,,,,,,,,,,,,,,,,,,,,,,,,,,,,,,,,,,,,,,,,,,,,,,,,,,,,,,,,,,,,,,,,,,,,,,,,,,,,,,,,,,,,,,,,,,,,,,,,,,,,,,,,,,,,,,,,,,,,,,,,,,,,,,,,,,,,,,Rental Listing,2010.0,Standard,2026-05-22T00:00:00.000Z,2026-05-23T00:00:00.000Z,1.0,Rental Listing,1960.0,Standard,2026-07-30T00:00:00.000Z,2026-07-31T00:00:00.000Z,1.0,Rental Listing,1960.0,Standard,2026-08-15T00:00:00.000Z,2026-08-16T00:00:00.000Z,1.0,,,,,,,,,,,,,,,,,,,,,,,,,,,,,,,,,,,,,,,,,,,,,,,,,,,,,,,,,,,,,,,,,,,,,,,,,,,,,,,,,,,,,,,,,,,,,,,,,,,,,,,,,,,,,,,,,,,,,,,,,,,,,,,,,,,,,,,,,,,,,,,,,,,,,,,,,,,,,,,,,,,,,,,,,,,,,,,,,,,,,,,,,,,,,,,,,,,,,,,,,,,,,,,,,,,,,,,,,,,,,,,,,,,,,,,,,,,,,,,,,,,,,,,,,,,,,,,,,,,,,,,,,,,,,,,,,,,,,
"33893-Thyme-Dr,-Wesley-Chapel,-FL-33543","33893 Thyme Dr, Wesley Chapel, FL 33543",33893 Thyme Dr,,Wesley Chapel,FL,12,33543,Pasco,101,28.202676,-82.256134,Single Family,3,2.0,1700.0,Active,2477,Standard,2026-10-06T00:00:00.000Z,,2025-03-06T00:00:00.000Z,2026-10-06T02:39:02.973Z,1,Pasco,Wesley Chapel,,,,,,,Rental Listing,2477,Standard,2026-10-06T00:00:00.000Z,,1,,,,,,,,,,,,,,,,,,,,,,,,,,,,,,,,,,,,,,,,,,,,,,,,,2023.0,,,,,,,,,,,,,,,,,,,,,,,,,,,,,,,,,,,,,,,,,,,,,,,,,,,,,,,,,,,,,,,,,,,,,,,,,,,,,,,,,,,,,,,,,,,,,,,,,,,,,,,,,,,,,,,,,,,,,,,,,,,,,,,,,,,,,,,,,,,,,,,,,,,,,,,,,,,,,,,,,,,,,,,,,,Rental Listing,2400.0,Standard,2025-02-16T00:00:00.000Z,2025-03-08T00:00:00.000Z,20.0,Rental Listing,2400.0,Standard,2026-03-24T00:00:00.000Z,2026-03-25T00:00:00.000Z,1.0,Rental Listing,2275.0,Standard,2026-04-06T00:00:00.000Z,2026-04-07T00:00:00.000Z,1.0,Rental Listing,2250.0,Standard,2026-04-30T00:00:00.000Z,2026-05-01T00:00:00.000Z,1.0,,,,,,,,,,,,,,,,,,,,,,,,,,,,,,,,,,,,,,,,,,,,,,,,,,,,,,,,,,,,,,,,,,,,,,,,,,,,,,,,,,,,,,,,,,,,,,,,,,,,,,,,,,,,,,,,,,,,,,,,,,,,,,,,,,,,,,,,,,,,,,,,,,,,,,,,,,,,,,,,,,,,,,,,,,,,,,,,,,,,,,,,,,,,,,,,,,,,,,,,,,,,,,,,,,,,,,,,,,,,,,,,,,,,,,,,,,,,,,,,,,,,,,,,,,,,,
"30450-Birdhouse-Dr,-Wesley-Chapel,-FL-33545","30450 Birdhouse Dr, Wesley Chapel, FL 33545",30450 Birdhouse Dr,,Wesley Chapel,FL,12,33545,Pasco,101,28.247103,-82.311991,Single Family,4,2.5,1944.0,Active,2565,Standard,2026-10-06T00:00:00.000Z,,2021-12-23T00:43:52.162Z,2026-10-06T02:39:02.969Z,1,Pasco,Wesley Chapel,,,,,,,Rental Listing,2565,Standard,2026-10-06T00:00:00.000Z,,1,,,,,,,,,,,,,,,,,,,,,,,,,,,,,,,,,,,,,,,,,,,,,,,,,,,,,,,,,,,,,,,,,,,,,,,,,,,,,,,,,,,,,,,,,,,,,,,,,,,,,,,,,,,,,,,,,,,,,,,,,,,,,,,,,,,,,,,,,,,,,,,,,,,,,,,,,,,,,,,,,,,,,,,,,,,,,,,,,,,,,,,,,,,,,,,,,,,,,,,,,,,,,,,,,,,,,,,,,,,,,,,,,,,,,,,,,,,,,,,,,,,,,,,,,,,,,,,,,,,,,,,,,,,,,,,,,,,,,,,,,,,,,,,,,,,,,,,,,,,,,,,,,,,,,,,,,,,,,,,,,,,,,,,,,,,,,,,,,,,,,,,,,,,,,,,,,,,,,,,,,,,,,,,,,,,,,,,,,,,,,,,,,,,,,,,,,,,,,,,,,,,,,,,,,,,,,,,,,,,,,,,,,,,,,,,,,,,,,,,,,,,,,,,,,,,,,,,,,,,,,,,,,,,,,,,,,,,,,,,,,,,,,,,,,,,,,,,
"5917-Missouri-Ave,-New-Port-Richey,-FL-34652","5917 Missouri Ave, New Port Richey, FL 34652",5917 Missouri Ave,,New Port Richey,FL,12,34652,Pasco,101,28.249329,-82.71645,Single Family,3,2.0,1007.0,Active,1735,Standard,2026-10-06T00:00:00.000Z,,2019-07-10T03:11:08.877Z,2026-10-06T02:41:43.067Z,1,Pasco,New Port Richey,,,,,,,Rental Listing,1735,Standard,2026-10-06T00:00:00.000Z,,1,,,,,,,,,,,,,,,,,,,,,,,,,,,,,,,,,,,,,,,,,,,,,,,,,,,,,,,,,,,,,,,,,,,,,,,,,,,,,,,,,,,,,,,,,,,,,,,,,,,,,,,,,,,,,,,,,,,,,,,,,,,,,,,,,,,,,,,,,,,,,,,,,,,,,,,,,,,,,,,,,,,,,,,,,,,,,,,,,,,,,,,,,,,,,,,,,,,,,,,,,,,,,,,,,,,,,,,,,,,,,,,,,,,,,,,,,,,,,,,,,,,Rental Listing,1790.0,Standard,2026-09-01T00:00:00.000Z,2026-09-02T00:00:00.000Z,1.0,,,,,,,,,,,,,,,,,,,,,,,,,,,,,,,,,,,,,,,,,,,,,,,,,,,,,,,,,,,,,,,,,,,,,,,,,,,,,,,,,,,,,,,,,,,,,,,,,,,,,,,,,,,,,,,,,,,,,,,,,,,,,,,,,,,,,,,,,,,,,,,,,,,,,,,,,,,,,,,,,,,,,,,,,,,,,,,,,,,,,,,,,,,,,,,,,,,,,,,,,,,,,,,,,,,,,,,,,,,,,,,,,,,,,,,,,,,,,,,,,,,,,,,
"12159-Colony-Lakes-Blvd,-New-Port-Richey,-FL-34654","12159 Colony Lakes Blvd, New Port Richey, FL 34654",12159 Colony Lakes Blvd,,New Port Richey,FL,12,34654,Pasco,101,28.333761,-82.61759,Single Family,4,2.0,1968.0,Active,2280,Standard,2026-10-06T00:00:00.000Z,,2019-04-29T11:05:19.680Z,2026-10-06T02:41:43.065Z,1,Pasco,New Port Richey,,,,,,,Rental Listing,2280,Standard,2026-10-06T00:00:00.000Z,,1,,,,,,,,,,,,,,,,,,,,,,,,,,,,,,,,,,,,,,,,,,,,,,,,,,,,,,,,,,,,,,,,,,,,,,,,,,,,,,,,,,,,,,,,,,,,,,,,,,,,,,,,,,,,,,,,,,,,,,,,,,,,,,,,,,,,,,,,,,,,,,,,,,,,,,,,,,,,,,,,,,,,,,,,,,,,,,,,,,,,,,,,,,,,,,,,,,,,,,,,,,,,,,,,,,,,,,,,,,,,,,,,,,,,,,,,,,,,,,,,,,,,,,,,,,,,,,,,,,,,,,,,,,,,,,,,,,,,,,,,,,,,,,,,,,,,,,,,,,,,,,,,,,,,,,,,,,,,,,,,,,,,,,,,,,,,,,,,,,,,,,,,,,,,,,,,,,,,,,,,,,,,,,,,,,,,,,,,,,,,,,,,,,,,,,,,,,,,,,,,,,,,,,,,,,,,,,,,,,,,,,,,,,,,,,,,,,,,,,,,,,,,,,,,,,,,,,,,,,,,,,,,,,,,,,,,,,,,,,,,,,,,,,,,,,,,,,,
"5567-Sea-Forest-Dr,-Apt-324,-New-Port-Richey,-FL-34652","5567 Sea Forest Dr, Apt 324, New Port Richey, FL 34652",5567 Sea Forest Dr,Apt 324,New Port Richey,FL,12,34652,Pasco,101,28.240515,-82.734765,Condo,2,3.0,1676.0,Active,2300,Standard,2026-10-06T00:00:00.000Z,,2026-03-08T00:00:00.000Z,2026-10-06T02:41:43.064Z,1,Pasco,New Port Richey,,,,,,,Rental Listing,2300,Standard,2026-10-06T00:00:00.000Z,,1,,,,,,,,,,,,,,,,,,,,,,,,,,,,,,,,,,,,,Rental Listing,2300.0,Standard,2026-09-26T00:00:00.000Z,2026-09-27T00:00:00.000Z,1.0,,,,,,,1992.0,,,,,,,,,,,,,,,,,,,,,,,,,,,,,,,,,,,,,,,,,,,,,,,,,1742.0,,,,,,,,,,,,,,,,,,,,,,,,,,,,,,,,,,,,,,,,,,,,,,,,,,,,,,,,,,,,,,,,,,,,,,,,,,,,,,,,,,,,,,,,,,,,,,,,,,,,,,,,,,,,,,,,,,,,,,,,,,,,,,,,,,,,,,,,,,,,,,,,,,,,,,,Rental Listing,2800.0,Standard,2026-03-07T00:00:00.000Z,2026-06-03T00:00:00.000Z,88.0,Rental Listing,2475.0,Standard,2026-06-05T00:00:00.000Z,2026-08-11T00:00:00.000Z,67.0,,,,,,,,,,,,,,,,,,,,,,,,,,,,,,,,,,,,,,,,,,,,,,,,,,,,,,,,,,,,,,,,,,,,,,,,,,,,,,,,,,,,,,,,,,,,,,,,,,,,,,,,,,,,,,,,,,,,,,,,,,,,,,,,,,,,,,,,,,,,,,,,,,,,,,,,,,,,,,,,,,,,,,,,,,,,,,,,,,,,,,,,,,,,,,,,,,,,,,,,,,,,,,,,,,,,,,,,,,,,,,,,,,,,,,,,,,,
"6220-12th-Ave,-New-Port-Richey,-FL-34653","6220 12th Ave, New Port Richey, FL 34653",6220 12th Ave,,New Port Richey,FL,12,34653,Pasco,101,28.225694,-82.711464,Single Family,2,2.0,1050.0,Active,1825,Standard,2026-10-06T00:00:00.000Z,,2024-03-17T00:00:00.000Z,2026-10-06T02:41:43.040Z,1,Pasco,New Port Richey,,,,,,,Rental Listing,1825,Standard,2026-10-06T00:00:00.000Z,,1,,,,,,,,,,,,,,,,,,,,,,,,,,,,,,,,,,,,,,,,,,,,,,,,,,,,,,,,,,,,,,,,,,,,,,,,,,,,,,,,,,,,,,,,,,,,,,,,,,,,,,,,,,,,,,,,,,,,,,,,,,,,,,,,,,,,,,,,,,,,,,,,,,,,,,,,,,,,,,,,,,,,,,,,,,,,,,,,,,,,,,,,,,,,,,,,,,,,,,,,,,,,,,,,,,,,,,,,,,,,,,,,,,,,,,,,,,,,,,,,,,,,,,,,,,,,,,,,,,,,,,,,,,,,,,,,,,,,,,,,,,,,,,,,,,,,,,,,,,,,,,,,,,,,,,,,,,,,,,,,,,,,,,,,,,,,,,,,,,,,,,,,,,,,,,,,,,,,,,,,,,,,,,,,,,,,,,,,,,,,,,,,,,,,,,,,,,,,,,,,,,,,,,,,,,,,,,,,,,,,,,,,,,,,,,,,,,,,,,,,,,,,,,,,,,,,,,,,,,,,,,,,,,,,,,,,,,,,,,,,,,,,,,,,,,,,,,,
"9142-Buena-Mesa-Dr,-New-Port-Richey,-FL-34655","9142 Buena Mesa Dr, New Port Richey, FL 34655",9142 Buena Mesa Dr,,New Port Richey,FL,12,34655,Pasco,101,28.235484,-82.663203,Single Family,3,2.0,1876.0,Active,2635,Standard,2026-10-06T00:00:00.000Z,,2017-12-24T05:05:32.000Z,2026-10-06T02:41:43.039Z,1,Pasco,New Port Richey,,,,,,,Rental Listing,2635,Standard,2026-10-06T00:00:00.000Z,,1,,,,,,,,,,,,,,,,,,,,,,,,,,,,,,,,,,,,,,,,,,,,,,,,,,,,,,,,,,,,,,,,,,,,,,,,,,,,,,,,,,,,,,,,,,,,,,,,,,,,,,,,,,,,,,,,,,,,,,,,,,,,,,,,,,,,,,,,,,,,,,,,,,,,,,,,,,,,,,,,,,,,,,,,,,,,,,,,,,,,,,,,,,,,,,,,,,,,,,,,,,,,,,,,,,,,,,,,,,,,,,,,,,,,,,,,,,,,,,,,,,,,,,,,,,,,,,,,,,,,,,,,,,,,,,,,,,,,,,,,,,,,,,,,,,,,,,,,,,,,,,,,,,,,,,,,,,,,,,,,,,,,,,,,,,,,,,,,,,,,,,,,,,,,,,,,,,,,,,,,,,,,,,,,,,,,,,,,,,,,,,,,,,,,,,,,,,,,,,,,,,,,,,,,,,,,,,,,,,,,,,,,,,,,,,,,,,,,,,,,,,,,,,,,,,,,,,,,,,,,,,,,,,,,,,,,,,,,,,,,,,,,,,,,,,,,,,,
"4403-Terry-Loop,-New-Port-Richey,-FL-34652","4403 Terry Loop, New Port Richey, FL 34652",4403 Terry Loop,,New Port Richey,FL,12,34652,Pasco,101,28.223953,-82.73029,Single Family,2,1.0,1061.0,Active,1350,Standard,2026-10-06T00:00:00.000Z,,2023-03-03T00:00:00.000Z,2026-10-06T02:41:43.019Z,1,Pasco,New Port Richey,,,,,,,Rental Listing,1350,Standard,2026-10-06T00:00:00.000Z,,1,,,,,,,,,,,,,,,,,,,,,,,,,,,,,,,,,,,,,,,,,,,,,,,,,,,,,,,,,,,,,,,,,,,,,,,,,,,,,,,,,,,,,,,,,,,,,,,,,,,,,,,,,,,,,,,,,,,,,,,,,,,,,,,,,,,,,,,,,,,,,,,,,,,,,,,,,,,,,,,,,,,,,,,,,,,,,,,,,,,,,,,,,,,,,,,,,,,,,,,,,,,,,,,,,,,,,,,,,,,,,,,,,,,,,,,,,,,,,,,,,,,,,,,,,,,,,,,,,,,,,,,,,,,,,,,,,,,,,,,,,,,,,,,,,,,,,,,,,,,,,,,,,,,,,,,,,,,,,,,,,,,,,,,,,,,,,,,,,,,,,,,,,,,,,,,,,,,,,,,,,,,,,,,,,,,,,,,,,,,,,,,,,,,,,,,,,,,,,,,,,,,,,,,,,,,,,,,,,,,,,,,,,,,,,,,,,,,,,,,,,,,,,,,,,,,,,,,,,,,,,,,,,,,,,,,,,,,,,,,,,,,,,,,,,,,,,,,
"3078-Bryant-Park-Dr,-New-Port-Richey,-FL-34655","3078 Bryant Park Dr, New Port Richey, FL 34655",3078 Bryant Park Dr,,New Port Richey,FL,12,34655,Pasco,101,28.203518,-82.676353,Single Family,3,2.5,1801.0,Active,2299,Standard,2026-10-06T00:00:00.000Z,,2023-05-11T00:00:00.000Z,2026-10-06T02:39:02.992Z,1,Pasco,New Port Richey,,,,,,,Rental Listing,2299,Standard,2026-10-06T00:00:00.000Z,,1,,,,,,,,,,,,,,,,,,,,,,,,,,,,,,,,,,,,,,,,,,,,,,,,,,,,,,,,,,,,,,,,,,,,,,,,,,,,,,,,,,,,,,,,,,,,,,,,,,,,,,,,,,,,,,,,,,,,,,,,,,,,,,,,,,,,,,,,,,,,,,,,,,,,,,,,,,,,,,,,,,,,,,,,,,,,,,,,,,,,,,,,,,,,,,,,,,,,,,,,,,,,,,,,,,,,,,,,,,,,,,,,,,,,,,,,,,,,,,,,,,,,,,,,,,,,,,,,,,,,,,,,,,,,,,,,,,,,,,,,,,,,,,,,,,,,,,,,,,,,,,,,,,,,,,,,,,,,,,,,,,,,,,,,,,,,,,,,,,,,,,,,,,,,,,,,,,,,,,,,,,,,,,,,,,,,,,,,,,,,,,,,,,,,,,,,,,,,,,,,,,,,,,,,,,,,,,,,,,,,,,,,,,,,,,,,,,,,,,,,,,,,,,,,,,,,,,,,,,,,,,,,,,,,,,,,,,,,,,,,,,,,,,,,,,,,,,,
"5548-James-St,-New-Port-Richey,-FL-34652","5548 James St, New Port Richey, FL 34652",5548 James St,,New Port Richey,FL,12,34652,Pasco,101,28.240206,-82.723717,Single Family,2,1.0,800.0,Active,1425,Standard,2026-10-06T00:00:00.000Z,,2026-09-24T00:00:00.000Z,2026-10-06T02:39:02.985Z,1,Pasco,New Port Richey,,,,,,,Rental Listing,1425,Standard,2026-10-06T00:00:00.000Z,,1,,,,,,,,,,,,,,,,,,,,,,,,,,,,,,,,,,,,,,,,,,,,,,,,,,,,,,,,,,,,,,,,,,,,,,,,,,,,,,,,,,,,,,,,,,,,,,,,,,,,,,,,,,,,,,,,,,,,,,,,,,,,,,,,,,,,,,,,,,,,,,,,,,,,,,,,,,,,,,,,,,,,,,,,,,,,,,,,,,,,,,,,,,,,,,,,,,,,,,,,,,,,,,,,,,,,,,,,,,,,,,,,,,,,,,,,,,,,,,,,,,,,,,,,,,,,,,,,,,,,,,,,,,,,,,,,,,,,,,,,,,,,,,,,,,,,,,,,,,,,,,,,,,,,,,,,,,,,,,,,,,,,,,,,,,,,,,,,,,,,,,,,,,,,,,,,,,,,,,,,,,,,,,,,,,,,,,,,,,,,,,,,,,,,,,,,,,,,,,,,,,,,,,,,,,,,,,,,,,,,,,,,,,,,,,,,,,,,,,,,,,,,,,,,,,,,,,,,,,,,,,,,,,,,,,,,,,,,,,,,,,,,,,,,,,,,,,,
"5443-Beach-St,-New-Port-Richey,-FL-34652","5443 Beach St, New Port Richey, FL 34652",5443 Beach St,,New Port Richey,FL,12,34652,Pasco,101,28.238647,-82.71696,Apartment,2,1.0,850.0,Active,1295,Standard,2026-10-06T00:00:00.000Z,,2025-09-10T00:00:00.000Z,2026-10-06T02:39:02.984Z,1,Pasco,New Port Richey,,,,,,,Rental Listing,1295,Standard,2026-10-06T00:00:00.000Z,,1,,,,,,,,,,,,,,,,,,,,,,,,,,,,,,,,,,,,,,,,,,,,,,,,,,,,,,,,,,,,,,,,,,,,,,,,,,Rental Listing,1395.0,Standard,2026-08-10T00:00:00.000Z,2026-08-11T00:00:00.000Z,1.0,,,,,,,,,,,,,,,,,,,,,,,,,,,,,,,,,,,,,,Rental Listing,1250.0,Standard,2025-10-08T00:00:00.000Z,2025-10-09T00:00:00.000Z,1.0,,,,,,,,,,,,,,,,,,,,,,,,,,,,,,,,,,,,,,,,,,,,,,,,,,,,,,,,,,,,,,,,,,,,,,,,,,,,,,,,,,,,,,,,,,,,,,,,,,,,,,,,,,,,,,,,,,,,,,,,,,,,,,,,,,,,,,,,,,,,,,,,,,,,,,,,,,,,,,,,,,,,,,,,,,,,,,,,,,,,,,,,,,,,,,,,,,,,,,,,,,,,,,,,,,,,,,,,,,,,,,,,,,,,,,,,,,,,,,,,,,,,,,,,,,,,,,,,,,,,,,,,,,,,,,,,,,,,,,,,,,,,,,,,,,,,,,,,,,,,,,,,,,,,,,,,,,,,,,,,,,,,,,,,,,,,,,,,,,,,,,,,,,,,,,,,,,,,,,,,,,,,,,,,,,,,,
"5800-Montana-Ave,-New-Port-Richey,-FL-34652","5800 Montana Ave, New Port Richey, FL 34652",5800 Montana Ave,,New Port Richey,FL,12,34652,Pasco,101,28.247852,-82.718691,Apartment,2,1.0,1536.0,Active,1150,Standard,2026-10-06T00:00:00.000Z,,2026-05-21T00:00:00.000Z,2026-10-06T02:39:02.983Z,1,Pasco,New Port Richey,,,,,,,Rental Listing,1150,Standard,2026-10-06T00:00:00.000Z,,1,,,,,,,,,,,,,,,,,,,,,,,,,,,,,,,,,,,,,Rental Listing,1150.0,Standard,2026-09-26T00:00:00.000Z,2026-09-27T00:00:00.000Z,1.0,,,,,,,1979.0,,,,,,,,,,,,,,,,,,,,,,,,,,,,,,,,,,,,,,,,,,,,,,,,,7405.0,,,,,,,,,,,,,,,,,,,,,,,,,,,,,,,,,,,,,,,,,,,,,,,,,,,,,,,,,,,,,,,,,,,,,,,,,,,,,,,,,,,,,,,,,,,,,,,,,,,,,,,,,,,,,,,,,,,,,,,,,,,,,,,,,,,,,,,,,,,,,,,,,,,,,,,,,,,,,,,,,,,,,,,,,,,,,,,,,,,,,,,,,,,,,,,,,,,,,,,,,,,,,,,,,,,,,,,,,,,,,,,,,,,,,,,,,,,,,,,,,,,,,,,,,,,,,,,,,,,,,,,,,,,,,,,,,,,,,,,,,,,,,,,,,,,,,,,,,,,,,,,,,,,,,,,,,,,,,,,,,,,,,,,,,,,,,,,,,,,,,,,,,,,,,,,,,,,,,,,,,,,,,,,,,,,,,,,,,,,,,,,,,,,,,,,,,,,,,
"3504-Heron-Island-Dr,-New-Port-Richey,-FL-34655","3504 Heron Island Dr, New Port Richey, FL 34655",3504 Heron Island Dr,,New Port Richey,FL,12,34655,Pasco,101,28.208455,-82.675992,Single Family,3,2.5,2315.0,Active,2672,Standard,2026-10-06T00:00:00.000Z,,2021-06-10T00:35:35.096Z,2026-10-06T02:39:02.980Z,1,Pasco,New Port Richey,,,,,,,Rental Listing,2672,Standard,2026-10-06T00:00:00.000Z,,1,,,,,,,,,,,,,,,,,,,,,,,,,,,,,,,,,,,,,,,,,,,,,,,,,2006.0,,,,,,,,,,,,,,,,,,,,,,,,,,,,,,,,,,,,,,,,,,,,,,,,,,,,,,,,,,,,,,,,,,,,,,,,,,,,,,,,,,,,,,,,,,,,,,,,,,,,,,,,,,,,,,,,,,,,,,,,,,,,,,,,,,,,,,,,,,,,,,,,,,,,,,,,,,,,,,,,,,,,,,,,,,,,,,,,Rental Listing,2450.0,Standard,2026-03-24T00:00:00.000Z,2026-03-25T00:00:00.000Z,1.0,,,,,,,,,,,,,,,,,,,,,,,,,,,,,,,Rental Listing,2545.0,Standard,2024-11-23T00:00:00.000Z,2024-12-26T00:00:00.000Z,33.0,,,,,,,,,,,,,,,,,,,,,,,,,,,,,,,,,,,,,,,,,,,,,,,,,,,,,,,,,,,,,,,,,,,,,,,,,,,,,,,,,,,,,,,,,,,,,,,,,,,,,,,,,,,,,,,,,,,,,,,,,,,,,,,,,,,,,,,,,,,,,,,,,,,,,,,,,,,,,,,,,,,,,,,,,,,,,,,,,,,,,,,,,,,,,,,,,,,,,,,,,,,,,,,,,,,,,,,,,,,,,,,,,,,,,
"8459-Houndstooth-Enclave-Dr,-New-Port-Richey,-FL-34655","8459 Houndstooth Enclave Dr, New Port Richey, FL 34655",8459 Houndstooth Enclave Dr,,New Port Richey,FL,12,34655,Pasco,101,28.201583,-82.674988,Single Family,3,2.5,2319.0,Active,2325,Standard,2026-10-06T00:00:00.000Z,,2022-11-20T01:15:24.633Z,2026-10-06T02:39:02.970Z,1,Pasco,New Port Richey,,,,,,,Rental Listing,2325,Standard,2026-10-06T00:00:00.000Z,,1,,,,,,,,,,,,,,,,,,,,,,,,,,,,,,,,,,,,,,,,,,,,,,,,,,,,,,,,,,,,,,,,,,,,,,,,,,,,,,,,,,,,,,,,,,,,,,,,,,,,,,,,,,,,,,,,,,,,,,,,,,,,,,,,,,,,,,,,,,,,,,,,,,,,,,,,,,,,,,,,,,,,,,,,,,,,,,,,,,,,,,,,,,,,,,,,,,,,,,,,,,,,,,,,,,,,,,,,,,,,,,,,,,,,,,,,,,,,,,,,,,,,,,,,,,,,,,,,,,,,,,,,,,,Rental Listing,2325.0,Standard,2026-10-02T00:00:00.000Z,2026-10-03T00:00:00.000Z,1.0,,,,,,,,,,,,,,,,,,,,,,,,,,,,,,,,,,,,,,,,,,,,,,,,,,,,,,,,,,,,,,,,,,,,,,,,,,,,,,,,,,,,,,,,,,,,,,,,,,,,,,,,,,,,,,,,,,,,,,,,,,,,,,,,,,,,,,,,,,,,,,,,,,,,,,,,,,,,,,,,,,,,,,,,,,,,,,,,,,,,,,,,,,,,,,,,,,,,,,,,,,,,,,,,,,,,,,,,,,,,,,,
"4545-Audrey-Ln,-New-Port-Richey,-FL-34652","4545 Audrey Ln, New Port Richey, FL 34652",4545 Audrey Ln,,New Port Richey,FL,12,34652,Pasco,101,28.225334,-82.727318,Apartment,2,1.0,750.0,Active,1295,Standard,2026-10-06T00:00:00.000Z,,2025-06-26T00:00:00.000Z,2026-10-06T02:39:02.953Z,1,Pasco,New Port Richey,,,,,,,Rental Listing,1295,Standard,2026-10-06T00:00:00.000Z,,1,,,,,,,,,,,,,,,,,,,,,,,,,,,,,,,,,,,,,,,,,,,,,,,,,,,,,,,,,,,,,,,,,,,,,,,,,,,,,,,,,,,,,,,,,,,,,,,,,,,,,,,,,,,,,,,,,,,,,,,,,,,,,,,,,,,,,,,,,,,,,,,,,,,,,,,,,,,,,,,,,,,,,,,,,,,,,,,,,,,,,,,,,,,,,,,,,,,,,,,,,,,,,,,,,,,,,,,,,,,,,,,,,,,,,,,,,,,,,,,,,,,,,,,,,,,,,,,,,,,,,,,,,,,,,,,,,Rental Listing,1295.0,Standard,2025-09-10T00:00:00.000Z,2025-09-11T00:00:00.000Z,1.0,,,,,,,,,,,,,,,,,,,,,,,,,,,,,,,,,,,,,,,,,,,,,,,,,,,,,,,,,,,,,,,,,,,,,,,,,,,,,,,,,,,,,,,,,,,,,,,,,,,,,,,,,,,,,,,,,,,,,,,,,,,,,,,,,,,,,,,,,,,,,,,,,,,,,,,,,,,,,,,,,,,,,,,,,,,,,,,,,,,,,,,,,,,,,,,,,,,,,,,,,,,,,,,,,,,,,,,,,
"4609-Audrey-Ln,-New-Port-Richey,-FL-34652","4609 Audrey Ln, New Port Richey, FL 34652",4609 Audrey Ln,,New Port Richey,FL,12,34652,Pasco,101,28.225121,-82.726913,Apartment,2,1.0,750.0,Active,1350,Standard,2026-10-06T00:00:00.000Z,,2025-10-29T00:00:00.000Z,2026-10-06T02:39:02.950Z,1,Pasco,New Port Richey,,,,,,,Rental Listing,1350,Standard,2026-10-06T00:00:00.000Z,,1,,,,,,,,,,,,,,,,,,,,,,,,,,,,,,,,,,,,,,,,,,,,,,,,,,,,,,,,,,,,,,,,,,,,,,,,,,,,,,,,,,,,,,,,,,,,,,,,,,,,,,,,,,,,,,,,,,,,,,,,,,,,,,,,,,,,,,,,,,,,,,,,,,,,,,,,,,,,,,,,,,,,,,,,,,,,,,,,,,,,,,,,,,,,,,,,,,,,,,,,,,,,,,,,,,,,,,,,,,,,,,,,,,,,,,,,,,,,,,,,,,,,,,,,,,,,,,,,,,,,,,,,,,,,,,,,,,,,,,,Rental Listing,1295.0,Standard,2026-01-16T00:00:00.000Z,2026-01-17T00:00:00.000Z,1.0,,,,,,,,,,,,,,,,,,,,,,,,,,,,,,,,,,,,,,,,,,,,,,,,,,,,,,,,,,,,,,,,,,,,,,,,,,,,,,,,,,,,,,,,,,,,,,,,,,,,,,,,,,,,,,,,,,,,,,,,,,,,,,,,,,,,,,,,,,,,,,,,,,,,,,,,,,,,,,,,,,,,,,,,,,,,,,,,,,,,,,,,,,,,,,,,,,,,,,,,,,,,,,,,,,,
"4916-Gulf-Waters-Dr,-New-Port-Richey,-FL-34652","4916 Gulf Waters Dr, New Port Richey, FL 34652",4916 Gulf Waters Dr,,New Port Richey,FL,12,34652,Pasco,101,28.240394,-82.732445,Townhouse,3,2.5,1607.0,Active,1980,Standard,2026-10-06T00:00:00.000Z,,2021-10-27T01:39:51.960Z,2026-10-06T02:39:02.947Z,1,Pasco,New Port Richey,,,,,,,Rental Listing,1980,Standard,2026-10-06T00:00:00.000Z,,1,,,,,,,,,,,,,,,,,,,,,,,,,,,,,,,,,,,,,,,,,,,,,,,,,2021.0,,,,,,,,,,,,,,,,,,,,,,,,,,,,,,,,,,,,,,,,,,,,,,,,,1228.0,,,,,,,,,,,,,,,,,,,,,,,,,,,,,,,,,,,,,,,,,,,,,,,,,,,,,,,,,,,,,,,,,,,,,,,,,,,,,,,,,,,,,,,,,,,,,,,,,,,,,,,,,,,,,,,,,,,,,,,,,,,,,,,,,,,,,,,,,,,,,,,,,,,,,,,,,,,,,,,,,,,,,,,,,,,,,,,,,,,,,,,,,,,,,,,,,,,,,,,,,,,,,,,,,,,,,,,,,,,,,,,,,,,,,,,,,,,,,,,,,,,,,,,,,,,,,,,,,,,,,,,,,,,,,,,,,,,,,,,,,,,,,,,,,,,,,,,,,,,,,,,,,,,,,,,,,,,,,,,,,,,,,,,,,,,,,,,,,,,,,,,,,,,,,,,,,,,,,,,,,,,,,,,,,,,,,,,,,,,,,,,,,,,,,,,,,,,,,
"7140-Bellaire-Ter,-New-Port-Richey,-FL-34653","7140 Bellaire Ter, New Port Richey, FL 34653",7140 Bellaire Ter,,New Port Richey,FL,12,34653,Pasco,101,28.261281,-82.704891,Single Family,2,1.0,776.0,Active,1350,Standard,2026-10-06T00:00:00.000Z,,2023-06-09T00:00:00.000Z,2026-10-06T02:39:02.946Z,1,Pasco,New Port Richey,,,,,,,Rental Listing,1350,Standard,2026-10-06T00:00:00.000Z,,1,,,,,,,,,,,,,,,,,,,,,,,,,,,,,,,,,,,,,,,,,,,,,,,,,1978.0,,,,,,,,,,,,,,,,,,,,,,,,,,,,,,,,,,,,,,,,,,,,,,,,,21344.0,,,,,,,,,,,,,,,,,,,,,,,,,,,,,,,,,,,,,,,,,,,,,,,,,,,,,,,,,,,,,,,,,,,,,,,,,,,,,,,,,,,,,,,,,,,,,,,,,,,,,,,,,,,,,,,,,,,,,,,,,,,,,,,,,,,,,,,,,,,,,,,,,,,,,,,,,,,,,,,,,,,,,,,,,,,,,,,,,,,,,,,,,,,Rental Listing,1350.0,Standard,2024-08-26T00:00:00.000Z,2024-10-02T00:00:00.000Z,37.0,Rental Listing,1350.0,Standard,2026-03-27T00:00:00.000Z,2026-03-28T00:00:00.000Z,1.0,Rental Listing,1350.0,Standard,2026-06-10T00:00:00.000Z,2026-06-11T00:00:00.000Z,1.0,,,,,,,,,,,,,,,,,,,,,,,,,,,,,,,,,,,,,,,,,,,,,,,,,,,,,,,,,,,,,,,,,,,,,,,,,,,,,,,,,,,,,,,,,,,,,,,,,,,,,,,,,,,,,,,,,,,,,,,,,,,,,,,,,,,,,,,,,,,,,,,,,,,,,,,,,,,,,,,,,,,,,,,,,,,,,,,,,,,,,,,,,,,,,,,,,
"4624-Belfast-Dr,-New-Port-Richey,-FL-34652","4624 Belfast Dr, New Port Richey, FL 34652",4624 Belfast Dr,,New Port Richey,FL,12,34652,Pasco,101,28.226444,-82.729384,Single Family,3,2.0,1155.0,Active,1695,Standard,2026-10-06T00:00:00.000Z,,2024-10-05T00:00:00.000Z,2026-10-06T02:39:02.944Z,1,Pasco,New Port Richey,,,,,,,Rental Listing,1695,Standard,2026-10-06T00:00:00.000Z,,1,,,,,,,,,,,,,,,,,,,,,,,,,,,,,,,,,,,,,,,,,,,,,,,,,,,,,,,,,,,,,,,,,,,,,,,,,,,,,,,,,,,,,,,,,,,,,,,,,,,,,,,,,,,,,,,,,,,,,,,,,,,,,,,,,,,,,,,,,,,,,,,,,,,,,,,,,,,,,,,,,,,,,,,,,,,,,,,,,,,,,,,,,,,,,,,,,,,,,,,,,,,,,,,,,,,,,,,,,,,,,,,,,,,,,,,,,,,,,,,,,,,,,,,,,,,,,,,,,,,,,,,,,,,,,,,,,,,,,,,,,,,,,,,,,,,,,,,,,,,,,,,Rental Listing,2450.0,Standard,2024-10-04T00:00:00.000Z,2026-03-30T00:00:00.000Z,542.0,,,,,,,,,,,,,,,,,,,,,,,,,,,,,,,,,,,,,,,,,,,,,,,,,,,,,,,,,,,,,,,,,,,,,,,,,,,,,,,,,,,,,,,,,,,,,,,,,,,,,,,,,,,,,,,,,,,,,,,,,,,,,,,,,,,,,,,,,,,,,,,,,,,,,,,,,,,,,,,,,,,,,,,,,,,,,,,,,,,,,,,,,,,
"4449-Foxboro-Dr,-New-Port-Richey,-FL-34653","4449 Foxboro Dr, New Port Richey, FL 34653",4449 Foxboro Dr,,New Port Richey,FL,12,34653,Pasco,101,28.224001,-82.686281,Single Family,3,2.0,1549.0,Active,2300,Standard,2026-10-06T00:00:00.000Z,,2026-09-23T00:00:00.000Z,2026-10-06T02:39:02.944Z,1,Pasco,New Port Richey,,,,,,,Rental Listing,2300,Standard,2026-10-06T00:00:00.000Z,,1,,,,,,,,,,,,,,,,,,,,,,,,,,,,,,,,,,,,,,,,,,,,,,,,,,,,,,,,,,,,,,,,,,,,,,,,,,,,,,,,,,,,,,,,,,,,,,,,,,,,,,,,,,,,,,,,,,,,,,,,,,,,,,,,,,,,,,,,,,,,,,,,,,,,,,,,,,,,,,,,,,,,,,,,,,,,,,,,,,,,,,,,,,,,,,,,,,,,,,,,,,,,,,,,,,,,,,,,,,,,,,,,,,,,,,,,,,,,,,,,,,,,,,,,,,,,,,,,,,,,,,,,,,,,,,,,,,,,,,,,,,,,,,,,,,,,,,,,,,,,,,,,,,,,,,,,,,,,,,,,,,,,,,,,,,,,,,,,,,,,,,,,,,,,,,,,,,,,,,,,,,,,,,,,,,,,,,,,,,,,,,,,,,,,,,,,,,,,,,,,,,,,,,,,,,,,,,,,,,,,,,,,,,,,,,,,,,,,,,,,,,,,,,,,,,,,,,,,,,,,,,,,,,,,,,,,,,,,,,,,,,,,,,,,,,,,,,,
"7713-Deer-Foot-Dr,-New-Port-Richey,-FL-34653","7713 Deer Foot Dr, New Port Richey, FL 34653",7713 Deer Foot Dr,,New Port Richey,FL,12,34653,Pasco,101,28.233578,-82.687308,Single Family,3,2.0,1755.0,Active,2095,Standard,2026-10-06T00:00:00.000Z,,2023-08-26T00:00:00.000Z,2026-10-06T02:39:02.937Z,1,Pasco,New Port Richey,,,,,,,Rental Listing,2095,Standard,2026-10-06T00:00:00.000Z,,1,,,,,,,,,,,,,,,,,,,,,,,,,,,,,,,,,,,,,,,,,,,,,,,,,,,,,,,,,,,,,,,,,,,,,,,,,,,,,,,,,,,,,,,,,,,,,,,,,,,,,,,,,,,,,,,,,,,,,,,,,,,,,,,,,,,,,,,,,,,,,,,,,,,,,,,,,,,,,,,,,,,,,,,,,,,,,,,,,,,,,,,,,,,,,,,,,,,,,,,,,,,,,,,,,,,,,,,,,,,,,,,,,,,,,,,,,,,,,,,,,,,,,,,,,,,,,,,,,,,,,,,,,,,,,,,,,,,,,,,,,,,,,,,,,,,,,,,,,,,,,,,,,,,,,,,,,,,,,,,,,,,,,,,,,,,,,,,,,,,,,,,,,,,,,,,,,,,,,,,,,,,,,,,,,,,,,,,,,,,,,,,,,,,,,,,,,,,,,,,,,,,,,,,,,,,,,,,,,,,,,,,,,,,,,,,,,,,,,,,,,,,,,,,,,,,,,,,,,,,,,,,,,,,,,,,,,,,,,,,,,,,,,,,,,,,,,,,
"7148-Ramor-Ln,-New-Port-Richey,-FL-34653","7148 Ramor Ln, New Port Richey, FL 34653",7148 Ramor Ln,,New Port Richey,FL,12,34653,Pasco,101,28.261462,-82.712008,Single Family,3,2.0,1173.0,Active,1895,Standard,2026-10-06T00:00:00.000Z,,2026-06-18T00:00:00.000Z,2026-10-06T02:39:02.936Z,1,Pasco,New Port Richey,,,,,,,Rental Listing,1895,Standard,2026-10-06T00:00:00.000Z,,1,,,,,,,,,,,,,,,,,,,,,,,,,,,,,,,,,,,,,,,,,,,,,,,,,,,,,,,,,,,,,,,,,,,,,,,,,,,,,,,,,,,,,,,,,,,,,,,,,,,,,,,,,,,,,,,,,,,,,,,,,,,,,,,,,,,,,,,,,,,,,,,,,,,,,,,,,,,,,,,,,,,,,,,,,,,,,,,,,,,,,,,,,,,,,,,,,,,,,,,,,,,,,,,,,,,,,,,,,,,,,,,,,,,,,,,,,,,,,,,,,,,,,,,,,,,,,,,,,,,,,,,,,,,,,,,,,,,,,,,,,,,,,,,,,,,,,,,,,,,,,,,,,,,,,,,,,,,,,,,,,,,,,,,,,,,,,,,,,,,,,,,,,,,,,,,,,,,,,,,,,,,,,,,,,,,,,,,,,,,,,,,,,,,,,,,,,,,,,,,,,,,,,,,,,,,,,,,,,,,,,,,,,,,,,,,,,,,,,,,,,,,,,,,,,,,,,,,,,,,,,,,,,,,,,,,,,,,,,,,,,,,,,,,,,,,,,,,
"4618-Audrey-Ln,-New-Port-Richey,-FL-34652","4618 Audrey Ln, New Port Richey, FL 34652",4618 Audrey Ln,,New Port Richey,FL,12,34652,Pasco,101,28.224907,-82.726746,Apartment,2,1.0,750.0,Active,1350,Standard,2026-10-06T00:00:00.000Z,,2026-07-25T00:00:00.000Z,2026-10-06T02:39:02.935Z,1,Pasco,New Port Richey,,,,,,,Rental Listing,1350,Standard,2026-10-06T00:00:00.000Z,,1,,,,,,,,,,,,,,,,,,,,,,,,,,,,,,,,,,,,,,,,,,,,,,,,,,,,,,,,,,,,,,,,,,,,,,,,,,,,,,,,,,,,,,,,,,,,,,,,,,,,,,,,,,,,,,,,,,,,,,,,,,,,,,,,,,,,,,,,,,,,,,,,,,,,,,,,,,,,,,,,,,,,,,,,,,,,,,,,,,,,,,,,,,,,,,,,,,,,,,,,,,,,,,,,,,,,,,,,,,,,,,,,,,,,,,,,,,,,,,,,,,,,,,,,,,,,,,,,,,,,,,,,,,,,,,,,,,,,,,,,,,,,,,,,,,,,,,,,,,,,,,,,,,,,,,,,,,,,,,,,,,,,,,,,,,,,,,,,,,,,,,,,,,,,,,,,,,,,,,,,,,,,,,,,,,,,,,,,,,,,,,,,,,,,,,,,,,,,,,,,,,,,,,,,,,,,,,,,,,,,,,,,,,,,,,,,,,,,,,,,,,,,,,,,,,,,,,,,,,,,,,,,,,,,,,,,,,,,,,,,,,,,,,,,,,,,,,,
"7109-Kirsch-Ct,-Apt-5,-New-Port-Richey,-FL-34653","7109 Kirsch Ct, Apt 5, New Port Richey, FL 34653",7109 Kirsch Ct,Apt 5,New Port Richey,FL,12,34653,Pasco,101,28.260813,-82.69719,Single Family,2,2.0,1096.0,Active,1299,Standard,2026-10-06T00:00:00.000Z,,2026-09-01T00:00:00.000Z,2026-10-06T02:39:02.911Z,1,Pasco,New Port Richey,,,,,,,Rental Listing,1299,Standard,2026-10-06T00:00:00.000Z,,1,,,,,,,,,,,,,,,,,,,,,,,,,,,,,,,,,,,,,,,,,,,,,,,,,,,,,,,,,,,,,,,,,,,,,,,,,,,,,,,,,,,,,,,,,,,,,,,,,,,,,,,,,,,,,,,,,,,,,,,,,,,,,,,,,,,,,,,,,,,,,,,,,,,,,,,,,,,,,,,,,,,,,,,,,,,,,,,,,,,,,,,,,,,,,,,,,,,,,,,,,,,,,,,,,,,,,,,,,,,,,,,,,,,,,,,,,,,,,,,,,,,,,,,,,,,,,,,,,,,,,,,,,,,,,,,,,,,,,,,,,,,,,,,,,,,,,,,,,,,,,,,,,,,,,,,,,,,,,,,,,,,,,,,,,,,,,,,,,,,,,,,,,,,,,,,,,,,,,,,,,,,,,,,,,,,,,,,,,,,,,,,,,,,,,,,,,,,,,,,,,,,,,,,,,,,,,,,,,,,,,,,,,,,,,,,,,,,,,,,,,,,,,,,,,,,,,,,,,,,,,,,,,,,,,,,,,,,,,,,,,,,,,,,,,,,,,,,
"8324-Bluebonnet-Pl,-New-Port-Richey,-FL-34653","8324 Bluebonnet Pl, New Port Richey, FL 34653",8324 Bluebonnet Pl,,New Port Richey,FL,12,34653,Pasco,101,28.219633,-82.676804,Single Family,4,2.0,1445.0,Active,2349,Standard,2026-10-06T00:00:00.000Z,,2022-04-07T02:37:51.000Z,2026-10-06T02:39:02.895Z,1,Pasco,New Port Richey,,,,,,,Rental Listing,2349,Standard,2026-10-06T00:00:00.000Z,,1,,,,,,,,,,,,,,,,,,,,,,,,,,,,,,,,,,,,,,,,,,,,,,,,,,,,,,,,,,,,,,,,,,,,,,,,,,,,,,,,,,,,,,,,,,,,,,,,,,,,,,,,,,,,,,,,,,,,,,,,,,,,,,,,,,,,,,,,,,,,,,,,,,,,,,,,,,,,,,,,,,,,,,,,,,,,,,,,,,,,,,,,,,,,,,,,,,,,,,,,,,,,,,,,,,,,,,,,,,,,,,,,,,,,,,,,,,,,,,,,,,,,,,,,,,,,,,,,,,,,,,,,,,,,,,,,,,,,,,,,,,,,,,,,,,,,,,,,,,,,,,,,,,,,,,,,,,,,,,,,,,,,,,,,,,,,,,,,,,,,,,,,,,,,,,,,,,,,,,,,,,,,,,,,,,,,,,,,,,,,,,,,,,,,,,,,,,,,,,,,,,,,,,,,,,,,,,,,,,,,,,,,,,,,,,,,,,,,,,,,,,,,,,,,,,,,,,,,,,,,,,,,,,,,,,,,,,,,,,,,,,,,,,,,,,,,,,,
"12051-Proctor-Loop,-Apt-2,-New-Port-Richey,-FL-34654","12051 Proctor Loop, Apt 2, New Port Richey, FL 34654",12051 Proctor Loop,Apt 2,New Port Richey,FL,12,34654,Pasco,101,28.325932,-82.616274,Condo,2,1.0,1008.0,Active,1395,Standard,2026-10-06T00:00:00.000Z,,2023-11-29T00:00:00.000Z,2026-10-06T02:39:02.892Z,1,Pasco,New Port Richey,,,,,,,Rental Listing,1395,Standard,2026-10-06T00:00:00.000Z,,1,,,,,,,,,,,,,,,,,,,,,,,,,,,,,,,,,,,,,,,,,,,,,,,,,,,,,,,,,,,,,,,,,,,,,,,,,,,,,,,,,,,,,,,,,,,,,,,,,,,,,,,,,,,,,,,,,,,,,,,,,,,,,,,,,,,,,,,,,,,,,,,,,,,,,,,,,,,,,,,,,,,,,,,,,,,,,,,,,,,,,,,,,,,,,,,,,,,,,,,,,,,,,,,,,,,,,,,,,,,,,,,,,,,,,,,,,,,,,,,,,,,,,,,,,,,,,,,,,,,,,,,,,,,,,,,,,,,,,,,,,,,,,,,,,,,,,,,,,,,,,,,,,,,,,Rental Listing,1450.0,Standard,2025-03-19T00:00:00.000Z,2025-03-20T00:00:00.000Z,1.0,,,,,,,,,,,,,,,,,,,,,,,,,,,,,,,,,,,,,,,,,,,,,,,,,,,,,,,,,,,,,,,,,,,,,,,,,,,,,,,,,,,,,,,,,,,,,,,,,,,,,,,,,,,,,,,,,,,,,,,,,,,,,,,,,,,,,,,,,,,,,,,,,,,,,,,,,,,,,,,,,,,,,,,,,,,,,,,,,,,,,
"7720-Deer-Foot-Dr,-New-Port-Richey,-FL-34653","7720 Deer Foot Dr, New Port Richey, FL 34653",7720 Deer Foot Dr,,New Port Richey,FL,12,34653,Pasco,101,28.233417,-82.686767,Single Family,2,2.0,1200.0,Active,1980,Standard,2026-10-06T00:00:00.000Z,,2022-05-25T00:02:27.376Z,2026-10-06T02:39:02.883Z,1,Pasco,New Port Richey,,,,,,,Rental Listing,1980,Standard,2026-10-06T00:00:00.000Z,,1,,,,,,,,,,,,,,,,,,,,,,,,,,,,,,,,,,,,,,,,,,,,,,,,,,,,,,,,,,,,,,,,,,,,,,,,,,,,,,,,,,,,,,,,,,,,,,,,,,,,,,,,,,,,,,,,,,,,,,,,,,,,,,,,,,,,,,,,,,,,,,,,,,,,,,,,,,,,,,,,,,,,,,,,,,,,,,,,,,,,,,,,,,,,,,,,,,,,,,,,,,,,,,,,,,,,,,,,,,,,,,,,,,,,,,,,,,,,,,,,,,,,,,,,,,,,,,,,,,,,,,,,,,,,,,,,,,,,,,,,,,,,,,,,,,,,,,,,,,,,,,,,,,,,,,,,,,,Rental Listing,1945.0,Standard,2026-05-18T00:00:00.000Z,2026-05-19T00:00:00.000Z,1.0,Rental Listing,1899.0,Standard,2026-06-22T00:00:00.000Z,2026-06-23T00:00:00.000Z,1.0,Rental Listing,1930.0,Standard,2026-09-23T00:00:00.000Z,2026-09-24T00:00:00.000Z,1.0,,,,,,,,,,,,,,,,,,,,,,,,,,,,,,,,,,,,,,,,,,,,,,,,,,,,,,,,,,,,,,,,,,,,,,,,,,,,,,,,,,,,,,,,,,,,,,,,,,,,,,,,,,,,,,,,,,,,,,,,,,,,,,,,,,,,,,,,,,,,,,,,,,,,,,,,,,,,,,,,,,,
"3189-Lytton-Hall-Dr,-Zephyrhills,-FL-33540","3189 Lytton Hall Dr, Zephyrhills, FL 33540",3189 Lytton Hall Dr,,Zephyrhills,FL,12,33540,Pasco,101,28.203099,-82.161565,Single Family,4,2.0,1817.0,Active,2200,Standard,2026-10-06T00:00:00.000Z,,2022-03-02T00:02:36.390Z,2026-10-06T02:41:43.063Z,1,Pasco,Zephyrhills,,,,,,,Rental Listing,2200,Standard,2026-10-06T00:00:00.000Z,,1,,,,,,,,,,,,,,,,,,,,,,,,,,,,,,,,,,,,,,,,,,,,,,,,,2020.0,,,,,,,,,,,,,,,,,,,,,,,,,,,,,,,,,,,,,,,,,,,,,,,,,6970.0,,,,,,,,,,,,,,,,,,,,,,,,,,,,,,,,,,,,,,,,,,,,,,,,,,,,,,,,,,,,,,,,,,,,,,,,,,,,,,,,,,,,,,,,,,,,,,,,,,,,,,,,,,,,,,,,,,,,,,,,,,,,,,,,,,,,,,,,,,,,,,,,,,,,,,,,,,,,,,,,,,,,,,,,,,,,,,,,,,,,,,,,,,,,,,,,,,,,,,,,,,,,,,,,,,,,,,,,,,,,,,,,,,,,,,,,,,,77.0,Rental Listing,2270.0,Standard,2026-08-21T00:00:00.000Z,2026-08-22T00:00:00.000Z,1.0,,,,,,,,,,,,,,,,,,,,,,,,,,,,,,,,,,,,,,,,,,,,,,,,,,,,,,,,,,,,,,,,,,,,,,,,,,,,,,,,,,,,,,,,,,,,,,,,,,,,,,,,,,,,,,,,,,,,,,,,,,,,,,,,,,,,,,,,,,,,,,,,,,,,,,,,,,,,
"4850-9th-St,-Zephyrhills,-FL-33542","4850 9th St, Zephyrhills, FL 33542",4850 9th St,,Zephyrhills,FL,12,33542,Pasco,101,28.228513,-82.176519,Apartment,3,1.0,900.0,Active,1575,Standard,2026-10-06T00:00:00.000Z,,2024-05-24T00:00:00.000Z,2026-10-06T02:41:43.056Z,1,Pasco,Zephyrhills,,,,,,,Rental Listing,1575,Standard,2026-10-06T00:00:00.000Z,,1,,,,,,,,,,,,,,,,,,,,,,,,,,,,,,,,,,,,,,,,,,,,,,,,,2006.0,,,,,,,,,,,,,,,,,,,,,,,,,,,,,,,,,,,,,,,,,,,,,,,,,6600.0,,,,,,,,,,,,,,,,,,,,,,,,,,,,,,,,,,,,,Rental Listing,1495.0,Standard,2025-11-05T00:00:00.000Z,2025-11-06T00:00:00.000Z,1.0,,,,,,,,,,,,,,,,,,,,,,,,,,,,,,,,,,,,,,,,,,,,,,,,,,,,,,,,,,,,,,,,,,,,,,,,,,,,,,,,,,,,,,,,,,,,,,,,,,,,,,,,,,,,,,,,,,,,,,,,,,,,,,,,,,,,,,,,,,,,,,,,,,,,,,,,,,,,,,,,,,,,,,,,,,,,,,,,,,,,,,,,,,,,,,,,,,,,,,,,Rental Listing,1575.0,Standard,2025-10-04T00:00:00.000Z,2025-10-05T00:00:00.000Z,1.0,,,,,,,,,,,,,,,,,,,,,,,,,,,,,,,,,,,,,,,,,,,,,,,,,,,,,,,,,,,,,,,,,,,,,,,,,,,,,,,,,,,,,,,,,,,,,,,,,,,,,,,,,,,,,,,,,,,,,,,,,,,,,,,,,,,,,,,,,,,,,,,,,,,,,,
"28506-Tall-Grass-Dr,-Zephyrhills,-FL-33543","28506 Tall Grass Dr, Zephyrhills, FL 33543",28506 Tall Grass Dr,,Zephyrhills,FL,12,33543,Pasco,101,28.171587,-82.345303,Single Family,3,2.0,1607.0,Active,2595,Standard,2026-10-06T00:00:00.000Z,,2022-04-01T02:31:17.382Z,2026-10-06T02:41:43.016Z,1,Pasco,Zephyrhills,,,,,,,Rental Listing,2595,Standard,2026-10-06T00:00:00.000Z,,1,,,,,,,,,,,,,,,,,,,,,,,,,,,,,,,,,,,,,,,,,,,,,,,,,,,,,,,,,,,,,,,,,,,,,,,,,,,,,,,,,,,,,,,,,,,,,,,,,,,,,,,,,,,,,,,,,,,,,,,,,,,,,,,,,,,,,,,,,,,,,,,,,,,,,,,,,,,,,,,,,,,,,,,,,,,,,,,,,,,,,,,,,,,,,,,,,,,,,,,,,,,,,,,,,,,,,,,,,,,,,,,,,,,,,,,,,,,,,,,,,,,,,,,,,,,,,,,,,,,,,,,,,,,,,,,,,,,,,,,,,,,,,,,,,,,,,,,,,,,,,,,,,,,,,,,,,,,,,,,,,,,,,,,,,,,,,,,,,,,,,,,,,,,,,,,,,,,,,,,,,,,,,,,,,,,,,,,,,,,,,,,,,,,,,,,,,,,,,,,,,,,,,,,,,,,,,,,,,,,,,,,,,,,,,,,,,,,,,,,,,,,,,,,,,,,,,,,,,,,,,,,,,,,,,,,,,,,,,,,,,,,,,,,,,,,,,,,
"34442-Smart-Dr,-Zephyrhills,-FL-33541","34442 Smart Dr, Zephyrhills, FL 33541",34442 Smart Dr,,Zephyrhills,FL,12,33541,Pasco,101,28.234806,-82.245003,Single Family,3,2.0,1224.0,Active,1810,Standard,2026-10-06T00:00:00.000Z,,2023-08-28T00:00:00.000Z,2026-10-06T02:41:43.004Z,1,Pasco,Zephyrhills,,,,,,,Rental Listing,1810,Standard,2026-10-06T00:00:00.000Z,,1,,,,,,,,,,,,,,,,,,,,,,,,,,,,,,,,,,,,,,,,,,,,,,,,,,,,,,,,,,,,,,,,,,,,,,,,,,,,,,,,,,,,,,,,,,,,,,,,,,,,,,,,,,,,,,,,,,,,,,,,,,,,,,,,,,,,,,,,,,,,,,,,,,,,,,,,,,,,,,,,,,,,,,,,,,,,,,,,,,,,,,,,,,,,,,,,,,,,,,,,,,,,,,,,,,,,,,,,,,,,,,,,,,,,,,,,,,,,,,,,,,,,,,,,,,,,,,,,,,,,,,,,,,,,,,,,,,,,,,,,,,,,,,,,,,,,,,,,,,,,,,,,,,,,,,,,,,,,,,,,,,,,,,,,,,,,,,,,,,,,,,,,,,Rental Listing,1825.0,Standard,2024-11-02T00:00:00.000Z,2024-11-24T00:00:00.000Z,22.0,Rental Listing,1915.0,Standard,2026-08-06T00:00:00.000Z,2026-08-07T00:00:00.000Z,1.0,,,,,,,,,,,,,,,,,,,,,,,,,,,,,,,,,,,,,,,,,,,,,,,,,,,,,,,,,,,,,,,,,,,,,,,,,,,,,,,,,,,,,,,,,,,,,,,,,,,,,,,,,,,,,,,,,,,,,,,,,,,,,,,,,,,,,,,,,,
"5620-1st-St,-Zephyrhills,-FL-33542","5620 1st St, Zephyrhills, FL 33542",5620 1st St,,Zephyrhills,FL,12,33542,Pasco,101,28.239341,-82.187996,Single Family,0,1.0,1052.0,Active,850,Standard,2026-10-06T00:00:00.000Z,,2026-01-22T00:00:00.000Z,2026-10-06T02:41:42.998Z,1,Pasco,Zephyrhills,,,,,,,Rental Listing,850,Standard,2026-10-06T00:00:00.000Z,,1,,,,,,,,,,,,,,,,,,,,,,,,,,,,,,,,,,,,,,,,,,,,,,,,,1946.0,,,,,,,,,,,,,,,,,,,,,,,,,,,,,,,,,,,,,,,,,,,,,,,,,11761.0,,,,,,,,,,,,,,,,,,,,,,,,,,,,,,,,,,,,,,,,,,,,,,,,,,,,,,,,,,,,,,,,,,,,,,,,,,,,,,,,,,,,,,,,,,,,,,,,,,,,,,,,,,,,,,,,,,,,,,,,,,,,,,,,,,,,,,,,,,,,,,,,,,,,,,,Rental Listing,1195.0,Standard,2026-03-07T00:00:00.000Z,2026-03-08T00:00:00.000Z,1.0,,,,,,,,,,,,,,,,,,,,,,,,,,,,,,,,,,,,,,,,,,,,,,,,,,,,,,,,,,,,,,,,,,,,,,,,,,,,,,,,,,,,,,,,,,,,,,,,,,,,,,,,Rental Listing,2710.0,Standard,2026-02-12T00:00:00.000Z,2026-02-13T00:00:00.000Z,1.0,Rental Listing,1895.0,Standard,2026-06-19T00:00:00.000Z,2026-07-07T00:00:00.000Z,18.0,,,,,,,,,,,,,,,,,,,,,,,,,,,,,,,,,,,,,,,,,,,,,,,,,,,,,,,,,,,,,,,,,,,,,,,,,,,,,,,,,,,,,,,,,,,,,,,,,,,,,,,,,,,,,,,,,,,,,,,,,,,,,,
"29505-Morningmist-Dr,-Zephyrhills,-FL-33543","29505 Morningmist Dr, Zephyrhills, FL 33543",29505 Morningmist Dr,,Zephyrhills,FL,12,33543,Pasco,101,28.18417,-82.32745,Single Family,3,2.0,1644.0,Active,2295,Standard,2026-10-06T00:00:00.000Z,,2022-07-19T00:49:11.988Z,2026-10-06T02:41:42.997Z,1,Pasco,Zephyrhills,,,,,,,Rental Listing,2295,Standard,2026-10-06T00:00:00.000Z,,1,,,,,,,,,,,,,,,,,,,,,,,,,,,,,,,,,,,,,,,,,,,,,,,,,,,,,,,,,,,,,,,,,,,,,,,,,,,,,,,,,,,,,,,,,,,,,,,,,,,,,,,,,,,,,,,,,,,,,,,,,,,,,,,,,,,,,,,,,,,,,,,,,,,,,,,,,,,,,,,,,,,,,,,,,,,,,,,,,,,,,,,,,,,,,,,,,,,,,,,,,,,,,,,,,,,,,,,,,,,,,,,,,,,,,,,,,,,,,,,,,,,,,,,,,,,,,,,,,,,,,,,,,,,,,,,,,,,,,,,,,,,,,,,,,,,,,,,,,,,,,,,,,,,,,,,,,,,,,,,,,,,,,,,,,,,,,,,,,,,,,,,,,,,,,,,,,,,,,,,,,,,,,,,,,,Rental Listing,2260.0,Standard,2025-10-18T00:00:00.000Z,2025-10-19T00:00:00.000Z,1.0,,,,,,,,,,,,,,,,,,,,,,,,,,,,,,,,,,,,,,,,,,,,,,,,,,,,,,,,,,,,,,,,,,,,,,,,,,,,,,,,,,,,,,,,,,,,,,,,,,,,,,,,,,,,,,,,,,,,,,,,
"5473-Magdelene-Way,-Zephyrhills,-FL-33541","5473 Magdelene Way, Zephyrhills, FL 33541",5473 Magdelene Way,,Zephyrhills,FL,12,33541,Pasco,101,28.236809,-82.227536,Single Family,4,2.0,1846.0,Active,2245,Standard,2026-10-06T00:00:00.000Z,,2021-02-19T01:11:06.416Z,2026-10-06T02:39:02.993Z,1,Pasco,Zephyrhills,,,,,,,Rental Listing,2245,Standard,2026-10-06T00:00:00.000Z,,1,,,,,,,,,,,,,,,,,,,,,,,,,,,,,,,,,,,,,,,,,,,,,,,,,,,,,,,,,,,,,,,,,,,,,,,,,,,,,,,,,,,,,,,,,,,,,,,,,,,,,,,,,,,,,,,,,,,,,,,,,,,,,,,,,,,,,,,,,,,,,,,,,,,,,,,,,,,,,,,,,,,,,,,,,,,,,,,,,,,,,,,,,,,,,,,,,,,,,,,,,,,,,,,,,,,,,,,,,,,,,,,,,,,,,,,,,,,,,,,,,,,,,,,,,,,,,,,,,,,,,,,,,,,,,,,,,,,,,,,,,,,,,,,,,,,,,,,,,,,,,,,,,,,,,,,,,,,,,,,,,,,,,,,,,,,,,,,,,,,,,,,,,,,,,,,,,,,,,,,,,,,,,,,,,,,,,,,,Rental Listing,2099.0,Standard,2025-04-01T00:00:00.000Z,2025-04-02T00:00:00.000Z,1.0,Rental Listing,2099.0,Standard,2025-04-07T00:00:00.000Z,2025-04-08T00:00:00.000Z,1.0,Rental Listing,2070.0,Standard,2025-04-19T00:00:00.000Z,2025-04-20T00:00:00.000Z,1.0,Rental Listing,2115.0,Standard,2026-04-09T00:00:00.000Z,2026-04-10T00:00:00.000Z,1.0,Rental Listing,2115.0,Standard,2026-04-20T00:00:00.000Z,2026-04-21T00:00:00.000Z,1.0,Rental Listing,2115.0,Standard,2026-05-06T00:00:00.000Z,2026-05-07T00:00:00.000Z,1.0,,,,,,,,,,,,,,,,,,,,,,,,,,,,,,,,,,,,,,,,,,,,,,,,,,,,,,,,,,,,,,,,,,,,,,,,,,,,,,,,,,,,
"28611-Seashell-Ct,-Zephyrhills,-FL-33545","28611 Seashell Ct, Zephyrhills, FL 33545",28611 Seashell Ct,,Zephyrhills,FL,12,33545,Pasco,101,28.246141,-82.342859,Single Family,3,2.0,1321.0,Active,2035,Standard,2026-10-06T00:00:00.000Z,,2020-09-09T02:41:38.140Z,2026-10-06T02:39:02.990Z,1,Pasco,Zephyrhills,,,,,,,Rental Listing,2035,Standard,2026-10-06T00:00:00.000Z,,1,,,,,,,,,,,,,,,,,,,,,,,,,,,,,,,,,,,,,,,,,,,,,,,,,,,,,,,,,,,,,,,,,,,,,,,,,,,,,,,,,,,,,,,,,,,,,,,,,,,,,,,,,,,,,,,,,,,,,,,,,,,,,,,,,,,,,,,,,,,,,,,,,,,,,,,,,,,,,,,,,,,,,,,,,,,,,,,,,,,,,,,,,,,,,,,,,,,,,,,,,,,,,,,,,,,,,,,,,,,,,,,,,,,,,,,,,,,,,,,,,,,,,,,,,,,,,,,,,,,,,,,,,,,,,,,,,,,,,,,,,,,,,,,,,,,,,,,,,,,,,,,,,,,,,,,,,,,,,,,,,,,,,,,,,,,,,,,,,,,,,,,,,,,,,,,,,,,,,,,,,,,,,,,,,,,,,,,,,,,,,,,,,,,,,,,,,,,,,,,,,,,,,,,,,,,,,,,,,,,,,,,,,,,,,,,,,,,,,,,,,,,,,,,,,,,,,,,,,,,,,,,,,,,,,,,,,,,,,,,,,,,,,,,,,,,,,,,
"38708-South-Ave,-Zephyrhills,-FL-33542","38708 South Ave, Zephyrhills, FL 33542",38708 South Ave,,Zephyrhills,FL,12,33542,Pasco,101,28.229847,-82.176421,Single Family,3,2.0,1064.0,Active,1795,Standard,2026-10-06T00:00:00.000Z,,2025-08-05T00:00:00.000Z,2026-10-06T02:39:02.989Z,1,Pasco,Zephyrhills,,,,,,,Rental Listing,1795,Standard,2026-10-06T00:00:00.000Z,,1,,,,,,,,,,,,,,,,,,,,,,,,,,,,,,,,,,,,,,,,,,,,,,,,,,,,,,,,,,,,,,,,,,,,,,,,,,,,,,,,,,,,,,,,,,,,,,,,,,,,,,,,,,,,,,,,,,,,,,,,,,,,,,,,,,,,,,,,,,,,,,,,,,,,,,,,,,,,,,,,,,,,,,,,,,,,,,,,,,,,,,,,,,,,,,,,,,,,,,,,,,,,,,,,,,,,,,,,,,,,,,,,,,,,,,,,,,,,,,,,,,,,,,,,,,,,,,,,,,,,,,,,,,,,,,,,,,,,,,,,,,,,,,,,,,,,,,,,,,,,,,,,,,,,,,,,,,,,,,,,,,,,,,,,,,,,,,,,,,,,,,,,,,,,,,,,,,,,,,,,,,,,,,,,,,,,,,,,,,,,,,,,,,,,,,,,,,,,,,,,,,,,,,,,,,,,Rental Listing,1795.0,Standard,2025-08-10T00:00:00.000Z,2025-08-11T00:00:00.000Z,1.0,,,,,,,,,,,,,,,,,,,,,,,,,,,,,,,,,,,,,,,,,,,,,,,,,,,,,,,,,,,,,,,,,,,,,,,,,,,,,,
"37809-Dusty-Saddle-Ln,-Zephyrhills,-FL-33541","37809 Dusty Saddle Ln, Zephyrhills, FL 33541",37809 Dusty Saddle Ln,,Zephyrhills,FL,12,33541,Pasco,101,28.283725,-82.191731,Single Family,3,2.0,1700.0,Active,2277,Standard,2026-10-06T00:00:00.000Z,,2025-07-18T00:00:00.000Z,2026-10-06T02:39:02.971Z,1,Pasco,Zephyrhills,,,,,,,Rental Listing,2277,Standard,2026-10-06T00:00:00.000Z,,1,,,,,,,,,,,,,,,,,,,,,,,,,,,,,,,,,,,,,,,,,,,,,,,,,2025.0,,,,,,,,,,,,,,,,,,,,,,,,,,,,,,,,,,,,,,,,,,,,,,,,,,,,,,,,,,,,,,,,,,,,,,,,,,,,,,,,,,,,,,,,,,,,,,,,,,,,,,,,,,,,,,,,,,,,,,,,,,,,,,,,,,,,,,,,,,,,,,,,,,,,,,,,,,,,,,,,,,,,,,,,,,,,,,,,,,,,,,,,,,,,,,,,,,,,,,,,,,,,,,,,,,,,,,,,,,,,,,,,,,,,,,,,,,,,,,,,,,,,,,,,,,,,,,,,,,,,,,,,,,,,,,,,,,,,,,,,,,,,,,,,,,,,,,,,,,,,,,,,,,,,,,,,,,,,,,,,,,,,,,,,,,,,,,,,,,,,,,,,,,,,,,,,,,,,,,,,,,,,,,,,,Rental Listing,2090.0,Standard,2025-08-27T00:00:00.000Z,2025-08-28T00:00:00.000Z,1.0,,,,,,,,,,,,,,,,,,,,,,,,,,,,,,,,,,,,,,,,,,,,,,,,,,,,,,,,,,,,,,,,,,,,,,,,
"28537-Seashell-Ct,-Zephyrhills,-FL-33545","28537 Seashell Ct, Zephyrhills, FL 33545",28537 Seashell Ct,,Zephyrhills,FL,12,33545,Pasco,101,28.246143,-82.343766,Single Family,4,2.0,1424.0,Active,2045,Standard,2026-10-06T00:00:00.000Z,,2019-07-12T02:13:35.022Z,2026-10-06T02:39:02.968Z,1,Pasco,Zephyrhills,,,,,,,Rental Listing,2045,Standard,2026-10-06T00:00:00.000Z,,1,,,,,,,,,,,,,,,,,,,,,,,,,,,,,,,,,,,,,,,,,,,,,,,,,,,,,,,,,,,,,,,,,,,,,,,,,,,,,,,,,,,,,,,,,,,,,,,,,,,,,,,,,,,,,,,,,,,,,,,,,,,,,,,,,,,,,,,,,,,,,,,,,,,,,,,,,,,,,,,,,,,,,,,,,,,,,,,,,,,,,,,,,,,,,,,,,,,,,,,,,,,,,,,,,,,,,,,,,,,,,,,,,,,,,,,,,,,,,,,,,,,,,,,,,,,,,,,,,,,,,,,,,,,,,,,,,Rental Listing,2049.0,Standard,2025-09-10T00:00:00.000Z,2025-09-11T00:00:00.000Z,1.0,,,,,,,,,,,,,,,,,,,,,,,,,,,,,,,,,,,,,,,,,,,,,,,,,,,,,,,,,,,,,,,,,,,,,,,,,,,,,,,,,,,,,,,,,,,,,,,,,,,,,,,,,,,,,,,,,,,,,,,,,,,,,,,,,,,,,,,,,,,,,,,,,,,,,,,,,,,,,,,,,,,,,,,,,,,,,,,,,,,,,,,,,,,,,,,,,,,,,,,,,,,,,,,,,,,,,,,,,
"5735-8th-St,-Zephyrhills,-FL-33542","5735 8th St, Zephyrhills, FL 33542",5735 8th St,,Zephyrhills,FL,12,33542,Pasco,101,28.241207,-82.183984,Single Family,2,1.0,864.0,Active,1650,Standard,2026-10-06T00:00:00.000Z,,2025-07-24T00:00:00.000Z,2026-10-06T02:39:02.951Z,1,Pasco,Zephyrhills,,,,,,,Rental Listing,1650,Standard,2026-10-06T00:00:00.000Z,,1,,,,,,,,,,,,,,,,,,,,,,,,,,,,,,,,,,,,,,,,,,,,,,,,,,,,,,,,,,,,,,,,,,,,,,,,,,,,,,,,,,,,,,,,,,,,,,,,,,,,,,,,,,,,,,,,,,,,,,,,,,,,,,,,,,,,,,,,,,,,,,,,,,,,,,,,,,,,,,,,,,,,,,,,,,,,,,,,,,,,,,,,,,,,,,,,,,,,,,,,,,,,,,,,,,,,,,,,,,,,,,,,,,,,,,,,,,,,,,,,,,,,,,,,,,,,,,,,,,,,,,,,,,,,,,,,,,,,,,,,,,,,,,,,,,,,,,,,,,,,,,,,,,,,,,,,,,,,,,,,,,,,,,,,,,,,,,,,,,,,,,,,,,,,,,,,,,,,,,,,,,,,,,,,,,,,,,,,,,,,,,,,,,,,,,,,,,,,,,,,,,,,,,,,,,,,,,,,,,,,,,,,Rental Listing,1595.0,Standard,2025-09-13T00:00:00.000Z,2025-09-14T00:00:00.000Z,1.0,,,,,,,,,,,,,,,,,,,,,,,,,,,,,,,,,,,,,,,,,,,,,,,,,,,,,,,,,,,,,,,,,,
"5617-10th-St,-Zephyrhills,-FL-33542","5617 10th St, Zephyrhills, FL 33542",5617 10th St,,Zephyrhills,FL,12,33542,Pasco,101,28.239141,-82.180396,Single Family,1,1.0,480.0,Active,1295,Standard,2026-10-06T00:00:00.000Z,,2020-02-14T23:56:05.938Z,2026-10-06T02:39:02.941Z,1,Pasco,Zephyrhills,,,,,,,Rental Listing,1295,Standard,2026-10-06T00:00:00.000Z,,1,,,,,,,,,,,,,,,,,,,,,,,,,,,,,,,,,,,,,,,,,,,,,,,,,,,,,,,,,,,,,,,,,,,,,,,,,,,,,,,,,,,,,,,,,,,,,,,,,,,,,,,,,,,,,,,,,,,,,,,,,,,,,,,,,,,,,,,,,,,,,,,,,,,,,,,,,,,,,,,,,,,,,,,,,,,,,,,,,,,,,,,,,,,,,,,,,,,,,,,,,,,,,,,,,,,,,,,,,,,,,,,,,,,,,,,,,,,,,,,,,,,,,,,,,,,,,,,,,,,,,,,,,,,,,,,,,,,,,,,,,,,,,,,,,,,,,,,,,,,,,,,,,,,,,,,,,,,,,,,,,,,,,,,,,,,,,,,,,,,,,,,,,,,,,,,,,,,,,,,,,,,,,,,,,,,,,,,,,,,,,,,,,,,,,,,,,,,,,,,,,,,,,,,,,,,,,,,,,,,,,,,,,,,,,,,,,,,,,,,,,,,,,,,,,,,,,,,,,,,,,,,,,,,,,,,,,,,,,,,,,,,,,,,,,,,,,,,
"4922-17th-St,-Zephyrhills,-FL-33542","4922 17th St, Zephyrhills, FL 33542",4922 17th St,,Zephyrhills,FL,12,33542,Pasco,101,28.229219,-82.174409,Apartment,2,1.0,900.0,Active,1649,Standard,2026-10-06T00:00:00.000Z,,2026-06-27T00:00:00.000Z,2026-10-06T02:39:02.941Z,1,Pasco,Zephyrhills,,,,,,,Rental Listing,1649,Standard,2026-10-06T00:00:00.000Z,,1,,,,,,,,,,,,,,,,,,,,,,,,,,,,,,,,,,,,,,,,,,,,,,,,,,,,,,,,,,,,,,,,,,,,,,,,,,,,,,,,,,,,,,,,,,,,,,,,,,,,,,,,,,,,,,,,,,,,,,,,,,,,,,,,,,,,,,,,,,,,,,,,,,,,,,,,,,,,,,,,,,,,,,,,,,,,,,,,,,,,,,,,,,,,,,,,,,,,,,,,,,,,,,,,,,,,,,,,,,,,,,,,,,,,,,,,,,,,,,,,,,,,,,,,,,,,,,,,,,,,,,,,,,,,,,,,,,,,,,,,,,,,,,,,,,,,,,,,,,,,,,,,,,,,,,,,,,,,,,,,,,,,,,,,,,,,,,,,,,,,,,,,,,,,,,,,,,,,,,,,,,,,,,,,,,,,,,,,,,,,,,,,,,,,,,,,,,,,,,,,,,,,,,,,,,,,,,,,,,,,,,,,,,,,,,,,,,,,,,,,,,,,,,,,,,,,,,,,,,,,,,,,,,,,,,,,,,,,,,,,,,,,,,,,,,,,,,,
"26736-Middleground-Loop,-Zephyrhills,-FL-33544","26736 Middleground Loop, Zephyrhills, FL 33544",26736 Middleground Loop,,Zephyrhills,FL,12,33544,Pasco,101,28.237088,-82.373603,Single Family,3,2.0,1525.0,Active,2225,Standard,2026-10-06T00:00:00.000Z,,2020-04-20T15:22:47.654Z,2026-10-06T02:39:02.933Z,1,Pasco,Zephyrhills,,,,,,,Rental Listing,2225,Standard,2026-10-06T00:00:00.000Z,,1,,,,,,,,,,,,,,,,,,,,,,,,,,,,,,,,,,,,,,,,,,,,,,,,,,,,,,,,,,,,,,,,,,,,,,,,,,,,,,,,,,,,,,,,,,,,,,,,,,,,,,,,,,,,,,,,,,,,,,,,,,,,,,,,,,,,,,,,,,,,,,,,,,,,,,,,,,,,,,,,,,,,,,,,,,,,,,,,,,,,,,,,,,,,,,,,,,,,,,,,,,,,,,,,,,,,,,,,,,,,,,,,,,,,,,,,,,,,,,,,,,,,,,,,,,,,,,,,,,,,,,,,,,,,,,,,,,,,,,,,,,,,,,,,,,,,,,,,,,,,,,,,,,,,,,,,,,,,,,,,,,,,,,,,,,,,,,,,,,,,,,,,,,,,,,,,,,,,,,,,,,,,,,,,,,,,,,,,,,,,,,,,,,,,,,,,,,,,,,,,,,,,,,,,,,,,,,,,,,,,,,,,,,,,,,Rental Listing,2225.0,Standard,2026-09-06T00:00:00.000Z,2026-09-07T00:00:00.000Z,1.0,,,,,,,,,,,,,,,,,,,,,,,,,,,,,,,,,,,,,,,,,,,,,,,,,,,,,,,,,,,,
"1517-Firewheel-Dr,-Zephyrhills,-FL-33543","1517 Firewheel Dr, Zephyrhills, FL 33543",1517 Firewheel Dr,,Zephyrhills,FL,12,33543,Pasco,101,28.179032,-82.330524,Single Family,4,3.0,1764.0,Active,2840,Standard,2026-10-06T00:00:00.000Z,,2021-12-10T01:01:53.347Z,2026-10-06T02:39:02.862Z,1,Pasco,Zephyrhills,,,,,,,Rental Listing,2840,Standard,2026-10-06T00:00:00.000Z,,1,,,,,,,,,,,,,,,,,,,,,,,,,,,,,,,,,,,,,,,,,,,,,,,,,,,,,,,,,,,,,,,,,,,,,,,,,,,,,,,,,,,,,,,,,,,,,,,,,,,,,,,,,,,,,,,,,,,,,,,,,,,,,,,,,,,,,,,,,,,,,,,,,,,,,,,,,,,,,,,,,,,,,,,,,,,,,,,,,,,,,,,,,,,,,,,,,,,,,,,,,,,,,,,,,,,,,,,,,,,,,,,,,,,,,,,,,,,,,,,,,,,,,,,,,,,,,,,,,,,,,,,,,,,,,,,,,,,,,,,,,,,,,,,,,,,,,,,,,,,,,,,,,,,,,,,,,,,,,,,,,,,,,,,,,,,,,,,,,,,,,,,,,,,,,,,,,,,,,,,,,,,,,,,,,,,,,,,,,,,,,,,,,,,,,,,,,,,,,,,,,,,,,,,,,,,,,,,,,,,,,,,,,,,,,,,,,,,,,,,,,,,,,,,,,,,,,,,,,,,,,,,,,,,,,,,,,,,,,,,,,,,,,,,,,,,,,,,
"5225-11th-St,-Zephyrhills,-FL-33542","5225 11th St, Zephyrhills, FL 33542",5225 11th St,,Zephyrhills,FL,12,33542,Pasco,101,28.233456,-82.1761,Single Family,3,2.0,796.0,Active,1695,Standard,2026-10-06T00:00:00.000Z,,2023-06-14T00:00:00.000Z,2026-10-06T02:39:02.861Z,1,Pasco,Zephyrhills,,,,,,,Rental Listing,1695,Standard,2026-10-06T00:00:00.000Z,,1,,,,,,,,,,,,,,,,,,,,,,,,,,,,,,,,,,,,,,,,,,,,,,,,,,,,,,,,,,,,,,,,,,,,,,,,,,,,,,,,,,,,,,,,,,,,,,,,,,,,,,,,,,,,,,,,,,,,,,,,,,,,,,,,,,,,,,,,,,,,,,,,,,,,,,,,,,,,,,,,,,,,,,,,,,,,,,,,,,,,,,,,,,,,,,,,,,,,,,,,,,,,,,,,,,,,,,,,,,,,,,,,,,,,,,,,,,,,,,,,,,,,,,,,,,,,,,,,,,,,,,,,,,,,,,,,,,,,,,,,,,,,,,,,,,,,,,,,,,,,,,,,,,,,,,,,,,,,,,,,,,,,,,,,,,,,,,,,,,,,,,,,,,,,,,,,,,,,,,,,,,,,,,,,,,,,,,,,,,,,,,,,,,,,,,,,,,,,,,,,,,,,,,,,,,,,,,,,,,,,,,,,,,,,,,,,,,,,,,,,,,,,,,,,,,,,,,,,,,,,,,,,,,,,,,,,,,,,,,,,,,,,,,,,,,,,,,,
"39132-County-Rd,-54-Unit-2070,-Zephyrhills,-FL-33542","39132 County Rd, 54 Unit 2070, Zephyrhills, FL 33542",39132 County Rd,54 Unit 2070,Zephyrhills,FL,12,33542,Pasco,101,28.25091,-82.169528,Single Family,2,2.0,972.0,Active,1495,Standard,2026-10-06T00:00:00.000Z,,2025-05-13T00:00:00.000Z,2026-10-06T02:39:02.848Z,1,Pasco,Zephyrhills,,,,,,,Rental Listing,1495,Standard,2026-10-06T00:00:00.000Z,,1,,,,,,,,,,,,,,,,,,,,,,,,,,,,,,,,,,,,,,,,,,,,,,,,,1998.0,,,,,,,,,,,,,,,,,,,,,,,,,,,,,,,,,,,,,,,,,,,,,,,,,1500.0,,,,,,,,,,,,,,,,,,,,,,,,,,,,,,,,,,,,,,,,,,,,,,,,,,,,,,,,,,,,,,,,,,,,,,,,,,,,,,,,,,,,,,,,,,,,,,,,,,,,,,,,,,,,,,,,,,,,,,,,,,,,,,,,,,,,,,,,,,,,,,,,,,,,,,,,,,,,,,,,,,,,,,,,,,,,,,,,,,,,,,,,,,,,,,,,,,,,,,,,,,,,,,,,,,,,,,,,,,,,,,,,,,,,,,,,,,,,,,,,,,,,,,,,,,,,,,,,,,,,,,,,,,,,,,,,,,,,,,,,,,,,,,,,,,,,,,,,,,,,,,,,,,,,,,,,,,,,,,,,,,,,,,,,,,,,,,,,,,Rental Listing,1500.0,Standard,2025-05-13T00:00:00.000Z,2025-06-13T00:00:00.000Z,31.0,Rental Listing,1495.0,Standard,2025-08-04T00:00:00.000Z,2025-09-10T00:00:00.000Z,37.0,Rental Listing,1450.0,Standard,2026-08-24T00:00:00.000Z,2026-09-25T00:00:00.000Z,32.0,,,,,,,,,,,,,,,,,,,,,,,,,,,,,,,,,,,,,,,,,,
"35552-Shade-Fern-Ln,-Zephyrhills,-FL-33541","35552 Shade Fern Ln, Zephyrhills, FL 33541",35552 Shade Fern Ln,,Zephyrhills,FL,12,33541,Pasco,101,28.24846,-82.229099,Single Family,3,2.0,1365.0,Active,1995,Standard,2026-10-06T00:00:00.000Z,,2025-07-12T00:00:00.000Z,2026-10-06T02:39:02.834Z,1,Pasco,Zephyrhills,,,,,,,Rental Listing,1995,Standard,2026-10-06T00:00:00.000Z,,1,,,,,,,,,,,,,,,,,,,,,,,,,,,,,,,,,,,,,,,,,,,,,,,,,,,,,,,,,,,,,,,,,,,,,,,,,,,,,,,,,,,,,,,,,,,,,,,,,,,,,,,,,,,,,,,,,,,,,,,,,,,,,,,,,,,,,,,,,,,,,,,,,,,,,,,,,,,,,,,,,,,,,,,,,,,,,,,,,,,,,,,,,,,,,,,,,,,,,,,,,,,,,,,,,,,,,,,,,,,,,,,,,,,,,,,,,,,,,,,,,,,,,,,,,,,,,,,,,,,,,,,,,,,,,,,,,,,,,,,,,,,,,,,,,,,,,,,,,,,,,,,,,,,,,,,,,,,,,,,,,,,,,,,,,,,,,,,,,,,,,,,,,,,,,,,,,,,,,,,,,,,,,,,,,,,,,,,,,,,,,,,,,,,,,,,,,,,,,,,,,,,,,,,,,,,,,,,,,,,,,,,,,,,,,,,,,,,,,,,,,,,,,,,,,,,,,,Rental Listing,844.0,Standard,2025-07-11T00:00:00.000Z,2025-07-17T00:00:00.000Z,6.0,,,,,,,,,,,,,,,,,,,,,,,,,,,,,,,,,,,,
"39049-Harlow-Rose-Dr,-Zephyrhills,-FL-33540","39049 Harlow Rose Dr, Zephyrhills, FL 33540",39049 Harlow Rose Dr,,Zephyrhills,FL,12,33540,Pasco,101,28.202846,-82.172751,Single Family,3,2.0,1491.0,Active,2160,Standard,2026-10-06T00:00:00.000Z,,2023-05-02T00:00:00.000Z,2026-10-06T02:39:02.825Z,1,Pasco,Zephyrhills,,,,,,,Rental Listing,2160,Standard,2026-10-06T00:00:00.000Z,,1,,,,,,,,,,,,,,,,,,,,,,,,,,,,,,,,,,,,,,,,,,,,,,,,,,,,,,,,,,,,,,,,,,,,,,,,,,,,,,,,,,,,,,,,,,,,,,,,,,,,,,,,,,,,,,,,,,,,,,,,,,,,,,,,,,,,,,,,,,,,,,,,,,,,,,,,,,,,,,,,,,,,,,,,,,,,,,,,,,,,,,,,,,,,,,,,,,,,,,,,,,,,,,,,,,,,,,,,,,,,,,,,,,,,,,,,,,,,,,,,,,,,,,,,,,,,,,,,,,,,,,,,,,,,,,,,,,,,,,,,,,,,,,,,,,,,,,,,,,,,,,,,,,,,,,,,,,,,,,,,,,,,,,,,,,,,,,,,,,,,,,,,,,,,,,,,,,,,,,,,,,,,,,,,,,,,,,,,,,,,,,,,,,,,,,,,,,,,,,,,,,,,,,,,,,,,,,,,,,,,,,,,,,,,,,,,,,,,,,,,,,,,,,,,,,,,,,,,,,,,Rental Listing,2150.0,Standard,2023-05-03T00:00:00.000Z,2025-09-15T00:00:00.000Z,866.0,,,,,,,,,,,,,,,,,,,,,,,,,,,,,,
"4406-Plum-St,-Zephyrhills,-FL-33542","4406 Plum St, Zephyrhills, FL 33542",4406 Plum St,,Zephyrhills,FL,12,33542,Pasco,101,28.221417,-82.182863,Single Family,2,1.0,605.0,Active,1350,Standard,2026-10-06T00:00:00.000Z,,2021-07-25T01:58:03.626Z,2026-10-06T02:38:06.897Z,1,Pasco,Zephyrhills,,,,,,,Rental Listing,1350,Standard,2026-10-06T00:00:00.000Z,,1,,,,,,,,,,,,,,,,,,,,,,,,,,,,,,,,,,,,,,,,,,,,,,,,,,,,,,,,,,,,,,,,,,,,,,,,,,,,,,,,,,,,,,,,,,,,,,,,,,,,,,,,,,,,,,,,,,,,,,,,,,,,,,,,,,,,,,,,,,,,,,,,,,,,,,,,,,,,,,,,,,,,,,,,,,,,,,,,,,,,,,,,,,,,,,,,,,,,,,,,,,,,,,,,,,,,,,,,,,,,,,,,,,,,,,,,,,,,,,,,,,,,,,,,,,,,,,,,,,,,,,,,,,,,,,,,,,,,,,,,,,,,,,,,,,,,,,,,,,,,,,,,,,,,,,,,,,,,,,,,,,,,,,,,,,,,,,,,,,,,,,,,,,,,,,,,,,,,,,,,,,,,,,,,,,,,,,,,,,,,,,,,,,,,,,,,,,,,,,,,,,,,,,,,,,,,,,,,,,,,,,,,,,,,,,,,,,,,,,,,,,,,,,,,,,,,,,,,,,,,,,,,,,Rental Listing,1200.0,Standard,2026-05-14T00:00:00.000Z,2026-05-15T00:00:00.000Z,1.0,Rental Listing,1200.0,Standard,2026-05-26T00:00:00.000Z,2026-05-27T00:00:00.000Z,1.0,Rental Listing,1200.0,Standard,2026-06-15T00:00:00.000Z,2026-06-16T00:00:00.000Z,1.0,,,,,,,,,,,,
"4568-Sand-Dollar-Way,-Zephyrhills,-FL-33541","4568 Sand Dollar Way, Zephyrhills, FL 33541",4568 Sand Dollar Way,,Zephyrhills,FL,12,33541,Pasco,101,28.224159,-82.201174,Single Family,4,2.5,2305.0,Active,2650,Standard,2026-10-06T00:00:00.000Z,,2026-08-28T00:00:00.000Z,2026-10-06T02:38:06.859Z,1,Pasco,Zephyrhills,,,,,,,Rental Listing,2650,Standard,2026-10-06T00:00:00.000Z,,1,,,,,,,,,,,,,,,,,,,,,,,,,,,,,,,,,,,,,,,,,,,,,,,,,,,,,,,,,,,,,,,,,,,,,,,,,,,,,,,,,,,,,,,,,,,,,,,,,,,,,,,,,,,,,,,,,,,,,,,,,,,,,,,,,,,,,,,,,,,,,,,,,,,,,,,,,,,,,,,,,,,,,,,,,,,,,,,,,,,,,,,,,,,,,,,,,,,,,,,,,,,,,,,,,,,,,,,,,,,,,,,,,,,,,,,,,,,,,,,,,,,,,,,,,,,,,,,,,,,,,,,,,,,,,,,,,,,,,,,,,,,,,,,,,,,,,,,,,,,,,,,,,,,,,,,,,,,,,,,,,,,,,,,,,,,,,,,,,,,,,,,,,,,,,,,,,,,,,,,,,,,,,,,,,,,,,,,,,,,,,,,,,,,,,,,,,,,,,,,,,,,,,,,,,,,,,,,,,,,,,,,,,,,,,,,,,,,,,,,,,,,,,,,,,,,,,,,,,,,,,,,,,,,,,,,,,,,,,,,,,,,,,,,,,,,,,,,
"6939-Shelby-Lynn-Way,-Zephyrhills,-FL-33542","6939 Shelby Lynn Way, Zephyrhills, FL 33542",6939 Shelby Lynn Way,,Zephyrhills,FL,12,33542,Pasco,101,28.258099,-82.208208,Single Family,5,3.0,2256.0,Active,2225,Standard,2026-10-06T00:00:00.000Z,,2026-06-09T00:00:00.000Z,2026-10-06T02:38:06.850Z,1,Pasco,Zephyrhills,Rental Listing,2340.0,Standard,2026-08-28T00:00:00.000Z,2026-08-29T00:00:00.000Z,1.0,Rental Listing,2225,Standard,2026-10-06T00:00:00.000Z,,1,,,,,,,,,,,,,,,,,,,,,,,,,,,,,,,,,,,,,,,,,,,,,,,,,,,,,,,,,,,,,,,,,,,,,,,,,,,,,,,,,,,,,,,,,,,,,,,,,,,,,,,,,,,,,,,,,,,,,,,,,,,,,,,,,,,,,,,,,,,,,,,,,,,,,,,,,,,,,,,,,,,,,,,,,,,,,,,,,,,,,,,,,,,,,,,,,,,,,,,,,,,,,,,,,,,,,,,,,,,,,,,,,,,,,,,,,,,,,,,,,,,,,,,,,,,,,,,,,,,,,,,,,,,,,,,,,,,,,,,,,,,,,,,,,,,,,,,,,,,,,,,,,,,,,,,,,,,,,,,,,,,,,,,,,,,,,,,,,,,,,,,,,,,,,,,,,,,,,,,,,,,,,,,,,,,,,,,,,,,,,,,,,,,,,,,,,,,,,,,,,,,,,,,,,,,,,,,,,,,,,,,,,,,,,,,,,,,,,,,,,,,,,,,,,,,,,,,,,,,,,,,,,,,,,,,,,,,,,,,,,,,,Rental Listing,2399.0,Standard,2026-08-03T00:00:00.000Z,2026-08-04T00:00:00.000Z,1.0,,,,,,
"5150-6th-St,-Apt-3,-Zephyrhills,-FL-33542","5150 6th St, Apt 3, Zephyrhills, FL 33542",5150 6th St,Apt 3,Zephyrhills,FL,12,33542,Pasco,101,28.232796,-82.182274,Apartment,1,1.0,600.0,Active,950,Standard,2026-10-06T00:00:00.000Z,,2022-12-26T01:34:44.626Z,2026-10-06T02:38:06.821Z,1,Pasco,Zephyrhills,,,,,,,Rental Listing,950,Standard,2026-10-06T00:00:00.000Z,,1,,,,,,,,,,,,,,,,,,,,,,,,,,,,,,,,,,,,,,,,,,,,,,,,,,,,,,,,,,,,,,,,,,,,,,,,,,,,,,,,,,,,,,,,,,,,,,,,,,,,,,,,,,,,,,,,,,,,,,,,,,,,,,,,,,,,,,,,,,,,,,,,,,,,,,,,,,,,,,,,,,,,,,,,,,,,,,,,,,,,,,,,,,,,,,,,,,,,,,,,,,,,,,,,,,,,,,,,,,,,,,,,,,,,,,,,,,,,,,,,,,,,,,,,,,,,,,,,,,,,,,,,,,,,,,,,,,,,,,,,,,,,,,,,,,,,,,,,,,,,,,,,,,,,,,,,,,,,,,,,,,,,,,,,,,,,,,,,,,,,,,,,,,,,,,,,,,,,,,,,,,,,,,,,,,,,,,,,,,,,,,,,,,,,,,,,,,,,,,,,,,,,,,,,,,,,,,,,,,,,,,,,,,,,,,,,,,,,,,,,,,,,,,,,,,,,,,,,,,,,,,,,,,,,,,,,,,,,,,,,,,,,,,,,,,,,,,,
"6035-Pointe-Pleasant-Blvd,-Zephyrhills,-FL-33545","6035 Pointe Pleasant Blvd, Zephyrhills, FL 33545",6035 Pointe Pleasant Blvd,,Zephyrhills,FL,12,33545,Pasco,101,28.244949,-82.342735,Single Family,4,2.0,1415.0,Active,1980,Standard,2026-10-06T00:00:00.000Z,,2020-02-29T02:19:18.195Z,2026-10-06T02:38:06.812Z,1,Pasco,Zephyrhills,,,,,,,Rental Listing,1980,Standard,2026-10-06T00:00:00.000Z,,1,,,,,,,,,,,,,,,,,,,,,,,,,,,,,,,,,,,,,,,,,,,,,,,,,,,,,,,,,,,,,,,,,,,,,,,,,,,,,,,,,,,,,,,,,,,,,,,,,,,,,,,,,,,,,,,,,,,,,,,,,,,,,,,,,,,,,,,,,,,,,,,,,,,,,,,,,,,,,,,,,,,,,,,,,,,,,,,,,,,,,,,,,,,,,,,,,,,,,,,,,,,,,,,,,,,,,,,,,,,,,,,,,,,,,,,,,,,,,,,,,,,,,,,,,,,,,,,,,,,,,,,,,,,,,,,,,,,,,,,,,,,,,,,,,,,,,,,,,,,,,,,,,,,,,,,,,,,,,,,,,,,,,,,,,,,,,,,,,,,,,,,,,,,,,,,,,,,,,,,,,,,,,,,,,,,,,,,,,,,,,,,,,,,,,,,,,,,,,,,,,,,,,,,,,,,,,,,,,,,,,,,,,,,,,,,,,,,,,,,,,,,,,,,,,,,,,,,,,,,,,,,,,,,,,,,,,,,,,,,,,,,,,,,,,,Rental Listing,3330.0,Standard,2026-04-28T00:00:00.000Z,2026-04-29T00:00:00.000Z,1.0
