id,formattedAddress,addressLine1,addressLine2,city,state,stateFips,zipCode,county,countyFips,latitude,longitude,propertyType,bedrooms,bathrooms,squareFootage,status,price,listingType,listedDate,removedDate,createdDate,lastSeenDate,daysOnMarket,meta_source_county,meta_source_city,history.2026-03-14.event,history.2026-03-14.price,history.2026-03-14.listingType,history.2026-03-14.listedDate,history.2026-03-14.removedDate,history.2026-03-14.daysOnMarket,history.2026-04-22.event,history.2026-04-22.price,history.2026-04-22.listingType,history.2026-04-22.listedDate,history.2026-04-22.removedDate,history.2026-04-22.daysOnMarket,history.2026-06-02.event,history.2026-06-02.price,history.2026-06-02.listingType,history.2026-06-02.listedDate,history.2026-06-02.removedDate,history.2026-06-02.daysOnMarket,history.2026-08-26.event,history.2026-08-26.price,history.2026-08-26.listingType,history.2026-08-26.listedDate,history.2026-08-26.removedDate,history.2026-08-26.daysOnMarket,history.2026-09-26.event,history.2026-09-26.price,history.2026-09-26.listingType,history.2026-09-26.listedDate,history.2026-09-26.removedDate,history.2026-09-26.daysOnMarket,history.2026-10-10.event,history.2026-10-10.price,history.2026-10-10.listingType,history.2026-10-10.listedDate,history.2026-10-10.removedDate,history.2026-10-10.daysOnMarket,history.2026-07-21.event,history.2026-07-21.price,history.2026-07-21.listingType,history.2026-07-21.listedDate,history.2026-07-21.removedDate,history.2026-07-21.daysOnMarket,history.2026-08-28.event,history.2026-08-28.price,history.2026-08-28.listingType,history.2026-08-28.listedDate,history.2026-08-28.removedDate,history.2026-08-28.daysOnMarket,history.2026-07-31.event,history.2026-07-31.price,history.2026-07-31.listingType,history.2026-07-31.listedDate,history.2026-07-31.removedDate,history.2026-07-31.daysOnMarket,history.2024-10-25.event,history.2024-10-25.price,history.2024-10-25.listingType,history.2024-10-25.listedDate,history.2024-10-25.removedDate,history.2024-10-25.daysOnMarket,lotSize,yearBuilt,hoa.fee,history.2026-08-10.event,history.2026-08-10.price,history.2026-08-10.listingType,history.2026-08-10.listedDate,history.2026-08-10.removedDate,history.2026-08-10.daysOnMarket,history.2026-09-07.event,history.2026-09-07.price,history.2026-09-07.listingType,history.2026-09-07.listedDate,history.2026-09-07.removedDate,history.2026-09-07.daysOnMarket,history.2024-09-09.event,history.2024-09-09.price,history.2024-09-09.listingType,history.2024-09-09.listedDate,history.2024-09-09.removedDate,history.2024-09-09.daysOnMarket,history.2025-06-03.event,history.2025-06-03.price,history.2025-06-03.listingType,history.2025-06-03.listedDate,history.2025-06-03.removedDate,history.2025-06-03.daysOnMarket,history.2026-08-22.event,history.2026-08-22.price,history.2026-08-22.listingType,history.2026-08-22.listedDate,history.2026-08-22.removedDate,history.2026-08-22.daysOnMarket,history.2026-03-25.event,history.2026-03-25.price,history.2026-03-25.listingType,history.2026-03-25.listedDate,history.2026-03-25.removedDate,history.2026-03-25.daysOnMarket,history.2026-04-03.event,history.2026-04-03.price,history.2026-04-03.listingType,history.2026-04-03.listedDate,history.2026-04-03.removedDate,history.2026-04-03.daysOnMarket,history.2026-04-25.event,history.2026-04-25.price,history.2026-04-25.listingType,history.2026-04-25.listedDate,history.2026-04-25.removedDate,history.2026-04-25.daysOnMarket,history.2026-06-23.event,history.2026-06-23.price,history.2026-06-23.listingType,history.2026-06-23.listedDate,history.2026-06-23.removedDate,history.2026-06-23.daysOnMarket,history.2025-10-08.event,history.2025-10-08.price,history.2025-10-08.listingType,history.2025-10-08.listedDate,history.2025-10-08.removedDate,history.2025-10-08.daysOnMarket,history.2026-09-11.event,history.2026-09-11.price,history.2026-09-11.listingType,history.2026-09-11.listedDate,history.2026-09-11.removedDate,history.2026-09-11.daysOnMarket,history.2025-04-04.event,history.2025-04-04.price,history.2025-04-04.listingType,history.2025-04-04.listedDate,history.2025-04-04.removedDate,history.2025-04-04.daysOnMarket,history.2026-04-21.event,history.2026-04-21.price,history.2026-04-21.listingType,history.2026-04-21.listedDate,history.2026-04-21.removedDate,history.2026-04-21.daysOnMarket,history.2026-05-19.event,history.2026-05-19.price,history.2026-05-19.listingType,history.2026-05-19.listedDate,history.2026-05-19.removedDate,history.2026-05-19.daysOnMarket,history.2026-06-04.event,history.2026-06-04.price,history.2026-06-04.listingType,history.2026-06-04.listedDate,history.2026-06-04.removedDate,history.2026-06-04.daysOnMarket,history.2026-06-26.event,history.2026-06-26.price,history.2026-06-26.listingType,history.2026-06-26.listedDate,history.2026-06-26.removedDate,history.2026-06-26.daysOnMarket,history.2026-09-24.event,history.2026-09-24.price,history.2026-09-24.listingType,history.2026-09-24.listedDate,history.2026-09-24.removedDate,history.2026-09-24.daysOnMarket,history.2025-11-05.event,history.2025-11-05.price,history.2025-11-05.listingType,history.2025-11-05.listedDate,history.2025-11-05.removedDate,history.2025-11-05.daysOnMarket,history.2026-08-29.event,history.2026-08-29.price,history.2026-08-29.listingType,history.2026-08-29.listedDate,history.2026-08-29.removedDate,history.2026-08-29.daysOnMarket,history.2026-08-04.event,history.2026-08-04.price,history.2026-08-04.listingType,history.2026-08-04.listedDate,history.2026-08-04.removedDate,history.2026-08-04.daysOnMarket,history.2025-04-29.event,history.2025-04-29.price,history.2025-04-29.listingType,history.2025-04-29.listedDate,history.2025-04-29.removedDate,history.2025-04-29.daysOnMarket,history.2025-02-22.event,history.2025-02-22.price,history.2025-02-22.listingType,history.2025-02-22.listedDate,history.2025-02-22.removedDate,history.2025-02-22.daysOnMarket,history.2025-03-25.event,history.2025-03-25.price,history.2025-03-25.listingType,history.2025-03-25.listedDate,history.2025-03-25.removedDate,history.2025-03-25.daysOnMarket,history.2025-07-12.event,history.2025-07-12.price,history.2025-07-12.listingType,history.2025-07-12.listedDate,history.2025-07-12.removedDate,history.2025-07-12.daysOnMarket,history.2025-10-04.event,history.2025-10-04.price,history.2025-10-04.listingType,history.2025-10-04.listedDate,history.2025-10-04.removedDate,history.2025-10-04.daysOnMarket,history.2025-12-20.event,history.2025-12-20.price,history.2025-12-20.listingType,history.2025-12-20.listedDate,history.2025-12-20.removedDate,history.2025-12-20.daysOnMarket,history.2026-01-07.event,history.2026-01-07.price,history.2026-01-07.listingType,history.2026-01-07.listedDate,history.2026-01-07.removedDate,history.2026-01-07.daysOnMarket,history.2026-02-08.event,history.2026-02-08.price,history.2026-02-08.listingType,history.2026-02-08.listedDate,history.2026-02-08.removedDate,history.2026-02-08.daysOnMarket,history.2026-02-27.event,history.2026-02-27.price,history.2026-02-27.listingType,history.2026-02-27.listedDate,history.2026-02-27.removedDate,history.2026-02-27.daysOnMarket,history.2026-04-04.event,history.2026-04-04.price,history.2026-04-04.listingType,history.2026-04-04.listedDate,history.2026-04-04.removedDate,history.2026-04-04.daysOnMarket,history.2026-09-01.event,history.2026-09-01.price,history.2026-09-01.listingType,history.2026-09-01.listedDate,history.2026-09-01.removedDate,history.2026-09-01.daysOnMarket,history.2026-09-28.event,history.2026-09-28.price,history.2026-09-28.listingType,history.2026-09-28.listedDate,history.2026-09-28.removedDate,history.2026-09-28.daysOnMarket,history.2026-10-03.event,history.2026-10-03.price,history.2026-10-03.listingType,history.2026-10-03.listedDate,history.2026-10-03.removedDate,history.2026-10-03.daysOnMarket,history.2025-01-13.event,history.2025-01-13.price,history.2025-01-13.listingType,history.2025-01-13.listedDate,history.2025-01-13.removedDate,history.2025-01-13.daysOnMarket,history.2025-09-10.event,history.2025-09-10.price,history.2025-09-10.listingType,history.2025-09-10.listedDate,history.2025-09-10.removedDate,history.2025-09-10.daysOnMarket,history.2026-09-10.event,history.2026-09-10.price,history.2026-09-10.listingType,history.2026-09-10.listedDate,history.2026-09-10.removedDate,history.2026-09-10.daysOnMarket,history.2024-10-04.event,history.2024-10-04.price,history.2024-10-04.listingType,history.2024-10-04.listedDate,history.2024-10-04.removedDate,history.2024-10-04.daysOnMarket,history.2025-03-19.event,history.2025-03-19.price,history.2025-03-19.listingType,history.2025-03-19.listedDate,history.2025-03-19.removedDate,history.2025-03-19.daysOnMarket,history.2026-01-16.event,history.2026-01-16.price,history.2026-01-16.listingType,history.2026-01-16.listedDate,history.2026-01-16.removedDate,history.2026-01-16.daysOnMarket,history.2026-05-29.event,history.2026-05-29.price,history.2026-05-29.listingType,history.2026-05-29.listedDate,history.2026-05-29.removedDate,history.2026-05-29.daysOnMarket,history.2026-06-15.event,history.2026-06-15.price,history.2026-06-15.listingType,history.2026-06-15.listedDate,history.2026-06-15.removedDate,history.2026-06-15.daysOnMarket,history.2026-03-27.event,history.2026-03-27.price,history.2026-03-27.listingType,history.2026-03-27.listedDate,history.2026-03-27.removedDate,history.2026-03-27.daysOnMarket,history.2026-09-20.event,history.2026-09-20.price,history.2026-09-20.listingType,history.2026-09-20.listedDate,history.2026-09-20.removedDate,history.2026-09-20.daysOnMarket,history.2025-10-18.event,history.2025-10-18.price,history.2025-10-18.listingType,history.2025-10-18.listedDate,history.2025-10-18.removedDate,history.2025-10-18.daysOnMarket,history.2024-11-02.event,history.2024-11-02.price,history.2024-11-02.listingType,history.2024-11-02.listedDate,history.2024-11-02.removedDate,history.2024-11-02.daysOnMarket,history.2026-08-06.event,history.2026-08-06.price,history.2026-08-06.listingType,history.2026-08-06.listedDate,history.2026-08-06.removedDate,history.2026-08-06.daysOnMarket,history.2026-08-21.event,history.2026-08-21.price,history.2026-08-21.listingType,history.2026-08-21.listedDate,history.2026-08-21.removedDate,history.2026-08-21.daysOnMarket,history.2026-02-12.event,history.2026-02-12.price,history.2026-02-12.listingType,history.2026-02-12.listedDate,history.2026-02-12.removedDate,history.2026-02-12.daysOnMarket,history.2026-03-07.event,history.2026-03-07.price,history.2026-03-07.listingType,history.2026-03-07.listedDate,history.2026-03-07.removedDate,history.2026-03-07.daysOnMarket,history.2026-06-19.event,history.2026-06-19.price,history.2026-06-19.listingType,history.2026-06-19.listedDate,history.2026-06-19.removedDate,history.2026-06-19.daysOnMarket,history.2023-05-03.event,history.2023-05-03.price,history.2023-05-03.listingType,history.2023-05-03.listedDate,history.2023-05-03.removedDate,history.2023-05-03.daysOnMarket,history.2025-09-13.event,history.2025-09-13.price,history.2025-09-13.listingType,history.2025-09-13.listedDate,history.2025-09-13.removedDate,history.2025-09-13.daysOnMarket,history.2026-07-14.event,history.2026-07-14.price,history.2026-07-14.listingType,history.2026-07-14.listedDate,history.2026-07-14.removedDate,history.2026-07-14.daysOnMarket,history.2025-08-10.event,history.2025-08-10.price,history.2025-08-10.listingType,history.2025-08-10.listedDate,history.2025-08-10.removedDate,history.2025-08-10.daysOnMarket,history.2025-07-11.event,history.2025-07-11.price,history.2025-07-11.listingType,history.2025-07-11.listedDate,history.2025-07-11.removedDate,history.2025-07-11.daysOnMarket,history.2025-05-13.event,history.2025-05-13.price,history.2025-05-13.listingType,history.2025-05-13.listedDate,history.2025-05-13.removedDate,history.2025-05-13.daysOnMarket,history.2025-08-04.event,history.2025-08-04.price,history.2025-08-04.listingType,history.2025-08-04.listedDate,history.2025-08-04.removedDate,history.2025-08-04.daysOnMarket,history.2026-08-24.event,history.2026-08-24.price,history.2026-08-24.listingType,history.2026-08-24.listedDate,history.2026-08-24.removedDate,history.2026-08-24.daysOnMarket,history.2026-04-13.event,history.2026-04-13.price,history.2026-04-13.listingType,history.2026-04-13.listedDate,history.2026-04-13.removedDate,history.2026-04-13.daysOnMarket,history.2026-04-30.event,history.2026-04-30.price,history.2026-04-30.listingType,history.2026-04-30.listedDate,history.2026-04-30.removedDate,history.2026-04-30.daysOnMarket,history.2025-04-01.event,history.2025-04-01.price,history.2025-04-01.listingType,history.2025-04-01.listedDate,history.2025-04-01.removedDate,history.2025-04-01.daysOnMarket,history.2025-04-07.event,history.2025-04-07.price,history.2025-04-07.listingType,history.2025-04-07.listedDate,history.2025-04-07.removedDate,history.2025-04-07.daysOnMarket,history.2025-04-19.event,history.2025-04-19.price,history.2025-04-19.listingType,history.2025-04-19.listedDate,history.2025-04-19.removedDate,history.2025-04-19.daysOnMarket,history.2026-04-09.event,history.2026-04-09.price,history.2026-04-09.listingType,history.2026-04-09.listedDate,history.2026-04-09.removedDate,history.2026-04-09.daysOnMarket,history.2026-04-20.event,history.2026-04-20.price,history.2026-04-20.listingType,history.2026-04-20.listedDate,history.2026-04-20.removedDate,history.2026-04-20.daysOnMarket,history.2026-05-06.event,history.2026-05-06.price,history.2026-05-06.listingType,history.2026-05-06.listedDate,history.2026-05-06.removedDate,history.2026-05-06.daysOnMarket
"17515-Sandgate-Ct,-Land-O-Lakes,-FL-34638","17515 Sandgate Ct, Land O Lakes, FL 34638",17515 Sandgate Ct,,Land O Lakes,FL,12,34638,Pasco,101,28.205368,-82.525882,Single Family,3,3.0,2112.0,Active,2400,Standard,2026-10-10T00:00:00.000Z,,2020-03-14T03:32:32.613Z,2026-10-10T03:01:01.623Z,1,Pasco,Land O Lakes,Rental Listing,2550.0,Standard,2026-03-14T00:00:00.000Z,2026-03-15T00:00:00.000Z,1.0,Rental Listing,2550.0,Standard,2026-04-22T00:00:00.000Z,2026-04-23T00:00:00.000Z,1.0,Rental Listing,2550.0,Standard,2026-06-02T00:00:00.000Z,2026-06-03T00:00:00.000Z,1.0,Rental Listing,2400.0,Standard,2026-08-26T00:00:00.000Z,2026-08-27T00:00:00.000Z,1.0,Rental Listing,2400.0,Standard,2026-09-26T00:00:00.000Z,2026-09-27T00:00:00.000Z,1.0,Rental Listing,2400,Standard,2026-10-10T00:00:00.000Z,,1,,,,,,,,,,,,,,,,,,,,,,,,,,,,,,,,,,,,,,,,,,,,,,,,,,,,,,,,,,,,,,,,,,,,,,,,,,,,,,,,,,,,,,,,,,,,,,,,,,,,,,,,,,,,,,,,,,,,,,,,,,,,,,,,,,,,,,,,,,,,,,,,,,,,,,,,,,,,,,,,,,,,,,,,,,,,,,,,,,,,,,,,,,,,,,,,,,,,,,,,,,,,,,,,,,,,,,,,,,,,,,,,,,,,,,,,,,,,,,,,,,,,,,,,,,,,,,,,,,,,,,,,,,,,,,,,,,,,,,,,,,,,,,,,,,,,,,,,,,,,,,,,,,,,,,,,,,,,,,,,,,,,,,,,,,,,,,,,,,,,,,,,,,,,,,,,,,,,,,,,,,,,,,,,,,,,,,,,,,,,,,,,,,,,,,,,,,,,,,,,,,,,,,,,,,,,,,,,,,,,,,,
"21027-Voyager-Blvd,-Apt-K8,-Land-O-Lakes,-FL-34638","21027 Voyager Blvd, Apt K8, Land O Lakes, FL 34638",21027 Voyager Blvd,Apt K8,Land O Lakes,FL,12,34638,Pasco,101,28.216344,-82.467837,Condo,2,1.0,800.0,Active,1299,Standard,2026-10-10T00:00:00.000Z,,2026-06-28T00:00:00.000Z,2026-10-10T03:01:01.622Z,1,Pasco,Land O Lakes,,,,,,,,,,,,,,,,,,,,,,,,,,,,,,,Rental Listing,1299,Standard,2026-10-10T00:00:00.000Z,,1,Rental Listing,1325.0,Standard,2026-07-21T00:00:00.000Z,2026-07-22T00:00:00.000Z,1.0,,,,,,,,,,,,,,,,,,,,,,,,,,,,,,,,,,,,,,,,,,,,,,,,,,,,,,,,,,,,,,,,,,,,,,,,,,,,,,,,,,,,,,,,,,,,,,,,,,,,,,,,,,,,,,,,,,,,,,,,,,,,,,,,,,,,,,,,,,,,,,,,,,,,,,,,,,,,,,,,,,,,,,,,,,,,,,,,,,,,,,,,,,,,,,,,,,,,,,,,,,,,,,,,,,,,,,,,,,,,,,,,,,,,,,,,,,,,,,,,,,,,,,,,,,,,,,,,,,,,,,,,,,,,,,,,,,,,,,,,,,,,,,,,,,,,,,,,,,,,,,,,,,,,,,,,,,,,,,,,,,,,,,,,,,,,,,,,,,,,,,,,,,,,,,,,,,,,,,,,,,,,,,,,,,,,,,,,,,,,,,,,,,,,,,,,,,,,,,,,,,,,,,,,,,,,,,,,,
"18447-Red-Willow-Way,-Land-O-Lakes,-FL-34638","18447 Red Willow Way, Land O Lakes, FL 34638",18447 Red Willow Way,,Land O Lakes,FL,12,34638,Pasco,101,28.301633,-82.51064,Single Family,3,2.0,2150.0,Active,2105,Standard,2026-10-10T00:00:00.000Z,,2020-12-12T01:03:52.073Z,2026-10-10T03:01:01.601Z,1,Pasco,Land O Lakes,,,,,,,,,,,,,,,,,,,,,,,,,,,,,,,Rental Listing,2105,Standard,2026-10-10T00:00:00.000Z,,1,,,,,,,Rental Listing,2790.0,Standard,2026-08-28T00:00:00.000Z,2026-08-29T00:00:00.000Z,1.0,,,,,,,,,,,,,,,,,,,,,,,,,,,,,,,,,,,,,,,,,,,,,,,,,,,,,,,,,,,,,,,,,,,,,,,,,,,,,,,,,,,,,,,,,,,,,,,,,,,,,,,,,,,,,,,,,,,,,,,,,,,,,,,,,,,,,,,,,,,,,,,,,,,,,,,,,,,,,,,,,,,,,,,,,,,,,,,,,,,,,,,,,,,,,,,,,,,,,,,,,,,,,,,,,,,,,,,,,,,,,,,,,,,,,,,,,,,,,,,,,,,,,,,,,,,,,,,,,,,,,,,,,,,,,,,,,,,,,,,,,,,,,,,,,,,,,,,,,,,,,,,,,,,,,,,,,,,,,,,,,,,,,,,,,,,,,,,,,,,,,,,,,,,,,,,,,,,,,,,,,,,,,,,,,,,,,,,,,,,,,,,,,,,,,,,,,,,,,,,,,,,,,,,,,,,
"18136-Cypress-Bay-Pkwy,-Land-O-Lakes,-FL-34638","18136 Cypress Bay Pkwy, Land O Lakes, FL 34638",18136 Cypress Bay Pkwy,,Land O Lakes,FL,12,34638,Pasco,101,28.302351,-82.515594,Single Family,3,2.0,1271.0,Active,1875,Standard,2026-10-10T00:00:00.000Z,,2024-08-02T00:00:00.000Z,2026-10-10T03:01:01.598Z,1,Pasco,Land O Lakes,,,,,,,,,,,,,,,,,,,,,,,,,,,,,,,Rental Listing,1875,Standard,2026-10-10T00:00:00.000Z,,1,,,,,,,,,,,,,,,,,,,,,,,,,,,,,,,,,,,,,,,,,,,,,,,,,,,,,,,,,,,,,,,,,,,,,,,,,,,,,,,,,,,,,,,,,,,,,,,,,,,,,,,,,,,,,,,,,,,,,,,,,,,,,,,,,,,,,,,,,,,,,,,,,,,,,,,,,,,,,,,,,,,,,,,,,,,,,,,,,,,,,,,,,,,,,,,,,,,,,,,,,,,,,,,,,,,,,,,,,,,,,,,,,,,,,,,,,,,,,,,,,,,,,,,,,,,,,,,,,,,,,,,,,,,,,,,,,,,,,,,,,,,,,,,,,,,,,,,,,,,,,,,,,,,,,,,,,,,,,,,,,,,,,,,,,,,,,,,,,,,,,,,,,,,,,,,,,,,,,,,,,,,,,,,,,,,,,,,,,,,,,,,,,,,,,,,,,,,,,,,,,,,,,,,,,,,,,,,,,,,,,,,
"25924-Terrawood-Loop,-Land-O-Lakes,-FL-34639","25924 Terrawood Loop, Land O Lakes, FL 34639",25924 Terrawood Loop,,Land O Lakes,FL,12,34639,Pasco,101,28.2221,-82.387022,Single Family,3,2.0,1340.0,Active,1810,Standard,2026-10-10T00:00:00.000Z,,2023-10-28T00:00:00.000Z,2026-10-10T03:01:01.593Z,1,Pasco,Land O Lakes,,,,,,,,,,,,,,,,,,,,,,,,,,,,,,,Rental Listing,1810,Standard,2026-10-10T00:00:00.000Z,,1,,,,,,,,,,,,,Rental Listing,2100.0,Standard,2026-07-31T00:00:00.000Z,2026-08-01T00:00:00.000Z,1.0,,,,,,,,,,,,,,,,,,,,,,,,,,,,,,,,,,,,,,,,,,,,,,,,,,,,,,,,,,,,,,,,,,,,,,,,,,,,,,,,,,,,,,,,,,,,,,,,,,,,,,,,,,,,,,,,,,,,,,,,,,,,,,,,,,,,,,,,,,,,,,,,,,,,,,,,,,,,,,,,,,,,,,,,,,,,,,,,,,,,,,,,,,,,,,,,,,,,,,,,,,,,,,,,,,,,,,,,,,,,,,,,,,,,,,,,,,,,,,,,,,,,,,,,,,,,,,,,,,,,,,,,,,,,,,,,,,,,,,,,,,,,,,,,,,,,,,,,,,,,,,,,,,,,,,,,,,,,,,,,,,,,,,,,,,,,,,,,,,,,,,,,,,,,,,,,,,,,,,,,,,,,,,,,,,,,,,,,,,,,,,,,,,,,,,,,,,,,,,,,,,,,,
"17348-Lawn-Orchid-Loop,-Land-O-Lakes,-FL-34638","17348 Lawn Orchid Loop, Land O Lakes, FL 34638",17348 Lawn Orchid Loop,,Land O Lakes,FL,12,34638,Pasco,101,28.196208,-82.528289,Single Family,3,2.0,1655.0,Active,2295,Standard,2026-10-10T00:00:00.000Z,,2026-09-18T00:00:00.000Z,2026-10-10T03:01:01.592Z,1,Pasco,Land O Lakes,,,,,,,,,,,,,,,,,,,,,,,,,,,,,,,Rental Listing,2295,Standard,2026-10-10T00:00:00.000Z,,1,,,,,,,,,,,,,,,,,,,,,,,,,,,,,,,,,,,,,,,,,,,,,,,,,,,,,,,,,,,,,,,,,,,,,,,,,,,,,,,,,,,,,,,,,,,,,,,,,,,,,,,,,,,,,,,,,,,,,,,,,,,,,,,,,,,,,,,,,,,,,,,,,,,,,,,,,,,,,,,,,,,,,,,,,,,,,,,,,,,,,,,,,,,,,,,,,,,,,,,,,,,,,,,,,,,,,,,,,,,,,,,,,,,,,,,,,,,,,,,,,,,,,,,,,,,,,,,,,,,,,,,,,,,,,,,,,,,,,,,,,,,,,,,,,,,,,,,,,,,,,,,,,,,,,,,,,,,,,,,,,,,,,,,,,,,,,,,,,,,,,,,,,,,,,,,,,,,,,,,,,,,,,,,,,,,,,,,,,,,,,,,,,,,,,,,,,,,,,,,,,,,,,,,,,,,,,,,,,,,,,,,
"18750-Narimore-Dr,-Land-O-Lakes,-FL-34638","18750 Narimore Dr, Land O Lakes, FL 34638",18750 Narimore Dr,,Land O Lakes,FL,12,34638,Pasco,101,28.292675,-82.505317,Single Family,3,2.0,1702.0,Active,2565,Standard,2026-10-10T00:00:00.000Z,,2021-08-20T00:30:18.252Z,2026-10-10T03:01:01.585Z,1,Pasco,Land O Lakes,,,,,,,,,,,,,,,,,,,,,,,,,,,,,,,Rental Listing,2565,Standard,2026-10-10T00:00:00.000Z,,1,,,,,,,,,,,,,,,,,,,,,,,,,,,,,,,,,,,,,,,,,,,,,,,,,,,,,,,,,,,,,,,,,,,,,,,,,,,,,,,,,,,,,,,,,,,,,,,,,,,,,,,,,,,,,,,,,,,,,,,,,,,,,,,,,,,,,,,,,,,,,,,,,,,,,,,,,,,,,,,,,,,,,,,,,,,,,,,,,,,,,,,,,,,,,,,,,,,,,,,,,,,,,,,,,,,,,,,,,,,,,,,,,,,,,,,,,,,,,,,,,,,,,,,,,,,,,,,,,,,,,,,,,,,,,,,,,,,,,,,,,,,,,,,,,,,,,,,,,,,,,,,,,,,,,,,,,,,,,,,,,,,,,,,,,,,,,,,,,,,,,,,,,,,,,,,,,,,,,,,,,,,,,,,,,,,,,,,,,,,,,,,,,,,,,,,,,,,,,,,,,,,,,,,,,,,,,,,,,,,,,,,
"23217-Bayou-Grove-St,-Land-O-Lakes,-FL-34639","23217 Bayou Grove St, Land O Lakes, FL 34639",23217 Bayou Grove St,,Land O Lakes,FL,12,34639,Pasco,101,28.206479,-82.431978,Single Family,3,2.0,1532.0,Active,2250,Standard,2026-10-10T00:00:00.000Z,,2024-10-24T00:00:00.000Z,2026-10-10T03:01:01.582Z,1,Pasco,Land O Lakes,,,,,,,,,,,,,,,,,,,,,,,,,,,,,,,Rental Listing,2250,Standard,2026-10-10T00:00:00.000Z,,1,,,,,,,,,,,,,,,,,,,Rental Listing,2260.0,Standard,2024-10-25T00:00:00.000Z,2024-12-17T00:00:00.000Z,53.0,,,,,,,,,,,,,,,,,,,,,,,,,,,,,,,,,,,,,,,,,,,,,,,,,,,,,,,,,,,,,,,,,,,,,,,,,,,,,,,,,,,,,,,,,,,,,,,,,,,,,,,,,,,,,,,,,,,,,,,,,,,,,,,,,,,,,,,,,,,,,,,,,,,,,,,,,,,,,,,,,,,,,,,,,,,,,,,,,,,,,,,,,,,,,,,,,,,,,,,,,,,,,,,,,,,,,,,,,,,,,,,,,,,,,,,,,,,,,,,,,,,,,,,,,,,,,,,,,,,,,,,,,,,,,,,,,,,,,,,,,,,,,,,,,,,,,,,,,,,,,,,,,,,,,,,,,,,,,,,,,,,,,,,,,,,,,,,,,,,,,,,,,,,,,,,,,,,,,,,,,,,,,,,,,,,,,,,,,,,,,,,,,,,,,,,,,,,,,,,
"24146-Cross-Ln,-Land-O-Lakes,-FL-34639","24146 Cross Ln, Land O Lakes, FL 34639",24146 Cross Ln,,Land O Lakes,FL,12,34639,Pasco,101,28.188647,-82.416422,Single Family,3,2.0,1608.0,Active,2350,Standard,2026-10-10T00:00:00.000Z,,2020-12-15T02:15:22.817Z,2026-10-10T03:01:01.581Z,1,Pasco,Land O Lakes,,,,,,,,,,,,,,,,,,,,,,,,,,,,,,,Rental Listing,2350,Standard,2026-10-10T00:00:00.000Z,,1,,,,,,,,,,,,,,,,,,,,,,,,,,,,,,,,,,,,,,,,,,,,,,,,,,,,,,,,,,,,,,,,,,,,,,,,,,,,,,,,,,,,,,,,,,,,,,,,,,,,,,,,,,,,,,,,,,,,,,,,,,,,,,,,,,,,,,,,,,,,,,,,,,,,,,,,,,,,,,,,,,,,,,,,,,,,,,,,,,,,,,,,,,,,,,,,,,,,,,,,,,,,,,,,,,,,,,,,,,,,,,,,,,,,,,,,,,,,,,,,,,,,,,,,,,,,,,,,,,,,,,,,,,,,,,,,,,,,,,,,,,,,,,,,,,,,,,,,,,,,,,,,,,,,,,,,,,,,,,,,,,,,,,,,,,,,,,,,,,,,,,,,,,,,,,,,,,,,,,,,,,,,,,,,,,,,,,,,,,,,,,,,,,,,,,,,,,,,,,,,,,,,,,,,,,,,,,,,,,,,,,,
"21027-Monza-Loop,-Land-O-Lakes,-FL-34638","21027 Monza Loop, Land O Lakes, FL 34638",21027 Monza Loop,,Land O Lakes,FL,12,34638,Pasco,101,28.255944,-82.478927,Single Family,4,3.0,2203.0,Active,2800,Standard,2026-10-10T00:00:00.000Z,,2026-09-26T00:00:00.000Z,2026-10-10T02:56:56.176Z,1,Pasco,Land O Lakes,,,,,,,,,,,,,,,,,,,,,,,,,,,,,,,Rental Listing,2800,Standard,2026-10-10T00:00:00.000Z,,1,,,,,,,,,,,,,,,,,,,,,,,,,,,,,,,,,,,,,,,,,,,,,,,,,,,,,,,,,,,,,,,,,,,,,,,,,,,,,,,,,,,,,,,,,,,,,,,,,,,,,,,,,,,,,,,,,,,,,,,,,,,,,,,,,,,,,,,,,,,,,,,,,,,,,,,,,,,,,,,,,,,,,,,,,,,,,,,,,,,,,,,,,,,,,,,,,,,,,,,,,,,,,,,,,,,,,,,,,,,,,,,,,,,,,,,,,,,,,,,,,,,,,,,,,,,,,,,,,,,,,,,,,,,,,,,,,,,,,,,,,,,,,,,,,,,,,,,,,,,,,,,,,,,,,,,,,,,,,,,,,,,,,,,,,,,,,,,,,,,,,,,,,,,,,,,,,,,,,,,,,,,,,,,,,,,,,,,,,,,,,,,,,,,,,,,,,,,,,,,,,,,,,,,,,,,,,,,,,,,,,,,
"4786-Ballantrae-Blvd,-Land-O-Lakes,-FL-34638","4786 Ballantrae Blvd, Land O Lakes, FL 34638",4786 Ballantrae Blvd,,Land O Lakes,FL,12,34638,Pasco,101,28.223013,-82.522079,Single Family,3,2.0,2101.0,Active,2900,Standard,2026-10-10T00:00:00.000Z,,2023-05-04T00:00:00.000Z,2026-10-10T02:56:56.163Z,1,Pasco,Land O Lakes,,,,,,,,,,,,,,,,,,,,,,,,,,,,,,,Rental Listing,2900,Standard,2026-10-10T00:00:00.000Z,,1,,,,,,,,,,,,,,,,,,,,,,,,,6534.0,2020.0,48.0,,,,,,,,,,,,,,,,,,,,,,,,,,,,,,,,,,,,,,,,,,,,,,,,,,,,,,,,,,,,,,,,,,,,,,,,,,,,,,,,,,,,,,,,,,,,,,,,,,,,,,,,,,,,,,,,,,,,,,,,,,,,,,,,,,,,,,,,,,,,,,,,,,,,,,,,,,,,,,,,,,,,,,,,,,,,,,,,,,,,,,,,,,,,,,,,,,,,,,,,,,,,,,,,,,,,,,,,,,,,,,,,,,,,,,,,,,,,,,,,,,,,,,,,,,,,,,,,,,,,,,,,,,,,,,,,,,,,,,,,,,,,,,,,,,,,,,,,,,,,,,,,,,,,,,,,,,,,,,,,,,,,,,,,,,,,,,,,,,,,,,,,,,,,,,,,,,,,,,,,,,,,,,,,,,,,,,,,,,,,,,,,,,,,,,,,,,,,
"2846-Prairie-Iris-Dr,-Land-O-Lakes,-FL-34638","2846 Prairie Iris Dr, Land O Lakes, FL 34638",2846 Prairie Iris Dr,,Land O Lakes,FL,12,34638,Pasco,101,28.199426,-82.527652,Single Family,4,2.5,2110.0,Active,2657,Standard,2026-10-10T00:00:00.000Z,,2019-04-30T08:54:49.154Z,2026-10-10T02:56:56.160Z,1,Pasco,Land O Lakes,,,,,,,,,,,,,,,,,,,,,,,,,,,,,,,Rental Listing,2657,Standard,2026-10-10T00:00:00.000Z,,1,,,,,,,,,,,,,,,,,,,,,,,,,,2005.0,,,,,,,,,,,,,,,,,,,,,,,,,,,,,,,,,,,,,,,,,,,,,,,,,,,,,,,,,,,,,,,,,,,,,,,,,,,,,,,,,,,,,,,,,,,,,,,,,,,,,,,,,,,,,,,,,,,,,,,,,,,,,,,,,,,,,,,,,,,,,,,,,,,,,,,,,,,,,,,,,,,,,,,,,,,,,,,,,,,,,,,,,,,,,,,,,,,,,,,,,,,,,,,,,,,,,,,,,,,,,,,,,,,,,,,,,,,,,,,,,,,,,,,,,,,,,,,,,,,,,,,,,,,,,,,,,,,,,,,,,,,,,,,,,,,,,,,,,,,,,,,,,,,,,,,,,,,,,,,,,,,,,,,,,,,,,,,,,,,,,,,,,,,,,,,,,,,,,,,,,,,,,,,,,,,,,,,,,,,,,,,,,,,,,,,,,,,,,
"24439-Painter-Dr,-Land-O-Lakes,-FL-34639","24439 Painter Dr, Land O Lakes, FL 34639",24439 Painter Dr,,Land O Lakes,FL,12,34639,Pasco,101,28.191586,-82.411439,Single Family,3,2.0,1374.0,Active,1849,Standard,2026-10-10T00:00:00.000Z,,2026-08-29T00:00:00.000Z,2026-10-10T02:56:56.156Z,1,Pasco,Land O Lakes,,,,,,,,,,,,,,,,,,,,,,,,,,,,,,,Rental Listing,1849,Standard,2026-10-10T00:00:00.000Z,,1,,,,,,,,,,,,,,,,,,,,,,,,,,,,,,,,,,,,,,,,,,,,,,,,,,,,,,,,,,,,,,,,,,,,,,,,,,,,,,,,,,,,,,,,,,,,,,,,,,,,,,,,,,,,,,,,,,,,,,,,,,,,,,,,,,,,,,,,,,,,,,,,,,,,,,,,,,,,,,,,,,,,,,,,,,,,,,,,,,,,,,,,,,,,,,,,,,,,,,,,,,,,,,,,,,,,,,,,,,,,,,,,,,,,,,,,,,,,,,,,,,,,,,,,,,,,,,,,,,,,,,,,,,,,,,,,,,,,,,,,,,,,,,,,,,,,,,,,,,,,,,,,,,,,,,,,,,,,,,,,,,,,,,,,,,,,,,,,,,,,,,,,,,,,,,,,,,,,,,,,,,,,,,,,,,,,,,,,,,,,,,,,,,,,,,,,,,,,,,,,,,,,,,,,,,,,,,,,,,,,,,,
"11164-Treasure-Swale-Way,-Land-O-Lakes,-FL-34638","11164 Treasure Swale Way, Land O Lakes, FL 34638",11164 Treasure Swale Way,,Land O Lakes,FL,12,34638,Pasco,101,28.317877,-82.526532,Townhouse,3,3.0,1673.0,Active,2145,Standard,2026-10-10T00:00:00.000Z,,2026-09-18T00:00:00.000Z,2026-10-10T02:56:56.156Z,1,Pasco,Land O Lakes,,,,,,,,,,,,,,,,,,,,,,,,,,,,,,,Rental Listing,2145,Standard,2026-10-10T00:00:00.000Z,,1,,,,,,,,,,,,,,,,,,,,,,,,,,,,,,,,,,,,,,,,,,,,,,,,,,,,,,,,,,,,,,,,,,,,,,,,,,,,,,,,,,,,,,,,,,,,,,,,,,,,,,,,,,,,,,,,,,,,,,,,,,,,,,,,,,,,,,,,,,,,,,,,,,,,,,,,,,,,,,,,,,,,,,,,,,,,,,,,,,,,,,,,,,,,,,,,,,,,,,,,,,,,,,,,,,,,,,,,,,,,,,,,,,,,,,,,,,,,,,,,,,,,,,,,,,,,,,,,,,,,,,,,,,,,,,,,,,,,,,,,,,,,,,,,,,,,,,,,,,,,,,,,,,,,,,,,,,,,,,,,,,,,,,,,,,,,,,,,,,,,,,,,,,,,,,,,,,,,,,,,,,,,,,,,,,,,,,,,,,,,,,,,,,,,,,,,,,,,,,,,,,,,,,,,,,,,,,,,,,,,,,,
"9253-Black-Thorn-Loop,-Land-O-Lakes,-FL-34638","9253 Black Thorn Loop, Land O Lakes, FL 34638",9253 Black Thorn Loop,,Land O Lakes,FL,12,34638,Pasco,101,28.292476,-82.495643,Single Family,4,2.0,1824.0,Active,2167,Standard,2026-10-10T00:00:00.000Z,,2021-02-05T00:37:37.882Z,2026-10-10T02:56:56.141Z,1,Pasco,Land O Lakes,,,,,,,,,,,,,,,,,,,,,,,,,,,,,,,Rental Listing,2167,Standard,2026-10-10T00:00:00.000Z,,1,,,,,,,,,,,,,,,,,,,,,,,,,,2005.0,,Rental Listing,2295.0,Standard,2026-08-10T00:00:00.000Z,2026-08-11T00:00:00.000Z,1.0,,,,,,,,,,,,,,,,,,,,,,,,,,,,,,,,,,,,,,,,,,,,,,,,,,,,,,,,,,,,,,,,,,,,,,,,,,,,,,,,,,,,,,,,,,,,,,,,,,,,,,,,,,,,,,,,,,,,,,,,,,,,,,,,,,,,,,,,,,,,,,,,,,,,,,,,,,,,,,,,,,,,,,,,,,,,,,,,,,,,,,,,,,,,,,,,,,,,,,,,,,,,,,,,,,,,,,,,,,,,,,,,,,,,,,,,,,,,,,,,,,,,,,,,,,,,,,,,,,,,,,,,,,,,,,,,,,,,,,,,,,,,,,,,,,,,,,,,,,,,,,,,,,,,,,,,,,,,,,,,,,,,,,,,,,,,,,,,,,,,,,,,,,,,,,,,,,,,,,,,,,,,,,,,,,,,,,,,,,,,,,,,,,,,,,
"22407-Bellini-Cir,-Land-O-Lakes,-FL-34639","22407 Bellini Cir, Land O Lakes, FL 34639",22407 Bellini Cir,,Land O Lakes,FL,12,34639,Pasco,101,28.215575,-82.444074,Single Family,4,3.0,2245.0,Active,2932,Standard,2026-10-10T00:00:00.000Z,,2026-08-13T00:00:00.000Z,2026-10-10T02:56:56.132Z,1,Pasco,Land O Lakes,,,,,,,,,,,,,,,,,,,,,,,,,,,,,,,Rental Listing,2932,Standard,2026-10-10T00:00:00.000Z,,1,,,,,,,,,,,,,,,,,,,,,,,,,,2022.0,,,,,,,,Rental Listing,2880.0,Standard,2026-09-07T00:00:00.000Z,2026-09-08T00:00:00.000Z,1.0,,,,,,,,,,,,,,,,,,,,,,,,,,,,,,,,,,,,,,,,,,,,,,,,,,,,,,,,,,,,,,,,,,,,,,,,,,,,,,,,,,,,,,,,,,,,,,,,,,,,,,,,,,,,,,,,,,,,,,,,,,,,,,,,,,,,,,,,,,,,,,,,,,,,,,,,,,,,,,,,,,,,,,,,,,,,,,,,,,,,,,,,,,,,,,,,,,,,,,,,,,,,,,,,,,,,,,,,,,,,,,,,,,,,,,,,,,,,,,,,,,,,,,,,,,,,,,,,,,,,,,,,,,,,,,,,,,,,,,,,,,,,,,,,,,,,,,,,,,,,,,,,,,,,,,,,,,,,,,,,,,,,,,,,,,,,,,,,,,,,,,,,,,,,,,,,,,,,,,,,,,,,,,,,,,,,,,,,,,,,,,,,
"5801-Candytuft-Pl,-Land-O-Lakes,-FL-34639","5801 Candytuft Pl, Land O Lakes, FL 34639",5801 Candytuft Pl,,Land O Lakes,FL,12,34639,Pasco,101,28.241003,-82.445426,Single Family,4,3.0,2453.0,Active,2630,Standard,2026-10-10T00:00:00.000Z,,2020-08-02T15:31:10.580Z,2026-10-10T02:56:56.130Z,1,Pasco,Land O Lakes,,,,,,,,,,,,,,,,,,,,,,,,,,,,,,,Rental Listing,2630,Standard,2026-10-10T00:00:00.000Z,,1,,,,,,,,,,,,,,,,,,,,,,,,,,,,,,,,,,,,,,,,,,,,,,,,,,,,,,,,,,,,,,,,,,,,,,,,,,,,,,,,,,,,,,,,,,,,,,,,,,,,,,,,,,,,,,,,,,,,,,,,,,,,,,,,,,,,,,,,,,,,,,,,,,,,,,,,,,,,,,,,,,,,,,,,,,,,,,,,,,,,,,,,,,,,,,,,,,,,,,,,,,,,,,,,,,,,,,,,,,,,,,,,,,,,,,,,,,,,,,,,,,,,,,,,,,,,,,,,,,,,,,,,,,,,,,,,,,,,,,,,,,,,,,,,,,,,,,,,,,,,,,,,,,,,,,,,,,,,,,,,,,,,,,,,,,,,,,,,,,,,,,,,,,,,,,,,,,,,,,,,,,,,,,,,,,,,,,,,,,,,,,,,,,,,,,,,,,,,,,,,,,,,,,,,,,,,,,,,,,,,,,,
"22478-Bellini-Cir,-Land-O-Lakes,-FL-34639","22478 Bellini Cir, Land O Lakes, FL 34639",22478 Bellini Cir,,Land O Lakes,FL,12,34639,Pasco,101,28.215583,-82.444961,Single Family,4,2.5,1977.0,Active,2502,Standard,2026-10-10T00:00:00.000Z,,2024-11-04T00:00:00.000Z,2026-10-10T02:56:56.128Z,1,Pasco,Land O Lakes,,,,,,,,,,,,,,,,,,,,,,,,,,,,,,,Rental Listing,2502,Standard,2026-10-10T00:00:00.000Z,,1,,,,,,,,,,,,,,,,,,,,,,,,,,2022.0,,,,,,,,,,,,,,Rental Listing,2575.0,Standard,2024-09-09T00:00:00.000Z,2024-11-06T00:00:00.000Z,58.0,,,,,,,,,,,,,,,,,,,,,,,,,,,,,,,,,,,,,,,,,,,,,,,,,,,,,,,,,,,,,,,,,,,,,,,,,,,,,,,,,,,,,,,,,,,,,,,,,,,,,,,,,,,,,,,,,,,,,,,,,,,,,,,,,,,,,,,,,,,,,,,,,,,,,,,,,,,,,,,,,,,,,,,,,,,,,,,,,,,,,,,,,,,,,,,,,,,,,,,,,,,,,,,,,,,,,,,,,,,,,,,,,,,,,,,,,,,,,,,,,,,,,,,,,,,,,,,,,,,,,,,,,,,,,,,,,,,,,,,,,,,,,,,,,,,,,,,,,,,,,,,,,,,,,,,,,,,,,,,,,,,,,,,,,,,,,,,,,,,,,,,,,,,,,,,,,,,,,,,,,,,,,,,,,,,,,,,,,,
"22477-Bellini-Cir,-Land-O-Lakes,-FL-34639","22477 Bellini Cir, Land O Lakes, FL 34639",22477 Bellini Cir,,Land O Lakes,FL,12,34639,Pasco,101,28.215544,-82.44547,Single Family,4,3.0,2245.0,Active,2962,Standard,2026-10-10T00:00:00.000Z,,2026-07-29T00:00:00.000Z,2026-10-10T02:56:56.127Z,1,Pasco,Land O Lakes,,,,,,,,,,,,,,,,,,,,,,,,,,,,,,,Rental Listing,2962,Standard,2026-10-10T00:00:00.000Z,,1,,,,,,,,,,,,,,,,,,,,,,,,,,2023.0,,,,,,,,,,,,,,,,,,,,,,,,,,,,,,,,,,,,,,,,,,,,,,,,,,,,,,,,,,,,,,,,,,,,,,,,,,,,,,,,,,,,,,,,,,,,,,,,,,,,,,,,,,,,,,,,,,,,,,,,,,,,,,,,,,,,,,,,,,,,,,,,,,,,,,,,,,,,,,,,,,,,,,,,,,,,,,,,,,,,,,,,,,,,,,,,,,,,,,,,,,,,,,,,,,,,,,,,,,,,,,,,,,,,,,,,,,,,,,,,,,,,,,,,,,,,,,,,,,,,,,,,,,,,,,,,,,,,,,,,,,,,,,,,,,,,,,,,,,,,,,,,,,,,,,,,,,,,,,,,,,,,,,,,,,,,,,,,,,,,,,,,,,,,,,,,,,,,,,,,,,,,,,,,,,,,,,,,,,,,,,,,,,,,,,,,,,,,,
"10503-Farm-Hill-Ave,-Land-O-Lakes,-FL-34638","10503 Farm Hill Ave, Land O Lakes, FL 34638",10503 Farm Hill Ave,,Land O Lakes,FL,12,34638,Pasco,101,28.309803,-82.52367,Single Family,4,3.0,2756.0,Active,3150,Standard,2026-10-10T00:00:00.000Z,,2025-06-03T00:00:00.000Z,2026-10-10T02:56:56.111Z,1,Pasco,Land O Lakes,,,,,,,,,,,,,,,,,,,,,,,,,,,,,,,Rental Listing,3150,Standard,2026-10-10T00:00:00.000Z,,1,,,,,,,,,,,,,,,,,,,,,,,,,6941.0,2025.0,,,,,,,,,,,,,,,,,,,,Rental Listing,3000.0,New Construction,2025-06-03T00:00:00.000Z,2025-07-25T00:00:00.000Z,52.0,Rental Listing,3500.0,Standard,2026-08-22T00:00:00.000Z,2026-08-23T00:00:00.000Z,1.0,,,,,,,,,,,,,,,,,,,,,,,,,,,,,,,,,,,,,,,,,,,,,,,,,,,,,,,,,,,,,,,,,,,,,,,,,,,,,,,,,,,,,,,,,,,,,,,,,,,,,,,,,,,,,,,,,,,,,,,,,,,,,,,,,,,,,,,,,,,,,,,,,,,,,,,,,,,,,,,,,,,,,,,,,,,,,,,,,,,,,,,,,,,,,,,,,,,,,,,,,,,,,,,,,,,,,,,,,,,,,,,,,,,,,,,,,,,,,,,,,,,,,,,,,,,,,,,,,,,,,,,,,,,,,,,,,,,,,,,,,,,,,,,,,,,,,,,,,,,,,,,,,,,,,,,,,,,,,,,,,,,,,,,,,,,,,,,,,,,,,,,,,,,,,,,,,,,,,,,,,,,,,,
"4246-Whittner-Dr,-Land-O-Lakes,-FL-34639","4246 Whittner Dr, Land O Lakes, FL 34639",4246 Whittner Dr,,Land O Lakes,FL,12,34639,Pasco,101,28.215021,-82.432493,Single Family,4,2.0,1996.0,Active,2610,Standard,2026-10-10T00:00:00.000Z,,2019-10-13T01:25:08.567Z,2026-10-10T02:54:10.422Z,1,Pasco,Land O Lakes,,,,,,,,,,,,,,,,,,,,,,,,,,,,,,,Rental Listing,2610,Standard,2026-10-10T00:00:00.000Z,,1,,,,,,,,,,,,,,,,,,,,,,,,,,,,,,,,,,,,,,,,,,,,,,,,,,,,,,,,,,,,,,,,,,,,,,,,,,,,,,,,,,,,,,,,,,,,,,,,,,,,,,,,,,,,,,,,,,,,,,,,,,,,,,,,,,,,,,,,,,,,,,,,,,,,,,,,,,,,,,,,,,,,,,,,,,,,,,,,,,,,,,,,,,,,,,,,,,,,,,,,,,,,,,,,,,,,,,,,,,,,,,,,,,,,,,,,,,,,,,,,,,,,,,,,,,,,,,,,,,,,,,,,,,,,,,,,,,,,,,,,,,,,,,,,,,,,,,,,,,,,,,,,,,,,,,,,,,,,,,,,,,,,,,,,,,,,,,,,,,,,,,,,,,,,,,,,,,,,,,,,,,,,,,,,,,,,,,,,,,,,,,,,,,,,,,,,,,,,,,,,,,,,,,,,,,,,,,,,,,,,,,,
"5845-Sweet-William-Ter,-Land-O-Lakes,-FL-34639","5845 Sweet William Ter, Land O Lakes, FL 34639",5845 Sweet William Ter,,Land O Lakes,FL,12,34639,Pasco,101,28.242667,-82.442022,Single Family,3,2.0,1840.0,Active,2099,Standard,2026-10-10T00:00:00.000Z,,2020-08-05T02:20:16.712Z,2026-10-10T02:54:10.412Z,1,Pasco,Land O Lakes,,,,,,,,,,,,,,,,,,,,,,,,,,,,,,,Rental Listing,2099,Standard,2026-10-10T00:00:00.000Z,,1,,,,,,,,,,,,,,,,,,,,,,,,,,,,,,,,,,,,,,,,,,,,,,,,,,,,,,,,,,,,,,,,,,,,,,,,,,,,,,,,,,,,,,,,,,,,,,,,,,,,,,,,,,,,,,,,,,,,,,,,,,,,,,,,,,,,,,,,,,,,,,,,,,,,,,,,,,,,,,,,,,,,,,,,,,,,,,,,,,,,,,,,,,,,,,,,,,,,,,,,,,,,,,,,,,,,,,,,,,,,,,,,,,,,,,,,,,,,,,,,,,,,,,,,,,,,,,,,,,,,,,,,,,,,,,,,,,,,,,,,,,,,,,,,,,,,,,,,,,,,,,,,,,,,,,,,,,,,,,,,,,,,,,,,,,,,,,,,,,,,,,,,,,,,,,,,,,,,,,,,,,,,,,,,,,,,,,,,,,,,,,,,,,,,,,,,,,,,,,,,,,,,,,,,,,,,,,,,,,,,,,,
"3931-Duke-Firth-St,-Land-O-Lakes,-FL-34638","3931 Duke Firth St, Land O Lakes, FL 34638",3931 Duke Firth St,,Land O Lakes,FL,12,34638,Pasco,101,28.215163,-82.521009,Single Family,4,3.0,2141.0,Active,2760,Standard,2026-10-10T00:00:00.000Z,,2021-12-10T01:01:53.342Z,2026-10-10T02:54:10.406Z,1,Pasco,Land O Lakes,,,,,,,,,,,,,,,,,,,,,,,,,,,,,,,Rental Listing,2760,Standard,2026-10-10T00:00:00.000Z,,1,,,,,,,,,,,,,,,,,,,,,,,,,,,,,,,,,,,,,,,,,,,,,,,,,,,,,,,,,,,,,,,,,,,,,,,,,,,,,,,,,,,,,,,,,,,,,,,,,,,,,,,,,,,,,,,,,,,,,,,,,,,,,,,,,,,,,,,,,,,,,,,,,,,,,,,,,,,,,,,,,,,,,,,,,,,,,,,,,,,,,,,,,,,,,,,,,,,,,,,,,,,,,,,,,,,,,,,,,,,,,,,,,,,,,,,,,,,,,,,,,,,,,,,,,,,,,,,,,,,,,,,,,,,,,,,,,,,,,,,,,,,,,,,,,,,,,,,,,,,,,,,,,,,,,,,,,,,,,,,,,,,,,,,,,,,,,,,,,,,,,,,,,,,,,,,,,,,,,,,,,,,,,,,,,,,,,,,,,,,,,,,,,,,,,,,,,,,,,,,,,,,,,,,,,,,,,,,,,,,,,,,
"19608-Timberbluff-Dr,-Land-O-Lakes,-FL-34638","19608 Timberbluff Dr, Land O Lakes, FL 34638",19608 Timberbluff Dr,,Land O Lakes,FL,12,34638,Pasco,101,28.290322,-82.499082,Single Family,5,3.0,2657.0,Active,2645,Standard,2026-10-10T00:00:00.000Z,,2023-07-19T00:00:00.000Z,2026-10-10T02:54:10.283Z,1,Pasco,Land O Lakes,,,,,,,,,,,,,,,,,,,,,,,,,,,,,,,Rental Listing,2645,Standard,2026-10-10T00:00:00.000Z,,1,,,,,,,,,,,,,,,,,,,,,,,,,,,,,,,,,,,,,,,,,,,,,,,,,,,,,,,,,,,,,,,,,,,,,,,,,,,,,,,,,,,,,,,,,,,,,,,,,,,,,,,,,,,,,,,,,,,,,,,,,,,,,,,,,,,,,,,,,,,,,,,,,,,,,,,,,,,,,,,,,,,,,,,,,,,,,,,,,,,,,,,,,,,,,,,,,,,,,,,,,,,,,,,,,,,,,,,,,,,,,,,,,,,,,,,,,,,,,,,,,,,,,,,,,,,,,,,,,,,,,,,,,,,,,,,,,,,,,,,,,,,,,,,,,,,,,,,,,,,,,,,,,,,,,,,,,,,,,,,,,,,,,,,,,,,,,,,,,,,,,,,,,,,,,,,,,,,,,,,,,,,,,,,,,,,,,,,,,,,,,,,,,,,,,,,,,,,,,,,,,,,,,,,,,,,,,,,,,,,,,,,
"7042-Moss-Ledge-Run,-Land-O-Lakes,-FL-34637","7042 Moss Ledge Run, Land O Lakes, FL 34637",7042 Moss Ledge Run,,Land O Lakes,FL,12,34637,Pasco,101,28.260023,-82.455356,Single Family,4,2.0,2091.0,Active,2595,Standard,2026-10-10T00:00:00.000Z,,2019-04-15T03:18:48.776Z,2026-10-10T02:54:10.277Z,1,Pasco,Land O Lakes,,,,,,,,,,,,,,,,,,,,,,,,,,,,,,,Rental Listing,2595,Standard,2026-10-10T00:00:00.000Z,,1,,,,,,,,,,,,,,,,,,,,,,,,,,,,,,,,,,,,,,,,,,,,,,,,,,,,,,,,,,Rental Listing,2445.0,Standard,2026-03-25T00:00:00.000Z,2026-03-26T00:00:00.000Z,1.0,Rental Listing,2445.0,Standard,2026-04-03T00:00:00.000Z,2026-04-04T00:00:00.000Z,1.0,Rental Listing,2385.0,Standard,2026-04-25T00:00:00.000Z,2026-04-26T00:00:00.000Z,1.0,,,,,,,,,,,,,,,,,,,,,,,,,,,,,,,,,,,,,,,,,,,,,,,,,,,,,,,,,,,,,,,,,,,,,,,,,,,,,,,,,,,,,,,,,,,,,,,,,,,,,,,,,,,,,,,,,,,,,,,,,,,,,,,,,,,,,,,,,,,,,,,,,,,,,,,,,,,,,,,,,,,,,,,,,,,,,,,,,,,,,,,,,,,,,,,,,,,,,,,,,,,,,,,,,,,,,,,,,,,,,,,,,,,,,,,,,,,,,,,,,,,,,,,,,,,,,,,,,,,,,,,,,,,,,,,,,,,,,,,,,,,,,,,,,,,,,,,,,,,,,,,,,,,,,,,,,,,,,,,,,,,,,,,,,,,,,,,,,,,,,,,,,,,,
"3927-Constantine-Loop,-Wesley-Chapel,-FL-33543","3927 Constantine Loop, Wesley Chapel, FL 33543",3927 Constantine Loop,,Wesley Chapel,FL,12,33543,Pasco,101,28.214304,-82.276333,Single Family,4,2.0,1574.0,Active,2105,Standard,2026-10-10T00:00:00.000Z,,2017-11-09T05:05:00.000Z,2026-10-10T03:01:01.631Z,1,Pasco,Wesley Chapel,,,,,,,,,,,,,,,,,,,,,,,,,,,,,,,Rental Listing,2105,Standard,2026-10-10T00:00:00.000Z,,1,,,,,,,,,,,,,,,,,,,,,,,,,,,,,,,,,,,,,,,,Rental Listing,2000.0,Standard,2024-09-09T00:00:00.000Z,2024-09-27T00:00:00.000Z,18.0,,,,,,,,,,,,,,,,,,,,,,,,,,,,,,,,,,,,,,,,,,,,,,,,,,,,,,,,,,,,,,,,,,,,,,,,,,,,,,,,,,,,,,,,,,,,,,,,,,,,,,,,,,,,,,,,,,,,,,,,,,,,,,,,,,,,,,,,,,,,,,,,,,,,,,,,,,,,,,,,,,,,,,,,,,,,,,,,,,,,,,,,,,,,,,,,,,,,,,,,,,,,,,,,,,,,,,,,,,,,,,,,,,,,,,,,,,,,,,,,,,,,,,,,,,,,,,,,,,,,,,,,,,,,,,,,,,,,,,,,,,,,,,,,,,,,,,,,,,,,,,,,,,,,,,,,,,,,,,,,,,,,,,,,,,,,,,,,,,,,,,,,,,,,,,,,,,,,,,,,,,,,,,,,,,,,,,,,,,
"1228-Throckmorton-Dr,-Wesley-Chapel,-FL-33543","1228 Throckmorton Dr, Wesley Chapel, FL 33543",1228 Throckmorton Dr,,Wesley Chapel,FL,12,33543,Pasco,101,28.17544,-82.3153,Townhouse,2,3.0,,Active,2195,Standard,2026-10-10T00:00:00.000Z,,2026-10-03T00:00:00.000Z,2026-10-10T03:01:01.619Z,1,Pasco,Wesley Chapel,,,,,,,,,,,,,,,,,,,,,,,,,,,,,,,Rental Listing,2195,Standard,2026-10-10T00:00:00.000Z,,1,,,,,,,,,,,,,,,,,,,,,,,,,,,,,,,,,,,,,,,,,,,,,,,,,,,,,,,,,,,,,,,,,,,,,,,,,,,,,,,,,,,,,,,,,,,,,,,,,,,,,,,,,,,,,,,,,,,,,,,,,,,,,,,,,,,,,,,,,,,,,,,,,,,,,,,,,,,,,,,,,,,,,,,,,,,,,,,,,,,,,,,,,,,,,,,,,,,,,,,,,,,,,,,,,,,,,,,,,,,,,,,,,,,,,,,,,,,,,,,,,,,,,,,,,,,,,,,,,,,,,,,,,,,,,,,,,,,,,,,,,,,,,,,,,,,,,,,,,,,,,,,,,,,,,,,,,,,,,,,,,,,,,,,,,,,,,,,,,,,,,,,,,,,,,,,,,,,,,,,,,,,,,,,,,,,,,,,,,,,,,,,,,,,,,,,,,,,,,,,,,,,,,,,,,,,,,,,,,,,,,,,
"30709-Lanesborough-Cir,-Wesley-Chapel,-FL-33543","30709 Lanesborough Cir, Wesley Chapel, FL 33543",30709 Lanesborough Cir,,Wesley Chapel,FL,12,33543,Pasco,101,28.174453,-82.309586,Single Family,4,2.0,2698.0,Active,2500,Standard,2026-10-10T00:00:00.000Z,,2026-06-24T00:00:00.000Z,2026-10-10T03:01:01.613Z,1,Pasco,Wesley Chapel,,,,,,,,,,,,,,,,,,,,,,,,,,,,,,,Rental Listing,2500,Standard,2026-10-10T00:00:00.000Z,,1,,,,,,,,,,,,,,,,,,,,,,,,,8276.0,2004.0,,,,,,,,,,,,,,,,,,,,,,,,,,,,,,,,,,,,,,,,,,,,,,,,,,Rental Listing,2500.0,Standard,2026-06-23T00:00:00.000Z,2026-08-02T00:00:00.000Z,40.0,,,,,,,,,,,,,,,,,,,,,,,,,,,,,,,,,,,,,,,,,,,,,,,,,,,,,,,,,,,,,,,,,,,,,,,,,,,,,,,,,,,,,,,,,,,,,,,,,,,,,,,,,,,,,,,,,,,,,,,,,,,,,,,,,,,,,,,,,,,,,,,,,,,,,,,,,,,,,,,,,,,,,,,,,,,,,,,,,,,,,,,,,,,,,,,,,,,,,,,,,,,,,,,,,,,,,,,,,,,,,,,,,,,,,,,,,,,,,,,,,,,,,,,,,,,,,,,,,,,,,,,,,,,,,,,,,,,,,,,,,,,,,,,,,,,,,,,,,,,,,,,,,,,,,,,,,,,,,,,,,,,,,,,,,,,,,,,,,,,,,,
"26641-Sea-Hero-Cir,-Wesley-Chapel,-FL-33544","26641 Sea Hero Cir, Wesley Chapel, FL 33544",26641 Sea Hero Cir,,Wesley Chapel,FL,12,33544,Pasco,101,28.238378,-82.375095,Single Family,4,2.0,1936.0,Active,2320,Standard,2026-10-10T00:00:00.000Z,,2019-12-19T06:40:20.454Z,2026-10-10T03:01:01.612Z,1,Pasco,Wesley Chapel,,,,,,,,,,,,,,,,,,,,,,,,,,,,,,,Rental Listing,2320,Standard,2026-10-10T00:00:00.000Z,,1,,,,,,,,,,,,,,,,,,,,,,,,,,,,,,,,,,,,,,,,,,,,,,,,,,,,,,,,,,,,,,,,,,,,,,,,,,,,,,,,,,,,,,,,,,,,,,,,,,,,,,,,,,,,,,,,,,,,,,,,,,,,,,,,,,,,,,,,,,,,,,,,,,,,,,,,,,,,,,,,,,,,,,,,,,,,,,,,,,,,,,,,,,,,,,,,,,,,,,,,,,,,,,,,,,,,,,,,,,,,,,,,,,,,,,,,,,,,,,,,,,,,,,,,,,,,,,,,,,,,,,,,,,,,,,,,,,,,,,,,,,,,,,,,,,,,,,,,,,,,,,,,,,,,,,,,,,,,,,,,,,,,,,,,,,,,,,,,,,,,,,,,,,,,,,,,,,,,,,,,,,,,,,,,,,,,,,,,,,,,,,,,,,,,,,,,,,,,,,,,,,,,,,,,,,,,,,,,,,,,,,,
"4001-Constantine-Loop,-Wesley-Chapel,-FL-33543","4001 Constantine Loop, Wesley Chapel, FL 33543",4001 Constantine Loop,,Wesley Chapel,FL,12,33543,Pasco,101,28.215191,-82.27655,Single Family,3,2.0,1776.0,Active,2380,Standard,2026-10-10T00:00:00.000Z,,2018-02-26T05:05:00.000Z,2026-10-10T03:01:01.609Z,1,Pasco,Wesley Chapel,,,,,,,,,,,,,,,,,,,,,,,,,,,,,,,Rental Listing,2380,Standard,2026-10-10T00:00:00.000Z,,1,,,,,,,,,,,,,,,,,,,,,,,,,,,,,,,,,,,,,,,,,,,,,,,,,,,,,,,,,,,,,,,,,,,,,,,,,,,,,,,,,,,,,,,,,,,,,,,,,,,,,,,,,,,,,,,,,,,,,,,,,,,,,,,,,,,,,,,,,,,,,,,,,,,,,,,,,,,,,,,,,,,,,,,,,,,,,,,,,,,,,,,,,,,,,,,,,,,,,,,,,,,,,,,,,,,,,,,,,,,,,,,,,,,,,,,,,,,,,,,,,,,,,,,,,,,,,,,,,,,,,,,,,,,,,,,,,,,,,,,,,,,,,,,,,,,,,,,,,,,,,,,,,,,,,,,,,,,,,,,,,,,,,,,,,,,,,,,,,,,,,,,,,,,,,,,,,,,,,,,,,,,,,,,,,,,,,,,,,,,,,,,,,,,,,,,,,,,,,,,,,,,,,,,,,,,,,,,,,,,,,,,
"6241-Perdita-Ct,-Wesley-Chapel,-FL-33545","6241 Perdita Ct, Wesley Chapel, FL 33545",6241 Perdita Ct,,Wesley Chapel,FL,12,33545,Pasco,101,28.247893,-82.312002,Single Family,3,2.0,1324.0,Active,1990,Standard,2026-10-10T00:00:00.000Z,,2020-11-14T02:42:17.150Z,2026-10-10T03:01:01.599Z,1,Pasco,Wesley Chapel,,,,,,,,,,,,,,,,,,,,,,,,,,,,,,,Rental Listing,1990,Standard,2026-10-10T00:00:00.000Z,,1,,,,,,,,,,,,,,,,,,,,,,,,,,,,,,,,,,,,,,,,Rental Listing,1905.0,Standard,2024-09-09T00:00:00.000Z,2024-10-17T00:00:00.000Z,38.0,,,,,,,,,,,,,,,,,,,,,,,,,,,,,,,,,,,,,,,,,,,,,,,,,,,,,,,,,,,,,,,,,,,,,,,,,,,,,,,,,,,,,,,,,,,,,,,,,,,,,,,,,,,,,,,,,,,,,,,,,,,,,,,,,,,,,,,,,,,,,,,,,,,,,,,,,,,,,,,,,,,,,,,,,,,,,,,,,,,,,,,,,,,,,,,,,,,,,,,,,,,,,,,,,,,,,,,,,,,,,,,,,,,,,,,,,,,,,,,,,,,,,,,,,,,,,,,,,,,,,,,,,,,,,,,,,,,,,,,,,,,,,,,,,,,,,,,,,,,,,,,,,,,,,,,,,,,,,,,,,,,,,,,,,,,,,,,,,,,,,,,,,,,,,,,,,,,,,,,,,,,,,,,,,,,,,,,,,,
"7907-Outerbridge-St,-Wesley-Chapel,-FL-33545","7907 Outerbridge St, Wesley Chapel, FL 33545",7907 Outerbridge St,,Wesley Chapel,FL,12,33545,Pasco,101,28.272219,-82.3141,Single Family,4,4.0,2559.0,Active,2665,Standard,2026-10-10T00:00:00.000Z,,2021-06-16T01:37:09.329Z,2026-10-10T03:01:01.599Z,1,Pasco,Wesley Chapel,,,,,,,,,,,,,,,,,,,,,,,,,,,,,,,Rental Listing,2665,Standard,2026-10-10T00:00:00.000Z,,1,,,,,,,,,,,,,,,,,,,,,,,,,,,,,,,,,,,,,,,,,,,,,,,,,,,,,,,,,,,,,,,,,,,,,,,,,,,,,,,,,,,,,,,,,,,,,,,,,,,,,,,,,,,,,,,,,,,,,,,,,,,,,,,,,,,,,,,,,,,,,,,,,,,,,,,,,,,,,,,,,,,,,,,,,,,,,,,,,,,,,,,,,,,,,,,,,,,,,,,,,,,,,,,,,,,,,,,,,,,,,,,,,,,,,,,,,,,,,,,,,,,,,,,,,,,,,,,,,,,,,,,,,,,,,,,,,,,,,,,,,,,,,,,,,,,,,,,,,,,,,,,,,,,,,,,,,,,,,,,,,,,,,,,,,,,,,,,,,,,,,,,,,,,,,,,,,,,,,,,,,,,,,,,,,,,,,,,,,,,,,,,,,,,,,,,,,,,,,,,,,,,,,,,,,,,,,,,,,,,,,,,
"6229-Chapel-Pines-Blvd,-Wesley-Chapel,-FL-33545","6229 Chapel Pines Blvd, Wesley Chapel, FL 33545",6229 Chapel Pines Blvd,,Wesley Chapel,FL,12,33545,Pasco,101,28.247877,-82.307031,Single Family,3,2.0,1440.0,Active,2110,Standard,2026-10-10T00:00:00.000Z,,2018-07-31T05:05:17.000Z,2026-10-10T03:01:01.594Z,1,Pasco,Wesley Chapel,,,,,,,,,,,,,,,,,,,,,,,,,,,,,,,Rental Listing,2110,Standard,2026-10-10T00:00:00.000Z,,1,,,,,,,,,,,,,,,,,,,,,,,,,,,,,,,,,,,,,,,,,,,,,,,,,,,,,,,,,,,,,,,,,,,,,,,,,,,,,,,,,,Rental Listing,2100.0,Standard,2025-10-08T00:00:00.000Z,2025-10-09T00:00:00.000Z,1.0,,,,,,,,,,,,,,,,,,,,,,,,,,,,,,,,,,,,,,,,,,,,,,,,,,,,,,,,,,,,,,,,,,,,,,,,,,,,,,,,,,,,,,,,,,,,,,,,,,,,,,,,,,,,,,,,,,,,,,,,,,,,,,,,,,,,,,,,,,,,,,,,,,,,,,,,,,,,,,,,,,,,,,,,,,,,,,,,,,,,,,,,,,,,,,,,,,,,,,,,,,,,,,,,,,,,,,,,,,,,,,,,,,,,,,,,,,,,,,,,,,,,,,,,,,,,,,,,,,,,,,,,,,,,,,,,,,,,,,,,,,,,,,,,,,,,,,,,,,,,,,,,,,,,,,,,,,,,,,,,,,,,,,,,,,,,,,,,
"33839-Coddle-Ct,-Wesley-Chapel,-FL-33543","33839 Coddle Ct, Wesley Chapel, FL 33543",33839 Coddle Ct,,Wesley Chapel,FL,12,33543,Pasco,101,28.209017,-82.256394,Single Family,3,2.0,1620.0,Active,2135,Standard,2026-10-10T00:00:00.000Z,,2021-10-20T00:18:31.248Z,2026-10-10T03:01:01.593Z,1,Pasco,Wesley Chapel,,,,,,,,,,,,,,,,,,,,,,,,,,,,,,,Rental Listing,2135,Standard,2026-10-10T00:00:00.000Z,,1,,,,,,,,,,,,,,,,,,,,,,,,,,,,,,,,,,,,,,,,,,,,,,,,,,,,,,,,,,,,,,,,,,,,,,,,,,,,,,,,,,,,,,,,Rental Listing,2315.0,Standard,2026-09-11T00:00:00.000Z,2026-09-12T00:00:00.000Z,1.0,,,,,,,,,,,,,,,,,,,,,,,,,,,,,,,,,,,,,,,,,,,,,,,,,,,,,,,,,,,,,,,,,,,,,,,,,,,,,,,,,,,,,,,,,,,,,,,,,,,,,,,,,,,,,,,,,,,,,,,,,,,,,,,,,,,,,,,,,,,,,,,,,,,,,,,,,,,,,,,,,,,,,,,,,,,,,,,,,,,,,,,,,,,,,,,,,,,,,,,,,,,,,,,,,,,,,,,,,,,,,,,,,,,,,,,,,,,,,,,,,,,,,,,,,,,,,,,,,,,,,,,,,,,,,,,,,,,,,,,,,,,,,,,,,,,,,,,,,,,,,,,,,,,,,,,,,,,,,,,,,,,,,,,,,,
"31825-Lily-Arbor-Way,-Wesley-Chapel,-FL-33545","31825 Lily Arbor Way, Wesley Chapel, FL 33545",31825 Lily Arbor Way,,Wesley Chapel,FL,12,33545,Pasco,101,28.27873,-82.290042,Single Family,4,2.0,2155.0,Active,2600,Standard,2026-10-10T00:00:00.000Z,,2024-07-02T00:00:00.000Z,2026-10-10T03:01:01.589Z,1,Pasco,Wesley Chapel,,,,,,,,,,,,,,,,,,,,,,,,,,,,,,,Rental Listing,2600,Standard,2026-10-10T00:00:00.000Z,,1,,,,,,,,,,,,,,,,,,,,,,,,,6100.0,2022.0,,,,,,,,,,,,,,,,,,,,,,,,,,,,,,,,,,,,,,,,,,,,,,,,,,,,,,,,,,,,,,,,,,,,Rental Listing,2545.0,Standard,2025-04-04T00:00:00.000Z,2025-04-05T00:00:00.000Z,1.0,Rental Listing,2600.0,Standard,2026-04-21T00:00:00.000Z,2026-04-22T00:00:00.000Z,1.0,Rental Listing,2600.0,Standard,2026-05-19T00:00:00.000Z,2026-05-20T00:00:00.000Z,1.0,Rental Listing,2600.0,Standard,2026-06-04T00:00:00.000Z,2026-06-05T00:00:00.000Z,1.0,Rental Listing,2600.0,Standard,2026-06-26T00:00:00.000Z,2026-06-27T00:00:00.000Z,1.0,,,,,,,,,,,,,,,,,,,,,,,,,,,,,,,,,,,,,,,,,,,,,,,,,,,,,,,,,,,,,,,,,,,,,,,,,,,,,,,,,,,,,,,,,,,,,,,,,,,,,,,,,,,,,,,,,,,,,,,,,,,,,,,,,,,,,,,,,,,,,,,,,,,,,,,,,,,,,,,,,,,,,,,,,,,,,,,,,,,,,,,,,,,,,,,,,,,,,,,,,,,,,,,,,,,,,,,,,,,,,,,,,,,,,,,,,,,,,,,,,,,,,,,,,,,,,,,,,,,,,,,,,,,,,,,,,,,,,,,,,,,,,,,,,,,,,,,,,,,,
"28546-Tall-Grass-Dr,-Wesley-Chapel,-FL-33543","28546 Tall Grass Dr, Wesley Chapel, FL 33543",28546 Tall Grass Dr,,Wesley Chapel,FL,12,33543,Pasco,101,28.171462,-82.343946,Single Family,3,2.0,1626.0,Active,2085,Standard,2026-10-10T00:00:00.000Z,,2026-06-13T00:00:00.000Z,2026-10-10T03:01:01.589Z,1,Pasco,Wesley Chapel,,,,,,,,,,,,,,,,,,,,,,,,,,,,,,,Rental Listing,2085,Standard,2026-10-10T00:00:00.000Z,,1,,,,,,,,,,,,,,,,,,,,,,,,,,,,,,,,,,,,,,,,,,,,,,,,,,,,,,,,,,,,,,,,,,,,,,,,,,,,,,,,,,,,,,,,,,,,,,,,,,,,,,,,,,,,,,,,,,,,,,,,,,,,Rental Listing,2135.0,Standard,2026-09-24T00:00:00.000Z,2026-09-25T00:00:00.000Z,1.0,,,,,,,,,,,,,,,,,,,,,,,,,,,,,,,,,,,,,,,,,,,,,,,,,,,,,,,,,,,,,,,,,,,,,,,,,,,,,,,,,,,,,,,,,,,,,,,,,,,,,,,,,,,,,,,,,,,,,,,,,,,,,,,,,,,,,,,,,,,,,,,,,,,,,,,,,,,,,,,,,,,,,,,,,,,,,,,,,,,,,,,,,,,,,,,,,,,,,,,,,,,,,,,,,,,,,,,,,,,,,,,,,,,,,,,,,,,,,,,,,,,,,,,,,,,,,,,,,,,,,,,,,,,,,,,,,,,,,,,,,,,,,,,,,,,,,,
"30555-Birdhouse-Dr,-Wesley-Chapel,-FL-33545","30555 Birdhouse Dr, Wesley Chapel, FL 33545",30555 Birdhouse Dr,,Wesley Chapel,FL,12,33545,Pasco,101,28.248188,-82.31037,Single Family,3,2.0,1158.0,Active,1885,Standard,2026-10-10T00:00:00.000Z,,2021-03-12T00:56:59.095Z,2026-10-10T03:01:01.587Z,1,Pasco,Wesley Chapel,,,,,,,,,,,,,,,,,,,,,,,,,,,,,,,Rental Listing,1885,Standard,2026-10-10T00:00:00.000Z,,1,,,,,,,,,,,,,,,,,,,,,,,,,,,,,,,,,,,,,,,,,,,,,,,,,,,,,,,,,,,,,,,,,,,,,,,,,,,,,,,,,,,,,,,,,,,,,,,,,,,,,,,,,,,,,,,,,,,,,,,,,,,,,,,,,,Rental Listing,1820.0,Standard,2025-11-05T00:00:00.000Z,2025-11-06T00:00:00.000Z,1.0,,,,,,,,,,,,,,,,,,,,,,,,,,,,,,,,,,,,,,,,,,,,,,,,,,,,,,,,,,,,,,,,,,,,,,,,,,,,,,,,,,,,,,,,,,,,,,,,,,,,,,,,,,,,,,,,,,,,,,,,,,,,,,,,,,,,,,,,,,,,,,,,,,,,,,,,,,,,,,,,,,,,,,,,,,,,,,,,,,,,,,,,,,,,,,,,,,,,,,,,,,,,,,,,,,,,,,,,,,,,,,,,,,,,,,,,,,,,,,,,,,,,,,,,,,,,,,,,,,,,,,,,,,,,,,,,,,,,,,,,,,,,,,,,
"32732-Yasmine-Loop,-Wesley-Chapel,-FL-33543","32732 Yasmine Loop, Wesley Chapel, FL 33543",32732 Yasmine Loop,,Wesley Chapel,FL,12,33543,Pasco,101,28.212615,-82.274784,Single Family,4,2.0,1950.0,Active,2400,Standard,2026-10-10T00:00:00.000Z,,2024-01-02T00:00:00.000Z,2026-10-10T03:01:01.587Z,1,Pasco,Wesley Chapel,,,,,,,,,,,,,,,,,,,,,,,,,,,,,,,Rental Listing,2400,Standard,2026-10-10T00:00:00.000Z,,1,,,,,,,,,,,,,,,,,,,,,,,,,8602.0,2010.0,,,,,,,,,,,,,,,,,,,,,,,,,,,,,,,,,,,,,,,,,,,,,,,,,,,,,,,,,,,,,,,,,,,,,,,,,,,,,,,,,,,,,,,,,,,,,,,,,,,,,,,,,,,,,,Rental Listing,2400.0,Standard,2026-08-29T00:00:00.000Z,2026-08-30T00:00:00.000Z,1.0,,,,,,,,,,,,,,,,,,,,,,,,,,,,,,,,,,,,,,,,,,,,,,,,,,,,,,,,,,,,,,,,,,,,,,,,,,,,,,,,,,,,,,,,,,,,,,,,,,,,,,,,,,,,,,,,,,,,,,,,,,,,,,,,,,,,,,,,,,,,,,,,,,,,,,,,,,,,,,,,,,,,,,,,,,,,,,,,,,,,,,,,,,,,,,,,,,,,,,,,,,,,,,,,,,,,,,,,,,,,,,,,,,,,,,,,,,,,,,,,,,,,,,,,,,,,,,,,,,,,,,,,,,,,,,,,,,,,,,,,,,
"1637-Maximilian-Dr,-Wesley-Chapel,-FL-33543","1637 Maximilian Dr, Wesley Chapel, FL 33543",1637 Maximilian Dr,,Wesley Chapel,FL,12,33543,Pasco,101,28.180707,-82.333187,Single Family,3,2.0,1850.0,Active,2500,Standard,2026-10-10T00:00:00.000Z,,2026-07-23T00:00:00.000Z,2026-10-10T03:01:01.584Z,1,Pasco,Wesley Chapel,,,,,,,,,,,,,,,,,,,,,,,,,,,,,,,Rental Listing,2500,Standard,2026-10-10T00:00:00.000Z,,1,,,,,,,,,,,,,,,,,,,,,,,,,,,,,,,,,,,,,,,,,,,,,,,,,,,,,,,,,,,,,,,,,,,,,,,,,,,,,,,,,,,,,,,,,,,,,,,,,,,,,,,,,,,,,,,,,,,,,,,,,,,,,,,,,,,,,,,,,,,,,,,,,,,,,,,,,,,,,,,,,,,,,,,,,,,,,,,,,,,,,,,,,,,,,,,,,,,,,,,,,,,,,,,,,,,,,,,,,,,,,,,,,,,,,,,,,,,,,,,,,,,,,,,,,,,,,,,,,,,,,,,,,,,,,,,,,,,,,,,,,,,,,,,,,,,,,,,,,,,,,,,,,,,,,,,,,,,,,,,,,,,,,,,,,,,,,,,,,,,,,,,,,,,,,,,,,,,,,,,,,,,,,,,,,,,,,,,,,,,,,,,,,,,,,,,,,,,,,,,,,,,,,,,,,,,,,,,,,,,,,,,
"6425-Pine-Top-Way,-Wesley-Chapel,-FL-33545","6425 Pine Top Way, Wesley Chapel, FL 33545",6425 Pine Top Way,,Wesley Chapel,FL,12,33545,Pasco,101,28.250369,-82.30507,Single Family,3,2.0,1690.0,Active,2280,Standard,2026-10-10T00:00:00.000Z,,2017-10-22T05:05:28.000Z,2026-10-10T03:01:01.582Z,1,Pasco,Wesley Chapel,,,,,,,,,,,,,,,,,,,,,,,,,,,,,,,Rental Listing,2280,Standard,2026-10-10T00:00:00.000Z,,1,,,,,,,,,,,,,,,,,,,,,,,,,,,,,,,,,,,,,,,,,,,,,,,,,,,,,,,,,,,,,,,,,,,,,,,,,,,,,,,,,,,,,,,,,,,,,,,,,,,,,,,,,,,,,,,,,,,,,,,,,,,,,,,,,,,,,,,,,,,,,,,,,,,,,,,,,,,,,,,,,,,,,,,,,,,,,,,,,,,,,,,,,,,,,,,,,,,,,,,,,,,,,,,,,,,,,,,,,,,,,,,,,,,,,,,,,,,,,,,,,,,,,,,,,,,,,,,,,,,,,,,,,,,,,,,,,,,,,,,,,,,,,,,,,,,,,,,,,,,,,,,,,,,,,,,,,,,,,,,,,,,,,,,,,,,,,,,,,,,,,,,,,,,,,,,,,,,,,,,,,,,,,,,,,,,,,,,,,,,,,,,,,,,,,,,,,,,,,,,,,,,,,,,,,,,,,,,,,,,,,,,
"1430-Maximilian-Dr,-Wesley-Chapel,-FL-33543","1430 Maximilian Dr, Wesley Chapel, FL 33543",1430 Maximilian Dr,,Wesley Chapel,FL,12,33543,Pasco,101,28.178011,-82.330814,Single Family,4,2.0,1690.0,Active,2455,Standard,2026-10-10T00:00:00.000Z,,2020-06-30T01:04:39.594Z,2026-10-10T03:01:01.578Z,1,Pasco,Wesley Chapel,,,,,,,,,,,,,,,,,,,,,,,,,,,,,,,Rental Listing,2455,Standard,2026-10-10T00:00:00.000Z,,1,,,,,,,,,,,,,,,,,,,,,,,,,5227.0,1995.0,,,,,,,,,,,,,,,,,,,,,,,,,,,,,,,,,,,,,,,,,,,,,,,,,,,,,,,,,,,,,,,,,,,,,,,,,,,,,,,,,,,,,,,,,,,,,,,,,,,,,,,,,,,,,,,,,,,,,,,,,,,,,,,,,,,,,,,,,,,,,,,,,,,,,,,,,,,,,,,,,,,,,,,,,,,,,,,,,,,,,,,,,,,,,,,,,,,,,,,,,,,,,,,,,,,,,,,,,,,,,,,,,,,,,,,,,,,,,,,,,,,,,,,,,,,,,,,,,,,,,,,,,,,,,,,,,,,,,,,,,,,,,,,,,,,,,,,,,,,,,,,,,,,,,,,,,,,,,,,,,,,,,,,,,,,,,,,,,,,,,,,,,,,,,,,,,,,,,,,,,,,,,,,,,,,,,,,,,,,,,,,,,,,,,,,,,,,,,
"5211-Avalon-Park-Blvd,---1,-Wesley-Chapel,-FL-33545","5211 Avalon Park Blvd, # 1, Wesley Chapel, FL 33545",5211 Avalon Park Blvd,# 1,Wesley Chapel,FL,12,33545,Pasco,101,28.232203,-82.270508,Townhouse,3,2.5,1820.0,Active,2300,Standard,2026-10-10T00:00:00.000Z,,2026-09-15T00:00:00.000Z,2026-10-10T02:56:56.166Z,1,Pasco,Wesley Chapel,,,,,,,,,,,,,,,,,,,,,,,,,,,,,,,Rental Listing,2300,Standard,2026-10-10T00:00:00.000Z,,1,,,,,,,,,,,,,,,,,,,,,,,,,,,,,,,,,,,,,,,,,,,,,,,,,,,,,,,,,,,,,,,,,,,,,,,,,,,,,,,,,,,,,,,,,,,,,,,,,,,,,,,,,,,,,,,,,,,,,,,,,,,,,,,,,,,,,,,,,,,,,,,,,,,,,,,,,,,,,,,,,,,,,,,,,,,,,,,,,,,,,,,,,,,,,,,,,,,,,,,,,,,,,,,,,,,,,,,,,,,,,,,,,,,,,,,,,,,,,,,,,,,,,,,,,,,,,,,,,,,,,,,,,,,,,,,,,,,,,,,,,,,,,,,,,,,,,,,,,,,,,,,,,,,,,,,,,,,,,,,,,,,,,,,,,,,,,,,,,,,,,,,,,,,,,,,,,,,,,,,,,,,,,,,,,,,,,,,,,,,,,,,,,,,,,,,,,,,,,,,,,,,,,,,,,,,,,,,,,,,,,,,
"3922-Washburn-Pl,-Wesley-Chapel,-FL-33543","3922 Washburn Pl, Wesley Chapel, FL 33543",3922 Washburn Pl,,Wesley Chapel,FL,12,33543,Pasco,101,28.214104,-82.30303,Single Family,3,2.0,1622.0,Active,2050,Standard,2026-10-10T00:00:00.000Z,,2022-12-09T00:03:51.634Z,2026-10-10T02:56:56.165Z,1,Pasco,Wesley Chapel,,,,,,,,,,,,,,,,,,,,,,,,,,,,,,,Rental Listing,2050,Standard,2026-10-10T00:00:00.000Z,,1,,,,,,,,,,,,,,,,,,,,,,,,,5500.0,2006.0,,,,,,,,,,,,,,,,,,,,,,,,,,,,,,,,,,,,,,,,,,,,,,,,,,,,,,,,,,,,,,,,,,,,,,,,,,,,,,,,,,,,,,,,,,,,,,,,,,,,,,,,,,,,,,,,,,,,Rental Listing,2200.0,Standard,2026-08-04T00:00:00.000Z,2026-08-05T00:00:00.000Z,1.0,,,,,,,,,,,,,,,,,,,,,,,,,,,,,,,,,,,,,,,,,,,,,,,,,,,,,,,,,,,,,,,,,,,,,,,,,,,,,,,,,,,,,,,,,,,,,,,,,,,,,,,,,,,,,,,,,,,,,,,,,,,,,,,,,,,,,,,,,,,,,,,,,,,,,,,,,,,,,,,,,,,,,,,,,,,,,,,,,,,,,,,,,,,,,,,,,,,,,,,,,,,,,,,,,,,,,,,,,,,,,,,,,,,,,,,,,,,,,,,,,,,,,,,,,,,,,,,,,,,,,,,,,,,,,,,,,,,,
"34010-Sorrel-Mint-Dr,-Wesley-Chapel,-FL-33543","34010 Sorrel Mint Dr, Wesley Chapel, FL 33543",34010 Sorrel Mint Dr,,Wesley Chapel,FL,12,33543,Pasco,101,28.19895,-82.25259,Single Family,4,2.0,1498.0,Active,2095,Standard,2026-10-10T00:00:00.000Z,,2021-07-10T00:40:50.834Z,2026-10-10T02:56:56.163Z,1,Pasco,Wesley Chapel,,,,,,,,,,,,,,,,,,,,,,,,,,,,,,,Rental Listing,2095,Standard,2026-10-10T00:00:00.000Z,,1,,,,,,,,,,,,,,,,,,,,,,,,,,,,,,,,,,,,,,,,,,,,,,,,,,,,,,,,,,,,,,,,,,,,,,,,,,,,,,,,,,,,,,,,,,,,,,,,,,,,,,,,,,,,,,,,,,,,,,,,,,,,,,,,,,,,,,,,,,,,,,,,,,,,,,,,,,,,,,,,,,,,,,,,,,,,,,,,,,,,,,,,,,,,,,,,,,,,,,,,,,,,,,,,,,,,,,,,,,,,,,,,,,,,,,,,,,,,,,,,,,,,,,,,,,,,,,,,,,,,,,,,,,,,,,,,,,,,,,,,,,,,,,,,,,,,,,,,,,,,,,,,,,,,,,,,,,,,,,,,,,,,,,,,,,,,,,,,,,,,,,,,,,,,,,,,,,,,,,,,,,,,,,,,,,,,,,,,,,,,,,,,,,,,,,,,,,,,,,,,,,,,,,,,,,,,,,,,,,,,,,,
"33939-Ackee-Ln,-Wesley-Chapel,-FL-33543","33939 Ackee Ln, Wesley Chapel, FL 33543",33939 Ackee Ln,,Wesley Chapel,FL,12,33543,Pasco,101,28.205449,-82.255343,Single Family,5,3.0,2525.0,Active,2917,Standard,2026-10-10T00:00:00.000Z,,2026-08-27T00:00:00.000Z,2026-10-10T02:56:56.146Z,1,Pasco,Wesley Chapel,,,,,,,,,,,,,,,,,,,,,,,,,,,,,,,Rental Listing,2917,Standard,2026-10-10T00:00:00.000Z,,1,,,,,,,,,,,,,,,,,,,,,,,,,,2022.0,,,,,,,,,,,,,,,,,,,,,,,,,,,,,,,,,,,,,,,,,,,,,,,,,,,,,,,,,,,,,,,,,,,,,,,,,,,,,,,,,,,,,,,,,,,,,,,,,,,,,,,,,,,,,,,,,,,,,,,,,,,,,,,,,,,,,,,,,,,,,,,,,,,,,,,,,,,,,,,,,,,,,,,,,,,,,,,,,,,,,,,,,,,,,,,,,,,,,,,,,,,,,,,,,,,,,,,,,,,,,,,,,,,,,,,,,,,,,,,,,,,,,,,,,,,,,,,,,,,,,,,,,,,,,,,,,,,,,,,,,,,,,,,,,,,,,,,,,,,,,,,,,,,,,,,,,,,,,,,,,,,,,,,,,,,,,,,,,,,,,,,,,,,,,,,,,,,,,,,,,,,,,,,,,,,,,,,,,,,,,,,,,,,,,,,,,,,,,
"30450-Birdhouse-Dr,-Wesley-Chapel,-FL-33545","30450 Birdhouse Dr, Wesley Chapel, FL 33545",30450 Birdhouse Dr,,Wesley Chapel,FL,12,33545,Pasco,101,28.247103,-82.311991,Single Family,4,2.5,1944.0,Active,2565,Standard,2026-10-10T00:00:00.000Z,,2021-12-23T00:43:52.162Z,2026-10-10T02:56:56.144Z,1,Pasco,Wesley Chapel,,,,,,,,,,,,,,,,,,,,,,,,,,,,,,,Rental Listing,2565,Standard,2026-10-10T00:00:00.000Z,,1,,,,,,,,,,,,,,,,,,,,,,,,,,,,,,,,,,,,,,,,,,,,,,,,,,,,,,,,,,,,,,,,,,,,,,,,,,,,,,,,,,,,,,,,,,,,,,,,,,,,,,,,,,,,,,,,,,,,,,,,,,,,,,,,,,,,,,,,,,,,,,,,,,,,,,,,,,,,,,,,,,,,,,,,,,,,,,,,,,,,,,,,,,,,,,,,,,,,,,,,,,,,,,,,,,,,,,,,,,,,,,,,,,,,,,,,,,,,,,,,,,,,,,,,,,,,,,,,,,,,,,,,,,,,,,,,,,,,,,,,,,,,,,,,,,,,,,,,,,,,,,,,,,,,,,,,,,,,,,,,,,,,,,,,,,,,,,,,,,,,,,,,,,,,,,,,,,,,,,,,,,,,,,,,,,,,,,,,,,,,,,,,,,,,,,,,,,,,,,,,,,,,,,,,,,,,,,,,,,,,,,,
"33872-Night-Lily-Dr,-Wesley-Chapel,-FL-33543","33872 Night Lily Dr, Wesley Chapel, FL 33543",33872 Night Lily Dr,,Wesley Chapel,FL,12,33543,Pasco,101,28.203637,-82.256529,Single Family,4,2.5,1977.0,Active,2582,Standard,2026-10-10T00:00:00.000Z,,2026-08-20T00:00:00.000Z,2026-10-10T02:56:56.137Z,1,Pasco,Wesley Chapel,,,,,,,,,,,,,,,,,,,,,,,,,,,,,,,Rental Listing,2582,Standard,2026-10-10T00:00:00.000Z,,1,,,,,,,,,,,,,,,,,,,,,,,,,,2023.0,,,,,,,,,,,,,,,,,,,,,,,,,,,,,,,,,,,,,,,,,,,,,,,,,,,,,,,,,,,,,,,,,,,,,,,,,,,,,,,,,,,,,,,,,,,,,,,,,,,,,,,,,,,,,,,,,,,,,,,,,,,,,,,,,,,,,,,,,,,,,,,,,,,,,,,,,,,,,,,,,,,,,,,,,,,,,,,,,,,,,,,,,,,,,,,,,,,,,,,,,,,,,,,,,,,,,,,,,,,,,,,,,,,,,,,,,,,,,,,,,,,,,,,,,,,,,,,,,,,,,,,,,,,,,,,,,,,,,,,,,,,,,,,,,,,,,,,,,,,,,,,,,,,,,,,,,,,,,,,,,,,,,,,,,,,,,,,,,,,,,,,,,,,,,,,,,,,,,,,,,,,,,,,,,,,,,,,,,,,,,,,,,,,,,,,,,,,,,
"34186-Cinder-Way,-Wesley-Chapel,-FL-33545","34186 Cinder Way, Wesley Chapel, FL 33545",34186 Cinder Way,,Wesley Chapel,FL,12,33545,Pasco,101,28.220834,-82.251315,Townhouse,3,2.5,1650.0,Active,1995,Standard,2026-10-10T00:00:00.000Z,,2023-07-18T00:00:00.000Z,2026-10-10T02:56:56.136Z,1,Pasco,Wesley Chapel,,,,,,,,,,,,,,,,,,,,,,,,,,,,,,,Rental Listing,1995,Standard,2026-10-10T00:00:00.000Z,,1,,,,,,,,,,,,,,,,,,,,,,,,,1930.0,2022.0,,,,,,,,,,,,,,,,,,,,,,,,,,,,,,,,,,,,,,,,,,,,,,,,,,,,,,,,,,,,,,,,,,,,,,,,,,,,,,,,,,,,,,,,,,,,,,,,,,,,,,,,,,,,,,,,,,,,,,,,,,Rental Listing,2045.0,Standard,2025-04-29T00:00:00.000Z,2025-06-27T00:00:00.000Z,59.0,,,,,,,,,,,,,,,,,,,,,,,,,,,,,,,,,,,,,,,,,,,,,,,,,,,,,,,,,,,,,,,,,,,,,,,,,,,,,,,,,,,,,,,,,,,,,,,,,,,,,,,,,,,,,,,,,,,,,,,,,,,,,,,,,,,,,,,,,,,,,,,,,,,,,,,,,,,,,,,,,,,,,,,,,,,,,,,,,,,,,,,,,,,,,,,,,,,,,,,,,,,,,,,,,,,,,,,,,,,,,,,,,,,,,,,,,,,,,,,,,,,,,,,,,,,,,,,,,,,,,,,,,,,,,,
"4359-Paraglider-Pl,-Wesley-Chapel,-FL-33545","4359 Paraglider Pl, Wesley Chapel, FL 33545",4359 Paraglider Pl,,Wesley Chapel,FL,12,33545,Pasco,101,28.220631,-82.252295,Townhouse,3,2.5,1648.0,Active,2350,Standard,2026-10-10T00:00:00.000Z,,2023-12-14T00:00:00.000Z,2026-10-10T02:56:56.134Z,1,Pasco,Wesley Chapel,,,,,,,,,,,,,,,,,,,,,,,,,,,,,,,Rental Listing,2350,Standard,2026-10-10T00:00:00.000Z,,1,,,,,,,,,,,,,,,,,,,,,,,,,,2023.0,,,,,,,,,,,,,,,,,,,,,,,,,,,,,,,,,,,,,,,,,,,,,,,,,,,,,,,,,,,,,,,,,,,,,,,,,,,,,,,,,,,,,,,,,,,,,,,,,,,,,,,,,,,,,,,,,,,,,,,,,,,,,,,,,,,,,,,,,,,,,,,,,,,,,,,,,,,,,,,,,,,,,,,,,,,,,,,,,,,,,,,,,,,,,,,,,,,,,,,,,,,,,,,,,,,,,,,,,,,,,,,,,,,,,,,,,,,,,,,,,,,,,,,,,,,,,,,,,,,,,,,,,,,,,,,,,,,,,,,,,,,,,,,,,,,,,,,,,,,,,,,,,,,,,,,,,,,,,,,,,,,,,,,,,,,,,,,,,,,,,,,,,,,,,,,,,,,,,,,,,,,,,,,,,,,,,,,,,,,,,,,,,,,,,,,,,,,,,
"31123-Masena-Dr,-Wesley-Chapel,-FL-33545","31123 Masena Dr, Wesley Chapel, FL 33545",31123 Masena Dr,,Wesley Chapel,FL,12,33545,Pasco,101,28.256613,-82.301318,Single Family,3,2.0,1300.0,Active,2100,Standard,2026-10-10T00:00:00.000Z,,2026-08-20T00:00:00.000Z,2026-10-10T02:56:56.131Z,1,Pasco,Wesley Chapel,,,,,,,,,,,,,,,,,,,,,,,,,,,,,,,Rental Listing,2100,Standard,2026-10-10T00:00:00.000Z,,1,,,,,,,,,,,,,,,,,,,,,,,,,,,,,,,,,,,,,,,,,,,,,,,,,,,,,,,,,,,,,,,,,,,,,,,,,,,,,,,,,,,,,,,,,,,,,,,,,,,,,,,,,,,,,,,,,,,,,,,,,,,,,,,,,,,,,,,,,,,,,,,,,,,,,,,,,,,,,,,,,,,,,,,,,,,,,,,,,,,,,,,,,,,,,,,,,,,,,,,,,,,,,,,,,,,,,,,,,,,,,,,,,,,,,,,,,,,,,,,,,,,,,,,,,,,,,,,,,,,,,,,,,,,,,,,,,,,,,,,,,,,,,,,,,,,,,,,,,,,,,,,,,,,,,,,,,,,,,,,,,,,,,,,,,,,,,,,,,,,,,,,,,,,,,,,,,,,,,,,,,,,,,,,,,,,,,,,,,,,,,,,,,,,,,,,,,,,,,,,,,,,,,,,,,,,,,,,,,,,,,,,
"9260-Via,-Segovia,-New-Port-Richey,-FL-34655","9260 Via, Segovia, New Port Richey, FL 34655",9260 Via,Segovia,New Port Richey,FL,12,34655,Pasco,101,28.237769,-82.661327,Single Family,4,2.0,2164.0,Active,4490,Standard,2026-10-10T00:00:00.000Z,,2021-06-15T00:41:15.200Z,2026-10-10T03:01:01.628Z,1,Pasco,New Port Richey,,,,,,,,,,,,,,,,,,,,,,,,,,,,,,,Rental Listing,4490,Standard,2026-10-10T00:00:00.000Z,,1,,,,,,,,,,,,,,,,,,,,,,,,,,,,,,,,,,,,,,,,,,,,,,,,,,,,,,,,,,,,,,,,,,,,,,,,,,,,,,,,,,,,,,,,,,,,,,,,,,,,,,,,,,,,,,,,,,,,,,,,,,,,,,,,,,,,,,,,,,,,,,,,,,,,,,,,,,Rental Listing,2650.0,Standard,2025-02-22T00:00:00.000Z,2025-04-25T00:00:00.000Z,62.0,,,,,,,,,,,,,,,,,,,,,,,,,,,,,,,,,,,,,,,,,,,,,,,,,,,,,,,,,,,,,,,,,,,,,,,,,,,,,,,,,,,,,,,,,,,,,,,,,,,,,,,,,,,,,,,,,,,,,,,,,,,,,,,,,,,,,,,,,,,,,,,,,,,,,,,,,,,,,,,,,,,,,,,,,,,,,,,,,,,,,,,,,,,,,,,,,,,,,,,,,,,,,,,,,,,,,,,,,,,,,,,,,,,,,,,,,,,,,,,,,,,,,,,,,,,,,,,,,,,,,,,,
"12159-Colony-Lakes-Blvd,-New-Port-Richey,-FL-34654","12159 Colony Lakes Blvd, New Port Richey, FL 34654",12159 Colony Lakes Blvd,,New Port Richey,FL,12,34654,Pasco,101,28.333761,-82.61759,Single Family,4,2.0,1968.0,Active,2360,Standard,2026-10-10T00:00:00.000Z,,2019-04-29T11:05:19.680Z,2026-10-10T03:01:01.618Z,1,Pasco,New Port Richey,,,,,,,,,,,,,,,,,,,,,,,,,,,,,,,Rental Listing,2360,Standard,2026-10-10T00:00:00.000Z,,1,,,,,,,,,,,,,,,,,,,,,,,,,,,,,,,,,,,,,,,,,,,,,,,,,,,,,,,,,,,,,,,,,,,,,,,,,,,,,,,,,,,,,,,,,,,,,,,,,,,,,,,,,,,,,,,,,,,,,,,,,,,,,,,,,,,,,,,,,,,,,,,,,,,,,,,,,,,,,,,,,,,,,,,,,,,,,,,,,,,,,,,,,,,,,,,,,,,,,,,,,,,,,,,,,,,,,,,,,,,,,,,,,,,,,,,,,,,,,,,,,,,,,,,,,,,,,,,,,,,,,,,,,,,,,,,,,,,,,,,,,,,,,,,,,,,,,,,,,,,,,,,,,,,,,,,,,,,,,,,,,,,,,,,,,,,,,,,,,,,,,,,,,,,,,,,,,,,,,,,,,,,,,,,,,,,,,,,,,,,,,,,,,,,,,,,,,,,,,,,,,,,,,,,,,,,,,,,,,,,,,,,
"5525-Wahoo-Ct,-New-Port-Richey,-FL-34652","5525 Wahoo Ct, New Port Richey, FL 34652",5525 Wahoo Ct,,New Port Richey,FL,12,34652,Pasco,101,28.239613,-82.732902,Townhouse,3,3.0,1607.0,Active,2100,Standard,2026-10-10T00:00:00.000Z,,2022-09-22T02:16:19.530Z,2026-10-10T03:01:01.616Z,1,Pasco,New Port Richey,Rental Listing,2100.0,Standard,2026-03-14T00:00:00.000Z,2026-03-15T00:00:00.000Z,1.0,,,,,,,,,,,,,,,,,,,,,,,,,Rental Listing,2100,Standard,2026-10-10T00:00:00.000Z,,1,,,,,,,,,,,,,,,,,,,,,,,,,1227.0,2022.0,,,,,,,,,,,,,,,,,,,,,,,,,,,,,,,,,,,,,,,,,,,,,,,,,,,,,,,,,,,,,,,,,,,,,,,,,,,,,,,,,,,,,,,,,,,,,,,,,,,,,,,,Rental Listing,2100.0,Standard,2025-11-05T00:00:00.000Z,2025-11-06T00:00:00.000Z,1.0,,,,,,,,,,,,,,,,,,,,,,,,,Rental Listing,1800.0,Standard,2025-03-25T00:00:00.000Z,2025-03-26T00:00:00.000Z,1.0,Rental Listing,2100.0,Standard,2025-07-12T00:00:00.000Z,2025-07-13T00:00:00.000Z,1.0,Rental Listing,2100.0,Standard,2025-10-04T00:00:00.000Z,2025-10-05T00:00:00.000Z,1.0,Rental Listing,2100.0,Standard,2025-12-20T00:00:00.000Z,2025-12-21T00:00:00.000Z,1.0,Rental Listing,2100.0,Standard,2026-01-07T00:00:00.000Z,2026-01-08T00:00:00.000Z,1.0,Rental Listing,2100.0,Standard,2026-02-08T00:00:00.000Z,2026-02-09T00:00:00.000Z,1.0,Rental Listing,2100.0,Standard,2026-02-27T00:00:00.000Z,2026-02-28T00:00:00.000Z,1.0,Rental Listing,2100.0,Standard,2026-04-04T00:00:00.000Z,2026-04-05T00:00:00.000Z,1.0,,,,,,,,,,,,,,,,,,,,,,,,,,,,,,,,,,,,,,,,,,,,,,,,,,,,,,,,,,,,,,,,,,,,,,,,,,,,,,,,,,,,,,,,,,,,,,,,,,,,,,,,,,,,,,,,,,,,,,,,,,,,,,,,,,,,,,,,,,,,,,,,,,,,,,,,,,,,,,,,,,,,,,,,,,,,,,,,,,,,,,,,,,,,,,,,,,,,,,,,,,,,,,,,,,,,,,,,
"9142-Buena-Mesa-Dr,-New-Port-Richey,-FL-34655","9142 Buena Mesa Dr, New Port Richey, FL 34655",9142 Buena Mesa Dr,,New Port Richey,FL,12,34655,Pasco,101,28.235484,-82.663203,Single Family,3,2.0,1876.0,Active,2565,Standard,2026-10-10T00:00:00.000Z,,2017-12-24T05:05:32.000Z,2026-10-10T03:01:01.606Z,1,Pasco,New Port Richey,,,,,,,,,,,,,,,,,,,,,,,,,,,,,,,Rental Listing,2565,Standard,2026-10-10T00:00:00.000Z,,1,,,,,,,,,,,,,,,,,,,,,,,,,,,,,,,,,,,,,,,,,,,,,,,,,,,,,,,,,,,,,,,,,,,,,,,,,,,,,,,,,,,,,,,,,,,,,,,,,,,,,,,,,,,,,,,,,,,,,,,,,,,,,,,,,,,,,,,,,,,,,,,,,,,,,,,,,,,,,,,,,,,,,,,,,,,,,,,,,,,,,,,,,,,,,,,,,,,,,,,,,,,,,,,,,,,,,,,,,,,,,,,,,,,,,,,,,,,,,,,,,,,,,,,,,,,,,,,,,,,,,,,,,,,,,,,,,,,,,,,,,,,,,,,,,,,,,,,,,,,,,,,,,,,,,,,,,,,,,,,,,,,,,,,,,,,,,,,,,,,,,,,,,,,,,,,,,,,,,,,,,,,,,,,,,,,,,,,,,,,,,,,,,,,,,,,,,,,,,,,,,,,,,,,,,,,,,,,,,,,,,,,
"5245-Amulet-Dr,-New-Port-Richey,-FL-34652","5245 Amulet Dr, New Port Richey, FL 34652",5245 Amulet Dr,,New Port Richey,FL,12,34652,Pasco,101,28.235746,-82.732971,Condo,1,1.0,963.0,Active,1300,Standard,2026-10-10T00:00:00.000Z,,2024-04-02T00:00:00.000Z,2026-10-10T03:01:01.597Z,1,Pasco,New Port Richey,,,,,,,,,,,,,,,,,,,,,,,,,,,,,,,Rental Listing,1300,Standard,2026-10-10T00:00:00.000Z,,1,,,,,,,,,,,,,,,,,,,,,,,,,,,,,,,,,,,,,,,,,,,,,,,,,,,,,,,,,,,,,,,,,,,,,,,,,,,,,,,,,,,,,,,,,,,,,,,,,,,,,,,,,,,,,,,,,,,,,,,,,,,,,,,,,,,,,,,,,,,,,,,,,,,,,,,,,,,,,,,,,,,,,,,,,,,,,,,,,,,,,,,,,,,,,,,,,,,,,,,,,,,,,,,,,,,,,,,,,,,,,,,,,,,,,,,,,,,,,,,,,,,,,,,,,,,,,,,,,,,,,,,,,,,,,,,,,,,,,,,,,,,,,,,,,,,,,,,,,,,,,,,,,,,,,,,,,,,,,,,,,,,,,,,,,,,,,,,,,,,,,,,,,,,,,,,,,,,,,,,,,,,,,,,,,,,,,,,,,,,,,,,,,,,,,,,,,,,,,,,,,,,,,,,,,,,,,,,,,,,,,,,
"5917-Missouri-Ave,-New-Port-Richey,-FL-34652","5917 Missouri Ave, New Port Richey, FL 34652",5917 Missouri Ave,,New Port Richey,FL,12,34652,Pasco,101,28.249329,-82.71645,Single Family,3,2.0,1007.0,Active,1735,Standard,2026-10-10T00:00:00.000Z,,2019-07-10T03:11:08.877Z,2026-10-10T03:01:01.596Z,1,Pasco,New Port Richey,,,,,,,,,,,,,,,,,,,,,,,,,,,,,,,Rental Listing,1735,Standard,2026-10-10T00:00:00.000Z,,1,,,,,,,,,,,,,,,,,,,,,,,,,,,,,,,,,,,,,,,,,,,,,,,,,,,,,,,,,,,,,,,,,,,,,,,,,,,,,,,,,,,,,,,,,,,,,,,,,,,,,,,,,,,,,,,,,,,,,,,,,,,,,,,,,,,,,,,,,,,,,,,,,,,,,,,,,,,,,,,,,,,,,,,,,,,,,,,,,,,,,,,,,,,,,,,,,,,,,,,,,,,,,,,,Rental Listing,1790.0,Standard,2026-09-01T00:00:00.000Z,2026-09-02T00:00:00.000Z,1.0,,,,,,,,,,,,,,,,,,,,,,,,,,,,,,,,,,,,,,,,,,,,,,,,,,,,,,,,,,,,,,,,,,,,,,,,,,,,,,,,,,,,,,,,,,,,,,,,,,,,,,,,,,,,,,,,,,,,,,,,,,,,,,,,,,,,,,,,,,,,,,,,,,,,,,,,,,,,,,,,,,,,,,,,,,,,,,,,,,,,,,,,,,,,,,,,,,,,,,,,,,,,,,,,,,
"5047-Tangelo-Dr,-New-Port-Richey,-FL-34652","5047 Tangelo Dr, New Port Richey, FL 34652",5047 Tangelo Dr,,New Port Richey,FL,12,34652,Pasco,101,28.232662,-82.725183,Single Family,2,1.0,744.0,Active,1400,Standard,2026-10-10T00:00:00.000Z,,2023-11-09T00:00:00.000Z,2026-10-10T03:01:01.595Z,1,Pasco,New Port Richey,,,,,,,,,,,,,,,,,,,,,,,,,,,,,,,Rental Listing,1400,Standard,2026-10-10T00:00:00.000Z,,1,,,,,,,,,,,,,,,,,,,,,,,,,,1959.0,,,,,,,,,,,,,,,,,,,,,,,,,,,,,,,,,,,,,,,,,,,,,,,,,,,,,,,,,,,,,,,,,,,,,,,,,,,,,,,,,,,,,,,,,,,,,,,,,,,,,,,,,,,,,,,,,,,,,,,,,,,,,,,,,,,,,,,,,,,,,,,,,,,,,,,,,,,,,,,,,,,,,,,,,,,,,,,,,,,,,,,,,,,,,,,,,,,,,,,,,,,,,,,,,,,,,,,,,,,,,,,,,,,,,,,,,,,,,,,,,,,,,,,,,,,,,,,,,,,,,,,,,,,,,,,,,,,,,,,,,,,,,,,,,,,,,,,,,,,,,,,,,,,,,,,,,,,,,,,,,,,,,,,,,,,,,,,,,,,,,,,,,,,,,,,,,,,,,,,,,,,,,,,,,,,,,,,,,,,,,,,,,,,,,,,,,,,,,
"4148-Savage-Station-Cir,-New-Port-Richey,-FL-34653","4148 Savage Station Cir, New Port Richey, FL 34653",4148 Savage Station Cir,,New Port Richey,FL,12,34653,Pasco,101,28.21994,-82.695147,Single Family,3,2.5,1783.0,Active,2315,Standard,2026-10-10T00:00:00.000Z,,2020-05-31T05:23:34.680Z,2026-10-10T03:01:01.590Z,1,Pasco,New Port Richey,,,,,,,,,,,,,,,,,,,,,,,,,,,,,,,Rental Listing,2315,Standard,2026-10-10T00:00:00.000Z,,1,,,,,,,,,,,,,,,,,,,,,,,,,,,,,,,,,,,,,,,,,,,,,,,,,,,,,,,,,,,,,,,,,,,,,,,,,,,,,,,,,,,,,,,,Rental Listing,2280.0,Standard,2026-09-11T00:00:00.000Z,2026-09-12T00:00:00.000Z,1.0,,,,,,,,,,,,,,,,,,,,,,,,,,,,,,,,,,,,,,,,,,,,,,,,,,,,,,,,,,,,,,,,,,,,,,,,,,,,,,,,,,,,,,,,,,,,,,,,,,,,,,,,,,,,,,,,,,,,,,,,,Rental Listing,2225.0,Standard,2026-09-28T00:00:00.000Z,2026-09-29T00:00:00.000Z,1.0,Rental Listing,2275.0,Standard,2026-10-03T00:00:00.000Z,2026-10-04T00:00:00.000Z,1.0,,,,,,,,,,,,,,,,,,,,,,,,,,,,,,,,,,,,,,,,,,,,,,,,,,,,,,,,,,,,,,,,,,,,,,,,,,,,,,,,,,,,,,,,,,,,,,,,,,,,,,,,,,,,,,,,,,,,,,,,,,,,,,,,,,,,,,,,,,,,,,,,,,,,,,,,,,,,,,,,,,,,,,,,,,,,,,,,,,,,,,,,,,,,,,,,,,,,,,
"6220-12th-Ave,-New-Port-Richey,-FL-34653","6220 12th Ave, New Port Richey, FL 34653",6220 12th Ave,,New Port Richey,FL,12,34653,Pasco,101,28.225694,-82.711464,Single Family,2,2.0,1050.0,Active,1825,Standard,2026-10-10T00:00:00.000Z,,2024-03-17T00:00:00.000Z,2026-10-10T03:01:01.588Z,1,Pasco,New Port Richey,,,,,,,,,,,,,,,,,,,,,,,,,,,,,,,Rental Listing,1825,Standard,2026-10-10T00:00:00.000Z,,1,,,,,,,,,,,,,,,,,,,,,,,,,,,,,,,,,,,,,,,,,,,,,,,,,,,,,,,,,,,,,,,,,,,,,,,,,,,,,,,,,,,,,,,,,,,,,,,,,,,,,,,,,,,,,,,,,,,,,,,,,,,,,,,,,,,,,,,,,,,,,,,,,,,,,,,,,,,,,,,,,,,,,,,,,,,,,,,,,,,,,,,,,,,,,,,,,,,,,,,,,,,,,,,,,,,,,,,,,,,,,,,,,,,,,,,,,,,,,,,,,,,,,,,,,,,,,,,,,,,,,,,,,,,,,,,,,,,,,,,,,,,,,,,,,,,,,,,,,,,,,,,,,,,,,,,,,,,,,,,,,,,,,,,,,,,,,,,,,,,,,,,,,,,,,,,,,,,,,,,,,,,,,,,,,,,,,,,,,,,,,,,,,,,,,,,,,,,,,,,,,,,,,,,,,,,,,,,,,,,,,,,
"4403-Terry-Loop,-New-Port-Richey,-FL-34652","4403 Terry Loop, New Port Richey, FL 34652",4403 Terry Loop,,New Port Richey,FL,12,34652,Pasco,101,28.223953,-82.73029,Single Family,2,1.0,1061.0,Active,1350,Standard,2026-10-10T00:00:00.000Z,,2023-03-03T00:00:00.000Z,2026-10-10T03:01:01.585Z,1,Pasco,New Port Richey,,,,,,,,,,,,,,,,,,,,,,,,,,,,,,,Rental Listing,1350,Standard,2026-10-10T00:00:00.000Z,,1,,,,,,,,,,,,,,,,,,,,,,,,,,,,,,,,,,,,,,,,,,,,,,,,,,,,,,,,,,,,,,,,,,,,,,,,,,,,,,,,,,,,,,,,,,,,,,,,,,,,,,,,,,,,,,,,,,,,,,,,,,,,,,,,,,,,,,,,,,,,,,,,,,,,,,,,,,,,,,,,,,,,,,,,,,,,,,,,,,,,,,,,,,,,,,,,,,,,,,,,,,,,,,,,,,,,,,,,,,,,,,,,,,,,,,,,,,,,,,,,,,,,,,,,,,,,,,,,,,,,,,,,,,,,,,,,,,,,,,,,,,,,,,,,,,,,,,,,,,,,,,,,,,,,,,,,,,,,,,,,,,,,,,,,,,,,,,,,,,,,,,,,,,,,,,,,,,,,,,,,,,,,,,,,,,,,,,,,,,,,,,,,,,,,,,,,,,,,,,,,,,,,,,,,,,,,,,,,,,,,,,,
"8514-Houndstooth-Enclave-Dr,-New-Port-Richey,-FL-34655","8514 Houndstooth Enclave Dr, New Port Richey, FL 34655",8514 Houndstooth Enclave Dr,,New Port Richey,FL,12,34655,Pasco,101,28.201196,-82.67412,Single Family,3,2.5,1634.0,Active,2075,Standard,2026-10-10T00:00:00.000Z,,2022-10-14T01:43:29.284Z,2026-10-10T02:56:56.177Z,1,Pasco,New Port Richey,,,,,,,,,,,,,,,,,,,,,,,,,,,,,,,Rental Listing,2075,Standard,2026-10-10T00:00:00.000Z,,1,,,,,,,,,,,,,,,,,,,,,,,,,,,,,,,,,,,,,,,,,,,,,,,,,,,,,,,,,,,,,,,,,,,,,,,,,,,,,,,,,,,,,,,,,,,,,,,,,,,,,,,,,,,,,,,,,,,,,,,,,,,,,,,,,,,,,,,,,,,,,,,,,,,,,,,,,,,,,,,,,,,,,,,,,,,,,,,,,,,,,,,,,,,,,,,,,,,,Rental Listing,1849.0,Standard,2026-02-27T00:00:00.000Z,2026-02-28T00:00:00.000Z,1.0,,,,,,,,,,,,,,,,,,,,,,,,,,,,,,,,,,,,,,,,,,,,,,,,,,,,,,,,,,,,,,,,,,,,,,,,,,,,,,,,,,,,,,,,,,,,,,,,,,,,,,,,,,,,,,,,,,,,,,,,,,,,,,,,,,,,,,,,,,,,,,,,,,,,,,,,,,,,,,,,,,,,,,,,,,,,,,,,,,,,,,,,,,,,,,,,,,,,,,,,,,,,,,,,,,,,,,,,,,,,,,
"7032-Whittington-Ct,-New-Port-Richey,-FL-34653","7032 Whittington Ct, New Port Richey, FL 34653",7032 Whittington Ct,,New Port Richey,FL,12,34653,Pasco,101,28.229623,-82.697972,Single Family,3,2.0,1648.0,Active,2200,Standard,2026-10-10T00:00:00.000Z,,2024-04-25T00:00:00.000Z,2026-10-10T02:56:56.175Z,1,Pasco,New Port Richey,,,,,,,,,,,,,,,,,,,,,,,,,,,,,,,Rental Listing,2200,Standard,2026-10-10T00:00:00.000Z,,1,,,,,,,,,,,,,,,,,,,,,,,,,,,,,,,,,,,,,,,,,,,,,,,,,,,,,,,,,,,,,,,,,,,,,,,,,,,,,,,,,,,,,,,,,,,,,,,,,,,,,,,,,,,,,,,,,,,,,,,,,,,,,,,,,,,,,,,,,,,,,,,,,,,,,,,,,,,,,,,,,,,,,,,,,,,,,,,,,,,,,,,,,,,,,,,,,,,,,,,,,,,,,,,,,,,,,,,,,,,,,,,,,,Rental Listing,2000.0,Standard,2025-01-13T00:00:00.000Z,2025-01-14T00:00:00.000Z,1.0,,,,,,,,,,,,,,,,,,,,,,,,,,,,,,,,,,,,,,,,,,,,,,,,,,,,,,,,,,,,,,,,,,,,,,,,,,,,,,,,,,,,,,,,,,,,,,,,,,,,,,,,,,,,,,,,,,,,,,,,,,,,,,,,,,,,,,,,,,,,,,,,,,,,,,,,,,,,,,,,,,,,,,,,,,,,,,,,,,,,,,,,,,,,,,,,
"4545-Audrey-Ln,-New-Port-Richey,-FL-34652","4545 Audrey Ln, New Port Richey, FL 34652",4545 Audrey Ln,,New Port Richey,FL,12,34652,Pasco,101,28.225334,-82.727318,Apartment,2,1.0,750.0,Active,1295,Standard,2026-10-10T00:00:00.000Z,,2025-06-26T00:00:00.000Z,2026-10-10T02:56:56.173Z,1,Pasco,New Port Richey,,,,,,,,,,,,,,,,,,,,,,,,,,,,,,,Rental Listing,1295,Standard,2026-10-10T00:00:00.000Z,,1,,,,,,,,,,,,,,,,,,,,,,,,,,,,,,,,,,,,,,,,,,,,,,,,,,,,,,,,,,,,,,,,,,,,,,,,,,,,,,,,,,,,,,,,,,,,,,,,,,,,,,,,,,,,,,,,,,,,,,,,,,,,,,,,,,,,,,,,,,,,,,,,,,,,,,,,,,,,,,,,,,,,,,,,,,,,,,,,,,,,,,,,,,,,,,,,,,,,,,,,,,,,,,,,,,,,,,,,,,,,,,,,,,,,,,,,Rental Listing,1295.0,Standard,2025-09-10T00:00:00.000Z,2025-09-11T00:00:00.000Z,1.0,,,,,,,,,,,,,,,,,,,,,,,,,,,,,,,,,,,,,,,,,,,,,,,,,,,,,,,,,,,,,,,,,,,,,,,,,,,,,,,,,,,,,,,,,,,,,,,,,,,,,,,,,,,,,,,,,,,,,,,,,,,,,,,,,,,,,,,,,,,,,,,,,,,,,,,,,,,,,,,,,,,,,,,,,,,,,,,,,,,,,,,,,,
"4424-A-Terry-Loop,-New-Port-Richey,-FL-34652","4424-A Terry Loop, New Port Richey, FL 34652",4424-A Terry Loop,,New Port Richey,FL,12,34652,Pasco,101,28.222286,-82.729889,Single Family,2,1.0,750.0,Active,1600,Standard,2026-10-10T00:00:00.000Z,,2026-08-06T00:00:00.000Z,2026-10-10T02:56:56.172Z,1,Pasco,New Port Richey,,,,,,,,,,,,,,,,,,,,,,,,,,,,,,,Rental Listing,1600,Standard,2026-10-10T00:00:00.000Z,,1,,,,,,,,,,,,,,,,,,,,,,,,,,,,,,,,,,,,,,,,,,,,,,,,,,,,,,,,,,,,,,,,,,,,,,,,,,,,,,,,,,,,,,,,,,,,,,,,,,,,,,,,,,,,,,,,,,,,,,,,,,,,Rental Listing,1600.0,Standard,2026-09-24T00:00:00.000Z,2026-09-25T00:00:00.000Z,1.0,,,,,,,,,,,,,,,,,,,,,,,,,,,,,,,,,,,,,,,,,,,,,,,,,,,,,,,,,,,,,,,,,,,,,,,,,,,,,,,,,,,,,,,,,,,,,,,,,,,,,,,,,,,,,Rental Listing,1600.0,Standard,2026-09-10T00:00:00.000Z,2026-09-11T00:00:00.000Z,1.0,,,,,,,,,,,,,,,,,,,,,,,,,,,,,,,,,,,,,,,,,,,,,,,,,,,,,,,,,,,,,,,,,,,,,,,,,,,,,,,,,,,,,,,,,,,,,,,,,,,,,,,,,,,,,,,,,,,,,,,,,,,,,,,,,,,,,,,,,,,,,,,,,,,,,,,,,,,,,,,,,,,,,,,,,,,,,,,,,,,,
"4624-Belfast-Dr,-New-Port-Richey,-FL-34652","4624 Belfast Dr, New Port Richey, FL 34652",4624 Belfast Dr,,New Port Richey,FL,12,34652,Pasco,101,28.226444,-82.729384,Single Family,3,2.0,1155.0,Active,1695,Standard,2026-10-10T00:00:00.000Z,,2024-10-05T00:00:00.000Z,2026-10-10T02:56:56.171Z,1,Pasco,New Port Richey,,,,,,,,,,,,,,,,,,,,,,,,,,,,,,,Rental Listing,1695,Standard,2026-10-10T00:00:00.000Z,,1,,,,,,,,,,,,,,,,,,,,,,,,,,,,,,,,,,,,,,,,,,,,,,,,,,,,,,,,,,,,,,,,,,,,,,,,,,,,,,,,,,,,,,,,,,,,,,,,,,,,,,,,,,,,,,,,,,,,,,,,,,,,,,,,,,,,,,,,,,,,,,,,,,,,,,,,,,,,,,,,,,,,,,,,,,,,,,,,,,,,,,,,,,,,,,,,,,,,,,,,,,,,,,,,,,,,,,,,,,,,,,,,,,,,,,,,,,,,,,,,,,,,Rental Listing,2450.0,Standard,2024-10-04T00:00:00.000Z,2026-03-30T00:00:00.000Z,542.0,,,,,,,,,,,,,,,,,,,,,,,,,,,,,,,,,,,,,,,,,,,,,,,,,,,,,,,,,,,,,,,,,,,,,,,,,,,,,,,,,,,,,,,,,,,,,,,,,,,,,,,,,,,,,,,,,,,,,,,,,,,,,,,,,,,,,,,,,,,,,,,,,,,,,,,,,,,,,,,,,,,,,,,,,,,,,,
"12131-Lacey-Dr,-New-Port-Richey,-FL-34654","12131 Lacey Dr, New Port Richey, FL 34654",12131 Lacey Dr,,New Port Richey,FL,12,34654,Pasco,101,28.28288,-82.613897,Single Family,2,2.0,1540.0,Active,1895,Standard,2026-10-10T00:00:00.000Z,,2026-10-09T00:00:00.000Z,2026-10-10T02:56:56.168Z,1,Pasco,New Port Richey,,,,,,,,,,,,,,,,,,,,,,,,,,,,,,,Rental Listing,1895,Standard,2026-10-10T00:00:00.000Z,,1,,,,,,,,,,,,,,,,,,,,,,,,,,,,,,,,,,,,,,,,,,,,,,,,,,,,,,,,,,,,,,,,,,,,,,,,,,,,,,,,,,,,,,,,,,,,,,,,,,,,,,,,,,,,,,,,,,,,,,,,,,,,,,,,,,,,,,,,,,,,,,,,,,,,,,,,,,,,,,,,,,,,,,,,,,,,,,,,,,,,,,,,,,,,,,,,,,,,,,,,,,,,,,,,,,,,,,,,,,,,,,,,,,,,,,,,,,,,,,,,,,,,,,,,,,,,,,,,,,,,,,,,,,,,,,,,,,,,,,,,,,,,,,,,,,,,,,,,,,,,,,,,,,,,,,,,,,,,,,,,,,,,,,,,,,,,,,,,,,,,,,,,,,,,,,,,,,,,,,,,,,,,,,,,,,,,,,,,,,,,,,,,,,,,,,,,,,,,,,,,,,,,,,,,,,,,,,,,,,,,,,,
"5626-Charles-St,-New-Port-Richey,-FL-34652","5626 Charles St, New Port Richey, FL 34652",5626 Charles St,,New Port Richey,FL,12,34652,Pasco,101,28.241043,-82.724846,Single Family,2,1.0,760.0,Active,1395,Standard,2026-10-10T00:00:00.000Z,,2024-06-15T00:00:00.000Z,2026-10-10T02:56:56.166Z,1,Pasco,New Port Richey,,,,,,,,,,,,,,,,,,,,,,,,,,,,,,,Rental Listing,1395,Standard,2026-10-10T00:00:00.000Z,,1,,,,,,,,,,,,,,,,,,,,,,,,,,,,,,,,,,,,,,,,,,,,,,,,,,,,,,,,,,,,,,,,,,,,,,,,,,,,,,,,,,,,,,,,,,,,,,,,,,,,,,,,,,,,,,,,,,,,,,,,,,,,,,,,,,,,,,,,,,,,,,,,,,,,,,,,,,,,,,,,,,,,,,,,,,,,,,,,,,,,,,,,,,,,,,,,,,,,,,,,,,,,,,,,,,,,,,,,,,,,,,,,,,,,,,,,,,,,,,,,,,,,,,,,,,,,,,,,,,,,,,,,,,,,,,,,,,,,,,,,,,,,,,,,,,,,,,,,,,,,,,,,,,,,,,,,,,,,,,,,,,,,,,,,,,,,,,,,,,,,,,,,,,,,,,,,,,,,,,,,,,,,,,,,,,,,,,,,,,,,,,,,,,,,,,,,,,,,,,,,,,,,,,,,,,,,,,,,,,,,,,,
"12051-Proctor-Loop,-Apt-2,-New-Port-Richey,-FL-34654","12051 Proctor Loop, Apt 2, New Port Richey, FL 34654",12051 Proctor Loop,Apt 2,New Port Richey,FL,12,34654,Pasco,101,28.325932,-82.616274,Condo,2,1.0,1008.0,Active,1350,Standard,2026-10-10T00:00:00.000Z,,2023-11-29T00:00:00.000Z,2026-10-10T02:56:56.164Z,1,Pasco,New Port Richey,,,,,,,,,,,,,,,,,,,,,,,,,,,,,,,Rental Listing,1350,Standard,2026-10-10T00:00:00.000Z,,1,,,,,,,,,,,,,,,,,,,,,,,,,,,,,,,,,,,,,,,,,,,,,,,,,,,,,,,,,,,,,,,,,,,,,,,,,,,,,,,,,,,,,,,,,,,,,,,,,,,,,,,,,,,,,,,,,,,,,,,,,,,,,,,,,,,,,,,,,,,,,,,,,,,,,,,,,,,,,,,,,,,,,,,,,,,,,,,,,,,,,,,,,,,,,,,,,,,,,,,,,,,,,,,,,,,,,,,,,,,,,,,,,,,,,,,,,,,,,,,,,,,,,,,,,,Rental Listing,1450.0,Standard,2025-03-19T00:00:00.000Z,2025-03-20T00:00:00.000Z,1.0,,,,,,,,,,,,,,,,,,,,,,,,,,,,,,,,,,,,,,,,,,,,,,,,,,,,,,,,,,,,,,,,,,,,,,,,,,,,,,,,,,,,,,,,,,,,,,,,,,,,,,,,,,,,,,,,,,,,,,,,,,,,,,,,,,,,,,,,,,,,,,,,,,,,,,,,,,,,,,,,,,,,,,,,
"5800-Montana-Ave,-New-Port-Richey,-FL-34652","5800 Montana Ave, New Port Richey, FL 34652",5800 Montana Ave,,New Port Richey,FL,12,34652,Pasco,101,28.247852,-82.718691,Apartment,2,1.0,1536.0,Active,1150,Standard,2026-10-10T00:00:00.000Z,,2026-05-21T00:00:00.000Z,2026-10-10T02:56:56.159Z,1,Pasco,New Port Richey,,,,,,,,,,,,,,,,,,,,,,,,,Rental Listing,1150.0,Standard,2026-09-26T00:00:00.000Z,2026-09-27T00:00:00.000Z,1.0,Rental Listing,1150,Standard,2026-10-10T00:00:00.000Z,,1,,,,,,,,,,,,,,,,,,,,,,,,,7405.0,1979.0,,,,,,,,,,,,,,,,,,,,,,,,,,,,,,,,,,,,,,,,,,,,,,,,,,,,,,,,,,,,,,,,,,,,,,,,,,,,,,,,,,,,,,,,,,,,,,,,,,,,,,,,,,,,,,,,,,,,,,,,,,,,,,,,,,,,,,,,,,,,,,,,,,,,,,,,,,,,,,,,,,,,,,,,,,,,,,,,,,,,,,,,,,,,,,,,,,,,,,,,,,,,,,,,,,,,,,,,,,,,,,,,,,,,,,,,,,,,,,,,,,,,,,,,,,,,,,,,,,,,,,,,,,,,,,,,,,,,,,,,,,,,,,,,,,,,,,,,,,,,,,,,,,,,,,,,,,,,,,,,,,,,,,,,,,,,,,,,,,,,,,,,,,,,,,,,,,,,,,,,,,,,,,,,,,,,,,,,,,,,,,,,,,,,,,,,,,,,,
"5443-Beach-St,-New-Port-Richey,-FL-34652","5443 Beach St, New Port Richey, FL 34652",5443 Beach St,,New Port Richey,FL,12,34652,Pasco,101,28.238647,-82.71696,Apartment,2,1.0,850.0,Active,1295,Standard,2026-10-10T00:00:00.000Z,,2025-09-10T00:00:00.000Z,2026-10-10T02:56:56.155Z,1,Pasco,New Port Richey,,,,,,,,,,,,,,,,,,,,,,,,,,,,,,,Rental Listing,1295,Standard,2026-10-10T00:00:00.000Z,,1,,,,,,,,,,,,,,,,,,,,,,,,,,,,Rental Listing,1395.0,Standard,2026-08-10T00:00:00.000Z,2026-08-11T00:00:00.000Z,1.0,,,,,,,,,,,,,,,,,,,,,,,,,,,,,,,,,,,,,,,,,,,,,,,,,Rental Listing,1250.0,Standard,2025-10-08T00:00:00.000Z,2025-10-09T00:00:00.000Z,1.0,,,,,,,,,,,,,,,,,,,,,,,,,,,,,,,,,,,,,,,,,,,,,,,,,,,,,,,,,,,,,,,,,,,,,,,,,,,,,,,,,,,,,,,,,,,,,,,,,,,,,,,,,,,,,,,,,,,,,,,,,,,,,,,,,,,,,,,,,,,,,,,,,,,,,,,,,,,,,,,,,,,,,,,,,,,,,,,,,,,,,,,,,,,,,,,,,,,,,,,,,,,,,,,,,,,,,,,,,,,,,,,,,,,,,,,,,,,,,,,,,,,,,,,,,,,,,,,,,,,,,,,,,,,,,,,,,,,,,,,,,,,,,,,,,,,,,,,,,,,,,,,,,,,,,,,,,,,,,,,,,,,,,,,,,,,,,,,,
"7109-Kirsch-Ct,-Apt-5,-New-Port-Richey,-FL-34653","7109 Kirsch Ct, Apt 5, New Port Richey, FL 34653",7109 Kirsch Ct,Apt 5,New Port Richey,FL,12,34653,Pasco,101,28.260813,-82.69719,Condo,2,2.0,1096.0,Active,1299,Standard,2026-10-10T00:00:00.000Z,,2026-09-01T00:00:00.000Z,2026-10-10T02:56:56.154Z,1,Pasco,New Port Richey,,,,,,,,,,,,,,,,,,,,,,,,,,,,,,,Rental Listing,1299,Standard,2026-10-10T00:00:00.000Z,,1,,,,,,,,,,,,,,,,,,,,,,,,,,,,,,,,,,,,,,,,,,,,,,,,,,,,,,,,,,,,,,,,,,,,,,,,,,,,,,,,,,,,,,,,,,,,,,,,,,,,,,,,,,,,,,,,,,,,,,,,,,,,,,,,,,,,,,,,,,,,,,,,,,,,,,,,,,,,,,,,,,,,,,,,,,,,,,,,,,,,,,,,,,,,,,,,,,,,,,,,,,,,,,,,,,,,,,,,,,,,,,,,,,,,,,,,,,,,,,,,,,,,,,,,,,,,,,,,,,,,,,,,,,,,,,,,,,,,,,,,,,,,,,,,,,,,,,,,,,,,,,,,,,,,,,,,,,,,,,,,,,,,,,,,,,,,,,,,,,,,,,,,,,,,,,,,,,,,,,,,,,,,,,,,,,,,,,,,,,,,,,,,,,,,,,,,,,,,,,,,,,,,,,,,,,,,,,,,,,,,,,,
"4609-Audrey-Ln,-New-Port-Richey,-FL-34652","4609 Audrey Ln, New Port Richey, FL 34652",4609 Audrey Ln,,New Port Richey,FL,12,34652,Pasco,101,28.225121,-82.726913,Apartment,2,1.0,750.0,Active,1350,Standard,2026-10-10T00:00:00.000Z,,2025-10-29T00:00:00.000Z,2026-10-10T02:56:56.148Z,1,Pasco,New Port Richey,,,,,,,,,,,,,,,,,,,,,,,,,,,,,,,Rental Listing,1350,Standard,2026-10-10T00:00:00.000Z,,1,,,,,,,,,,,,,,,,,,,,,,,,,,,,,,,,,,,,,,,,,,,,,,,,,,,,,,,,,,,,,,,,,,,,,,,,,,,,,,,,,,,,,,,,,,,,,,,,,,,,,,,,,,,,,,,,,,,,,,,,,,,,,,,,,,,,,,,,,,,,,,,,,,,,,,,,,,,,,,,,,,,,,,,,,,,,,,,,,,,,,,,,,,,,,,,,,,,,,,,,,,,,,,,,,,,,,,,,,,,,,,,,,,,,,,,,,,,,,,,,,,,,,,,,,,,,,,,,Rental Listing,1295.0,Standard,2026-01-16T00:00:00.000Z,2026-01-17T00:00:00.000Z,1.0,,,,,,,,,,,,,,,,,,,,,,,,,,,,,,,,,,,,,,,,,,,,,,,,,,,,,,,,,,,,,,,,,,,,,,,,,,,,,,,,,,,,,,,,,,,,,,,,,,,,,,,,,,,,,,,,,,,,,,,,,,,,,,,,,,,,,,,,,,,,,,,,,,,,,,,,,,,,,,,,,,
"5121-Dove-Dr,-New-Port-Richey,-FL-34652","5121 Dove Dr, New Port Richey, FL 34652",5121 Dove Dr,,New Port Richey,FL,12,34652,Pasco,101,28.211828,-82.729432,Single Family,2,2.0,1248.0,Active,1650,Standard,2026-10-10T00:00:00.000Z,,2024-01-10T00:00:00.000Z,2026-10-10T02:56:56.147Z,1,Pasco,New Port Richey,,,,,,,,,,,,,,,,,,,,,,,,,,,,,,,Rental Listing,1650,Standard,2026-10-10T00:00:00.000Z,,1,,,,,,,,,,,,,,,,,,,,,,,,,5950.0,1968.0,,,,,,,,,,,,,,,,,,,,,,,,,,,,,,,,,,,,,,,,,,,,,,,,,,,,,,,,,,,,,,,,,,,,,,,,,,,,,,,,,,,,,,,,,,,,,,,,,,,,,,,,,,,,,,,,,,,,,,,,,,,,,,,,,,,,,,,,,,,,,,,,,,,,,,,,,,,,,,,,,,,,,,,,,,,,,,,,,,,,,,,,,,,,,,,,,,,,,,,,,,,,,,,,,,,,,,,,,,,,,,,,,,,,,,,,,,,,,,,,,,,,,,,,,,,,,,,,,,,,,,,,,,,,,,,,,,,,,,,,,,,,,,,,,,,,,,,,,,,,,,,,,,,,,,,,,,,,,,,,,,,,,,,,,,,,,,,,,,,,,,,,,,,,,,,,,,,,,,,,,,,,,,,,,,,,,,,,,,,,,,,,,,,,,,,,,,,,,
"8335-Birch-Haven-Ln,-New-Port-Richey,-FL-34655","8335 Birch Haven Ln, New Port Richey, FL 34655",8335 Birch Haven Ln,,New Port Richey,FL,12,34655,Pasco,101,28.204404,-82.676928,Single Family,3,2.5,1634.0,Active,2100,Standard,2026-10-10T00:00:00.000Z,,2023-12-14T00:00:00.000Z,2026-10-10T02:56:56.146Z,1,Pasco,New Port Richey,,,,,,,,,,,,,,,,,,,,,,,,,,,,,,,Rental Listing,2100,Standard,2026-10-10T00:00:00.000Z,,1,,,,,,,,,,,,,,,,,,,,,,,,,,,,,,,,,,,,,,,,,,,,,,,,,,,,,,,,,,,,,,,,,,,,,,,,,,,,,,,,,,,,,,,,,,,,,,,,,,,,,,,,,,,,,,,,,,,,,,,,,,,,,,,,,,,,,,,,,,,,,,,,,,,,,,,,,,,,,,,,,,,,,,,,,,,,,,,,,,,,,,,,,,,,,,,,,,,,,,,,,,,,,,,,,,,,,,,,,,,,,,,,,,,,,,,,,,,,,,Rental Listing,2100.0,Standard,2026-09-10T00:00:00.000Z,2026-09-11T00:00:00.000Z,1.0,,,,,,,,,,,,,,,,,,,Rental Listing,2100.0,Standard,2026-05-29T00:00:00.000Z,2026-05-30T00:00:00.000Z,1.0,Rental Listing,2100.0,Standard,2026-06-15T00:00:00.000Z,2026-06-16T00:00:00.000Z,1.0,,,,,,,,,,,,,,,,,,,,,,,,,,,,,,,,,,,,,,,,,,,,,,,,,,,,,,,,,,,,,,,,,,,,,,,,,,,,,,,,,,,,,,,,,,,,,,,,,,,,,,,,,,,,,,,,,,,,,,,,,,,,,,,,,,,,,,,,,,,,,,,,,,,,,,
"4618-Audrey-Ln,-New-Port-Richey,-FL-34652","4618 Audrey Ln, New Port Richey, FL 34652",4618 Audrey Ln,,New Port Richey,FL,12,34652,Pasco,101,28.224907,-82.726746,Apartment,2,1.0,750.0,Active,1350,Standard,2026-10-10T00:00:00.000Z,,2026-07-25T00:00:00.000Z,2026-10-10T02:56:56.145Z,1,Pasco,New Port Richey,,,,,,,,,,,,,,,,,,,,,,,,,,,,,,,Rental Listing,1350,Standard,2026-10-10T00:00:00.000Z,,1,,,,,,,,,,,,,,,,,,,,,,,,,,,,,,,,,,,,,,,,,,,,,,,,,,,,,,,,,,,,,,,,,,,,,,,,,,,,,,,,,,,,,,,,,,,,,,,,,,,,,,,,,,,,,,,,,,,,,,,,,,,,,,,,,,,,,,,,,,,,,,,,,,,,,,,,,,,,,,,,,,,,,,,,,,,,,,,,,,,,,,,,,,,,,,,,,,,,,,,,,,,,,,,,,,,,,,,,,,,,,,,,,,,,,,,,,,,,,,,,,,,,,,,,,,,,,,,,,,,,,,,,,,,,,,,,,,,,,,,,,,,,,,,,,,,,,,,,,,,,,,,,,,,,,,,,,,,,,,,,,,,,,,,,,,,,,,,,,,,,,,,,,,,,,,,,,,,,,,,,,,,,,,,,,,,,,,,,,,,,,,,,,,,,,,,,,,,,,,,,,,,,,,,,,,,,,,,,,,,,,,,
"39132-Co-Rd,---54,-Zephyrhills,-FL-33542","39132 Co Rd, # 54, Zephyrhills, FL 33542",39132 Co Rd,# 54,Zephyrhills,FL,12,33542,Pasco,101,28.250528,-82.169083,Condo,2,2.0,864.0,Active,1400,Standard,2026-10-10T00:00:00.000Z,,2026-03-03T00:00:00.000Z,2026-10-10T03:01:01.625Z,1,Pasco,Zephyrhills,,,,,,,,,,,,,,,,,,,,,,,,,,,,,,,Rental Listing,1400,Standard,2026-10-10T00:00:00.000Z,,1,,,,,,,,,,,,,,,,,,,,,,,,,,,,,,,,,,,,,,,,,,,,,,,,,,,,,,,,,,,,,,,,,,,,,,,,,,,,,,,,,,,,,,,,,,,,,,,,,,,,,,,,,,,,,,,,,,,,,,,,,,,,,,,,,,,,,,,,,,,,,,,,,,,,,,,,,,,,,,,,,,,,,,,,,,,,,,,,,,,,,,,,,,,,,,,,,,,,,,,,,,,,,,,,,,,,,,,,,,,,,,,,,,,,,,,,,,,,,,,,,,,,,,,,,,,,,,,,,,,,,,,,,,,,,,,,,,Rental Listing,1400.0,Standard,2026-03-27T00:00:00.000Z,2026-03-28T00:00:00.000Z,1.0,Rental Listing,1400.0,Standard,2026-09-20T00:00:00.000Z,2026-09-21T00:00:00.000Z,1.0,,,,,,,,,,,,,,,,,,,,,,,,,,,,,,,,,,,,,,,,,,,,,,,,,,,,,,,,,,,,,,,,,,,,,,,,,,,,,,,,,,,,,,,,,,,,,,,,,,,,,,,,,,,,,,,,,,,,,,,,,,,,,,,,,,,,,,,,,,
"29505-Morningmist-Dr,-Zephyrhills,-FL-33543","29505 Morningmist Dr, Zephyrhills, FL 33543",29505 Morningmist Dr,,Zephyrhills,FL,12,33543,Pasco,101,28.18417,-82.32745,Single Family,3,2.0,1644.0,Active,2295,Standard,2026-10-10T00:00:00.000Z,,2022-07-19T00:49:11.988Z,2026-10-10T03:01:01.614Z,1,Pasco,Zephyrhills,,,,,,,,,,,,,,,,,,,,,,,,,,,,,,,Rental Listing,2295,Standard,2026-10-10T00:00:00.000Z,,1,,,,,,,,,,,,,,,,,,,,,,,,,,,,,,,,,,,,,,,,,,,,,,,,,,,,,,,,,,,,,,,,,,,,,,,,,,,,,,,,,,,,,,,,,,,,,,,,,,,,,,,,,,,,,,,,,,,,,,,,,,,,,,,,,,,,,,,,,,,,,,,,,,,,,,,,,,,,,,,,,,,,,,,,,,,,,,,,,,,,,,,,,,,,,,,,,,,,,,,,,,,,,,,,,,,,,,,,,,,,,,,,,,,,,,,,,,,,,,,,,,,,,,,,,,,,,,,,,,,,,,,,,,,,,,,,,,,,,,,,,,,,,,Rental Listing,2260.0,Standard,2025-10-18T00:00:00.000Z,2025-10-19T00:00:00.000Z,1.0,,,,,,,,,,,,,,,,,,,,,,,,,,,,,,,,,,,,,,,,,,,,,,,,,,,,,,,,,,,,,,,,,,,,,,,,,,,,,,,,,,,,,,,,,,,,,,,,,,,,,,,,,,,,,,,,,,,,,,,,,,,,,,,,,,,,
"6245-Merrifield-Dr,-Zephyrhills,-FL-33541","6245 Merrifield Dr, Zephyrhills, FL 33541",6245 Merrifield Dr,,Zephyrhills,FL,12,33541,Pasco,101,28.248064,-82.238463,Single Family,4,2.0,1851.0,Active,2285,Standard,2026-10-10T00:00:00.000Z,,2021-04-11T01:05:37.138Z,2026-10-10T03:01:01.612Z,1,Pasco,Zephyrhills,,,,,,,,,,,,,,,,,,,,,,,,,,,,,,,Rental Listing,2285,Standard,2026-10-10T00:00:00.000Z,,1,,,,,,,,,,,,,,,,,,,,,,,,,,,,,,,,,,,,,,,,Rental Listing,2155.0,Standard,2024-09-09T00:00:00.000Z,2024-09-27T00:00:00.000Z,18.0,,,,,,,,,,,,,,,,,,,,,,,,,,,,,,,,,,,,,,,,,,,,,,,,,,,,,,,,,,,,,,,,,,,,,,,,,,,,,,,,,,,,,,,,,,,,,,,,,,,,,,,,,,,,,,,,,,,,,,,,,,,,,,,,,,,,,,,,,,,,,,,,,,,,,,,,,,,,,,,,,,,,,,,,,,,,,,,,,,,,,,,,,,,,,,,,,,,,,,,,,,,,,,,,,,,,,,,,,,,,,,,,,,,,,,,,,,,,,,,,,,,,,,,,,,,,,,,,,,,,,,,,,,,,,,,,,,,,,,,,,,,,,,,,,,,,,,,,,,,,,,,,,,,,,,,,,,,,,,,,,,,,,,,,,,,,,,,,,,,,,,,,,,,,,,,,,,,,,,,,,,,,,,,,,,,,,,,,,,
"34442-Smart-Dr,-Zephyrhills,-FL-33541","34442 Smart Dr, Zephyrhills, FL 33541",34442 Smart Dr,,Zephyrhills,FL,12,33541,Pasco,101,28.234806,-82.245003,Single Family,3,2.0,1224.0,Active,1780,Standard,2026-10-10T00:00:00.000Z,,2023-08-28T00:00:00.000Z,2026-10-10T03:01:01.604Z,1,Pasco,Zephyrhills,,,,,,,,,,,,,,,,,,,,,,,,,,,,,,,Rental Listing,1780,Standard,2026-10-10T00:00:00.000Z,,1,,,,,,,,,,,,,,,,,,,,,,,,,,,,,,,,,,,,,,,,,,,,,,,,,,,,,,,,,,,,,,,,,,,,,,,,,,,,,,,,,,,,,,,,,,,,,,,,,,,,,,,,,,,,,,,,,,,,,,,,,,,,,,,,,,,,,,,,,,,,,,,,,,,,,,,,,,,,,,,,,,,,,,,,,,,,,,,,,,,,,,,,,,,,,,,,,,,,,,,,,,,,,,,,,,,,,,,,,,,,,,,,,,,,,,,,,,,,,,,,,,,,,,,,,,,,,,,,,,,,,,,,,,,,,,,,,,,,,,,,,,,,,,,,,,,,Rental Listing,1825.0,Standard,2024-11-02T00:00:00.000Z,2024-11-24T00:00:00.000Z,22.0,Rental Listing,1915.0,Standard,2026-08-06T00:00:00.000Z,2026-08-07T00:00:00.000Z,1.0,,,,,,,,,,,,,,,,,,,,,,,,,,,,,,,,,,,,,,,,,,,,,,,,,,,,,,,,,,,,,,,,,,,,,,,,,,,,,,,,,,,,,,,,,,,,,,,,,,,,,,,,,,,,,,,,,,,,,,,,
"4850-9th-St,-Zephyrhills,-FL-33542","4850 9th St, Zephyrhills, FL 33542",4850 9th St,,Zephyrhills,FL,12,33542,Pasco,101,28.228513,-82.176519,Apartment,3,1.0,900.0,Active,1575,Standard,2026-10-10T00:00:00.000Z,,2024-05-24T00:00:00.000Z,2026-10-10T03:01:01.602Z,1,Pasco,Zephyrhills,,,,,,,,,,,,,,,,,,,,,,,,,,,,,,,Rental Listing,1575,Standard,2026-10-10T00:00:00.000Z,,1,,,,,,,,,,,,,,,,,,,,,,,,,6600.0,2006.0,,,,,,,,,,,,,,,,,,,,,,,,,,,,,,,,,,,,,,,,,,,,,,,,,,,,,,,,,,,,,,,,,,,,,,,,,,,,,,,,,,,,,,,,,,,,,,,,,,,,,,,,Rental Listing,1495.0,Standard,2025-11-05T00:00:00.000Z,2025-11-06T00:00:00.000Z,1.0,,,,,,,,,,,,,,,,,,,,,,,,,,,,,,,,,,,,,Rental Listing,1575.0,Standard,2025-10-04T00:00:00.000Z,2025-10-05T00:00:00.000Z,1.0,,,,,,,,,,,,,,,,,,,,,,,,,,,,,,,,,,,,,,,,,,,,,,,,,,,,,,,,,,,,,,,,,,,,,,,,,,,,,,,,,,,,,,,,,,,,,,,,,,,,,,,,,,,,,,,,,,,,,,,,,,,,,,,,,,,,,,,,,,,,,,,,,,,,,,,,,,,,,,,,,,,,,,,,,,,,,,,,,,,,,,,,,,,,,,,,,,,,,,,,,,,,,,,,,,,,,,,,,,,,,,,,,,,,,,,,,,,,,,,,,,,,,,
"3189-Lytton-Hall-Dr,-Zephyrhills,-FL-33540","3189 Lytton Hall Dr, Zephyrhills, FL 33540",3189 Lytton Hall Dr,,Zephyrhills,FL,12,33540,Pasco,101,28.203099,-82.161565,Single Family,4,2.0,1817.0,Active,2070,Standard,2026-10-10T00:00:00.000Z,,2022-03-02T00:02:36.390Z,2026-10-10T03:01:01.595Z,1,Pasco,Zephyrhills,,,,,,,,,,,,,,,,,,,,,,,,,,,,,,,Rental Listing,2070,Standard,2026-10-10T00:00:00.000Z,,1,,,,,,,,,,,,,,,,,,,,,,,,,6970.0,2020.0,77.0,,,,,,,,,,,,,,,,,,,,,,,,,,,,,,,,,,,,,,,,,,,,,,,,,,,,,,,,,,,,,,,,,,,,,,,,,,,,,,,,,,,,,,,,,,,,,,,,,,,,,,,,,,,,,,,,,,,,,,,,,,,,,,,,,,,,,,,,,,,,,,,,,,,,,,,,,,,,,,,,,,,,,,,,,,,,,,,,,,,,,,,,,,,,,,,,,,,,,,,,,,,,,,,,,,,,,,,,,,,,,,,,,,,,,,,,,,,,,,,,,,,,,,,,,,,,,,,,,,,,,,,,,,,,,,,,,,,,,Rental Listing,2270.0,Standard,2026-08-21T00:00:00.000Z,2026-08-22T00:00:00.000Z,1.0,,,,,,,,,,,,,,,,,,,,,,,,,,,,,,,,,,,,,,,,,,,,,,,,,,,,,,,,,,,,,,,,,,,,,,,,,,,,,,,,,,,,,,,,,,,,,,,,,,,,,,,,,,,,,,,,,,
"5620-1st-St,-Zephyrhills,-FL-33542","5620 1st St, Zephyrhills, FL 33542",5620 1st St,,Zephyrhills,FL,12,33542,Pasco,101,28.239341,-82.187996,Single Family,0,1.0,1052.0,Active,850,Standard,2026-10-10T00:00:00.000Z,,2026-01-22T00:00:00.000Z,2026-10-10T03:01:01.591Z,1,Pasco,Zephyrhills,,,,,,,,,,,,,,,,,,,,,,,,,,,,,,,Rental Listing,850,Standard,2026-10-10T00:00:00.000Z,,1,,,,,,,,,,,,,,,,,,,,,,,,,11761.0,1946.0,,,,,,,,,,,,,,,,,,,,,,,,,,,,,,,,,,,,,,,,,,,,,,,,,,,,,,,,,,,,,,,,,,,,,,,,,,,,,,,,,,,,,,,,,,,,,,,,,,,,,,,,,,,,,,,,,,,,,,,,,,,,,,,,,,,,,,,,,,,,,,,,,,,,,,,,,,,,,,,,,,,,,,,,,,,,,,,,,,,,,,,,,,,,,,,,,,,,,,,,,,,,,,,,,,,,,,,,,,,,,,,,,,,,,,,,,,,,,,,,,,,,,,,,,,,,,,,,,,,,,,,,,,,,,,,,,,,,,,,,,,,,Rental Listing,2710.0,Standard,2026-02-12T00:00:00.000Z,2026-02-13T00:00:00.000Z,1.0,Rental Listing,1195.0,Standard,2026-03-07T00:00:00.000Z,2026-03-08T00:00:00.000Z,1.0,Rental Listing,1895.0,Standard,2026-06-19T00:00:00.000Z,2026-07-07T00:00:00.000Z,18.0,,,,,,,,,,,,,,,,,,,,,,,,,,,,,,,,,,,,,,,,,,,,,,,,,,,,,,,,,,,,,,,,,,,,,,,,,,,,,,,,,,,,,,,,,,,,,,,,
"28506-Tall-Grass-Dr,-Zephyrhills,-FL-33543","28506 Tall Grass Dr, Zephyrhills, FL 33543",28506 Tall Grass Dr,,Zephyrhills,FL,12,33543,Pasco,101,28.171587,-82.345303,Single Family,3,2.0,1607.0,Active,2595,Standard,2026-10-10T00:00:00.000Z,,2022-04-01T02:31:17.382Z,2026-10-10T03:01:01.590Z,1,Pasco,Zephyrhills,,,,,,,,,,,,,,,,,,,,,,,,,,,,,,,Rental Listing,2595,Standard,2026-10-10T00:00:00.000Z,,1,,,,,,,,,,,,,,,,,,,,,,,,,,,,,,,,,,,,,,,,,,,,,,,,,,,,,,,,,,,,,,,,,,,,,,,,,,,,,,,,,,,,,,,,,,,,,,,,,,,,,,,,,,,,,,,,,,,,,,,,,,,,,,,,,,,,,,,,,,,,,,,,,,,,,,,,,,,,,,,,,,,,,,,,,,,,,,,,,,,,,,,,,,,,,,,,,,,,,,,,,,,,,,,,,,,,,,,,,,,,,,,,,,,,,,,,,,,,,,,,,,,,,,,,,,,,,,,,,,,,,,,,,,,,,,,,,,,,,,,,,,,,,,,,,,,,,,,,,,,,,,,,,,,,,,,,,,,,,,,,,,,,,,,,,,,,,,,,,,,,,,,,,,,,,,,,,,,,,,,,,,,,,,,,,,,,,,,,,,,,,,,,,,,,,,,,,,,,,,,,,,,,,,,,,,,,,,,,,,,,,,,
"39049-Harlow-Rose-Dr,-Zephyrhills,-FL-33540","39049 Harlow Rose Dr, Zephyrhills, FL 33540",39049 Harlow Rose Dr,,Zephyrhills,FL,12,33540,Pasco,101,28.202846,-82.172751,Single Family,3,2.0,1491.0,Active,2095,Standard,2026-10-10T00:00:00.000Z,,2023-05-02T00:00:00.000Z,2026-10-10T03:01:01.584Z,1,Pasco,Zephyrhills,,,,,,,,,,,,,,,,,,,,,,,,,,,,,,,Rental Listing,2095,Standard,2026-10-10T00:00:00.000Z,,1,,,,,,,,,,,,,,,,,,,,,,,,,,,,,,,,,,,,,,,,,,,,,,,,,,,,,,,,,,,,,,,,,,,,,,,,,,,,,,,,,,,,,,,,,,,,,,,,,,,,,,,,,,,,,,,,,,,,,,,,,,,,,,,,,,,,,,,,,,,,,,,,,,,,,,,,,,,,,,,,,,,,,,,,,,,,,,,,,,,,,,,,,,,,,,,,,,,,,,,,,,,,,,,,,,,,,,,,,,,,,,,,,,,,,,,,,,,,,,,,,,,,,,,,,,,,,,,,,,,,,,,,,,,,,,,,,,,,,,,,,,,,,,,,,,,,,,,,,,,,,,,,,,,,,,,,,,,,,,,,,,,,,,,,Rental Listing,2150.0,Standard,2023-05-03T00:00:00.000Z,2025-09-15T00:00:00.000Z,866.0,,,,,,,,,,,,,,,,,,,,,,,,,,,,,,,,,,,,,,,,,,,,,,,,,,,,,,,,,,,,,,,,,,,,,,,,,,,,,,,,,,,,,,,,,,
"5735-8th-St,-Zephyrhills,-FL-33542","5735 8th St, Zephyrhills, FL 33542",5735 8th St,,Zephyrhills,FL,12,33542,Pasco,101,28.241207,-82.183984,Single Family,2,1.0,864.0,Active,1650,Standard,2026-10-10T00:00:00.000Z,,2025-07-24T00:00:00.000Z,2026-10-10T02:56:56.183Z,1,Pasco,Zephyrhills,,,,,,,,,,,,,,,,,,,,,,,,,,,,,,,Rental Listing,1650,Standard,2026-10-10T00:00:00.000Z,,1,,,,,,,,,,,,,,,,,,,,,,,,,,,,,,,,,,,,,,,,,,,,,,,,,,,,,,,,,,,,,,,,,,,,,,,,,,,,,,,,,,,,,,,,,,,,,,,,,,,,,,,,,,,,,,,,,,,,,,,,,,,,,,,,,,,,,,,,,,,,,,,,,,,,,,,,,,,,,,,,,,,,,,,,,,,,,,,,,,,,,,,,,,,,,,,,,,,,,,,,,,,,,,,,,,,,,,,,,,,,,,,,,,,,,,,,,,,,,,,,,,,,,,,,,,,,,,,,,,,,,,,,,,,,,,,,,,,,,,,,,,,,,,,,,,,,,,,,,,,,,,,,,,,,,,,,,,,,,,,,,,,,,,,,,,,,,,Rental Listing,1595.0,Standard,2025-09-13T00:00:00.000Z,2025-09-14T00:00:00.000Z,1.0,,,,,,,,,,,,,,,,,,,,,,,,,,,,,,,,,,,,,,,,,,,,,,,,,,,,,,,,,,,,,,,,,,,,,,,,,,,,,,,,,,,,
"5225-11th-St,-Zephyrhills,-FL-33542","5225 11th St, Zephyrhills, FL 33542",5225 11th St,,Zephyrhills,FL,12,33542,Pasco,101,28.233456,-82.1761,Single Family,2,2.0,796.0,Active,1695,Standard,2026-10-10T00:00:00.000Z,,2023-06-14T00:00:00.000Z,2026-10-10T02:56:56.173Z,1,Pasco,Zephyrhills,,,,,,,,,,,,,,,,,,,,,,,,,,,,,,,Rental Listing,1695,Standard,2026-10-10T00:00:00.000Z,,1,,,,,,,,,,,,,,,,,,,,,,,,,,,,,,,,,,,,,,,,,,,,,,,,,,,,,,,,,,,,,,,,,,,,,,,,,,,,,,,,,,,,,,,,,,,,,,,,,,,,,,,,,,,,,,,,,,,,,,,,,,,,,,,,,,,,,,,,,,,,,,,,,,,,,,,,,,,,,,,,,,,,,,,,,,,,,,,,,,,,,,,,,,,,,,,,,,,,,,,,,,,,,,,,,,,,,,,,,,,,,,,,,,,,,,,,,,,,,,,,,,,,,,,,,,,,,,,,,,,,,,,,,,,,,,,,,,,,,,,,,,,,,,,,,,,,,,,,,,,,,,,,,,,,,,,,,,,,,,,,,,,,,,,,,,,,,,,,,,,,,,,,,,,,,,,,,,,,,,,,,,,,,,,,,,,,,,,,,,,,,,,,,,,,,,,,,,,,,,,,,,,,,,,,,,,,,,,,,,,,,,,
"5617-10th-St,-Zephyrhills,-FL-33542","5617 10th St, Zephyrhills, FL 33542",5617 10th St,,Zephyrhills,FL,12,33542,Pasco,101,28.239141,-82.180396,Single Family,1,1.0,480.0,Active,1295,Standard,2026-10-10T00:00:00.000Z,,2020-02-14T23:56:05.938Z,2026-10-10T02:56:56.172Z,1,Pasco,Zephyrhills,,,,,,,,,,,,,,,,,,,,,,,,,,,,,,,Rental Listing,1295,Standard,2026-10-10T00:00:00.000Z,,1,,,,,,,,,,,,,,,,,,,,,,,,,,,,,,,,,,,,,,,,,,,,,,,,,,,,,,,,,,,,,,,,,,,,,,,,,,,,,,,,,,,,,,,,,,,,,,,,,,,,,,,,,,,,,,,,,,,,,,,,,,,,,,,,,,,,,,,,,,,,,,,,,,,,,,,,,,,,,,,,,,,,,,,,,,,,,,,,,,,,,,,,,,,,,,,,,,,,,,,,,,,,,,,,,,,,,,,,,,,,,,,,,,,,,,,,,,,,,,,,,,,,,,,,,,,,,,,,,,,,,,,,,,,,,,,,,,,,,,,,,,,,,,,,,,,,,,,,,,,,,,,,,,,,,,,,,,,,,,,,,,,,,,,,,,,,,,,,,,,,,,,,,,,,,,,,,,,,,,,,,,,,,,,,,,,,,,,,,,,,,,,,,,,,,,,,,,,,,,,,,,,,,,,,,,,,,,,,,,,,,,,
"35491-Shade-Fern-Ln,-Zephyrhills,-FL-33541","35491 Shade Fern Ln, Zephyrhills, FL 33541",35491 Shade Fern Ln,,Zephyrhills,FL,12,33541,Pasco,101,28.249362,-82.229579,Single Family,3,2.0,1412.0,Active,1865,Standard,2026-10-10T00:00:00.000Z,,2023-07-05T00:00:00.000Z,2026-10-10T02:56:56.169Z,1,Pasco,Zephyrhills,,,,,,,,,,,,,,,,,,,,,,,,,,,,,,,Rental Listing,1865,Standard,2026-10-10T00:00:00.000Z,,1,,,,,,,,,,,,,,,,,,,,,,,,,4792.0,2022.0,,,,,,,,,,,,,,,,,,,,,,,,,,,,,,,,,,,,,,,,,,,,,,,,,,,,,,,,,,,,,,,,,,,,,,,,,,,,,,,,,,,,,,,,,,,,,,,,,,,,,,,,,,,,,,,,,,,,,,,,,,,,,,,,,,,,,,,,,,,,,,,,,,,,,,,,,,,,,,,,,,,,,,,,,,,,,,,,,,,,,,,,,,,,,,,,,,,,,,,,,,,,,,,,,,,,,,,,,,,,,,,,,,,,,,,,,,,,,,,,,,,,,,,,,,,,,,,,,,,,,,,,,,,,,,,,,,,,,,,,,,,,,,,,,,,,,,,,,,,,,,,,,,,,,,,,,,Rental Listing,1865.0,Standard,2026-07-14T00:00:00.000Z,2026-10-03T00:00:00.000Z,81.0,,,,,,,,,,,,,,,,,,,,,,,,,,,,,,,,,,,,,,,,,,,,,,,,,,,,,,,,,,,,,,,,,,,,,,,,,,,,,,
"37240-Tilly-Ln,-Zephyrhills,-FL-33541","37240 Tilly Ln, Zephyrhills, FL 33541",37240 Tilly Ln,,Zephyrhills,FL,12,33541,Pasco,101,28.225729,-82.200185,Single Family,4,1.0,,Active,1795,Standard,2026-10-10T00:00:00.000Z,,2021-02-11T02:16:47.347Z,2026-10-10T02:56:56.162Z,1,Pasco,Zephyrhills,,,,,,,,,,,,,,,,,,,,,,,,,,,,,,,Rental Listing,1795,Standard,2026-10-10T00:00:00.000Z,,1,,,,,,,,,,,,,,,,,,,,,,,,,,,,,,,,,,,,,,,,,,,,,,,,,,,,,,,,,,,,,,,,,,,,,,,,,,,,,,,,,,,,,,,,,,,,,,,,,,,,,,,,,,,,,,,,,,,,,,,,,,,,,,,,,,,,,,,,,,,,,,,,,,,,,,,,,,,,,,,,,,,,,,,,,,,,,,,,,,,,,,,,,,,,,,,,,,,,,,,,,,,,,,,,,,,,,,,,,,,,,,,,,,,,,,,,,,,,,,,,,,,,,,,,,,,,,,,,,,,,,,,,,,,,,,,,,,,,,,,,,,,,,,,,,,,,,,,,,,,,,,,,,,,,,,,,,,,,,,,,,,,,,,,,,,,,,,,,,,,,,,,,,,,,,,,,,,,,,,,,,,,,,,,,,,,,,,,,,,,,,,,,,,,,,,,,,,,,,,,,,,,,,,,,,,,,,,,,,,,,,,,
"38708-South-Ave,-Zephyrhills,-FL-33542","38708 South Ave, Zephyrhills, FL 33542",38708 South Ave,,Zephyrhills,FL,12,33542,Pasco,101,28.229847,-82.176421,Single Family,3,2.0,1064.0,Active,1795,Standard,2026-10-10T00:00:00.000Z,,2025-08-05T00:00:00.000Z,2026-10-10T02:56:56.161Z,1,Pasco,Zephyrhills,,,,,,,,,,,,,,,,,,,,,,,,,,,,,,,Rental Listing,1795,Standard,2026-10-10T00:00:00.000Z,,1,,,,,,,,,,,,,,,,,,,,,,,,,,,,,,,,,,,,,,,,,,,,,,,,,,,,,,,,,,,,,,,,,,,,,,,,,,,,,,,,,,,,,,,,,,,,,,,,,,,,,,,,,,,,,,,,,,,,,,,,,,,,,,,,,,,,,,,,,,,,,,,,,,,,,,,,,,,,,,,,,,,,,,,,,,,,,,,,,,,,,,,,,,,,,,,,,,,,,,,,,,,,,,,,,,,,,,,,,,,,,,,,,,,,,,,,,,,,,,,,,,,,,,,,,,,,,,,,,,,,,,,,,,,,,,,,,,,,,,,,,,,,,,,,,,,,,,,,,,,,,,,,,,,,,,,,,,,,,,,,,,,,,,,,,,,,,,,,,,,,,,,,,,Rental Listing,1795.0,Standard,2025-08-10T00:00:00.000Z,2025-08-11T00:00:00.000Z,1.0,,,,,,,,,,,,,,,,,,,,,,,,,,,,,,,,,,,,,,,,,,,,,,,,,,,,,,,,,,,,,,,,,,,,,,,,
"4922-17th-St,-Zephyrhills,-FL-33542","4922 17th St, Zephyrhills, FL 33542",4922 17th St,,Zephyrhills,FL,12,33542,Pasco,101,28.229219,-82.174409,Apartment,2,1.0,900.0,Active,1649,Standard,2026-10-10T00:00:00.000Z,,2026-06-27T00:00:00.000Z,2026-10-10T02:56:56.158Z,1,Pasco,Zephyrhills,,,,,,,,,,,,,,,,,,,,,,,,,,,,,,,Rental Listing,1649,Standard,2026-10-10T00:00:00.000Z,,1,,,,,,,,,,,,,,,,,,,,,,,,,,,,,,,,,,,,,,,,,,,,,,,,,,,,,,,,,,,,,,,,,,,,,,,,,,,,,,,,,,,,,,,,,,,,,,,,,,,,,,,,,,,,,,,,,,,,,,,,,,,,,,,,,,,,,,,,,,,,,,,,,,,,,,,,,,,,,,,,,,,,,,,,,,,,,,,,,,,,,,,,,,,,,,,,,,,,,,,,,,,,,,,,,,,,,,,,,,,,,,,,,,,,,,,,,,,,,,,,,,,,,,,,,,,,,,,,,,,,,,,,,,,,,,,,,,,,,,,,,,,,,,,,,,,,,,,,,,,,,,,,,,,,,,,,,,,,,,,,,,,,,,,,,,,,,,,,,,,,,,,,,,,,,,,,,,,,,,,,,,,,,,,,,,,,,,,,,,,,,,,,,,,,,,,,,,,,,,,,,,,,,,,,,,,,,,,,,,,,,,,
"30718-Birdhouse-Dr,-Zephyrhills,-FL-33545","30718 Birdhouse Dr, Zephyrhills, FL 33545",30718 Birdhouse Dr,,Zephyrhills,FL,12,33545,Pasco,101,28.248109,-82.308075,Single Family,3,2.5,1808.0,Active,2315,Standard,2026-10-10T00:00:00.000Z,,2019-11-04T14:26:47.405Z,2026-10-10T02:56:56.140Z,1,Pasco,Zephyrhills,,,,,,,,,,,,,,,,,,,,,,,,,,,,,,,Rental Listing,2315,Standard,2026-10-10T00:00:00.000Z,,1,,,,,,,,,,,,,,,,,,,,,,,,,,,,,,,,,,,,,,,,,,,,,,,,,,,,,,,,,,,,,,,,,,,,,,,,,,,,,,,,,,,,,,,,,,,,,,,,,,,,,,,,,,,,,,,,,,,,,,,,,,,,,,,,,,,,,,,,,,,,,,,,,,,,,,,,,,,,,,,,,,,,,,,,,,,,,,,,,,,,,,,,,,,,,,,,,,,,,,,,,,,,,,,,,,,,,,,,,,,,,,,,,,,,,,,,,,,,,,,,,,,,,,,,,,,,,,,,,,,,,,,,,,,,,,,,,,,,,,,,,,,,,,,,,,,,,,,,,,,,,,,,,,,,,,,,,,,,,,,,,,,,,,,,,,,,,,,,,,,,,,,,,,,,,,,,,,,,,,,,,,,,,,,,,,,,,,,,,,,,,,,,,,,,,,,,,,,,,,,,,,,,,,,,,,,,,,,,,,,,,,,
"35552-Shade-Fern-Ln,-Zephyrhills,-FL-33541","35552 Shade Fern Ln, Zephyrhills, FL 33541",35552 Shade Fern Ln,,Zephyrhills,FL,12,33541,Pasco,101,28.24846,-82.229099,Single Family,3,2.0,1365.0,Active,1995,Standard,2026-10-10T00:00:00.000Z,,2025-07-12T00:00:00.000Z,2026-10-10T02:56:56.136Z,1,Pasco,Zephyrhills,,,,,,,,,,,,,,,,,,,,,,,,,,,,,,,Rental Listing,1995,Standard,2026-10-10T00:00:00.000Z,,1,,,,,,,,,,,,,,,,,,,,,,,,,,,,,,,,,,,,,,,,,,,,,,,,,,,,,,,,,,,,,,,,,,,,,,,,,,,,,,,,,,,,,,,,,,,,,,,,,,,,,,,,,,,,,,,,,,,,,,,,,,,,,,,,,,,,,,,,,,,,,,,,,,,,,,,,,,,,,,,,,,,,,,,,,,,,,,,,,,,,,,,,,,,,,,,,,,,,,,,,,,,,,,,,,,,,,,,,,,,,,,,,,,,,,,,,,,,,,,,,,,,,,,,,,,,,,,,,,,,,,,,,,,,,,,,,,,,,,,,,,,,,,,,,,,,,,,,,,,,,,,,,,,,,,,,,,,,,,,,,,,,,,,,,,,,,,,,,,,,,,,,,,,,,,,,,Rental Listing,844.0,Standard,2025-07-11T00:00:00.000Z,2025-07-17T00:00:00.000Z,6.0,,,,,,,,,,,,,,,,,,,,,,,,,,,,,,,,,,,,,,,,,,,,,,,,,,,,,,,,,,,,,,,,,,
"39132-County-Rd,-54-Unit-2070,-Zephyrhills,-FL-33542","39132 County Rd, 54 Unit 2070, Zephyrhills, FL 33542",39132 County Rd,54 Unit 2070,Zephyrhills,FL,12,33542,Pasco,101,28.25091,-82.169528,Single Family,2,2.0,972.0,Active,1495,Standard,2026-10-10T00:00:00.000Z,,2025-05-13T00:00:00.000Z,2026-10-10T02:56:56.132Z,1,Pasco,Zephyrhills,,,,,,,,,,,,,,,,,,,,,,,,,,,,,,,Rental Listing,1495,Standard,2026-10-10T00:00:00.000Z,,1,,,,,,,,,,,,,,,,,,,,,,,,,1500.0,1998.0,,,,,,,,,,,,,,,,,,,,,,,,,,,,,,,,,,,,,,,,,,,,,,,,,,,,,,,,,,,,,,,,,,,,,,,,,,,,,,,,,,,,,,,,,,,,,,,,,,,,,,,,,,,,,,,,,,,,,,,,,,,,,,,,,,,,,,,,,,,,,,,,,,,,,,,,,,,,,,,,,,,,,,,,,,,,,,,,,,,,,,,,,,,,,,,,,,,,,,,,,,,,,,,,,,,,,,,,,,,,,,,,,,,,,,,,,,,,,,,,,,,,,,,,,,,,,,,,,,,,,,,,,,,,,,,,,,,,,,,,,,,,,,,,,,,,,,,,,,,,,,,,,,,,,,,,,,,,,,,,,,,,,,,,,,,,Rental Listing,1500.0,Standard,2025-05-13T00:00:00.000Z,2025-06-13T00:00:00.000Z,31.0,Rental Listing,1495.0,Standard,2025-08-04T00:00:00.000Z,2025-09-10T00:00:00.000Z,37.0,Rental Listing,1450.0,Standard,2026-08-24T00:00:00.000Z,2026-09-25T00:00:00.000Z,32.0,,,,,,,,,,,,,,,,,,,,,,,,,,,,,,,,,,,,,,,,,,,,,,,,
"4568-Sand-Dollar-Way,-Zephyrhills,-FL-33541","4568 Sand Dollar Way, Zephyrhills, FL 33541",4568 Sand Dollar Way,,Zephyrhills,FL,12,33541,Pasco,101,28.224159,-82.201174,Single Family,4,2.5,2305.0,Active,2650,Standard,2026-10-10T00:00:00.000Z,,2026-08-28T00:00:00.000Z,2026-10-10T02:56:56.127Z,1,Pasco,Zephyrhills,,,,,,,,,,,,,,,,,,,,,,,,,,,,,,,Rental Listing,2650,Standard,2026-10-10T00:00:00.000Z,,1,,,,,,,,,,,,,,,,,,,,,,,,,,,,,,,,,,,,,,,,,,,,,,,,,,,,,,,,,,,,,,,,,,,,,,,,,,,,,,,,,,,,,,,,,,,,,,,,,,,,,,,,,,,,,,,,,,,,,,,,,,,,,,,,,,,,,,,,,,,,,,,,,,,,,,,,,,,,,,,,,,,,,,,,,,,,,,,,,,,,,,,,,,,,,,,,,,,,,,,,,,,,,,,,,,,,,,,,,,,,,,,,,,,,,,,,,,,,,,,,,,,,,,,,,,,,,,,,,,,,,,,,,,,,,,,,,,,,,,,,,,,,,,,,,,,,,,,,,,,,,,,,,,,,,,,,,,,,,,,,,,,,,,,,,,,,,,,,,,,,,,,,,,,,,,,,,,,,,,,,,,,,,,,,,,,,,,,,,,,,,,,,,,,,,,,,,,,,,,,,,,,,,,,,,,,,,,,,,,,,,,,
"28537-Seashell-Ct,-Zephyrhills,-FL-33545","28537 Seashell Ct, Zephyrhills, FL 33545",28537 Seashell Ct,,Zephyrhills,FL,12,33545,Pasco,101,28.246143,-82.343766,Single Family,4,2.0,1424.0,Active,2045,Standard,2026-10-10T00:00:00.000Z,,2019-07-12T02:13:35.022Z,2026-10-10T02:54:10.430Z,1,Pasco,Zephyrhills,,,,,,,,,,,,,,,,,,,,,,,,,,,,,,,Rental Listing,2045,Standard,2026-10-10T00:00:00.000Z,,1,,,,,,,,,,,,,,,,,,,,,,,,,,,,,,,,,,,,,,,,,,,,,,,,,,,,,,,,,,,,,,,,,,,,,,,,,,,,,,,,,,,,,,,,,,,,,,,,,,,,,,,,,,,,,,,,,,,,,,,,,,,,,,,,,,,,,,,,,,,,,,,,,,,,,,,,,,,,,,,,,,,,,,,,,,,,,,,,,,,,,,,,,,,,,,,,,,,,,,,,,,,,,,,,,,,,,,,,,,,,,,,,,,,,,,,,Rental Listing,2049.0,Standard,2025-09-10T00:00:00.000Z,2025-09-11T00:00:00.000Z,1.0,,,,,,,,,,,,,,,,,,,,,,,,,,,,,,,,,,,,,,,,,,,,,,,,,,,,,,,,,,,,,,,,,,,,,,,,,,,,,,,,,,,,,,,,,,,,,,,,,,,,,,,,,,,,,,,,,,,,,,,,,,,,,,,,,,,,,,,,,,,,,,,,,,,,,,,,,,,,,,,,,,,,,,,,,,,,,,,,,,,,,,,,,,
"1517-Firewheel-Dr,-Zephyrhills,-FL-33543","1517 Firewheel Dr, Zephyrhills, FL 33543",1517 Firewheel Dr,,Zephyrhills,FL,12,33543,Pasco,101,28.179032,-82.330524,Single Family,4,3.0,1764.0,Active,2840,Standard,2026-10-10T00:00:00.000Z,,2021-12-10T01:01:53.347Z,2026-10-10T02:54:10.414Z,1,Pasco,Zephyrhills,,,,,,,,,,,,,,,,,,,,,,,,,,,,,,,Rental Listing,2840,Standard,2026-10-10T00:00:00.000Z,,1,,,,,,,,,,,,,,,,,,,,,,,,,,,,,,,,,,,,,,,,,,,,,,,,,,,,,,,,,,,,,,,,,,,,,,,,,,,,,,,,,,,,,,,,,,,,,,,,,,,,,,,,,,,,,,,,,,,,,,,,,,,,,,,,,,,,,,,,,,,,,,,,,,,,,,,,,,,,,,,,,,,,,,,,,,,,,,,,,,,,,,,,,,,,,,,,,,,,,,,,,,,,,,,,,,,,,,,,,,,,,,,,,,,,,,,,,,,,,,,,,,,,,,,,,,,,,,,,,,,,,,,,,,,,,,,,,,,,,,,,,,,,,,,,,,,,,,,,,,,,,,,,,,,,,,,,,,,,,,,,,,,,,,,,,,,,,,,,,,,,,,,,,,,,,,,,,,,,,,,,,,,,,,,,,,,,,,,,,,,,,,,,,,,,,,,,,,,,,,,,,,,,,,,,,,,,,,,,,,,,,,,
"38933-C-Ave,-Zephyrhills,-FL-33542","38933 C Ave, Zephyrhills, FL 33542",38933 C Ave,,Zephyrhills,FL,12,33542,Pasco,101,28.226597,-82.172403,Single Family,1,1.0,520.0,Active,1100,Standard,2026-10-10T00:00:00.000Z,,2026-03-20T00:00:00.000Z,2026-10-10T02:54:10.403Z,1,Pasco,Zephyrhills,,,,,,,,,,,,,,,,,,,,,,,,,,,,,,,Rental Listing,1100,Standard,2026-10-10T00:00:00.000Z,,1,,,,,,,,,,,,,,,,,,,,,,,,,,,,,,,,,,,,,,,,,,,,,,,,,,,,,,,,,,,,,,,,,,,,,,,,,,,,,,,,,,,,,,,,,,,,,,,,,,,,,,,,,,,,,,,,,,,,,,,,,,,,,,,,,,,,,,,,,,,,,,,,,,,,,,,,,,,,,,,,,,,,,,,,,,,,,,,,,,,,,,,,,,,,,,,,,,,,,,,,,,,,,,,,,,,,,,,,,,,,,,,,,,,,,,,,,,,,,,,,,,,,,,,,,,,,,,,,,,,,,,,,,,,,,,,,,,,,,,,,,,,,,,,,,,,,,,,,,,,,,,,,,,,,,,,,,,,,,,,,,,,,,,,,,,,,,,,,,,,,,,,,,,,,,,,,,,,,,,,,,,,,,,,,,,,,,,,,Rental Listing,1099.0,Standard,2026-04-13T00:00:00.000Z,2026-04-14T00:00:00.000Z,1.0,Rental Listing,1099.0,Standard,2026-04-30T00:00:00.000Z,2026-05-01T00:00:00.000Z,1.0,,,,,,,,,,,,,,,,,,,,,,,,,,,,,,,,,,,,
"28611-Seashell-Ct,-Zephyrhills,-FL-33545","28611 Seashell Ct, Zephyrhills, FL 33545",28611 Seashell Ct,,Zephyrhills,FL,12,33545,Pasco,101,28.246141,-82.342859,Single Family,3,2.0,1321.0,Active,2035,Standard,2026-10-10T00:00:00.000Z,,2020-09-09T02:41:38.140Z,2026-10-10T02:54:10.285Z,1,Pasco,Zephyrhills,,,,,,,,,,,,,,,,,,,,,,,,,,,,,,,Rental Listing,2035,Standard,2026-10-10T00:00:00.000Z,,1,,,,,,,,,,,,,,,,,,,,,,,,,,,,,,,,,,,,,,,,,,,,,,,,,,,,,,,,,,,,,,,,,,,,,,,,,,,,,,,,,,,,,,,,,,,,,,,,,,,,,,,,,,,,,,,,,,,,,,,,,,,,,,,,,,,,,,,,,,,,,,,,,,,,,,,,,,,,,,,,,,,,,,,,,,,,,,,,,,,,,,,,,,,,,,,,,,,,,,,,,,,,,,,,,,,,,,,,,,,,,,,,,,,,,,,,,,,,,,,,,,,,,,,,,,,,,,,,,,,,,,,,,,,,,,,,,,,,,,,,,,,,,,,,,,,,,,,,,,,,,,,,,,,,,,,,,,,,,,,,,,,,,,,,,,,,,,,,,,,,,,,,,,,,,,,,,,,,,,,,,,,,,,,,,,,,,,,,,,,,,,,,,,,,,,,,,,,,,,,,,,,,,,,,,,,,,,,,,,,,,,,
"5473-Magdelene-Way,-Zephyrhills,-FL-33541","5473 Magdelene Way, Zephyrhills, FL 33541",5473 Magdelene Way,,Zephyrhills,FL,12,33541,Pasco,101,28.236809,-82.227536,Single Family,4,2.0,1846.0,Active,2245,Standard,2026-10-10T00:00:00.000Z,,2021-02-19T01:11:06.416Z,2026-10-10T02:54:10.279Z,1,Pasco,Zephyrhills,,,,,,,,,,,,,,,,,,,,,,,,,,,,,,,Rental Listing,2245,Standard,2026-10-10T00:00:00.000Z,,1,,,,,,,,,,,,,,,,,,,,,,,,,,,,,,,,,,,,,,,,,,,,,,,,,,,,,,,,,,,,,,,,,,,,,,,,,,,,,,,,,,,,,,,,,,,,,,,,,,,,,,,,,,,,,,,,,,,,,,,,,,,,,,,,,,,,,,,,,,,,,,,,,,,,,,,,,,,,,,,,,,,,,,,,,,,,,,,,,,,,,,,,,,,,,,,,,,,,,,,,,,,,,,,,,,,,,,,,,,,,,,,,,,,,,,,,,,,,,,,,,,,,,,,,,,,,,,,,,,,,,,,,,,,,,,,,,,,,,,,,,,,,,,,,,,,,,,,,,,,,,,,,,,,,,,,,,,,,,,,,,,,,,,,,,,,,,,,,,,,,,,,,,,,,,,,,,,,,,,,,,,,,,,,,,,,,,,,,,,,,,,,,,,,,Rental Listing,2099.0,Standard,2025-04-01T00:00:00.000Z,2025-04-02T00:00:00.000Z,1.0,Rental Listing,2099.0,Standard,2025-04-07T00:00:00.000Z,2025-04-08T00:00:00.000Z,1.0,Rental Listing,2070.0,Standard,2025-04-19T00:00:00.000Z,2025-04-20T00:00:00.000Z,1.0,Rental Listing,2115.0,Standard,2026-04-09T00:00:00.000Z,2026-04-10T00:00:00.000Z,1.0,Rental Listing,2115.0,Standard,2026-04-20T00:00:00.000Z,2026-04-21T00:00:00.000Z,1.0,Rental Listing,2115.0,Standard,2026-05-06T00:00:00.000Z,2026-05-07T00:00:00.000Z,1.0
