id,formattedAddress,addressLine1,addressLine2,city,state,stateFips,zipCode,county,countyFips,latitude,longitude,propertyType,bedrooms,bathrooms,squareFootage,status,price,listingType,listedDate,removedDate,createdDate,lastSeenDate,daysOnMarket,meta_source_county,meta_source_city,history.2026-07-31.event,history.2026-07-31.price,history.2026-07-31.listingType,history.2026-07-31.listedDate,history.2026-07-31.removedDate,history.2026-07-31.daysOnMarket,history.2026-09-15.event,history.2026-09-15.price,history.2026-09-15.listingType,history.2026-09-15.listedDate,history.2026-09-15.removedDate,history.2026-09-15.daysOnMarket,lotSize,yearBuilt,history.2025-06-03.event,history.2025-06-03.price,history.2025-06-03.listingType,history.2025-06-03.listedDate,history.2025-06-03.removedDate,history.2025-06-03.daysOnMarket,history.2026-08-22.event,history.2026-08-22.price,history.2026-08-22.listingType,history.2026-08-22.listedDate,history.2026-08-22.removedDate,history.2026-08-22.daysOnMarket,history.2024-09-09.event,history.2024-09-09.price,history.2024-09-09.listingType,history.2024-09-09.listedDate,history.2024-09-09.removedDate,history.2024-09-09.daysOnMarket,history.2026-09-10.event,history.2026-09-10.price,history.2026-09-10.listingType,history.2026-09-10.listedDate,history.2026-09-10.removedDate,history.2026-09-10.daysOnMarket,hoa.fee,history.2026-09-11.event,history.2026-09-11.price,history.2026-09-11.listingType,history.2026-09-11.listedDate,history.2026-09-11.removedDate,history.2026-09-11.daysOnMarket,history.2024-12-18.event,history.2024-12-18.price,history.2024-12-18.listingType,history.2024-12-18.listedDate,history.2024-12-18.removedDate,history.2024-12-18.daysOnMarket,history.2026-05-31.event,history.2026-05-31.price,history.2026-05-31.listingType,history.2026-05-31.listedDate,history.2026-05-31.removedDate,history.2026-05-31.daysOnMarket,history.2026-08-28.event,history.2026-08-28.price,history.2026-08-28.listingType,history.2026-08-28.listedDate,history.2026-08-28.removedDate,history.2026-08-28.daysOnMarket,history.2025-12-04.event,history.2025-12-04.price,history.2025-12-04.listingType,history.2025-12-04.listedDate,history.2025-12-04.removedDate,history.2025-12-04.daysOnMarket,history.2024-09-22.event,history.2024-09-22.price,history.2024-09-22.listingType,history.2024-09-22.listedDate,history.2024-09-22.removedDate,history.2024-09-22.daysOnMarket,history.2024-10-19.event,history.2024-10-19.price,history.2024-10-19.listingType,history.2024-10-19.listedDate,history.2024-10-19.removedDate,history.2024-10-19.daysOnMarket,history.2025-10-22.event,history.2025-10-22.price,history.2025-10-22.listingType,history.2025-10-22.listedDate,history.2025-10-22.removedDate,history.2025-10-22.daysOnMarket,history.2025-08-15.event,history.2025-08-15.price,history.2025-08-15.listingType,history.2025-08-15.listedDate,history.2025-08-15.removedDate,history.2025-08-15.daysOnMarket,history.2025-09-23.event,history.2025-09-23.price,history.2025-09-23.listingType,history.2025-09-23.listedDate,history.2025-09-23.removedDate,history.2025-09-23.daysOnMarket,history.2026-07-21.event,history.2026-07-21.price,history.2026-07-21.listingType,history.2026-07-21.listedDate,history.2026-07-21.removedDate,history.2026-07-21.daysOnMarket,history.2026-07-22.event,history.2026-07-22.price,history.2026-07-22.listingType,history.2026-07-22.listedDate,history.2026-07-22.removedDate,history.2026-07-22.daysOnMarket,history.2026-09-06.event,history.2026-09-06.price,history.2026-09-06.listingType,history.2026-09-06.listedDate,history.2026-09-06.removedDate,history.2026-09-06.daysOnMarket,history.2025-08-11.event,history.2025-08-11.price,history.2025-08-11.listingType,history.2025-08-11.listedDate,history.2025-08-11.removedDate,history.2025-08-11.daysOnMarket,history.2025-08-30.event,history.2025-08-30.price,history.2025-08-30.listingType,history.2025-08-30.listedDate,history.2025-08-30.removedDate,history.2025-08-30.daysOnMarket,history.2026-09-07.event,history.2026-09-07.price,history.2026-09-07.listingType,history.2026-09-07.listedDate,history.2026-09-07.removedDate,history.2026-09-07.daysOnMarket,history.2026-08-14.event,history.2026-08-14.price,history.2026-08-14.listingType,history.2026-08-14.listedDate,history.2026-08-14.removedDate,history.2026-08-14.daysOnMarket,history.2026-08-31.event,history.2026-08-31.price,history.2026-08-31.listingType,history.2026-08-31.listedDate,history.2026-08-31.removedDate,history.2026-08-31.daysOnMarket,history.2025-01-22.event,history.2025-01-22.price,history.2025-01-22.listingType,history.2025-01-22.listedDate,history.2025-01-22.removedDate,history.2025-01-22.daysOnMarket,history.2026-04-24.event,history.2026-04-24.price,history.2026-04-24.listingType,history.2026-04-24.listedDate,history.2026-04-24.removedDate,history.2026-04-24.daysOnMarket,history.2026-08-04.event,history.2026-08-04.price,history.2026-08-04.listingType,history.2026-08-04.listedDate,history.2026-08-04.removedDate,history.2026-08-04.daysOnMarket,history.2025-08-13.event,history.2025-08-13.price,history.2025-08-13.listingType,history.2025-08-13.listedDate,history.2025-08-13.removedDate,history.2025-08-13.daysOnMarket,history.2026-03-25.event,history.2026-03-25.price,history.2026-03-25.listingType,history.2026-03-25.listedDate,history.2026-03-25.removedDate,history.2026-03-25.daysOnMarket,history.2025-04-29.event,history.2025-04-29.price,history.2025-04-29.listingType,history.2025-04-29.listedDate,history.2025-04-29.removedDate,history.2025-04-29.daysOnMarket,history.2026-08-29.event,history.2026-08-29.price,history.2026-08-29.listingType,history.2026-08-29.listedDate,history.2026-08-29.removedDate,history.2026-08-29.daysOnMarket,history.2025-04-08.event,history.2025-04-08.price,history.2025-04-08.listingType,history.2025-04-08.listedDate,history.2025-04-08.removedDate,history.2025-04-08.daysOnMarket,history.2026-07-16.event,history.2026-07-16.price,history.2026-07-16.listingType,history.2026-07-16.listedDate,history.2026-07-16.removedDate,history.2026-07-16.daysOnMarket,history.2026-07-20.event,history.2026-07-20.price,history.2026-07-20.listingType,history.2026-07-20.listedDate,history.2026-07-20.removedDate,history.2026-07-20.daysOnMarket,history.2026-08-10.event,history.2026-08-10.price,history.2026-08-10.listingType,history.2026-08-10.listedDate,history.2026-08-10.removedDate,history.2026-08-10.daysOnMarket,history.2026-01-16.event,history.2026-01-16.price,history.2026-01-16.listingType,history.2026-01-16.listedDate,history.2026-01-16.removedDate,history.2026-01-16.daysOnMarket,history.2025-10-08.event,history.2025-10-08.price,history.2025-10-08.listingType,history.2025-10-08.listedDate,history.2025-10-08.removedDate,history.2025-10-08.daysOnMarket,history.2026-05-18.event,history.2026-05-18.price,history.2026-05-18.listingType,history.2026-05-18.listedDate,history.2026-05-18.removedDate,history.2026-05-18.daysOnMarket,history.2026-06-22.event,history.2026-06-22.price,history.2026-06-22.listingType,history.2026-06-22.listedDate,history.2026-06-22.removedDate,history.2026-06-22.daysOnMarket,history.2025-03-25.event,history.2025-03-25.price,history.2025-03-25.listingType,history.2025-03-25.listedDate,history.2025-03-25.removedDate,history.2025-03-25.daysOnMarket,history.2025-07-12.event,history.2025-07-12.price,history.2025-07-12.listingType,history.2025-07-12.listedDate,history.2025-07-12.removedDate,history.2025-07-12.daysOnMarket,history.2025-10-04.event,history.2025-10-04.price,history.2025-10-04.listingType,history.2025-10-04.listedDate,history.2025-10-04.removedDate,history.2025-10-04.daysOnMarket,history.2025-11-05.event,history.2025-11-05.price,history.2025-11-05.listingType,history.2025-11-05.listedDate,history.2025-11-05.removedDate,history.2025-11-05.daysOnMarket,history.2025-12-20.event,history.2025-12-20.price,history.2025-12-20.listingType,history.2025-12-20.listedDate,history.2025-12-20.removedDate,history.2025-12-20.daysOnMarket,history.2026-01-07.event,history.2026-01-07.price,history.2026-01-07.listingType,history.2026-01-07.listedDate,history.2026-01-07.removedDate,history.2026-01-07.daysOnMarket,history.2026-02-08.event,history.2026-02-08.price,history.2026-02-08.listingType,history.2026-02-08.listedDate,history.2026-02-08.removedDate,history.2026-02-08.daysOnMarket,history.2026-02-27.event,history.2026-02-27.price,history.2026-02-27.listingType,history.2026-02-27.listedDate,history.2026-02-27.removedDate,history.2026-02-27.daysOnMarket,history.2026-03-14.event,history.2026-03-14.price,history.2026-03-14.listingType,history.2026-03-14.listedDate,history.2026-03-14.removedDate,history.2026-03-14.daysOnMarket,history.2026-04-04.event,history.2026-04-04.price,history.2026-04-04.listingType,history.2026-04-04.listedDate,history.2026-04-04.removedDate,history.2026-04-04.daysOnMarket,history.2025-01-02.event,history.2025-01-02.price,history.2025-01-02.listingType,history.2025-01-02.listedDate,history.2025-01-02.removedDate,history.2025-01-02.daysOnMarket,history.2024-11-23.event,history.2024-11-23.price,history.2024-11-23.listingType,history.2024-11-23.listedDate,history.2024-11-23.removedDate,history.2024-11-23.daysOnMarket,history.2026-03-24.event,history.2026-03-24.price,history.2026-03-24.listingType,history.2026-03-24.listedDate,history.2026-03-24.removedDate,history.2026-03-24.daysOnMarket,history.2024-10-22.event,history.2024-10-22.price,history.2024-10-22.listingType,history.2024-10-22.listedDate,history.2024-10-22.removedDate,history.2024-10-22.daysOnMarket,history.2026-03-17.event,history.2026-03-17.price,history.2026-03-17.listingType,history.2026-03-17.listedDate,history.2026-03-17.removedDate,history.2026-03-17.daysOnMarket,history.2026-05-30.event,history.2026-05-30.price,history.2026-05-30.listingType,history.2026-05-30.listedDate,history.2026-05-30.removedDate,history.2026-05-30.daysOnMarket,history.2026-06-15.event,history.2026-06-15.price,history.2026-06-15.listingType,history.2026-06-15.listedDate,history.2026-06-15.removedDate,history.2026-06-15.daysOnMarket,history.2025-05-03.event,history.2025-05-03.price,history.2025-05-03.listingType,history.2025-05-03.listedDate,history.2025-05-03.removedDate,history.2025-05-03.daysOnMarket,history.2026-07-28.event,history.2026-07-28.price,history.2026-07-28.listingType,history.2026-07-28.listedDate,history.2026-07-28.removedDate,history.2026-07-28.daysOnMarket,history.2024-10-18.event,history.2024-10-18.price,history.2024-10-18.listingType,history.2024-10-18.listedDate,history.2024-10-18.removedDate,history.2024-10-18.daysOnMarket,history.2026-05-29.event,history.2026-05-29.price,history.2026-05-29.listingType,history.2026-05-29.listedDate,history.2026-05-29.removedDate,history.2026-05-29.daysOnMarket,history.2025-10-18.event,history.2025-10-18.price,history.2025-10-18.listingType,history.2025-10-18.listedDate,history.2025-10-18.removedDate,history.2025-10-18.daysOnMarket,history.2026-08-21.event,history.2026-08-21.price,history.2026-08-21.listingType,history.2026-08-21.listedDate,history.2026-08-21.removedDate,history.2026-08-21.daysOnMarket,history.2024-11-02.event,history.2024-11-02.price,history.2024-11-02.listingType,history.2024-11-02.listedDate,history.2024-11-02.removedDate,history.2024-11-02.daysOnMarket,history.2026-08-06.event,history.2026-08-06.price,history.2026-08-06.listingType,history.2026-08-06.listedDate,history.2026-08-06.removedDate,history.2026-08-06.daysOnMarket,history.2026-06-26.event,history.2026-06-26.price,history.2026-06-26.listingType,history.2026-06-26.listedDate,history.2026-06-26.removedDate,history.2026-06-26.daysOnMarket,history.2025-09-10.event,history.2025-09-10.price,history.2025-09-10.listingType,history.2025-09-10.listedDate,history.2025-09-10.removedDate,history.2025-09-10.daysOnMarket,history.2025-06-06.event,history.2025-06-06.price,history.2025-06-06.listingType,history.2025-06-06.listedDate,history.2025-06-06.removedDate,history.2025-06-06.daysOnMarket,history.2026-06-16.event,history.2026-06-16.price,history.2026-06-16.listingType,history.2026-06-16.listedDate,history.2026-06-16.removedDate,history.2026-06-16.daysOnMarket,history.2023-05-03.event,history.2023-05-03.price,history.2023-05-03.listingType,history.2023-05-03.listedDate,history.2023-05-03.removedDate,history.2023-05-03.daysOnMarket,history.2026-08-03.event,history.2026-08-03.price,history.2026-08-03.listingType,history.2026-08-03.listedDate,history.2026-08-03.removedDate,history.2026-08-03.daysOnMarket,history.2026-05-14.event,history.2026-05-14.price,history.2026-05-14.listingType,history.2026-05-14.listedDate,history.2026-05-14.removedDate,history.2026-05-14.daysOnMarket,history.2026-05-26.event,history.2026-05-26.price,history.2026-05-26.listingType,history.2026-05-26.listedDate,history.2026-05-26.removedDate,history.2026-05-26.daysOnMarket,history.2026-03-27.event,history.2026-03-27.price,history.2026-03-27.listingType,history.2026-03-27.listedDate,history.2026-03-27.removedDate,history.2026-03-27.daysOnMarket,history.2025-06-25.event,history.2025-06-25.price,history.2025-06-25.listingType,history.2025-06-25.listedDate,history.2025-06-25.removedDate,history.2025-06-25.daysOnMarket,history.2025-07-30.event,history.2025-07-30.price,history.2025-07-30.listingType,history.2025-07-30.listedDate,history.2025-07-30.removedDate,history.2025-07-30.daysOnMarket,history.2026-04-28.event,history.2026-04-28.price,history.2026-04-28.listingType,history.2026-04-28.listedDate,history.2026-04-28.removedDate,history.2026-04-28.daysOnMarket,history.2026-06-01.event,history.2026-06-01.price,history.2026-06-01.listingType,history.2026-06-01.listedDate,history.2026-06-01.removedDate,history.2026-06-01.daysOnMarket,history.2026-01-20.event,history.2026-01-20.price,history.2026-01-20.listingType,history.2026-01-20.listedDate,history.2026-01-20.removedDate,history.2026-01-20.daysOnMarket,history.2026-02-10.event,history.2026-02-10.price,history.2026-02-10.listingType,history.2026-02-10.listedDate,history.2026-02-10.removedDate,history.2026-02-10.daysOnMarket,history.2026-03-06.event,history.2026-03-06.price,history.2026-03-06.listingType,history.2026-03-06.listedDate,history.2026-03-06.removedDate,history.2026-03-06.daysOnMarket,history.2025-08-02.event,history.2025-08-02.price,history.2025-08-02.listingType,history.2025-08-02.listedDate,history.2025-08-02.removedDate,history.2025-08-02.daysOnMarket,history.2026-07-30.event,history.2026-07-30.price,history.2026-07-30.listingType,history.2026-07-30.listedDate,history.2026-07-30.removedDate,history.2026-07-30.daysOnMarket
"18525-Dajana-Ave,-Land-O-Lakes,-FL-34638","18525 Dajana Ave, Land O Lakes, FL 34638",18525 Dajana Ave,,Land O Lakes,FL,12,34638,Pasco,101,28.299055,-82.50938,Single Family,3,2.0,1489.0,Active,2090,Standard,2026-09-15T00:00:00.000Z,,2021-01-21T01:15:55.037Z,2026-09-15T02:50:39.370Z,1,Pasco,Land O Lakes,Rental Listing,2125.0,Standard,2026-07-31T00:00:00.000Z,2026-08-01T00:00:00.000Z,1.0,Rental Listing,2090,Standard,2026-09-15T00:00:00.000Z,,1,,,,,,,,,,,,,,,,,,,,,,,,,,,,,,,,,,,,,,,,,,,,,,,,,,,,,,,,,,,,,,,,,,,,,,,,,,,,,,,,,,,,,,,,,,,,,,,,,,,,,,,,,,,,,,,,,,,,,,,,,,,,,,,,,,,,,,,,,,,,,,,,,,,,,,,,,,,,,,,,,,,,,,,,,,,,,,,,,,,,,,,,,,,,,,,,,,,,,,,,,,,,,,,,,,,,,,,,,,,,,,,,,,,,,,,,,,,,,,,,,,,,,,,,,,,,,,,,,,,,,,,,,,,,,,,,,,,,,,,,,,,,,,,,,,,,,,,,,,,,,,,,,,,,,,,,,,,,,,,,,,,,,,,,,,,,,,,,,,,,,,,,,,,,,,,,,,,,,,,,,,,,,,,,,,,,,,,,,,,,,,,,,,,,,,,,,,,,,,,,,,,,,,,,,,,,,,,,,,,,,,,,,,,,,,,,,,,,,,,,,,,,,,,,,,,,,,,,,,,,,,,,,,,,,,,,,,,,,,,,,,,
"25924-Terrawood-Loop,-Land-O-Lakes,-FL-34639","25924 Terrawood Loop, Land O Lakes, FL 34639",25924 Terrawood Loop,,Land O Lakes,FL,12,34639,Pasco,101,28.2221,-82.387022,Single Family,3,2.0,1340.0,Active,2100,Standard,2026-09-15T00:00:00.000Z,,2023-10-28T00:00:00.000Z,2026-09-15T02:50:39.369Z,1,Pasco,Land O Lakes,Rental Listing,2100.0,Standard,2026-07-31T00:00:00.000Z,2026-08-01T00:00:00.000Z,1.0,Rental Listing,2100,Standard,2026-09-15T00:00:00.000Z,,1,,,,,,,,,,,,,,,,,,,,,,,,,,,,,,,,,,,,,,,,,,,,,,,,,,,,,,,,,,,,,,,,,,,,,,,,,,,,,,,,,,,,,,,,,,,,,,,,,,,,,,,,,,,,,,,,,,,,,,,,,,,,,,,,,,,,,,,,,,,,,,,,,,,,,,,,,,,,,,,,,,,,,,,,,,,,,,,,,,,,,,,,,,,,,,,,,,,,,,,,,,,,,,,,,,,,,,,,,,,,,,,,,,,,,,,,,,,,,,,,,,,,,,,,,,,,,,,,,,,,,,,,,,,,,,,,,,,,,,,,,,,,,,,,,,,,,,,,,,,,,,,,,,,,,,,,,,,,,,,,,,,,,,,,,,,,,,,,,,,,,,,,,,,,,,,,,,,,,,,,,,,,,,,,,,,,,,,,,,,,,,,,,,,,,,,,,,,,,,,,,,,,,,,,,,,,,,,,,,,,,,,,,,,,,,,,,,,,,,,,,,,,,,,,,,,,,,,,,,,,,,,,,,,,,,,,,,,,,,,,,,,
"10503-Farm-Hill-Ave,-Land-O-Lakes,-FL-34638","10503 Farm Hill Ave, Land O Lakes, FL 34638",10503 Farm Hill Ave,,Land O Lakes,FL,12,34638,Pasco,101,28.309803,-82.52367,Single Family,4,3.0,2756.0,Active,3300,Standard,2026-09-15T00:00:00.000Z,,2025-06-03T00:00:00.000Z,2026-09-15T02:50:39.360Z,1,Pasco,Land O Lakes,,,,,,,Rental Listing,3300,Standard,2026-09-15T00:00:00.000Z,,1,6941.0,2025.0,Rental Listing,3000.0,New Construction,2025-06-03T00:00:00.000Z,2025-07-25T00:00:00.000Z,52.0,Rental Listing,3500.0,Standard,2026-08-22T00:00:00.000Z,2026-08-23T00:00:00.000Z,1.0,,,,,,,,,,,,,,,,,,,,,,,,,,,,,,,,,,,,,,,,,,,,,,,,,,,,,,,,,,,,,,,,,,,,,,,,,,,,,,,,,,,,,,,,,,,,,,,,,,,,,,,,,,,,,,,,,,,,,,,,,,,,,,,,,,,,,,,,,,,,,,,,,,,,,,,,,,,,,,,,,,,,,,,,,,,,,,,,,,,,,,,,,,,,,,,,,,,,,,,,,,,,,,,,,,,,,,,,,,,,,,,,,,,,,,,,,,,,,,,,,,,,,,,,,,,,,,,,,,,,,,,,,,,,,,,,,,,,,,,,,,,,,,,,,,,,,,,,,,,,,,,,,,,,,,,,,,,,,,,,,,,,,,,,,,,,,,,,,,,,,,,,,,,,,,,,,,,,,,,,,,,,,,,,,,,,,,,,,,,,,,,,,,,,,,,,,,,,,,,,,,,,,,,,,,,,,,,,,,,,,,,,,,,,,,,,,,,,,,,,,,,,,,,,,,,,,,,,,,,,,,,,,,,,,
"25151-Seven-Rivers-Cir,-Land-O-Lakes,-FL-34639","25151 Seven Rivers Cir, Land O Lakes, FL 34639",25151 Seven Rivers Cir,,Land O Lakes,FL,12,34639,Pasco,101,28.206089,-82.401321,Single Family,3,2.0,1440.0,Active,2165,Standard,2026-09-15T00:00:00.000Z,,2023-06-27T00:00:00.000Z,2026-09-15T02:50:39.359Z,1,Pasco,Land O Lakes,,,,,,,Rental Listing,2165,Standard,2026-09-15T00:00:00.000Z,,1,,,,,,,,,,,,,,,Rental Listing,2070.0,Standard,2024-09-09T00:00:00.000Z,2024-10-10T00:00:00.000Z,31.0,Rental Listing,2165.0,Standard,2026-09-10T00:00:00.000Z,2026-09-11T00:00:00.000Z,1.0,,,,,,,,,,,,,,,,,,,,,,,,,,,,,,,,,,,,,,,,,,,,,,,,,,,,,,,,,,,,,,,,,,,,,,,,,,,,,,,,,,,,,,,,,,,,,,,,,,,,,,,,,,,,,,,,,,,,,,,,,,,,,,,,,,,,,,,,,,,,,,,,,,,,,,,,,,,,,,,,,,,,,,,,,,,,,,,,,,,,,,,,,,,,,,,,,,,,,,,,,,,,,,,,,,,,,,,,,,,,,,,,,,,,,,,,,,,,,,,,,,,,,,,,,,,,,,,,,,,,,,,,,,,,,,,,,,,,,,,,,,,,,,,,,,,,,,,,,,,,,,,,,,,,,,,,,,,,,,,,,,,,,,,,,,,,,,,,,,,,,,,,,,,,,,,,,,,,,,,,,,,,,,,,,,,,,,,,,,,,,,,,,,,,,,,,,,,,,,,,,,,,,,,,,,,,,,,,,,,,,,,,,,,,,,,,,,,,,,,,,,,,,,,,,,,,,,,,,
"18136-Cypress-Bay-Pkwy,-Land-O-Lakes,-FL-34638","18136 Cypress Bay Pkwy, Land O Lakes, FL 34638",18136 Cypress Bay Pkwy,,Land O Lakes,FL,12,34638,Pasco,101,28.302351,-82.515594,Single Family,3,2.0,1271.0,Active,1890,Standard,2026-09-15T00:00:00.000Z,,2024-08-02T00:00:00.000Z,2026-09-15T02:50:39.356Z,1,Pasco,Land O Lakes,,,,,,,Rental Listing,1890,Standard,2026-09-15T00:00:00.000Z,,1,,,,,,,,,,,,,,,,,,,,,,,,,,,,,,,,,,,,,,,,,,,,,,,,,,,,,,,,,,,,,,,,,,,,,,,,,,,,,,,,,,,,,,,,,,,,,,,,,,,,,,,,,,,,,,,,,,,,,,,,,,,,,,,,,,,,,,,,,,,,,,,,,,,,,,,,,,,,,,,,,,,,,,,,,,,,,,,,,,,,,,,,,,,,,,,,,,,,,,,,,,,,,,,,,,,,,,,,,,,,,,,,,,,,,,,,,,,,,,,,,,,,,,,,,,,,,,,,,,,,,,,,,,,,,,,,,,,,,,,,,,,,,,,,,,,,,,,,,,,,,,,,,,,,,,,,,,,,,,,,,,,,,,,,,,,,,,,,,,,,,,,,,,,,,,,,,,,,,,,,,,,,,,,,,,,,,,,,,,,,,,,,,,,,,,,,,,,,,,,,,,,,,,,,,,,,,,,,,,,,,,,,,,,,,,,,,,,,,,,,,,,,,,,,,,,,,,,,,,,,,,,,,,,,,,,,,,,,,,,,,,,
"4313-Longshore-Dr,-Land-O-Lakes,-FL-34639","4313 Longshore Dr, Land O Lakes, FL 34639",4313 Longshore Dr,,Land O Lakes,FL,12,34639,Pasco,101,28.219834,-82.4347,Single Family,3,2.0,1227.0,Active,1845,Standard,2026-09-15T00:00:00.000Z,,2021-02-20T01:52:15.962Z,2026-09-15T02:50:39.355Z,1,Pasco,Land O Lakes,,,,,,,Rental Listing,1845,Standard,2026-09-15T00:00:00.000Z,,1,4030.0,1995.0,,,,,,,,,,,,,,,,,,,,,,,,,40.0,Rental Listing,1885.0,Standard,2026-09-11T00:00:00.000Z,2026-09-12T00:00:00.000Z,1.0,,,,,,,,,,,,,,,,,,,,,,,,,,,,,,,,,,,,,,,,,,,,,,,,,,,,,,,,,,,,,,,,,,,,,,,,,,,,,,,,,,,,,,,,,,,,,,,,,,,,,,,,,,,,,,,,,,,,,,,,,,,,,,,,,,,,,,,,,,,,,,,,,,,,,,,,,,,,,,,,,,,,,,,,,,,,,,,,,,,,,,,,,,,,,,,,,,,,,,,,,,,,,,,,,,,,,,,,,,,,,,,,,,,,,,,,,,,,,,,,,,,,,,,,,,,,,,,,,,,,,,,,,,,,,,,,,,,,,,,,,,,,,,,,,,,,,,,,,,,,,,,,,,,,,,,,,,,,,,,,,,,,,,,,,,,,,,,,,,,,,,,,,,,,,,,,,,,,,,,,,,,,,,,,,,,,,,,,,,,,,,,,,,,,,,,,,,,,,,,,,,,,,,,,,,,,,,,,,,,,,,,,,,,,,,,,,,,,,,,,,,,,,,,,,,
"18588-Hunters-Meadow-Walk,-Land-O-Lakes,-FL-34638","18588 Hunters Meadow Walk, Land O Lakes, FL 34638",18588 Hunters Meadow Walk,,Land O Lakes,FL,12,34638,Pasco,101,28.304242,-82.508984,Single Family,3,2.0,1753.0,Active,2265,Standard,2026-09-15T00:00:00.000Z,,2022-08-05T04:07:17.603Z,2026-09-15T02:50:39.346Z,1,Pasco,Land O Lakes,,,,,,,Rental Listing,2265,Standard,2026-09-15T00:00:00.000Z,,1,,,,,,,,,,,,,,,,,,,,,,,,,,,,,,,,,,Rental Listing,2220.0,Standard,2024-12-18T00:00:00.000Z,2026-08-01T00:00:00.000Z,591.0,,,,,,,,,,,,,,,,,,,,,,,,,,,,,,,,,,,,,,,,,,,,,,,,,,,,,,,,,,,,,,,,,,,,,,,,,,,,,,,,,,,,,,,,,,,,,,,,,,,,,,,,,,,,,,,,,,,,,,,,,,,,,,,,,,,,,,,,,,,,,,,,,,,,,,,,,,,,,,,,,,,,,,,,,,,,,,,,,,,,,,,,,,,,,,,,,,,,,,,,,,,,,,,,,,,,,,,,,,,,,,,,,,,,,,,,,,,,,,,,,,,,,,,,,,,,,,,,,,,,,,,,,,,,,,,,,,,,,,,,,,,,,,,,,,,,,,,,,,,,,,,,,,,,,,,,,,,,,,,,,,,,,,,,,,,,,,,,,,,,,,,,,,,,,,,,,,,,,,,,,,,,,,,,,,,,,,,,,,,,,,,,,,,,,,,,,,,,,,,,,,,,,,,,,,,,,,,,,,,,,,,,,,,,,,,,,,,,,,,,,,,,
"21402-Preservation-Dr,-Land-O-Lakes,-FL-34638","21402 Preservation Dr, Land O Lakes, FL 34638",21402 Preservation Dr,,Land O Lakes,FL,12,34638,Pasco,101,28.239543,-82.462171,Single Family,4,2.5,2509.0,Active,2850,Standard,2026-09-15T00:00:00.000Z,,2026-05-23T00:00:00.000Z,2026-09-15T02:50:39.344Z,1,Pasco,Land O Lakes,,,,,,,Rental Listing,2850,Standard,2026-09-15T00:00:00.000Z,,1,,,,,,,,,,,,,,,,,,,,,,,,,,,,,,,,,,,,,,,,Rental Listing,3070.0,Standard,2026-05-31T00:00:00.000Z,2026-06-01T00:00:00.000Z,1.0,,,,,,,,,,,,,,,,,,,,,,,,,,,,,,,,,,,,,,,,,,,,,,,,,,,,,,,,,,,,,,,,,,,,,,,,,,,,,,,,,,,,,,,,,,,,,,,,,,,,,,,,,,,,,,,,,,,,,,,,,,,,,,,,,,,,,,,,,,,,,,,,,,,,,,,,,,,,,,,,,,,,,,,,,,,,,,,,,,,,,,,,,,,,,,,,,,,,,,,,,,,,,,,,,,,,,,,,,,,,,,,,,,,,,,,,,,,,,,,,,,,,,,,,,,,,,,,,,,,,,,,,,,,,,,,,,,,,,,,,,,,,,,,,,,,,,,,,,,,,,,,,,,,,,,,,,,,,,,,,,,,,,,,,,,,,,,,,,,,,,,,,,,,,,,,,,,,,,,,,,,,,,,,,,,,,,,,,,,,,,,,,,,,,,,,,,,,,,,,,,,,,,,,,,,,,,,,,,,,,,,,,,,,,,,,,,,,,,,
"18447-Red-Willow-Way,-Land-O-Lakes,-FL-34638","18447 Red Willow Way, Land O Lakes, FL 34638",18447 Red Willow Way,,Land O Lakes,FL,12,34638,Pasco,101,28.301633,-82.51064,Single Family,3,2.0,2150.0,Active,2675,Standard,2026-09-15T00:00:00.000Z,,2020-12-12T01:03:52.073Z,2026-09-15T02:50:39.339Z,1,Pasco,Land O Lakes,,,,,,,Rental Listing,2675,Standard,2026-09-15T00:00:00.000Z,,1,,,,,,,,,,,,,,,,,,,,,,,,,,,,,,,,,,,,,,,,,,,,,,Rental Listing,2790.0,Standard,2026-08-28T00:00:00.000Z,2026-08-29T00:00:00.000Z,1.0,,,,,,,,,,,,,,,,,,,,,,,,,,,,,,,,,,,,,,,,,,,,,,,,,,,,,,,,,,,,,,,,,,,,,,,,,,,,,,,,,,,,,,,,,,,,,,,,,,,,,,,,,,,,,,,,,,,,,,,,,,,,,,,,,,,,,,,,,,,,,,,,,,,,,,,,,,,,,,,,,,,,,,,,,,,,,,,,,,,,,,,,,,,,,,,,,,,,,,,,,,,,,,,,,,,,,,,,,,,,,,,,,,,,,,,,,,,,,,,,,,,,,,,,,,,,,,,,,,,,,,,,,,,,,,,,,,,,,,,,,,,,,,,,,,,,,,,,,,,,,,,,,,,,,,,,,,,,,,,,,,,,,,,,,,,,,,,,,,,,,,,,,,,,,,,,,,,,,,,,,,,,,,,,,,,,,,,,,,,,,,,,,,,,,,,,,,,,,,,,,,,,,,,,,,,,,,,,,,,,,,,,,,,,,,,,
"19408-Otters-Wick-Way,-Land-O-Lakes,-FL-34638","19408 Otters Wick Way, Land O Lakes, FL 34638",19408 Otters Wick Way,,Land O Lakes,FL,12,34638,Pasco,101,28.219469,-82.494875,Single Family,3,2.0,1598.0,Active,2190,Standard,2026-09-15T00:00:00.000Z,,2021-11-15T00:47:18.607Z,2026-09-15T02:48:17.029Z,1,Pasco,Land O Lakes,,,,,,,Rental Listing,2190,Standard,2026-09-15T00:00:00.000Z,,1,,,,,,,,,,,,,,,,,,,,,,,,,,,,,,,,,,,,,,,,,,,,,,,,,,,,Rental Listing,2070.0,Standard,2025-12-04T00:00:00.000Z,2025-12-05T00:00:00.000Z,1.0,,,,,,,,,,,,,,,,,,,,,,,,,,,,,,,,,,,,,,,,,,,,,,,,,,,,,,,,,,,,,,,,,,,,,,,,,,,,,,,,,,,,,,,,,,,,,,,,,,,,,,,,,,,,,,,,,,,,,,,,,,,,,,,,,,,,,,,,,,,,,,,,,,,,,,,,,,,,,,,,,,,,,,,,,,,,,,,,,,,,,,,,,,,,,,,,,,,,,,,,,,,,,,,,,,,,,,,,,,,,,,,,,,,,,,,,,,,,,,,,,,,,,,,,,,,,,,,,,,,,,,,,,,,,,,,,,,,,,,,,,,,,,,,,,,,,,,,,,,,,,,,,,,,,,,,,,,,,,,,,,,,,,,,,,,,,,,,,,,,,,,,,,,,,,,,,,,,,,,,,,,,,,,,,,,,,,,,,,,,,,,,,,,,,,,,,,,,,,,,,,,,,,,,,,,,,,,,,,,,,,,,,,,
"4786-Ballantrae-Blvd,-Land-O-Lakes,-FL-34638","4786 Ballantrae Blvd, Land O Lakes, FL 34638",4786 Ballantrae Blvd,,Land O Lakes,FL,12,34638,Pasco,101,28.223013,-82.522079,Single Family,3,2.0,2101.0,Active,3000,Standard,2026-09-15T00:00:00.000Z,,2023-05-04T00:00:00.000Z,2026-09-15T02:48:17.012Z,1,Pasco,Land O Lakes,,,,,,,Rental Listing,3000,Standard,2026-09-15T00:00:00.000Z,,1,6534.0,2020.0,,,,,,,,,,,,,,,,,,,,,,,,,48.0,,,,,,,,,,,,,,,,,,,,,,,,,,,,,,,,,,,,,,,,,,,,,,,,,,,,,,,,,,,,,,,,,,,,,,,,,,,,,,,,,,,,,,,,,,,,,,,,,,,,,,,,,,,,,,,,,,,,,,,,,,,,,,,,,,,,,,,,,,,,,,,,,,,,,,,,,,,,,,,,,,,,,,,,,,,,,,,,,,,,,,,,,,,,,,,,,,,,,,,,,,,,,,,,,,,,,,,,,,,,,,,,,,,,,,,,,,,,,,,,,,,,,,,,,,,,,,,,,,,,,,,,,,,,,,,,,,,,,,,,,,,,,,,,,,,,,,,,,,,,,,,,,,,,,,,,,,,,,,,,,,,,,,,,,,,,,,,,,,,,,,,,,,,,,,,,,,,,,,,,,,,,,,,,,,,,,,,,,,,,,,,,,,,,,,,,,,,,,,,,,,,,,,,,,,,,,,,,,,,,,,,,,,,,,,,,,,,,,,,,,,,,,,,,,,,,,,,,
"4609-Braesgate-Ct,-Land-O-Lakes,-FL-34639","4609 Braesgate Ct, Land O Lakes, FL 34639",4609 Braesgate Ct,,Land O Lakes,FL,12,34639,Pasco,101,28.223996,-82.437005,Single Family,4,2.0,1940.0,Active,2510,Standard,2026-09-15T00:00:00.000Z,,2020-04-18T14:59:40.653Z,2026-09-15T02:48:17.001Z,1,Pasco,Land O Lakes,,,,,,,Rental Listing,2510,Standard,2026-09-15T00:00:00.000Z,,1,,,,,,,,,,,,,,,,,,,,,,,,,,,,,,,,,,,,,,,,,,,,,,,,,,,,,,,,,,,,,,,,,,,,,,,,,,,,,,,,,,,,,,,,,,,,,,,,,,,,,,,,,,,,,,,,,,,,,,,,,,,,,,,,,,,,,,,,,,,,,,,,,,,,,,,,,,,,,,,,,,,,,,,,,,,,,,,,,,,,,,,,,,,,,,,,,,,,,,,,,,,,,,,,,,,,,,,,,,,,,,,,,,,,,,,,,,,,,,,,,,,,,,,,,,,,,,,,,,,,,,,,,,,,,,,,,,,,,,,,,,,,,,,,,,,,,,,,,,,,,,,,,,,,,,,,,,,,,,,,,,,,,,,,,,,,,,,,,,,,,,,,,,,,,,,,,,,,,,,,,,,,,,,,,,,,,,,,,,,,,,,,,,,,,,,,,,,,,,,,,,,,,,,,,,,,,,,,,,,,,,,,,,,,,,,,,,,,,,,,,,,,,,,,,,,,,,,,,,,,,,,,,,,,,,,,,,,,,,,,,,,
"22721-Beltrees-Ct,-Land-O-Lakes,-FL-34639","22721 Beltrees Ct, Land O Lakes, FL 34639",22721 Beltrees Ct,,Land O Lakes,FL,12,34639,Pasco,101,28.225601,-82.440026,Single Family,3,2.0,2057.0,Active,2425,Standard,2026-09-15T00:00:00.000Z,,2022-08-05T04:07:17.610Z,2026-09-15T02:48:17.000Z,1,Pasco,Land O Lakes,,,,,,,Rental Listing,2425,Standard,2026-09-15T00:00:00.000Z,,1,,,,,,,,,,,,,,,,,,,,,,,,,,,,,,,,,,,,,,,,,,,,,,,,,,,,,,,,,,,,,,,,,,,,,,,,,,,,,,,,,,,,,,,,,,,,,,,,,,,,,,,,,,,,,,,,,,,,,,,,,,,,,,,,,,,,,,,,,,,,,,,,,,,,,,,,,,,,,,,,,,,,,,,,,,,,,,,,,,,,,,,,,,,,,,,,,,,,,,,,,,,,,,,,,,,,,,,,,,,,,,,,,,,,,,,,,,,,,,,,,,,,,,,,,,,,,,,,,,,,,,,,,,,,,,,,,,,,,,,,,,,,,,,,,,,,,,,,,,,,,,,,,,,,,,,,,,,,,,,,,,,,,,,,,,,,,,,,,,,,,,,,,,,,,,,,,,,,,,,,,,,,,,,,,,,,,,,,,,,,,,,,,,,,,,,,,,,,,,,,,,,,,,,,,,,,,,,,,,,,,,,,,,,,,,,,,,,,,,,,,,,,,,,,,,,,,,,,,,,,,,,,,,,,,,,,,,,,,,,,,,,
"17513-Stinchar-Dr,-Land-O-Lakes,-FL-34638","17513 Stinchar Dr, Land O Lakes, FL 34638",17513 Stinchar Dr,,Land O Lakes,FL,12,34638,Pasco,101,28.19951,-82.526166,Single Family,3,3.0,1768.0,Active,2245,Standard,2026-09-15T00:00:00.000Z,,2022-06-15T01:35:14.444Z,2026-09-15T02:48:16.998Z,1,Pasco,Land O Lakes,,,,,,,Rental Listing,2245,Standard,2026-09-15T00:00:00.000Z,,1,,,,,,,,,,,,,,,,,,,,,,,,,,,,,,,,,,,,,,,,,,,,,,,,,,,,,,,,,,Rental Listing,2145.0,Standard,2024-09-22T00:00:00.000Z,2024-09-23T00:00:00.000Z,1.0,Rental Listing,1995.0,Standard,2024-10-19T00:00:00.000Z,2024-10-20T00:00:00.000Z,1.0,Rental Listing,2045.0,Standard,2025-10-22T00:00:00.000Z,2025-10-23T00:00:00.000Z,1.0,,,,,,,,,,,,,,,,,,,,,,,,,,,,,,,,,,,,,,,,,,,,,,,,,,,,,,,,,,,,,,,,,,,,,,,,,,,,,,,,,,,,,,,,,,,,,,,,,,,,,,,,,,,,,,,,,,,,,,,,,,,,,,,,,,,,,,,,,,,,,,,,,,,,,,,,,,,,,,,,,,,,,,,,,,,,,,,,,,,,,,,,,,,,,,,,,,,,,,,,,,,,,,,,,,,,,,,,,,,,,,,,,,,,,,,,,,,,,,,,,,,,,,,,,,,,,,,,,,,,,,,,,,,,,,,,,,,,,,,,,,,,,,,,,,,,,,,,,,,,,,,,,,,,,,,,,,,,,,,,,,,,,,,,,,,,,,,,,,,,,,,,,,,,,,,,,,,,,,,,,,,,,,,,,,,,,,,,,,,,,,,,,,,,,,,,,,,,,,,,,,,,,,,,
"24439-Painter-Dr,-Land-O-Lakes,-FL-34639","24439 Painter Dr, Land O Lakes, FL 34639",24439 Painter Dr,,Land O Lakes,FL,12,34639,Pasco,101,28.191586,-82.411439,Single Family,3,2.0,1374.0,Active,2049,Standard,2026-09-15T00:00:00.000Z,,2026-08-29T00:00:00.000Z,2026-09-15T02:48:16.995Z,1,Pasco,Land O Lakes,,,,,,,Rental Listing,2049,Standard,2026-09-15T00:00:00.000Z,,1,,,,,,,,,,,,,,,,,,,,,,,,,,,,,,,,,,,,,,,,,,,,,,,,,,,,,,,,,,,,,,,,,,,,,,,,,,,,,,,,,,,,,,,,,,,,,,,,,,,,,,,,,,,,,,,,,,,,,,,,,,,,,,,,,,,,,,,,,,,,,,,,,,,,,,,,,,,,,,,,,,,,,,,,,,,,,,,,,,,,,,,,,,,,,,,,,,,,,,,,,,,,,,,,,,,,,,,,,,,,,,,,,,,,,,,,,,,,,,,,,,,,,,,,,,,,,,,,,,,,,,,,,,,,,,,,,,,,,,,,,,,,,,,,,,,,,,,,,,,,,,,,,,,,,,,,,,,,,,,,,,,,,,,,,,,,,,,,,,,,,,,,,,,,,,,,,,,,,,,,,,,,,,,,,,,,,,,,,,,,,,,,,,,,,,,,,,,,,,,,,,,,,,,,,,,,,,,,,,,,,,,,,,,,,,,,,,,,,,,,,,,,,,,,,,,,,,,,,,,,,,,,,,,,,,,,,,,,,,,,,,,
"23331-Key-Largo-Loop,-Land-O-Lakes,-FL-34639","23331 Key Largo Loop, Land O Lakes, FL 34639",23331 Key Largo Loop,,Land O Lakes,FL,12,34639,Pasco,101,28.204954,-82.429722,Single Family,4,3.0,3077.0,Active,3195,Standard,2026-09-15T00:00:00.000Z,,2020-02-14T23:27:50.027Z,2026-09-15T02:48:16.994Z,1,Pasco,Land O Lakes,,,,,,,Rental Listing,3195,Standard,2026-09-15T00:00:00.000Z,,1,,,,,,,,,,,,,,,,,,,,,,,,,,,,,,,,,,,,,,,,,,,,,,,,,,,,,,,,,,,,,,,,,,,,,,,,,,,,Rental Listing,3275.0,Standard,2025-08-15T00:00:00.000Z,2025-08-16T00:00:00.000Z,1.0,Rental Listing,3035.0,Standard,2025-09-23T00:00:00.000Z,2025-09-24T00:00:00.000Z,1.0,,,,,,,,,,,,,,,,,,,,,,,,,,,,,,,,,,,,,,,,,,,,,,,,,,,,,,,,,,,,,,,,,,,,,,,,,,,,,,,,,,,,,,,,,,,,,,,,,,,,,,,,,,,,,,,,,,,,,,,,,,,,,,,,,,,,,,,,,,,,,,,,,,,,,,,,,,,,,,,,,,,,,,,,,,,,,,,,,,,,,,,,,,,,,,,,,,,,,,,,,,,,,,,,,,,,,,,,,,,,,,,,,,,,,,,,,,,,,,,,,,,,,,,,,,,,,,,,,,,,,,,,,,,,,,,,,,,,,,,,,,,,,,,,,,,,,,,,,,,,,,,,,,,,,,,,,,,,,,,,,,,,,,,,,,,,,,,,,,,,,,,,,,,,,,,,,,,,,,,,,,,,,,,,,,,,,,,,,,,,,,,,,,,,,,,,,,,,
"5641-Sheer-Bliss-Loop,-Land-O-Lakes,-FL-34639","5641 Sheer Bliss Loop, Land O Lakes, FL 34639",5641 Sheer Bliss Loop,,Land O Lakes,FL,12,34639,Pasco,101,28.239608,-82.442033,Single Family,4,2.0,1938.0,Active,2325,Standard,2026-09-15T00:00:00.000Z,,2026-07-31T00:00:00.000Z,2026-09-15T02:48:16.994Z,1,Pasco,Land O Lakes,,,,,,,Rental Listing,2325,Standard,2026-09-15T00:00:00.000Z,,1,,,,,,,,,,,,,,,,,,,,,,,,,,,,,,,,,,,,,,,,,,,,,,,,,,,,,,,,,,,,,,,,,,,,,,,,,,,,,,,,,,,,,,,,,,,,,,,,,,,,,,,,,,,,,,,,,,,,,,,,,,,,,,,,,,,,,,,,,,,,,,,,,,,,,,,,,,,,,,,,,,,,,,,,,,,,,,,,,,,,,,,,,,,,,,,,,,,,,,,,,,,,,,,,,,,,,,,,,,,,,,,,,,,,,,,,,,,,,,,,,,,,,,,,,,,,,,,,,,,,,,,,,,,,,,,,,,,,,,,,,,,,,,,,,,,,,,,,,,,,,,,,,,,,,,,,,,,,,,,,,,,,,,,,,,,,,,,,,,,,,,,,,,,,,,,,,,,,,,,,,,,,,,,,,,,,,,,,,,,,,,,,,,,,,,,,,,,,,,,,,,,,,,,,,,,,,,,,,,,,,,,,,,,,,,,,,,,,,,,,,,,,,,,,,,,,,,,,,,,,,,,,,,,,,,,,,,,,,,,,,,,
"5845-Sweet-William-Ter,-Land-O-Lakes,-FL-34639","5845 Sweet William Ter, Land O Lakes, FL 34639",5845 Sweet William Ter,,Land O Lakes,FL,12,34639,Pasco,101,28.242667,-82.442022,Single Family,3,2.0,1840.0,Active,2270,Standard,2026-09-15T00:00:00.000Z,,2020-08-05T02:20:16.712Z,2026-09-15T02:48:16.993Z,1,Pasco,Land O Lakes,,,,,,,Rental Listing,2270,Standard,2026-09-15T00:00:00.000Z,,1,,,,,,,,,,,,,,,,,,,,,,,,,,,,,,,,,,,,,,,,,,,,,,,,,,,,,,,,,,,,,,,,,,,,,,,,,,,,,,,,,,,,,,,,,,,,,,,,,,,,,,,,,,,,,,,,,,,,,,,,,,,,,,,,,,,,,,,,,,,,,,,,,,,,,,,,,,,,,,,,,,,,,,,,,,,,,,,,,,,,,,,,,,,,,,,,,,,,,,,,,,,,,,,,,,,,,,,,,,,,,,,,,,,,,,,,,,,,,,,,,,,,,,,,,,,,,,,,,,,,,,,,,,,,,,,,,,,,,,,,,,,,,,,,,,,,,,,,,,,,,,,,,,,,,,,,,,,,,,,,,,,,,,,,,,,,,,,,,,,,,,,,,,,,,,,,,,,,,,,,,,,,,,,,,,,,,,,,,,,,,,,,,,,,,,,,,,,,,,,,,,,,,,,,,,,,,,,,,,,,,,,,,,,,,,,,,,,,,,,,,,,,,,,,,,,,,,,,,,,,,,,,,,,,,,,,,,,,,,,,,,,
"20371-Calla-Lily-Dr,-Land-O-Lakes,-FL-34638","20371 Calla Lily Dr, Land O Lakes, FL 34638",20371 Calla Lily Dr,,Land O Lakes,FL,12,34638,Pasco,101,28.214582,-82.480027,Single Family,4,2.5,2449.0,Active,2850,Standard,2026-09-15T00:00:00.000Z,,2026-08-18T00:00:00.000Z,2026-09-15T02:48:16.967Z,1,Pasco,Land O Lakes,,,,,,,Rental Listing,2850,Standard,2026-09-15T00:00:00.000Z,,1,,2022.0,,,,,,,,,,,,,,,,,,,,,,,,,,,,,,,,,,,,,,,,,,,,,,,,,,,,,,,,,,,,,,,,,,,,,,,,,,,,,,,,,,,,,,,,,,,,,,,,,,,,,,,,,,,,,,,,,,,,,,,,,,,,,,,,,,,,,,,,,,,,,,,,,,,,,,,,,,,,,,,,,,,,,,,,,,,,,,,,,,,,,,,,,,,,,,,,,,,,,,,,,,,,,,,,,,,,,,,,,,,,,,,,,,,,,,,,,,,,,,,,,,,,,,,,,,,,,,,,,,,,,,,,,,,,,,,,,,,,,,,,,,,,,,,,,,,,,,,,,,,,,,,,,,,,,,,,,,,,,,,,,,,,,,,,,,,,,,,,,,,,,,,,,,,,,,,,,,,,,,,,,,,,,,,,,,,,,,,,,,,,,,,,,,,,,,,,,,,,,,,,,,,,,,,,,,,,,,,,,,,,,,,,,,,,,,,,,,,,,,,,,,,,,,,,,,,,,,,,,,,,,,,,,,,,,,,,,,,,,,,,,
"22477-Bellini-Cir,-Land-O-Lakes,-FL-34639","22477 Bellini Cir, Land O Lakes, FL 34639",22477 Bellini Cir,,Land O Lakes,FL,12,34639,Pasco,101,28.215544,-82.44547,Single Family,4,3.0,2245.0,Active,2905,Standard,2026-09-15T00:00:00.000Z,,2026-07-29T00:00:00.000Z,2026-09-15T02:48:16.963Z,1,Pasco,Land O Lakes,,,,,,,Rental Listing,2905,Standard,2026-09-15T00:00:00.000Z,,1,,2023.0,,,,,,,,,,,,,,,,,,,,,,,,,,,,,,,,,,,,,,,,,,,,,,,,,,,,,,,,,,,,,,,,,,,,,,,,,,,,,,,,,,,,,,,,,,,,,,,,,,,,,,,,,,,,,,,,,,,,,,,,,,,,,,,,,,,,,,,,,,,,,,,,,,,,,,,,,,,,,,,,,,,,,,,,,,,,,,,,,,,,,,,,,,,,,,,,,,,,,,,,,,,,,,,,,,,,,,,,,,,,,,,,,,,,,,,,,,,,,,,,,,,,,,,,,,,,,,,,,,,,,,,,,,,,,,,,,,,,,,,,,,,,,,,,,,,,,,,,,,,,,,,,,,,,,,,,,,,,,,,,,,,,,,,,,,,,,,,,,,,,,,,,,,,,,,,,,,,,,,,,,,,,,,,,,,,,,,,,,,,,,,,,,,,,,,,,,,,,,,,,,,,,,,,,,,,,,,,,,,,,,,,,,,,,,,,,,,,,,,,,,,,,,,,,,,,,,,,,,,,,,,,,,,,,,,,,,,,,,,,,,
"21027-Voyager-Blvd,-Apt-K8,-Land-O-Lakes,-FL-34638","21027 Voyager Blvd, Apt K8, Land O Lakes, FL 34638",21027 Voyager Blvd,Apt K8,Land O Lakes,FL,12,34638,Pasco,101,28.216344,-82.467837,Condo,2,1.0,800.0,Active,1299,Standard,2026-09-15T00:00:00.000Z,,2026-06-28T00:00:00.000Z,2026-09-15T02:48:16.934Z,1,Pasco,Land O Lakes,,,,,,,Rental Listing,1299,Standard,2026-09-15T00:00:00.000Z,,1,,,,,,,,,,,,,,,,,,,,,,,,,,,,,,,,,,,,,,,,,,,,,,,,,,,,,,,,,,,,,,,,,,,,,,,,,,,,,,,,,,,,,,,,Rental Listing,1325.0,Standard,2026-07-21T00:00:00.000Z,2026-07-22T00:00:00.000Z,1.0,,,,,,,,,,,,,,,,,,,,,,,,,,,,,,,,,,,,,,,,,,,,,,,,,,,,,,,,,,,,,,,,,,,,,,,,,,,,,,,,,,,,,,,,,,,,,,,,,,,,,,,,,,,,,,,,,,,,,,,,,,,,,,,,,,,,,,,,,,,,,,,,,,,,,,,,,,,,,,,,,,,,,,,,,,,,,,,,,,,,,,,,,,,,,,,,,,,,,,,,,,,,,,,,,,,,,,,,,,,,,,,,,,,,,,,,,,,,,,,,,,,,,,,,,,,,,,,,,,,,,,,,,,,,,,,,,,,,,,,,,,,,,,,,,,,,,,,,,,,,,,,,,,,,,,,,,,,,,,,,,,,,,,,,,,,,,,,,,,,,,,,,,,,,,,,,,,,,,,,,,,,,,,,,,,,,,,,,,,,,,,,,,,,,,,
"20219-Calla-Lily-Dr,-Land-O-Lakes,-FL-34638","20219 Calla Lily Dr, Land O Lakes, FL 34638",20219 Calla Lily Dr,,Land O Lakes,FL,12,34638,Pasco,101,28.212232,-82.480134,Single Family,4,2.5,2449.0,Active,2920,Standard,2026-09-15T00:00:00.000Z,,2026-07-03T00:00:00.000Z,2026-09-15T02:48:16.929Z,1,Pasco,Land O Lakes,,,,,,,Rental Listing,2920,Standard,2026-09-15T00:00:00.000Z,,1,,2022.0,,,,,,,,,,,,,,,,,,,,,,,,,,,,,,,,,,,,,,,,,,,,,,,,,,,,,,,,,,,,,,,,,,,,,,,,,,,,,,,,,,,,,,,,,,,,Rental Listing,2985.0,Standard,2026-07-22T00:00:00.000Z,2026-07-23T00:00:00.000Z,1.0,Rental Listing,2940.0,Standard,2026-09-06T00:00:00.000Z,2026-09-07T00:00:00.000Z,1.0,,,,,,,,,,,,,,,,,,,,,,,,,,,,,,,,,,,,,,,,,,,,,,,,,,,,,,,,,,,,,,,,,,,,,,,,,,,,,,,,,,,,,,,,,,,,,,,,,,,,,,,,,,,,,,,,,,,,,,,,,,,,,,,,,,,,,,,,,,,,,,,,,,,,,,,,,,,,,,,,,,,,,,,,,,,,,,,,,,,,,,,,,,,,,,,,,,,,,,,,,,,,,,,,,,,,,,,,,,,,,,,,,,,,,,,,,,,,,,,,,,,,,,,,,,,,,,,,,,,,,,,,,,,,,,,,,,,,,,,,,,,,,,,,,,,,,,,,,,,,,,,,,,,,,,,,,,,,,,,,,,,,,,,,,,,,,,,,,,,,,,,,,,,,,,,,,,,,,,,,,,,,,,,,,,,,,,,,,,
"9808-Little-Bluestem-Dr,-Land-O-Lakes,-FL-34637","9808 Little Bluestem Dr, Land O Lakes, FL 34637",9808 Little Bluestem Dr,,Land O Lakes,FL,12,34637,Pasco,101,28.299948,-82.458086,Single Family,4,2.5,2334.0,Active,2695,Standard,2026-09-15T00:00:00.000Z,,2022-03-31T02:21:22.634Z,2026-09-15T02:48:16.918Z,1,Pasco,Land O Lakes,,,,,,,Rental Listing,2695,Standard,2026-09-15T00:00:00.000Z,,1,,,,,,,,,,,,,,,,,,,,,,,,,,,,,,,,,,,,,,,,,,,,,,,,,,,,,,,,,,,,,,,,,,,,,,,,,,,,,,,,,,,,,,,,,,,,,,,,,,,,,,,,,,Rental Listing,2645.0,Standard,2025-08-11T00:00:00.000Z,2025-08-12T00:00:00.000Z,1.0,Rental Listing,2549.0,Standard,2025-08-30T00:00:00.000Z,2025-08-31T00:00:00.000Z,1.0,,,,,,,,,,,,,,,,,,,,,,,,,,,,,,,,,,,,,,,,,,,,,,,,,,,,,,,,,,,,,,,,,,,,,,,,,,,,,,,,,,,,,,,,,,,,,,,,,,,,,,,,,,,,,,,,,,,,,,,,,,,,,,,,,,,,,,,,,,,,,,,,,,,,,,,,,,,,,,,,,,,,,,,,,,,,,,,,,,,,,,,,,,,,,,,,,,,,,,,,,,,,,,,,,,,,,,,,,,,,,,,,,,,,,,,,,,,,,,,,,,,,,,,,,,,,,,,,,,,,,,,,,,,,,,,,,,,,,,,,,,,,,,,,,,,,,,,,,,,,,,,,,,,,,,,,,,,,,,,,,,,,,,,,,,,,,,,,,,,,,,,,,,,,,,,,,,,,,,,,,,,,,,
"22407-Bellini-Cir,-Land-O-Lakes,-FL-34639","22407 Bellini Cir, Land O Lakes, FL 34639",22407 Bellini Cir,,Land O Lakes,FL,12,34639,Pasco,101,28.215575,-82.444074,Single Family,4,3.0,2245.0,Active,2875,Standard,2026-09-15T00:00:00.000Z,,2026-08-13T00:00:00.000Z,2026-09-15T02:48:16.917Z,1,Pasco,Land O Lakes,,,,,,,Rental Listing,2875,Standard,2026-09-15T00:00:00.000Z,,1,,2022.0,,,,,,,,,,,,,,,,,,,,,,,,,,,,,,,,,,,,,,,,,,,,,,,,,,,,,,,,,,,,,,,,,,,,,,,,,,,,,,,,,,,,,,,,,,,,,,,,,,,,,,,,,,,,,,,,,,,,Rental Listing,2880.0,Standard,2026-09-07T00:00:00.000Z,2026-09-08T00:00:00.000Z,1.0,,,,,,,,,,,,,,,,,,,,,,,,,,,,,,,,,,,,,,,,,,,,,,,,,,,,,,,,,,,,,,,,,,,,,,,,,,,,,,,,,,,,,,,,,,,,,,,,,,,,,,,,,,,,,,,,,,,,,,,,,,,,,,,,,,,,,,,,,,,,,,,,,,,,,,,,,,,,,,,,,,,,,,,,,,,,,,,,,,,,,,,,,,,,,,,,,,,,,,,,,,,,,,,,,,,,,,,,,,,,,,,,,,,,,,,,,,,,,,,,,,,,,,,,,,,,,,,,,,,,,,,,,,,,,,,,,,,,,,,,,,,,,,,,,,,,,,,,,,,,,,,,,,,,,,,,,,,,,,,,,,,,,,,,,,,,,,,,,,,,,,,,,,,,,,,,,,,,,,,,
"18934-Randall-Pl,-Land-O-Lakes,-FL-34638","18934 Randall Pl, Land O Lakes, FL 34638",18934 Randall Pl,,Land O Lakes,FL,12,34638,Pasco,101,28.296631,-82.502448,Single Family,3,2.5,1545.0,Active,2025,Standard,2026-09-15T00:00:00.000Z,,2020-01-04T00:49:51.435Z,2026-09-15T02:47:16.797Z,1,Pasco,Land O Lakes,,,,,,,Rental Listing,2025,Standard,2026-09-15T00:00:00.000Z,,1,,2009.0,,,,,,,,,,,,,,,,,,,,,,,,,,,,,,,,,,,,,,,,,,,,,,,,,,,,,,,,,,,,,,,,,,,,,,,,,,,,,,,,,,,,,,,,,,,,,,,,,,,,,,,,,,,,,,,,,,,,,,,,,,Rental Listing,2085.0,Standard,2026-08-14T00:00:00.000Z,2026-08-15T00:00:00.000Z,1.0,,,,,,,,,,,,,,,,,,,,,,,,,,,,,,,,,,,,,,,,,,,,,,,,,,,,,,,,,,,,,,,,,,,,,,,,,,,,,,,,,,,,,,,,,,,,,,,,,,,,,,,,,,,,,,,,,,,,,,,,,,,,,,,,,,,,,,,,,,,,,,,,,,,,,,,,,,,,,,,,,,,,,,,,,,,,,,,,,,,,,,,,,,,,,,,,,,,,,,,,,,,,,,,,,,,,,,,,,,,,,,,,,,,,,,,,,,,,,,,,,,,,,,,,,,,,,,,,,,,,,,,,,,,,,,,,,,,,,,,,,,,,,,,,,,,,,,,,,,,,,,,,,,,,,,,,,,,,,,,,,,,,,,,,,,,,,,,,,,,,,,,,,,,,,,,,,,
"30250-Rattana-Ct,-Wesley-Chapel,-FL-33545","30250 Rattana Ct, Wesley Chapel, FL 33545",30250 Rattana Ct,,Wesley Chapel,FL,12,33545,Pasco,101,28.250751,-82.315436,Single Family,3,2.0,1190.0,Active,1875,Standard,2026-09-15T00:00:00.000Z,,2021-08-04T01:42:18.800Z,2026-09-15T02:50:39.412Z,1,Pasco,Wesley Chapel,,,,,,,Rental Listing,1875,Standard,2026-09-15T00:00:00.000Z,,1,,,,,,,,,,,,,,,,,,,,,,,,,,,,Rental Listing,1875.0,Standard,2026-09-11T00:00:00.000Z,2026-09-12T00:00:00.000Z,1.0,,,,,,,,,,,,,,,,,,,,,,,,,,,,,,,,,,,,,,,,,,,,,,,,,,,,,,,,,,,,,,,,,,,,,,,,,,,,,,,,,,,,,,,,,,,,,,,,,Rental Listing,1910.0,Standard,2026-08-31T00:00:00.000Z,2026-09-01T00:00:00.000Z,1.0,,,,,,,,,,,,,,,,,,,,,,,,,,,,,,,,,,,,,,,,,,,,,,,,,,,,,,,,,,,,,,,,,,,,,,,,,,,,,,,,,,,,,,,,,,,,,,,,,,,,,,,,,,,,,,,,,,,,,,,,,,,,,,,,,,,,,,,,,,,,,,,,,,,,,,,,,,,,,,,,,,,,,,,,,,,,,,,,,,,,,,,,,,,,,,,,,,,,,,,,,,,,,,,,,,,,,,,,,,,,,,,,,,,,,,,,,,,,,,,,,,,,,,,,,,,,,,,,,,,,,,,,,,,,,,,,,,,,,,,,,,,,,,,,,,,,,,,,,,,,,,,,,,,,,,,,,,,,,,,,,,,,,,,,,,,,,,,,,,,,,,,,,,,,
"1430-Maximilian-Dr,-Wesley-Chapel,-FL-33543","1430 Maximilian Dr, Wesley Chapel, FL 33543",1430 Maximilian Dr,,Wesley Chapel,FL,12,33543,Pasco,101,28.178011,-82.330814,Single Family,4,2.0,1690.0,Active,2510,Standard,2026-09-15T00:00:00.000Z,,2020-06-30T01:04:39.594Z,2026-09-15T02:50:39.367Z,1,Pasco,Wesley Chapel,,,,,,,Rental Listing,2510,Standard,2026-09-15T00:00:00.000Z,,1,5227.0,1995.0,,,,,,,,,,,,,,,,,,,,,,,,,,,,,,,,,,,,,,,,,,,,,,,,,,,,,,,,,,,,,,,,,,,,,,,,,,,,,,,,,,,,,,,,,,,,,,,,,,,,,,,,,,,,,,,,,,,,,,,,,,,,,,,,,,,,,,,,,,,,,,,,,,,,,,,,,,,,,,,,,,,,,,,,,,,,,,,,,,,,,,,,,,,,,,,,,,,,,,,,,,,,,,,,,,,,,,,,,,,,,,,,,,,,,,,,,,,,,,,,,,,,,,,,,,,,,,,,,,,,,,,,,,,,,,,,,,,,,,,,,,,,,,,,,,,,,,,,,,,,,,,,,,,,,,,,,,,,,,,,,,,,,,,,,,,,,,,,,,,,,,,,,,,,,,,,,,,,,,,,,,,,,,,,,,,,,,,,,,,,,,,,,,,,,,,,,,,,,,,,,,,,,,,,,,,,,,,,,,,,,,,,,,,,,,,,,,,,,,,,,,,,,,,,,,,,,,,,,,,,,,,,,,,,,,,,,,,,,,,,,
"6452-Tabogi-Trl,-Wesley-Chapel,-FL-33545","6452 Tabogi Trl, Wesley Chapel, FL 33545",6452 Tabogi Trl,,Wesley Chapel,FL,12,33545,Pasco,101,28.250478,-82.315811,Single Family,3,2.0,1292.0,Active,1850,Standard,2026-09-15T00:00:00.000Z,,2020-04-11T04:46:46.472Z,2026-09-15T02:50:39.366Z,1,Pasco,Wesley Chapel,,,,,,,Rental Listing,1850,Standard,2026-09-15T00:00:00.000Z,,1,4000.0,2005.0,,,,,,,,,,,,,,,,,,,,,,,,,,,,,,,,,,,,,,,,,,,,,,,,,,,,,,,,,,,,,,,,,,,,,,,,,,,,,,,,,,,,,,,,,,,,,,,,,,,,,,,,,,,,,,,,,,,,,,,,,,,,,,,,,,,,,,,,,,,,,,,,,,,,,,,,,,,,,,,,,,,,,,,,,,,,,,,,,,,,,,,,,,,,,,,,,,,,,,,,,,,,,,,,,,,,,,,,,,,,,,,,,,,,,,,,,,,,,,,,,,,,,,,,,,,,,,,,,,,,,,,,,,,,,,,,,,,,,,,,,,,,,,,,,,,,,,,,,,,,,,,,,,,,,,,,,,,,,,,,,,,,,,,,,,,,,,,,,,,,,,,,,,,,,,,,,,,,,,,,,,,,,,,,,,,,,,,,,,,,,,,,,,,,,,,,,,,,,,,,,,,,,,,,,,,,,,,,,,,,,,,,,,,,,,,,,,,,,,,,,,,,,,,,,,,,,,,,,,,,,,,,,,,,,,,,,,,,,,,,,
"7907-Outerbridge-St,-Wesley-Chapel,-FL-33545","7907 Outerbridge St, Wesley Chapel, FL 33545",7907 Outerbridge St,,Wesley Chapel,FL,12,33545,Pasco,101,28.272219,-82.3141,Single Family,4,4.0,2559.0,Active,2800,Standard,2026-09-15T00:00:00.000Z,,2021-06-16T01:37:09.329Z,2026-09-15T02:50:39.363Z,1,Pasco,Wesley Chapel,,,,,,,Rental Listing,2800,Standard,2026-09-15T00:00:00.000Z,,1,,,,,,,,,,,,,,,,,,,,,,,,,,,,,,,,,,,,,,,,,,,,,,,,,,,,,,,,,,,,,,,,,,,,,,,,,,,,,,,,,,,,,,,,,,,,,,,,,,,,,,,,,,,,,,,,,,,,,,,,,,,,,,,,,,,,,,,,,,,,,,,,,,,,,,,,,,,,,,,,,,,,,,,,,,,,,,,,,,,,,,,,,,,,,,,,,,,,,,,,,,,,,,,,,,,,,,,,,,,,,,,,,,,,,,,,,,,,,,,,,,,,,,,,,,,,,,,,,,,,,,,,,,,,,,,,,,,,,,,,,,,,,,,,,,,,,,,,,,,,,,,,,,,,,,,,,,,,,,,,,,,,,,,,,,,,,,,,,,,,,,,,,,,,,,,,,,,,,,,,,,,,,,,,,,,,,,,,,,,,,,,,,,,,,,,,,,,,,,,,,,,,,,,,,,,,,,,,,,,,,,,,,,,,,,,,,,,,,,,,,,,,,,,,,,,,,,,,,,,,,,,,,,,,,,,,,,,,,,,,,,,
"33839-Coddle-Ct,-Wesley-Chapel,-FL-33543","33839 Coddle Ct, Wesley Chapel, FL 33543",33839 Coddle Ct,,Wesley Chapel,FL,12,33543,Pasco,101,28.209017,-82.256394,Single Family,3,2.0,1620.0,Active,2315,Standard,2026-09-15T00:00:00.000Z,,2021-10-20T00:18:31.248Z,2026-09-15T02:50:39.361Z,1,Pasco,Wesley Chapel,,,,,,,Rental Listing,2315,Standard,2026-09-15T00:00:00.000Z,,1,,,,,,,,,,,,,,,,,,,,,,,,,,,,Rental Listing,2315.0,Standard,2026-09-11T00:00:00.000Z,2026-09-12T00:00:00.000Z,1.0,,,,,,,,,,,,,,,,,,,,,,,,,,,,,,,,,,,,,,,,,,,,,,,,,,,,,,,,,,,,,,,,,,,,,,,,,,,,,,,,,,,,,,,,,,,,,,,,,,,,,,,,,,,,,,,,,,,,,,,,,,,,,,,,,,,,,,,,,,,,,,,,,,,,,,,,,,,,,,,,,,,,,,,,,,,,,,,,,,,,,,,,,,,,,,,,,,,,,,,,,,,,,,,,,,,,,,,,,,,,,,,,,,,,,,,,,,,,,,,,,,,,,,,,,,,,,,,,,,,,,,,,,,,,,,,,,,,,,,,,,,,,,,,,,,,,,,,,,,,,,,,,,,,,,,,,,,,,,,,,,,,,,,,,,,,,,,,,,,,,,,,,,,,,,,,,,,,,,,,,,,,,,,,,,,,,,,,,,,,,,,,,,,,,,,,,,,,,,,,,,,,,,,,,,,,,,,,,,,,,,,,,,,,,,,,,,,,,,,,,,,,,,,,,,,
"29942-Morningmist-Dr,-Wesley-Chapel,-FL-33543","29942 Morningmist Dr, Wesley Chapel, FL 33543",29942 Morningmist Dr,,Wesley Chapel,FL,12,33543,Pasco,101,28.183667,-82.32279,Single Family,4,2.0,1665.0,Active,2350,Standard,2026-09-15T00:00:00.000Z,,2020-01-13T18:46:26.001Z,2026-09-15T02:50:39.353Z,1,Pasco,Wesley Chapel,,,,,,,Rental Listing,2350,Standard,2026-09-15T00:00:00.000Z,,1,6534.0,1998.0,,,,,,,,,,,,,,,,,,,,,,,,,,,,,,,,,,,,,,,,,,,,,,,,,,,,,,,,,,,,,,,,,,,,,,,,,,,,,,,,,,,,,,,,,,,,,,,,,,,,,,,,,,,,,,,,,,,,,,,,,,,,,,,,,,,,,,,,,,,,,,,,,,,,,,,,,,,,,,,,,,,,,,,,,,,,,,,,,,,,,,,,,,,,,,,,,,,,,,,,,,,,,,,,,,,,,,,,,,,,,,,,,,,,,,,,,,,,,,,,,,,,,,,,,,,,,,,,,,,,,,,,,,,,,,,,,,,,,,,,,,,,,,,,,,,,,,,,,,,,,,,,,,,,,,,,,,,,,,,,,,,,,,,,,,,,,,,,,,,,,,,,,,,,,,,,,,,,,,,,,,,,,,,,,,,,,,,,,,,,,,,,,,,,,,,,,,,,,,,,,,,,,,,,,,,,,,,,,,,,,,,,,,,,,,,,,,,,,,,,,,,,,,,,,,,,,,,,,,,,,,,,,,,,,,,,,,,,,,,,,
"7726-Bulls-Head-Dr,-Wesley-Chapel,-FL-33545","7726 Bulls Head Dr, Wesley Chapel, FL 33545",7726 Bulls Head Dr,,Wesley Chapel,FL,12,33545,Pasco,101,28.269927,-82.306525,Single Family,5,3.0,3393.0,Active,2705,Standard,2026-09-15T00:00:00.000Z,,2022-10-21T02:13:21.768Z,2026-09-15T02:50:39.351Z,1,Pasco,Wesley Chapel,,,,,,,Rental Listing,2705,Standard,2026-09-15T00:00:00.000Z,,1,,,,,,,,,,,,,,,,,,,,,,,,,,,,,,,,,,,,,,,,,,,,,,,,,,,,,,,,,,,,,,,,,,,,,,,,,,,,,,,,,,,,,,,,,,,,,,,,,,,,,,,,,,,,,,,,,,,,,,,,,,,,,,,,,,,,,,,,Rental Listing,3195.0,Standard,2025-01-22T00:00:00.000Z,2025-05-10T00:00:00.000Z,108.0,Rental Listing,4880.0,Standard,2026-04-24T00:00:00.000Z,2026-04-25T00:00:00.000Z,1.0,Rental Listing,2940.0,Standard,2026-08-04T00:00:00.000Z,2026-08-05T00:00:00.000Z,1.0,,,,,,,,,,,,,,,,,,,,,,,,,,,,,,,,,,,,,,,,,,,,,,,,,,,,,,,,,,,,,,,,,,,,,,,,,,,,,,,,,,,,,,,,,,,,,,,,,,,,,,,,,,,,,,,,,,,,,,,,,,,,,,,,,,,,,,,,,,,,,,,,,,,,,,,,,,,,,,,,,,,,,,,,,,,,,,,,,,,,,,,,,,,,,,,,,,,,,,,,,,,,,,,,,,,,,,,,,,,,,,,,,,,,,,,,,,,,,,,,,,,,,,,,,,,,,,,,,,,,,,,,,,,,,,,,,,,,,,,,,,,,,,,,,,,,,,,,,,,,,,,,,,,,,,,,,,,,,,,,,,,,,,,,,,
"28546-Tall-Grass-Dr,-Wesley-Chapel,-FL-33543","28546 Tall Grass Dr, Wesley Chapel, FL 33543",28546 Tall Grass Dr,,Wesley Chapel,FL,12,33543,Pasco,101,28.171462,-82.343946,Single Family,3,2.0,1626.0,Active,2170,Standard,2026-09-15T00:00:00.000Z,,2026-06-13T00:00:00.000Z,2026-09-15T02:50:39.350Z,1,Pasco,Wesley Chapel,,,,,,,Rental Listing,2170,Standard,2026-09-15T00:00:00.000Z,,1,,,,,,,,,,,,,,,,,,,,,,,,,,,,,,,,,,,,,,,,,,,,,,,,,,,,,,,,,,,,,,,,,,,,,,,,,,,,,,,,,,,,,,,,,,,,,,,,,,,,,,,,,,,,,,,,,,,,,,,,,,,,,,,,,,,,,,,,,,,,,,,,,,,,,,,,,,,,,,,,,,,,,,,,,,,,,,,,,,,,,,,,,,,,,,,,,,,,,,,,,,,,,,,,,,,,,,,,,,,,,,,,,,,,,,,,,,,,,,,,,,,,,,,,,,,,,,,,,,,,,,,,,,,,,,,,,,,,,,,,,,,,,,,,,,,,,,,,,,,,,,,,,,,,,,,,,,,,,,,,,,,,,,,,,,,,,,,,,,,,,,,,,,,,,,,,,,,,,,,,,,,,,,,,,,,,,,,,,,,,,,,,,,,,,,,,,,,,,,,,,,,,,,,,,,,,,,,,,,,,,,,,,,,,,,,,,,,,,,,,,,,,,,,,,,,,,,,,,,,,,,,,,,,,,,,,,,,,,,,,,,,
"26641-Sea-Hero-Cir,-Wesley-Chapel,-FL-33544","26641 Sea Hero Cir, Wesley Chapel, FL 33544",26641 Sea Hero Cir,,Wesley Chapel,FL,12,33544,Pasco,101,28.238378,-82.375095,Single Family,4,2.0,1936.0,Active,2455,Standard,2026-09-15T00:00:00.000Z,,2019-12-19T06:40:20.454Z,2026-09-15T02:50:39.349Z,1,Pasco,Wesley Chapel,,,,,,,Rental Listing,2455,Standard,2026-09-15T00:00:00.000Z,,1,,,,,,,,,,,,,,,,,,,,,,,,,,,,,,,,,,,,,,,,,,,,,,,,,,,,,,,,,,,,,,,,,,,,,,,,,,,,,,,,,,,,,,,,,,,,,,,,,,,,,,,,,,,,,,,,,,,,,,,,,,,,,,,,,,,,,,,,,,,,,,,,,,,,,,,,,,,,,,,,,,,,,,,,,,,,,,,,,,,,,,,,,,,,,,,,,,,,,,,,,,,,,,,,,,,,,,,,,,,,,,,,,,,,,,,,,,,,,,,,,,,,,,,,,,,,,,,,,,,,,,,,,,,,,,,,,,,,,,,,,,,,,,,,,,,,,,,,,,,,,,,,,,,,,,,,,,,,,,,,,,,,,,,,,,,,,,,,,,,,,,,,,,,,,,,,,,,,,,,,,,,,,,,,,,,,,,,,,,,,,,,,,,,,,,,,,,,,,,,,,,,,,,,,,,,,,,,,,,,,,,,,,,,,,,,,,,,,,,,,,,,,,,,,,,,,,,,,,,,,,,,,,,,,,,,,,,,,,,,,,,,
"1641-Firewheel-Dr,-Wesley-Chapel,-FL-33543","1641 Firewheel Dr, Wesley Chapel, FL 33543",1641 Firewheel Dr,,Wesley Chapel,FL,12,33543,Pasco,101,28.180999,-82.331214,Single Family,3,2.0,1640.0,Active,2305,Standard,2026-09-15T00:00:00.000Z,,2026-07-03T00:00:00.000Z,2026-09-15T02:50:39.347Z,1,Pasco,Wesley Chapel,,,,,,,Rental Listing,2305,Standard,2026-09-15T00:00:00.000Z,,1,,,,,,,,,,,,,,,,,,,,,,,,,,,,,,,,,,,,,,,,,,,,,,,,,,,,,,,,,,,,,,,,,,,,,,,,,,,,,,,,,,,,,,,,,,,,,,,,,,,,,,,,,,,,,,,,,,,,,,,,,,,,,,,,,,,,,,,,,,,,,,,,,,,,,,,,,,,,,,,,,,,,,,,,,,,,,,,,,,,,,,,,,,,,,,,,,,,,,,,,,,,,,,,,,,,,,,,,,,,,,,,,,,,,,,,,,,,,,,,,,,,,,,,,,,,,,,,,,,,,,,,,,,,,,,,,,,,,,,,,,,,,,,,,,,,,,,,,,,,,,,,,,,,,,,,,,,,,,,,,,,,,,,,,,,,,,,,,,,,,,,,,,,,,,,,,,,,,,,,,,,,,,,,,,,,,,,,,,,,,,,,,,,,,,,,,,,,,,,,,,,,,,,,,,,,,,,,,,,,,,,,,,,,,,,,,,,,,,,,,,,,,,,,,,,,,,,,,,,,,,,,,,,,,,,,,,,,,,,,,,,,
"4645-Butler-National-Dr,-Wesley-Chapel,-FL-33543","4645 Butler National Dr, Wesley Chapel, FL 33543",4645 Butler National Dr,,Wesley Chapel,FL,12,33543,Pasco,101,28.224724,-82.31769,Single Family,3,3.0,2507.0,Active,2900,Standard,2026-09-15T00:00:00.000Z,,2025-08-14T00:00:00.000Z,2026-09-15T02:48:17.027Z,1,Pasco,Wesley Chapel,,,,,,,Rental Listing,2900,Standard,2026-09-15T00:00:00.000Z,,1,3775.0,2017.0,,,,,,,,,,,,,,,,,,,,,,,,,,,,,,,,,,,,,,,,,,,,,,,,,,,,,,,,,,,,,,,,,,,,,,,,,,,,,,,,,,,,,,,,,,,,,,,,,,,,,,,,,,,,,,,,,,,,,,,,,,,,,,,,,,,,,,,,,,,,,,,,,,,,,,,,Rental Listing,3000.0,Standard,2025-08-13T00:00:00.000Z,2025-08-29T00:00:00.000Z,16.0,,,,,,,,,,,,,,,,,,,,,,,,,,,,,,,,,,,,,,,,,,,,,,,,,,,,,,,,,,,,,,,,,,,,,,,,,,,,,,,,,,,,,,,,,,,,,,,,,,,,,,,,,,,,,,,,,,,,,,,,,,,,,,,,,,,,,,,,,,,,,,,,,,,,,,,,,,,,,,,,,,,,,,,,,,,,,,,,,,,,,,,,,,,,,,,,,,,,,,,,,,,,,,,,,,,,,,,,,,,,,,,,,,,,,,,,,,,,,,,,,,,,,,,,,,,,,,,,,,,,,,,,,,,,,,,,,,,,,,,,,,,,,,,,,,,,,,,,,,,,,,,,,,,,,,,,,,,,,,,,,,,,
"3922-Washburn-Pl,-Wesley-Chapel,-FL-33543","3922 Washburn Pl, Wesley Chapel, FL 33543",3922 Washburn Pl,,Wesley Chapel,FL,12,33543,Pasco,101,28.214104,-82.30303,Single Family,3,2.0,1622.0,Active,2099,Standard,2026-09-15T00:00:00.000Z,,2022-12-09T00:03:51.634Z,2026-09-15T02:48:17.026Z,1,Pasco,Wesley Chapel,,,,,,,Rental Listing,2099,Standard,2026-09-15T00:00:00.000Z,,1,5500.0,2006.0,,,,,,,,,,,,,,,,,,,,,,,,,,,,,,,,,,,,,,,,,,,,,,,,,,,,,,,,,,,,,,,,,,,,,,,,,,,,,,,,,,,,,,,,,,,,,,,,,,,,,,,,,,,,,,,,,,,,,,,,,,,,,,,,,,,,,,,,,,,,,,,,,,Rental Listing,2200.0,Standard,2026-08-04T00:00:00.000Z,2026-08-05T00:00:00.000Z,1.0,,,,,,,,,,,,,,,,,,,,,,,,,,,,,,,,,,,,,,,,,,,,,,,,,,,,,,,,,,,,,,,,,,,,,,,,,,,,,,,,,,,,,,,,,,,,,,,,,,,,,,,,,,,,,,,,,,,,,,,,,,,,,,,,,,,,,,,,,,,,,,,,,,,,,,,,,,,,,,,,,,,,,,,,,,,,,,,,,,,,,,,,,,,,,,,,,,,,,,,,,,,,,,,,,,,,,,,,,,,,,,,,,,,,,,,,,,,,,,,,,,,,,,,,,,,,,,,,,,,,,,,,,,,,,,,,,,,,,,,,,,,,,,,,,,,,,,,,,,,,,,,,,,,,,,,,,,,,,,,,,,,,,,,,,,
"1122-Nashville-Dr,-Wesley-Chapel,-FL-33544","1122 Nashville Dr, Wesley Chapel, FL 33544",1122 Nashville Dr,,Wesley Chapel,FL,12,33544,Pasco,101,28.173533,-82.385582,Single Family,4,3.5,2634.0,Active,3095,Standard,2026-09-15T00:00:00.000Z,,2023-09-11T00:00:00.000Z,2026-09-15T02:48:17.024Z,1,Pasco,Wesley Chapel,,,,,,,Rental Listing,3095,Standard,2026-09-15T00:00:00.000Z,,1,,,,,,,,,,,,,,,,,,,,,,,,,,,,,,,,,,,,,,,,,,,,,,,,,,,,,,,,,,,,,,,,,,,,,,,,,,,,,,,,,,,,,,,,,,,,,,,,,,,,,,,,,,,,,,,,,,,,,,,,,,,,,,,,,,,,,,,,,,,,,,,,,,,,,,,,,,,,,,,,Rental Listing,3095.0,Standard,2026-03-25T00:00:00.000Z,2026-03-26T00:00:00.000Z,1.0,,,,,,,,,,,,,,,,,,,,,,,,,,,,,,,,,,,,,,,,,,,,,,,,,,,,,,,,,,,,,,,,,,,,,,,,,,,,,,,,,,,,,,,,,,,,,,,,,,,,,,,,,,,,,,,,,,,,,,,,,,,,,,,,,,,,,,,,,,,,,,,,,,,,,,,,,,,,,,,,,,,,,,,,,,,,,,,,,,,,,,,,,,,,,,,,,,,,,,,,,,,,,,,,,,,,,,,,,,,,,,,,,,,,,,,,,,,,,,,,,,,,,,,,,,,,,,,,,,,,,,,,,,,,,,,,,,,,,,,,,,,,,,,,,,,,,,,,,,,,,,,,,,,,,,,,,,,,,,
"34010-Sorrel-Mint-Dr,-Wesley-Chapel,-FL-33543","34010 Sorrel Mint Dr, Wesley Chapel, FL 33543",34010 Sorrel Mint Dr,,Wesley Chapel,FL,12,33543,Pasco,101,28.19895,-82.25259,Single Family,4,2.0,1498.0,Active,2095,Standard,2026-09-15T00:00:00.000Z,,2021-07-10T00:40:50.834Z,2026-09-15T02:48:17.023Z,1,Pasco,Wesley Chapel,,,,,,,Rental Listing,2095,Standard,2026-09-15T00:00:00.000Z,,1,,,,,,,,,,,,,,,,,,,,,,,,,,,,,,,,,,,,,,,,,,,,,,,,,,,,,,,,,,,,,,,,,,,,,,,,,,,,,,,,,,,,,,,,,,,,,,,,,,,,,,,,,,,,,,,,,,,,,,,,,,,,,,,,,,,,,,,,,,,,,,,,,,,,,,,,,,,,,,,,,,,,,,,,,,,,,,,,,,,,,,,,,,,,,,,,,,,,,,,,,,,,,,,,,,,,,,,,,,,,,,,,,,,,,,,,,,,,,,,,,,,,,,,,,,,,,,,,,,,,,,,,,,,,,,,,,,,,,,,,,,,,,,,,,,,,,,,,,,,,,,,,,,,,,,,,,,,,,,,,,,,,,,,,,,,,,,,,,,,,,,,,,,,,,,,,,,,,,,,,,,,,,,,,,,,,,,,,,,,,,,,,,,,,,,,,,,,,,,,,,,,,,,,,,,,,,,,,,,,,,,,,,,,,,,,,,,,,,,,,,,,,,,,,,,,,,,,,,,,,,,,,,,,,,,,,,,,,,,,,,,,
"4904-Cactus-Needle-Ln,-Wesley-Chapel,-FL-33544","4904 Cactus Needle Ln, Wesley Chapel, FL 33544",4904 Cactus Needle Ln,,Wesley Chapel,FL,12,33544,Pasco,101,28.228339,-82.361632,Townhouse,3,3.0,1686.0,Active,1925,Standard,2026-09-15T00:00:00.000Z,,2026-08-28T00:00:00.000Z,2026-09-15T02:48:17.013Z,1,Pasco,Wesley Chapel,,,,,,,Rental Listing,1925,Standard,2026-09-15T00:00:00.000Z,,1,,,,,,,,,,,,,,,,,,,,,,,,,,,,,,,,,,,,,,,,,,,,,,,,,,,,,,,,,,,,,,,,,,,,,,,,,,,,,,,,,,,,,,,,,,,,,,,,,,,,,,,,,,,,,,,,,,,,,,,,,,,,,,,,,,,,,,,,,,,,,,,,,,,,,,,,,,,,,,,,,,,,,,,,,,,,,,,,,,,,,,,,,,,,,,,,,,,,,,,,,,,,,,,,,,,,,,,,,,,,,,,,,,,,,,,,,,,,,,,,,,,,,,,,,,,,,,,,,,,,,,,,,,,,,,,,,,,,,,,,,,,,,,,,,,,,,,,,,,,,,,,,,,,,,,,,,,,,,,,,,,,,,,,,,,,,,,,,,,,,,,,,,,,,,,,,,,,,,,,,,,,,,,,,,,,,,,,,,,,,,,,,,,,,,,,,,,,,,,,,,,,,,,,,,,,,,,,,,,,,,,,,,,,,,,,,,,,,,,,,,,,,,,,,,,,,,,,,,,,,,,,,,,,,,,,,,,,,,,,,,,,
"5211-Avalon-Park-Blvd,---1,-Wesley-Chapel,-FL-33545","5211 Avalon Park Blvd, # 1, Wesley Chapel, FL 33545",5211 Avalon Park Blvd,# 1,Wesley Chapel,FL,12,33545,Pasco,101,28.232203,-82.270508,Townhouse,3,2.5,1820.0,Active,2300,Standard,2026-09-15T00:00:00.000Z,,2026-09-15T00:00:00.000Z,2026-09-15T02:48:17.013Z,1,Pasco,Wesley Chapel,,,,,,,Rental Listing,2300,Standard,2026-09-15T00:00:00.000Z,,1,,,,,,,,,,,,,,,,,,,,,,,,,,,,,,,,,,,,,,,,,,,,,,,,,,,,,,,,,,,,,,,,,,,,,,,,,,,,,,,,,,,,,,,,,,,,,,,,,,,,,,,,,,,,,,,,,,,,,,,,,,,,,,,,,,,,,,,,,,,,,,,,,,,,,,,,,,,,,,,,,,,,,,,,,,,,,,,,,,,,,,,,,,,,,,,,,,,,,,,,,,,,,,,,,,,,,,,,,,,,,,,,,,,,,,,,,,,,,,,,,,,,,,,,,,,,,,,,,,,,,,,,,,,,,,,,,,,,,,,,,,,,,,,,,,,,,,,,,,,,,,,,,,,,,,,,,,,,,,,,,,,,,,,,,,,,,,,,,,,,,,,,,,,,,,,,,,,,,,,,,,,,,,,,,,,,,,,,,,,,,,,,,,,,,,,,,,,,,,,,,,,,,,,,,,,,,,,,,,,,,,,,,,,,,,,,,,,,,,,,,,,,,,,,,,,,,,,,,,,,,,,,,,,,,,,,,,,,,,,,,,,
"34335-Lodge-Dr,-Wesley-Chapel,-FL-33543","34335 Lodge Dr, Wesley Chapel, FL 33543",34335 Lodge Dr,,Wesley Chapel,FL,12,33543,Pasco,101,28.201079,-82.248291,Single Family,3,2.0,1456.0,Active,1750,Standard,2026-09-15T00:00:00.000Z,,2024-04-09T00:00:00.000Z,2026-09-15T02:48:17.010Z,1,Pasco,Wesley Chapel,,,,,,,Rental Listing,1750,Standard,2026-09-15T00:00:00.000Z,,1,,,,,,,,,,,,,,,,,,,,,,,,,,,,,,,,,,,,,,,,,,,,,,,,,,,,,,,,,,,,,,,,,,,,,,,,,,,,,,,,,,,,,,,,,,,,,,,,,,,,,,,,,,,,,,,,,,,,,,,,,,,,,,,,,,,,,,,,,,,,,,,,,,,,,,,,,,,,,,,,,,,,,,,,,,,,,,,,,,,,,,,,,,,,,,,,,,,,,,,,,,,,,,,,,,,,,,,,,,,,,,,,,,,,,,,,,,,,,,,,,,,,,,,,,,,,,,,,,,,,,,,,,,,,,,,,,,,,,,,,,,,,,,,,,,,,,,,,,,,,,,,,,,,,,,,,,,,,,,,,,,,,,,,,,,,,,,,,,,,,,,,,,,,,,,,,,,,,,,,,,,,,,,,,,,,,,,,,,,,,,,,,,,,,,,,,,,,,,,,,,,,,,,,,,,,,,,,,,,,,,,,,,,,,,,,,,,,,,,,,,,,,,,,,,,,,,,,,,,,,,,,,,,,,,,,,,,,,,,,,,,,
"4944-Cactus-Needle-Ln,-Wesley-Chapel,-FL-33544","4944 Cactus Needle Ln, Wesley Chapel, FL 33544",4944 Cactus Needle Ln,,Wesley Chapel,FL,12,33544,Pasco,101,28.229334,-82.360881,Townhouse,3,2.5,1534.0,Active,1825,Standard,2026-09-15T00:00:00.000Z,,2026-08-09T00:00:00.000Z,2026-09-15T02:48:17.009Z,1,Pasco,Wesley Chapel,,,,,,,Rental Listing,1825,Standard,2026-09-15T00:00:00.000Z,,1,,,,,,,,,,,,,,,,,,,,,,,,,,,,,,,,,,,,,,,,,,,,,,,,,,,,,,,,,,,,,,,,,,,,,,,,,,,,,,,,,,,,,,,,,,,,,,,,,,,,,,,,,,,,,,,,,,,,,,,,,,,,,,,,,,,,,,,,,,,,,,,,,,,,,,,,,,,,,,,,,,,,,,,,,,,,,,,,,,,,,,,,,,,,,,,,,,,,,,,,,,,,,,,,,,,,,,,,,,,,,,,,,,,,,,,,,,,,,,,,,,,,,,,,,,,,,,,,,,,,,,,,,,,,,,,,,,,,,,,,,,,,,,,,,,,,,,,,,,,,,,,,,,,,,,,,,,,,,,,,,,,,,,,,,,,,,,,,,,,,,,,,,,,,,,,,,,,,,,,,,,,,,,,,,,,,,,,,,,,,,,,,,,,,,,,,,,,,,,,,,,,,,,,,,,,,,,,,,,,,,,,,,,,,,,,,,,,,,,,,,,,,,,,,,,,,,,,,,,,,,,,,,,,,,,,,,,,,,,,,,,,
"3874-Fraccareta-Way,-Wesley-Chapel,-FL-33543","3874 Fraccareta Way, Wesley Chapel, FL 33543",3874 Fraccareta Way,,Wesley Chapel,FL,12,33543,Pasco,101,28.21316,-82.320847,Single Family,3,2.0,1976.0,Active,2749,Standard,2026-09-15T00:00:00.000Z,,2026-09-11T00:00:00.000Z,2026-09-15T02:48:17.008Z,1,Pasco,Wesley Chapel,,,,,,,Rental Listing,2749,Standard,2026-09-15T00:00:00.000Z,,1,,,,,,,,,,,,,,,,,,,,,,,,,,,,,,,,,,,,,,,,,,,,,,,,,,,,,,,,,,,,,,,,,,,,,,,,,,,,,,,,,,,,,,,,,,,,,,,,,,,,,,,,,,,,,,,,,,,,,,,,,,,,,,,,,,,,,,,,,,,,,,,,,,,,,,,,,,,,,,,,,,,,,,,,,,,,,,,,,,,,,,,,,,,,,,,,,,,,,,,,,,,,,,,,,,,,,,,,,,,,,,,,,,,,,,,,,,,,,,,,,,,,,,,,,,,,,,,,,,,,,,,,,,,,,,,,,,,,,,,,,,,,,,,,,,,,,,,,,,,,,,,,,,,,,,,,,,,,,,,,,,,,,,,,,,,,,,,,,,,,,,,,,,,,,,,,,,,,,,,,,,,,,,,,,,,,,,,,,,,,,,,,,,,,,,,,,,,,,,,,,,,,,,,,,,,,,,,,,,,,,,,,,,,,,,,,,,,,,,,,,,,,,,,,,,,,,,,,,,,,,,,,,,,,,,,,,,,,,,,,,,,
"6047-White-Sails-Dr,-Wesley-Chapel,-FL-33545","6047 White Sails Dr, Wesley Chapel, FL 33545",6047 White Sails Dr,,Wesley Chapel,FL,12,33545,Pasco,101,28.245269,-82.341959,Single Family,3,2.0,1112.0,Active,2050,Standard,2026-09-15T00:00:00.000Z,,2019-04-15T03:18:48.776Z,2026-09-15T02:48:17.007Z,1,Pasco,Wesley Chapel,,,,,,,Rental Listing,2050,Standard,2026-09-15T00:00:00.000Z,,1,3654.0,2002.0,,,,,,,,,,,,,,,,,,,,,,,,,,,,,,,,,,,,,,,,,,,,,,,,,,,,,,,,,,,,,,,,,,,,,,,,,,,,,,,,,,,,,,,,,,,,,,,,,,,,,,,,,,,,,,,,,,,,,,,,,,,,,,,,,,,,,,,,,,,,,,,,,,,,,,,,,,,,,,,,,,,,Rental Listing,1795.0,Standard,2025-04-29T00:00:00.000Z,2025-08-16T00:00:00.000Z,109.0,,,,,,,,,,,,,,,,,,,,,,,,,,,,,,,,,,,,,,,,,,,,,,,,,,,,,,,,,,,,,,,,,,,,,,,,,,,,,,,,,,,,,,,,,,,,,,,,,,,,,,,,,,,,,,,,,,,,,,,,,,,,,,,,,,,,,,,,,,,,,,,,,,,,,,,,,,,,,,,,,,,,,,,,,,,,,,,,,,,,,,,,,,,,,,,,,,,,,,,,,,,,,,,,,,,,,,,,,,,,,,,,,,,,,,,,,,,,,,,,,,,,,,,,,,,,,,,,,,,,,,,,,,,,,,,,,,,,,,,,,,,,,,,,,,,,,,,,,,,,,,,,,,,,,,,,
"32732-Yasmine-Loop,-Wesley-Chapel,-FL-33543","32732 Yasmine Loop, Wesley Chapel, FL 33543",32732 Yasmine Loop,,Wesley Chapel,FL,12,33543,Pasco,101,28.212615,-82.274784,Single Family,4,2.0,1950.0,Active,2400,Standard,2026-09-15T00:00:00.000Z,,2024-01-02T00:00:00.000Z,2026-09-15T02:48:16.996Z,1,Pasco,Wesley Chapel,,,,,,,Rental Listing,2400,Standard,2026-09-15T00:00:00.000Z,,1,8602.0,2010.0,,,,,,,,,,,,,,,,,,,,,,,,,,,,,,,,,,,,,,,,,,,,,,,,,,,,,,,,,,,,,,,,,,,,,,,,,,,,,,,,,,,,,,,,,,,,,,,,,,,,,,,,,,,,,,,,,,,,,,,,,,,,,,,,,,,,,,,,,,,,,,,,,,,,,,,,,,,,,,,,,,,,,,,,,,Rental Listing,2400.0,Standard,2026-08-29T00:00:00.000Z,2026-08-30T00:00:00.000Z,1.0,,,,,,,,,,,,,,,,,,,,,,,,,,,,,,,,,,,,,,,,,,,,,,,,,,,,,,,,,,,,,,,,,,,,,,,,,,,,,,,,,,,,,,,,,,,,,,,,,,,,,,,,,,,,,,,,,,,,,,,,,,,,,,,,,,,,,,,,,,,,,,,,,,,,,,,,,,,,,,,,,,,,,,,,,,,,,,,,,,,,,,,,,,,,,,,,,,,,,,,,,,,,,,,,,,,,,,,,,,,,,,,,,,,,,,,,,,,,,,,,,,,,,,,,,,,,,,,,,,,,,,,,,,,,,,,,,,,,,,,,,,,,,,,,,,,,,,,,,,,,,,,,,,
"30450-Birdhouse-Dr,-Wesley-Chapel,-FL-33545","30450 Birdhouse Dr, Wesley Chapel, FL 33545",30450 Birdhouse Dr,,Wesley Chapel,FL,12,33545,Pasco,101,28.247103,-82.311991,Single Family,4,2.5,1944.0,Active,2699,Standard,2026-09-15T00:00:00.000Z,,2021-12-23T00:43:52.162Z,2026-09-15T02:48:16.992Z,1,Pasco,Wesley Chapel,,,,,,,Rental Listing,2699,Standard,2026-09-15T00:00:00.000Z,,1,,,,,,,,,,,,,,,,,,,,,,,,,,,,,,,,,,,,,,,,,,,,,,,,,,,,,,,,,,,,,,,,,,,,,,,,,,,,,,,,,,,,,,,,,,,,,,,,,,,,,,,,,,,,,,,,,,,,,,,,,,,,,,,,,,,,,,,,,,,,,,,,,,,,,,,,,,,,,,,,,,,,,,,,,,,,,,,,,,,,,,,,,,,,,,,,,,,,,,,,,,,,,,,,,,,,,,,,,,,,,,,,,,,,,,,,,,,,,,,,,,,,,,,,,,,,,,,,,,,,,,,,,,,,,,,,,,,,,,,,,,,,,,,,,,,,,,,,,,,,,,,,,,,,,,,,,,,,,,,,,,,,,,,,,,,,,,,,,,,,,,,,,,,,,,,,,,,,,,,,,,,,,,,,,,,,,,,,,,,,,,,,,,,,,,,,,,,,,,,,,,,,,,,,,,,,,,,,,,,,,,,,,,,,,,,,,,,,,,,,,,,,,,,,,,,,,,,,,,,,,,,,,,,,,,,,,,,,,,,,,,,
"32510-Harmony-Oaks-Dr,-Wesley-Chapel,-FL-33545","32510 Harmony Oaks Dr, Wesley Chapel, FL 33545",32510 Harmony Oaks Dr,,Wesley Chapel,FL,12,33545,Pasco,101,28.229868,-82.278178,Single Family,4,2.0,2161.0,Active,2649,Standard,2026-09-15T00:00:00.000Z,,2021-07-21T01:20:30.798Z,2026-09-15T02:48:16.977Z,1,Pasco,Wesley Chapel,,,,,,,Rental Listing,2649,Standard,2026-09-15T00:00:00.000Z,,1,,,,,,,,,,,,,,,,,,,,,,,,,,,,,,,,,,,,,,,,,,,,,,,,,,,,,,,,,,,,,,,,,,,,,,,,,,,,,,,,,,,,,,,,,,,,,,,,,,,,,,,,,,,,,,,,,,,,,,,,,,,,,,,,,,,,,,,,,,,,,,,,,,,,,,,,,,,,,,,,,,,,,,,,,,,,,,,,,,,,,,,,,,,,,,,,,,,,,,,,,,,,,,,,,,,,,,,,,,,,,,,,,,,,,,,,,,,,,,,,,,,,,,,,,,,,,,,,,,,,,,,,,,,,,,,,,,,,,,,,,,,,,,,,,,,,,,,,,,,,,,,,,,,,,,,,,,,,,,,,,,,,,,,,,,,,,,,,,,,,,,,,,,,,,,,,,,,,,,,,,,,,,,,,,,,,,,,,,,,,,,,,,,,,,,,,,,,,,,,,,,,,,,,,,,,,,,,,,,,,,,,,,,,,,,,,,,,,,,,,,,,,,,,,,,,,,,,,,,,,,,,,,,,,,,,,,,,,,,,,,,,
"8471-Lofty-Timber-Way,-Wesley-Chapel,-FL-33545","8471 Lofty Timber Way, Wesley Chapel, FL 33545",8471 Lofty Timber Way,,Wesley Chapel,FL,12,33545,Pasco,101,28.280634,-82.300785,Single Family,3,2.5,1464.0,Active,1910,Standard,2026-09-15T00:00:00.000Z,,2024-11-22T00:00:00.000Z,2026-09-15T02:48:16.977Z,1,Pasco,Wesley Chapel,,,,,,,Rental Listing,1910,Standard,2026-09-15T00:00:00.000Z,,1,,,,,,,,,,,,,,,,,,,,,,,,,,,,,,,,,,,,,,,,,,,,,,,,,,,,,,,,,,,,,,,,,,,,,,,,,,,,,,,,,,,,,,,,,,,,,,,,,,,,,,,,,,,,,,,,,,,,,,,,,,,,,,,,,,,,,,,,,,,,,,,,,,,,,,,,,,,,,,,,,,,,,,,,,,,,,,,,,,Rental Listing,1899.0,Standard,2025-04-08T00:00:00.000Z,2025-04-09T00:00:00.000Z,1.0,Rental Listing,1999.0,Standard,2026-07-16T00:00:00.000Z,2026-07-17T00:00:00.000Z,1.0,Rental Listing,1999.0,Standard,2026-07-20T00:00:00.000Z,2026-07-21T00:00:00.000Z,1.0,Rental Listing,1975.0,Standard,2026-08-10T00:00:00.000Z,2026-08-11T00:00:00.000Z,1.0,,,,,,,,,,,,,,,,,,,,,,,,,,,,,,,,,,,,,,,,,,,,,,,,,,,,,,,,,,,,,,,,,,,,,,,,,,,,,,,,,,,,,,,,,,,,,,,,,,,,,,,,,,,,,,,,,,,,,,,,,,,,,,,,,,,,,,,,,,,,,,,,,,,,,,,,,,,,,,,,,,,,,,,,,,,,,,,,,,,,,,,,,,,,,,,,,,,,,,,,,,,,,,,,,,,,,,,,,,,,,,,,,,,,,,,,,,,,,,,,,,,,,,,,,,,,,,,,,,,,,,,,,,,,,,,,,,,,,,,,,,
"1637-Maximilian-Dr,-Wesley-Chapel,-FL-33543","1637 Maximilian Dr, Wesley Chapel, FL 33543",1637 Maximilian Dr,,Wesley Chapel,FL,12,33543,Pasco,101,28.180707,-82.333187,Single Family,3,2.0,1850.0,Active,2500,Standard,2026-09-15T00:00:00.000Z,,2026-07-23T00:00:00.000Z,2026-09-15T02:48:16.973Z,1,Pasco,Wesley Chapel,,,,,,,Rental Listing,2500,Standard,2026-09-15T00:00:00.000Z,,1,,,,,,,,,,,,,,,,,,,,,,,,,,,,,,,,,,,,,,,,,,,,,,,,,,,,,,,,,,,,,,,,,,,,,,,,,,,,,,,,,,,,,,,,,,,,,,,,,,,,,,,,,,,,,,,,,,,,,,,,,,,,,,,,,,,,,,,,,,,,,,,,,,,,,,,,,,,,,,,,,,,,,,,,,,,,,,,,,,,,,,,,,,,,,,,,,,,,,,,,,,,,,,,,,,,,,,,,,,,,,,,,,,,,,,,,,,,,,,,,,,,,,,,,,,,,,,,,,,,,,,,,,,,,,,,,,,,,,,,,,,,,,,,,,,,,,,,,,,,,,,,,,,,,,,,,,,,,,,,,,,,,,,,,,,,,,,,,,,,,,,,,,,,,,,,,,,,,,,,,,,,,,,,,,,,,,,,,,,,,,,,,,,,,,,,,,,,,,,,,,,,,,,,,,,,,,,,,,,,,,,,,,,,,,,,,,,,,,,,,,,,,,,,,,,,,,,,,,,,,,,,,,,,,,,,,,,,,,,,,,,,
"12159-Colony-Lakes-Blvd,-New-Port-Richey,-FL-34654","12159 Colony Lakes Blvd, New Port Richey, FL 34654",12159 Colony Lakes Blvd,,New Port Richey,FL,12,34654,Pasco,101,28.333761,-82.61759,Single Family,4,2.0,1968.0,Active,2420,Standard,2026-09-15T00:00:00.000Z,,2019-04-29T11:05:19.680Z,2026-09-15T02:50:39.365Z,1,Pasco,New Port Richey,,,,,,,Rental Listing,2420,Standard,2026-09-15T00:00:00.000Z,,1,,,,,,,,,,,,,,,,,,,,,,,,,,,,,,,,,,,,,,,,,,,,,,,,,,,,,,,,,,,,,,,,,,,,,,,,,,,,,,,,,,,,,,,,,,,,,,,,,,,,,,,,,,,,,,,,,,,,,,,,,,,,,,,,,,,,,,,,,,,,,,,,,,,,,,,,,,,,,,,,,,,,,,,,,,,,,,,,,,,,,,,,,,,,,,,,,,,,,,,,,,,,,,,,,,,,,,,,,,,,,,,,,,,,,,,,,,,,,,,,,,,,,,,,,,,,,,,,,,,,,,,,,,,,,,,,,,,,,,,,,,,,,,,,,,,,,,,,,,,,,,,,,,,,,,,,,,,,,,,,,,,,,,,,,,,,,,,,,,,,,,,,,,,,,,,,,,,,,,,,,,,,,,,,,,,,,,,,,,,,,,,,,,,,,,,,,,,,,,,,,,,,,,,,,,,,,,,,,,,,,,,,,,,,,,,,,,,,,,,,,,,,,,,,,,,,,,,,,,,,,,,,,,,,,,,,,,,,,,,,,,,
"9351-Beaufort-Ct,-New-Port-Richey,-FL-34654","9351 Beaufort Ct, New Port Richey, FL 34654",9351 Beaufort Ct,,New Port Richey,FL,12,34654,Pasco,101,28.293661,-82.619407,Single Family,3,2.0,1819.0,Active,2120,Standard,2026-09-15T00:00:00.000Z,,2026-07-10T00:00:00.000Z,2026-09-15T02:50:39.361Z,1,Pasco,New Port Richey,,,,,,,Rental Listing,2120,Standard,2026-09-15T00:00:00.000Z,,1,,,,,,,,,,,,,,,,,,,,,,,,,,,,,,,,,,,,,,,,,,,,,,,,,,,,,,,,,,,,,,,,,,,,,,,,,,,,,,,,,,,,,,,,,,,,,,,,,,,,,,,,,,,,,,,,,,,,,,,,,,,,,,,,,,,,,,,,,,,,,,,,,,,,,,,,,,,,,,,,,,,,,,,,,,,,,,,,,,,,,,,,,,,,,,,,,,,,,,,,,,,,,,,,,,,,,,,,,,,,,,,,,,,,,,,,,,,,,,,,,,,,,,,,,,,,,,,,,,,,,,,,,,,,,,,,,,,,,,,,,,,,,,,,,,,,,,,,,,,,,,,,,,,,,,,,,,,,,,,,,,,,,,,,,,,,,,,,,,,,,,,,,,,,,,,,,,,,,,,,,,,,,,,,,,,,,,,,,,,,,,,,,,,,,,,,,,,,,,,,,,,,,,,,,,,,,,,,,,,,,,,,,,,,,,,,,,,,,,,,,,,,,,,,,,,,,,,,,,,,,,,,,,,,,,,,,,,,,,,,,,,
"4148-Savage-Station-Cir,-New-Port-Richey,-FL-34653","4148 Savage Station Cir, New Port Richey, FL 34653",4148 Savage Station Cir,,New Port Richey,FL,12,34653,Pasco,101,28.21994,-82.695147,Single Family,3,2.5,1783.0,Active,2280,Standard,2026-09-15T00:00:00.000Z,,2020-05-31T05:23:34.680Z,2026-09-15T02:50:39.356Z,1,Pasco,New Port Richey,,,,,,,Rental Listing,2280,Standard,2026-09-15T00:00:00.000Z,,1,,,,,,,,,,,,,,,,,,,,,,,,,,,,Rental Listing,2280.0,Standard,2026-09-11T00:00:00.000Z,2026-09-12T00:00:00.000Z,1.0,,,,,,,,,,,,,,,,,,,,,,,,,,,,,,,,,,,,,,,,,,,,,,,,,,,,,,,,,,,,,,,,,,,,,,,,,,,,,,,,,,,,,,,,,,,,,,,,,,,,,,,,,,,,,,,,,,,,,,,,,,,,,,,,,,,,,,,,,,,,,,,,,,,,,,,,,,,,,,,,,,,,,,,,,,,,,,,,,,,,,,,,,,,,,,,,,,,,,,,,,,,,,,,,,,,,,,,,,,,,,,,,,,,,,,,,,,,,,,,,,,,,,,,,,,,,,,,,,,,,,,,,,,,,,,,,,,,,,,,,,,,,,,,,,,,,,,,,,,,,,,,,,,,,,,,,,,,,,,,,,,,,,,,,,,,,,,,,,,,,,,,,,,,,,,,,,,,,,,,,,,,,,,,,,,,,,,,,,,,,,,,,,,,,,,,,,,,,,,,,,,,,,,,,,,,,,,,,,,,,,,,,,,,,,,,,,,,,,,,,,,,,,,,,,,
"4618-Audrey-Ln,-New-Port-Richey,-FL-34652","4618 Audrey Ln, New Port Richey, FL 34652",4618 Audrey Ln,,New Port Richey,FL,12,34652,Pasco,101,28.224907,-82.726746,Apartment,2,1.0,750.0,Active,1350,Standard,2026-09-15T00:00:00.000Z,,2026-07-25T00:00:00.000Z,2026-09-15T02:50:39.354Z,1,Pasco,New Port Richey,,,,,,,Rental Listing,1350,Standard,2026-09-15T00:00:00.000Z,,1,,,,,,,,,,,,,,,,,,,,,,,,,,,,,,,,,,,,,,,,,,,,,,,,,,,,,,,,,,,,,,,,,,,,,,,,,,,,,,,,,,,,,,,,,,,,,,,,,,,,,,,,,,,,,,,,,,,,,,,,,,,,,,,,,,,,,,,,,,,,,,,,,,,,,,,,,,,,,,,,,,,,,,,,,,,,,,,,,,,,,,,,,,,,,,,,,,,,,,,,,,,,,,,,,,,,,,,,,,,,,,,,,,,,,,,,,,,,,,,,,,,,,,,,,,,,,,,,,,,,,,,,,,,,,,,,,,,,,,,,,,,,,,,,,,,,,,,,,,,,,,,,,,,,,,,,,,,,,,,,,,,,,,,,,,,,,,,,,,,,,,,,,,,,,,,,,,,,,,,,,,,,,,,,,,,,,,,,,,,,,,,,,,,,,,,,,,,,,,,,,,,,,,,,,,,,,,,,,,,,,,,,,,,,,,,,,,,,,,,,,,,,,,,,,,,,,,,,,,,,,,,,,,,,,,,,,,,,,,,,,,,
"4609-Audrey-Ln,-New-Port-Richey,-FL-34652","4609 Audrey Ln, New Port Richey, FL 34652",4609 Audrey Ln,,New Port Richey,FL,12,34652,Pasco,101,28.225121,-82.726913,Apartment,2,1.0,750.0,Active,1350,Standard,2026-09-15T00:00:00.000Z,,2025-10-29T00:00:00.000Z,2026-09-15T02:50:39.345Z,1,Pasco,New Port Richey,,,,,,,Rental Listing,1350,Standard,2026-09-15T00:00:00.000Z,,1,,,,,,,,,,,,,,,,,,,,,,,,,,,,,,,,,,,,,,,,,,,,,,,,,,,,,,,,,,,,,,,,,,,,,,,,,,,,,,,,,,,,,,,,,,,,,,,,,,,,,,,,,,,,,,,,,,,,,,,,,,,,,,,,,,,,,,,,,,,,,,,,,,,,,,,,,,,,,,,,,,,,,,,,,,,,,,,,,,,,,,,,,,,,,,,,,,,,,,,,,,Rental Listing,1295.0,Standard,2026-01-16T00:00:00.000Z,2026-01-17T00:00:00.000Z,1.0,,,,,,,,,,,,,,,,,,,,,,,,,,,,,,,,,,,,,,,,,,,,,,,,,,,,,,,,,,,,,,,,,,,,,,,,,,,,,,,,,,,,,,,,,,,,,,,,,,,,,,,,,,,,,,,,,,,,,,,,,,,,,,,,,,,,,,,,,,,,,,,,,,,,,,,,,,,,,,,,,,,,,,,,,,,,,,,,,,,,,,,,,,,,,,,,,,,,,,,,,,,,,,,,,,,,,,,,,,,,,,,,,,,,,,,,,,,,,,,,,,,,,,,,,,,,,,,,,,,,,,,,,,,,,,,,,,,,
"5443-Beach-St,-New-Port-Richey,-FL-34652","5443 Beach St, New Port Richey, FL 34652",5443 Beach St,,New Port Richey,FL,12,34652,Pasco,101,28.238647,-82.71696,Apartment,2,1.0,850.0,Active,1395,Standard,2026-09-15T00:00:00.000Z,,2025-09-10T00:00:00.000Z,2026-09-15T02:50:39.342Z,1,Pasco,New Port Richey,,,,,,,Rental Listing,1395,Standard,2026-09-15T00:00:00.000Z,,1,,,,,,,,,,,,,,,,,,,,,,,,,,,,,,,,,,,,,,,,,,,,,,,,,,,,,,,,,,,,,,,,,,,,,,,,,,,,,,,,,,,,,,,,,,,,,,,,,,,,,,,,,,,,,,,,,,,,,,,,,,,,,,,,,,,,,,,,,,,,,,,,,,,,,,,,,,,,,,,,,,,,,,,,,,,,,,,,,,,,,,,,,,,,,,,,,,,,Rental Listing,1395.0,Standard,2026-08-10T00:00:00.000Z,2026-08-11T00:00:00.000Z,1.0,,,,,,,Rental Listing,1250.0,Standard,2025-10-08T00:00:00.000Z,2025-10-09T00:00:00.000Z,1.0,,,,,,,,,,,,,,,,,,,,,,,,,,,,,,,,,,,,,,,,,,,,,,,,,,,,,,,,,,,,,,,,,,,,,,,,,,,,,,,,,,,,,,,,,,,,,,,,,,,,,,,,,,,,,,,,,,,,,,,,,,,,,,,,,,,,,,,,,,,,,,,,,,,,,,,,,,,,,,,,,,,,,,,,,,,,,,,,,,,,,,,,,,,,,,,,,,,,,,,,,,,,,,,,,,,,,,,,,,,,,,,,,,,,,,,,,,,,,,,,,,,,,,,,,,,,,,,,,,,,,,,,,,,,,,
"9135-Maynard-Ave,-New-Port-Richey,-FL-34654","9135 Maynard Ave, New Port Richey, FL 34654",9135 Maynard Ave,,New Port Richey,FL,12,34654,Pasco,101,28.282229,-82.663675,Single Family,2,1.0,846.0,Active,1495,Standard,2026-09-15T00:00:00.000Z,,2023-10-24T00:00:00.000Z,2026-09-15T02:48:17.025Z,1,Pasco,New Port Richey,,,,,,,Rental Listing,1495,Standard,2026-09-15T00:00:00.000Z,,1,,,,,,,,,,,,,,,,,,,,,,,,,,,,,,,,,,,,,,,,,,,,,,,,,,,,,,,,,,,,,,,,,,,,,,,,,,,,,,,,,,,,,,,,,,,,,,,,,,,,,,,,,,,,,,,,,,,,,,,,,,,,,,,,,,,,,,,,,,,,,,,,,,,,,,,,,,,,,,,,,,,,,,,,,,,,,,,,,,,,,,,,,,,,,,,,,,,,,,,,,,,,,,,,,,,,,,,,,,,,,,,,,,,,,,,,,,,,,,,,,,,,,,,,,,,,,,,,,,,,,,,,,,,,,,,,,,,,,,,,,,,,,,,,,,,,,,,,,,,,,,,,,,,,,,,,,,,,,,,,,,,,,,,,,,,,,,,,,,,,,,,,,,,,,,,,,,,,,,,,,,,,,,,,,,,,,,,,,,,,,,,,,,,,,,,,,,,,,,,,,,,,,,,,,,,,,,,,,,,,,,,,,,,,,,,,,,,,,,,,,,,,,,,,,,,,,,,,,,,,,,,,,,,,,,,,,,,,,,,,,,,
"5822-Congress-St,-Apt-105,-New-Port-Richey,-FL-34653","5822 Congress St, Apt 105, New Port Richey, FL 34653",5822 Congress St,Apt 105,New Port Richey,FL,12,34653,Pasco,101,28.243894,-82.70646,Condo,2,2.0,980.0,Active,1350,Standard,2026-09-15T00:00:00.000Z,,2026-09-11T00:00:00.000Z,2026-09-15T02:48:17.020Z,1,Pasco,New Port Richey,,,,,,,Rental Listing,1350,Standard,2026-09-15T00:00:00.000Z,,1,,,,,,,,,,,,,,,,,,,,,,,,,,,,,,,,,,,,,,,,,,,,,,,,,,,,,,,,,,,,,,,,,,,,,,,,,,,,,,,,,,,,,,,,,,,,,,,,,,,,,,,,,,,,,,,,,,,,,,,,,,,,,,,,,,,,,,,,,,,,,,,,,,,,,,,,,,,,,,,,,,,,,,,,,,,,,,,,,,,,,,,,,,,,,,,,,,,,,,,,,,,,,,,,,,,,,,,,,,,,,,,,,,,,,,,,,,,,,,,,,,,,,,,,,,,,,,,,,,,,,,,,,,,,,,,,,,,,,,,,,,,,,,,,,,,,,,,,,,,,,,,,,,,,,,,,,,,,,,,,,,,,,,,,,,,,,,,,,,,,,,,,,,,,,,,,,,,,,,,,,,,,,,,,,,,,,,,,,,,,,,,,,,,,,,,,,,,,,,,,,,,,,,,,,,,,,,,,,,,,,,,,,,,,,,,,,,,,,,,,,,,,,,,,,,,,,,,,,,,,,,,,,,,,,,,,,,,,,,,,,,,
"7109-Kirsch-Ct,-Apt-5,-New-Port-Richey,-FL-34653","7109 Kirsch Ct, Apt 5, New Port Richey, FL 34653",7109 Kirsch Ct,Apt 5,New Port Richey,FL,12,34653,Pasco,101,28.260813,-82.69719,Single Family,2,2.0,1096.0,Active,1399,Standard,2026-09-15T00:00:00.000Z,,2026-09-01T00:00:00.000Z,2026-09-15T02:48:17.014Z,1,Pasco,New Port Richey,,,,,,,Rental Listing,1399,Standard,2026-09-15T00:00:00.000Z,,1,,,,,,,,,,,,,,,,,,,,,,,,,,,,,,,,,,,,,,,,,,,,,,,,,,,,,,,,,,,,,,,,,,,,,,,,,,,,,,,,,,,,,,,,,,,,,,,,,,,,,,,,,,,,,,,,,,,,,,,,,,,,,,,,,,,,,,,,,,,,,,,,,,,,,,,,,,,,,,,,,,,,,,,,,,,,,,,,,,,,,,,,,,,,,,,,,,,,,,,,,,,,,,,,,,,,,,,,,,,,,,,,,,,,,,,,,,,,,,,,,,,,,,,,,,,,,,,,,,,,,,,,,,,,,,,,,,,,,,,,,,,,,,,,,,,,,,,,,,,,,,,,,,,,,,,,,,,,,,,,,,,,,,,,,,,,,,,,,,,,,,,,,,,,,,,,,,,,,,,,,,,,,,,,,,,,,,,,,,,,,,,,,,,,,,,,,,,,,,,,,,,,,,,,,,,,,,,,,,,,,,,,,,,,,,,,,,,,,,,,,,,,,,,,,,,,,,,,,,,,,,,,,,,,,,,,,,,,,,,,,,,
"7720-Deer-Foot-Dr,-New-Port-Richey,-FL-34653","7720 Deer Foot Dr, New Port Richey, FL 34653",7720 Deer Foot Dr,,New Port Richey,FL,12,34653,Pasco,101,28.233417,-82.686767,Single Family,2,2.0,1200.0,Active,1885,Standard,2026-09-15T00:00:00.000Z,,2022-05-25T00:02:27.376Z,2026-09-15T02:48:16.998Z,1,Pasco,New Port Richey,,,,,,,Rental Listing,1885,Standard,2026-09-15T00:00:00.000Z,,1,,,,,,,,,,,,,,,,,,,,,,,,,,,,,,,,,,,,,,,,,,,,,,,,,,,,,,,,,,,,,,,,,,,,,,,,,,,,,,,,,,,,,,,,,,,,,,,,,,,,,,,,,,,,,,,,,,,,,,,,,,,,,,,,,,,,,,,,,,,,,,,,,,,,,,,,,,,,,,,,,,,,,,,,,,,,,,,,,,,,,,,,,,,,,,,,,,,,,,,,,,,,,,,,,,,,,,Rental Listing,1945.0,Standard,2026-05-18T00:00:00.000Z,2026-05-19T00:00:00.000Z,1.0,Rental Listing,1899.0,Standard,2026-06-22T00:00:00.000Z,2026-06-23T00:00:00.000Z,1.0,,,,,,,,,,,,,,,,,,,,,,,,,,,,,,,,,,,,,,,,,,,,,,,,,,,,,,,,,,,,,,,,,,,,,,,,,,,,,,,,,,,,,,,,,,,,,,,,,,,,,,,,,,,,,,,,,,,,,,,,,,,,,,,,,,,,,,,,,,,,,,,,,,,,,,,,,,,,,,,,,,,,,,,,,,,,,,,,,,,,,,,,,,,,,,,,,,,,,,,,,,,,,,,,,,,,,,,,,,,,,,,,,,,,,,,,,,,,,,,,,,,,,,,,,,,,,,,,,,
"5525-Wahoo-Ct,-New-Port-Richey,-FL-34652","5525 Wahoo Ct, New Port Richey, FL 34652",5525 Wahoo Ct,,New Port Richey,FL,12,34652,Pasco,101,28.239613,-82.732902,Townhouse,3,3.0,1607.0,Active,2100,Standard,2026-09-15T00:00:00.000Z,,2022-09-22T02:16:19.530Z,2026-09-15T02:48:16.997Z,1,Pasco,New Port Richey,,,,,,,Rental Listing,2100,Standard,2026-09-15T00:00:00.000Z,,1,1227.0,2022.0,,,,,,,,,,,,,,,,,,,,,,,,,,,,,,,,,,,,,,,,,,,,,,,,,,,,,,,,,,,,,,,,,,,,,,,,,,,,,,,,,,,,,,,,,,,,,,,,,,,,,,,,,,,,,,,,,,,,,,,,,,,,,,,,,,,,,,,,,,,,,,,,,,,,,,,,,,,,,,,,,,,,,,,,,,,,,,,,,,,,,,,,,,,,,,,,,,,,,,,,,,,,,,,,,,,,,,,,,,,,,,,,Rental Listing,1800.0,Standard,2025-03-25T00:00:00.000Z,2025-03-26T00:00:00.000Z,1.0,Rental Listing,2100.0,Standard,2025-07-12T00:00:00.000Z,2025-07-13T00:00:00.000Z,1.0,Rental Listing,2100.0,Standard,2025-10-04T00:00:00.000Z,2025-10-05T00:00:00.000Z,1.0,Rental Listing,2100.0,Standard,2025-11-05T00:00:00.000Z,2025-11-06T00:00:00.000Z,1.0,Rental Listing,2100.0,Standard,2025-12-20T00:00:00.000Z,2025-12-21T00:00:00.000Z,1.0,Rental Listing,2100.0,Standard,2026-01-07T00:00:00.000Z,2026-01-08T00:00:00.000Z,1.0,Rental Listing,2100.0,Standard,2026-02-08T00:00:00.000Z,2026-02-09T00:00:00.000Z,1.0,Rental Listing,2100.0,Standard,2026-02-27T00:00:00.000Z,2026-02-28T00:00:00.000Z,1.0,Rental Listing,2100.0,Standard,2026-03-14T00:00:00.000Z,2026-03-15T00:00:00.000Z,1.0,Rental Listing,2100.0,Standard,2026-04-04T00:00:00.000Z,2026-04-05T00:00:00.000Z,1.0,,,,,,,,,,,,,,,,,,,,,,,,,,,,,,,,,,,,,,,,,,,,,,,,,,,,,,,,,,,,,,,,,,,,,,,,,,,,,,,,,,,,,,,,,,,,,,,,,,,,,,,,,,,,,,,,,,,,,,,,,,,,,,,,,,,,,,,,,,,,,,,,,,,,,,,,,,,,,,,,,,,,,,,,,,,,,,,,,,,,,,,,,,,,,,,,,,,,,,
"3516-Teeside-Dr,-New-Port-Richey,-FL-34655","3516 Teeside Dr, New Port Richey, FL 34655",3516 Teeside Dr,,New Port Richey,FL,12,34655,Pasco,101,28.210341,-82.653832,Single Family,2,2.0,1288.0,Active,1800,Standard,2026-09-15T00:00:00.000Z,,2025-01-03T00:00:00.000Z,2026-09-15T02:48:16.991Z,1,Pasco,New Port Richey,,,,,,,Rental Listing,1800,Standard,2026-09-15T00:00:00.000Z,,1,22047458.0,1980.0,,,,,,,,,,,,,,,,,,,,,,,,,,,,,,,,,,,,,,,,,,,,,,,,,,,,,,,,,,,,,,,,,,,,,,,,,,,,,,,,,,,,,,,,,,,,,,,,,,,,,,,,,,,,,,,,,,,,,,,,,,,,,,,,,,,,,,,,,,,,,,,,,,,,,,,,,,,,,,,,,,,,,,,,,,,,,,,,,,,,,,,,,,,,,,,,,,,,,,,,,,,,,,,,,,,,,,,,,,,,,,,,,,,,,,,,,,,,,,,,,,,,,,,,,,,,,,,,,,,,,,,,,,,,,,,,,,,,,,,,,,,,Rental Listing,1750.0,Standard,2025-01-02T00:00:00.000Z,2025-01-23T00:00:00.000Z,21.0,,,,,,,,,,,,,,,,,,,,,,,,,,,,,,,,,,,,,,,,,,,,,,,,,,,,,,,,,,,,,,,,,,,,,,,,,,,,,,,,,,,,,,,,,,,,,,,,,,,,,,,,,,,,,,,,,,,,,,,,,,,,,,,,,,,,,,,,,,,,,,,,,,,,,,,,,,,,,,,,,,,,,,,,,,,,,,,,,,,,,,,,,,,,,,,,
"3504-Heron-Island-Dr,-New-Port-Richey,-FL-34655","3504 Heron Island Dr, New Port Richey, FL 34655",3504 Heron Island Dr,,New Port Richey,FL,12,34655,Pasco,101,28.208455,-82.675992,Single Family,3,2.5,2315.0,Active,2700,Standard,2026-09-15T00:00:00.000Z,,2021-06-10T00:35:35.096Z,2026-09-15T02:48:16.987Z,1,Pasco,New Port Richey,,,,,,,Rental Listing,2700,Standard,2026-09-15T00:00:00.000Z,,1,,2006.0,,,,,,,,,,,,,,,,,,,,,,,,,,,,,,,,,,,,,,,,,,,,,,,,,,,,,,,,,,,,,,,,,,,,,,,,,,,,,,,,,,,,,,,,,,,,,,,,,,,,,,,,,,,,,,,,,,,,,,,,,,,,,,,,,,,,,,,,,,,,,,,,,,,,,,,,,,,,,,,,,,,,,,,,,,,,,,,,,,,,,,,,,,,,,,,,,,,,,,,,,,,,,,,,,,,,,,,,,,,,,,,,,,,,,,,,,,,,,,,,,,,,,,,,,,,,,,,,,,,,,,,,,,,,,,,,,,,,,,,,,,,,,,,,,,Rental Listing,2545.0,Standard,2024-11-23T00:00:00.000Z,2024-12-26T00:00:00.000Z,33.0,Rental Listing,2450.0,Standard,2026-03-24T00:00:00.000Z,2026-03-25T00:00:00.000Z,1.0,,,,,,,,,,,,,,,,,,,,,,,,,,,,,,,,,,,,,,,,,,,,,,,,,,,,,,,,,,,,,,,,,,,,,,,,,,,,,,,,,,,,,,,,,,,,,,,,,,,,,,,,,,,,,,,,,,,,,,,,,,,,,,,,,,,,,,,,,,,,,,,,,,,,,,,,,,,,,,,,,,,,,,,,,,,,,,,,,,,,
"5111-Amulet-Dr,-New-Port-Richey,-FL-34652","5111 Amulet Dr, New Port Richey, FL 34652",5111 Amulet Dr,,New Port Richey,FL,12,34652,Pasco,101,28.233437,-82.733905,Condo,2,2.0,1088.0,Active,1350,Standard,2026-09-15T00:00:00.000Z,,2026-08-28T00:00:00.000Z,2026-09-15T02:48:16.979Z,1,Pasco,New Port Richey,,,,,,,Rental Listing,1350,Standard,2026-09-15T00:00:00.000Z,,1,,,,,,,,,,,,,,,,,,,,,,,,,,,,,,,,,,,,,,,,,,,,,,,,,,,,,,,,,,,,,,,,,,,,,,,,,,,,,,,,,,,,,,,,,,,,,,,,,,,,,,,,,,,,,,,,,,,,,,,,,,,,,,,,,,,,,,,,,,,,,,,,,,,,,,,,,,,,,,,,,,,,,,,,,,,,,,,,,,,,,,,,,,,,,,,,,,,,,,,,,,,,,,,,,,,,,,,,,,,,,,,,,,,,,,,,,,,,,,,,,,,,,,,,,,,,,,,,,,,,,,,,,,,,,,,,,,,,,,,,,,,,,,,,,,,,,,,,,,,,,,,,,,,,,,,,,,,,,,,,,,,,,,,,,,,,,,,,,,,,,,,,,,,,,,,,,,,,,,,,,,,,,,,,,,,,,,,,,,,,,,,,,,,,,,,,,,,,,,,,,,,,,,,,,,,,,,,,,,,,,,,,,,,,,,,,,,,,,,,,,,,,,,,,,,,,,,,,,,,,,,,,,,,,,,,,,,,,,,,,,,,
"7138-Bellaire-Ter,-New-Port-Richey,-FL-34653","7138 Bellaire Ter, New Port Richey, FL 34653",7138 Bellaire Ter,,New Port Richey,FL,12,34653,Pasco,101,28.261206,-82.704697,Single Family,2,1.0,776.0,Active,1350,Standard,2026-09-15T00:00:00.000Z,,2024-10-23T00:00:00.000Z,2026-09-15T02:48:16.971Z,1,Pasco,New Port Richey,,,,,,,Rental Listing,1350,Standard,2026-09-15T00:00:00.000Z,,1,21344.0,1978.0,,,,,,,Rental Listing,1350.0,Standard,2026-08-22T00:00:00.000Z,2026-08-23T00:00:00.000Z,1.0,,,,,,,,,,,,,,,,,,,,,,,,,,,,,,,,,,,,,,,,,,,,,,,,,,,,,,,,,,,,,,,,,,,,,,,,,,,,,,,,,,,,,,,,,,,,,,,,,,,,,,,,,,,,,,,,,,,,,,,,,,,,,,,,,,,,,,,,,,,,,,,,,,,,,,,,,,,,,,,,,,,,,,,,,,,,,,,,,,,,,,,,,,,,,,,,,,,,,,,,,,,,,,,,,,,,,,,,,,,,,,,,,,,,,,,,,,,,,,,,,,,,,,,,,,,,,,,,,,,,,,,,,,,,,,,,,,,,,,,,,,,,,,,,,,Rental Listing,1350.0,Standard,2024-10-22T00:00:00.000Z,2024-11-01T00:00:00.000Z,10.0,Rental Listing,1350.0,Standard,2026-03-17T00:00:00.000Z,2026-03-18T00:00:00.000Z,1.0,Rental Listing,1350.0,Standard,2026-05-30T00:00:00.000Z,2026-05-31T00:00:00.000Z,1.0,Rental Listing,1350.0,Standard,2026-06-15T00:00:00.000Z,2026-06-16T00:00:00.000Z,1.0,,,,,,,,,,,,,,,,,,,,,,,,,,,,,,,,,,,,,,,,,,,,,,,,,,,,,,,,,,,,,,,,,,,,,,,,,,,,,,,,,,,,,,,,,,,,,,,,,,,,,,,,,,,,,,,,,,,,,,,,,,,,,,,,,,,,,,,,,,,,,,,,,,,,,,,,,,,,
"3153-Lodi-Dr,-New-Port-Richey,-FL-34655","3153 Lodi Dr, New Port Richey, FL 34655",3153 Lodi Dr,,New Port Richey,FL,12,34655,Pasco,101,28.205517,-82.695377,Single Family,3,2.0,1283.0,Active,1625,Standard,2026-09-15T00:00:00.000Z,,2022-04-13T00:11:53.420Z,2026-09-15T02:48:16.960Z,1,Pasco,New Port Richey,Rental Listing,1800.0,Standard,2026-07-31T00:00:00.000Z,2026-08-01T00:00:00.000Z,1.0,Rental Listing,1625,Standard,2026-09-15T00:00:00.000Z,,1,,,,,,,,,,,,,,,,,,,,,,,,,,,,,,,,,,,,,,,,,,,,,,,,,,,,,,,,,,,,,,,,,,,,,,,,,,,,,,,,,,,,,,,,,,,,,,,,,,,,,,,,,,,,,,,,,,,,,,,,,,,,,,,,,,,,,,,,,,,,,,,,,,,,,,,,,,,,,,,,,,,,,,,,,,,,,,,,,,,,,,,,,,,,,,,,,,,,,,,,,,,,,,,,,,,,,,,,,,,,,,,,,,,,,,,,,,,,,,,,,,,,,,,,,,,,,,,,,,,,,,,,,,,,,,,,,,,,,,,,,,,,,,,,,,,,,,,,,,,,,,,,,,,,,,,,,,,,,,,,,,,,,,,,Rental Listing,1800.0,Standard,2025-05-03T00:00:00.000Z,2025-05-04T00:00:00.000Z,1.0,,,,,,,,,,,,,,,,,,,,,,,,,,,,,,,,,,,,,,,,,,,,,,,,,,,,,,,,,,,,,,,,,,,,,,,,,,,,,,,,,,,,,,,,,,,,,,,,,,,,,,,,,,,,,,,,,,,,,,,,,,,,,,,,,,,,,,,,,,,,,,,,,,,,,,
"3078-Bryant-Park-Dr,-New-Port-Richey,-FL-34655","3078 Bryant Park Dr, New Port Richey, FL 34655",3078 Bryant Park Dr,,New Port Richey,FL,12,34655,Pasco,101,28.203518,-82.676353,Single Family,3,2.5,1801.0,Active,2325,Standard,2026-09-15T00:00:00.000Z,,2023-05-11T00:00:00.000Z,2026-09-15T02:48:16.933Z,1,Pasco,New Port Richey,,,,,,,Rental Listing,2325,Standard,2026-09-15T00:00:00.000Z,,1,,,,,,,,,,,,,,,,,,,,,,,,,,,,,,,,,,,,,,,,,,,,,,,,,,,,,,,,,,,,,,,,,,,,,,,,,,,,,,,,,,,,,,,,,,,,,,,,,,,,,,,,,,,,,,,,,,,,,,,,,,,,,,,,,,,,,,,,,,,,,,,,,,,,,,,,,,,,,,,,,,,,,,,,,,,,,,,,,,,,,,,,,,,,,,,,,,,,,,,,,,,,,,,,,,,,,,,,,,,,,,,,,,,,,,,,,,,,,,,,,,,,,,,,,,,,,,,,,,,,,,,,,,,,,,,,,,,,,,,,,,,,,,,,,,,,,,,,,,,,,,,,,,,,,,,,,,,,,,,,,,,,,,,,,,,,,,,,,,,,,,,,,,,,,,,,,,,,,,,,,,,,,,,,,,,,,,,,,,,,,,,,,,,,,,,,,,,,,,,,,,,,,,,,,,,,,,,,,,,,,,,,,,,,,,,,,,,,,,,,,,,,,,,,,,,,,,,,,,,,,,,,,,,,,,,,,,,,,,,,,,,
"8501-Houndstooth-Enclave-Dr,-New-Port-Richey,-FL-34655","8501 Houndstooth Enclave Dr, New Port Richey, FL 34655",8501 Houndstooth Enclave Dr,,New Port Richey,FL,12,34655,Pasco,101,28.201586,-82.674311,Single Family,3,2.5,2466.0,Active,2649,Standard,2026-09-15T00:00:00.000Z,,2026-07-24T00:00:00.000Z,2026-09-15T02:48:16.928Z,1,Pasco,New Port Richey,,,,,,,Rental Listing,2649,Standard,2026-09-15T00:00:00.000Z,,1,,,,,,,,,,,,,,,,,,,,,,,,,,,,,,,,,,,,,,,,,,,,,,,,,,,,,,,,,,,,,,,,,,,,,,,,,,,,,,,,,,,,,,,,,,,,,,,,,,,,,,,,,,,,,,,,,,,,,,,,,,,,,,,,,,,,,,,,,,,,,,,,,,,,,,,,,,,,,,,,,,,,,,,,,,,,,,,,,,,,,,,,,,,,,,,,,,,,,,,,,,,,,,,,,,,,,,,,,,,,,,,,,,,,,,,,,,,,,,,,,,,,,,,,,,,,,,,,,,,,,,,,,,,,,,,,,,,,,,,,,,,,,,,,,,,,,,,,,,,,,,,,,,,,,,,,,,,,,,,,,,,,,,,,,,,,,,Rental Listing,2625.0,Standard,2026-07-28T00:00:00.000Z,2026-07-29T00:00:00.000Z,1.0,,,,,,,,,,,,,,,,,,,,,,,,,,,,,,,,,,,,,,,,,,,,,,,,,,,,,,,,,,,,,,,,,,,,,,,,,,,,,,,,,,,,,,,,,,,,,,,,,,,,,,,,,,,,,,,,,,,,,,,,,,,,,,,,,,,,,,,,,,,,,,,,
"2910-Yellowhammer-Way,-New-Port-Richey,-FL-34655","2910 Yellowhammer Way, New Port Richey, FL 34655",2910 Yellowhammer Way,,New Port Richey,FL,12,34655,Pasco,101,28.201001,-82.673205,Single Family,3,2.5,1801.0,Active,2299,Standard,2026-09-15T00:00:00.000Z,,2022-10-14T01:43:29.284Z,2026-09-15T02:48:16.925Z,1,Pasco,New Port Richey,,,,,,,Rental Listing,2299,Standard,2026-09-15T00:00:00.000Z,,1,,,,,,,,,Rental Listing,2349.0,Standard,2026-08-22T00:00:00.000Z,2026-08-23T00:00:00.000Z,1.0,,,,,,,,,,,,,,,,,,,,,,,,,,,,,,,,,,,,,,,,,,,,,,,,,,,,,,,,,,,,,,,,,,,,,,,,,,,,,,,,,,,,,,,,,,,,,,,,,,,,,,,,,,,,,,,,,,,,,,,,,,,,,,,,,,,,,,,,,,,,,,,,,,,,,,,,,,,,,,,,,,,,,,,,,,,,,,,,,,,,,,,,,,,,,,,,,,,,,,,,,,,,,,,,,,,,,,,,,,,,,,,,,,,,,,,,,,,,,,,,,,,,,,,,,,,,,,,,,,,,,,,,,,,,,,,,,,,,,,,,,,,,,,,,,,,,,,,,,,,,,,,,,,,,,,,,,,,,,,,,,,,,,,Rental Listing,2149.0,Standard,2024-10-18T00:00:00.000Z,2024-10-19T00:00:00.000Z,1.0,,,,,,,,,,,,,,,,,,,,,,,,,,,,,,,,,,,,,,,,,,,,,,,,,,,,,,,,,,,,,,,,,,,,,,,,,,,,,,,,,,,,,,,,,,,,,,,,,,,,,,,,,,,,,,,,,,,,,,,,,,,,,,,,,,,,,,,,,,
"5245-Amulet-Dr,-New-Port-Richey,-FL-34652","5245 Amulet Dr, New Port Richey, FL 34652",5245 Amulet Dr,,New Port Richey,FL,12,34652,Pasco,101,28.235746,-82.732971,Condo,1,1.0,963.0,Active,1300,Standard,2026-09-15T00:00:00.000Z,,2024-04-02T00:00:00.000Z,2026-09-15T02:48:16.917Z,1,Pasco,New Port Richey,,,,,,,Rental Listing,1300,Standard,2026-09-15T00:00:00.000Z,,1,,,,,,,,,,,,,,,,,,,,,,,,,,,,,,,,,,,,,,,,,,,,,,,,,,,,,,,,,,,,,,,,,,,,,,,,,,,,,,,,,,,,,,,,,,,,,,,,,,,,,,,,,,,,,,,,,,,,,,,,,,,,,,,,,,,,,,,,,,,,,,,,,,,,,,,,,,,,,,,,,,,,,,,,,,,,,,,,,,,,,,,,,,,,,,,,,,,,,,,,,,,,,,,,,,,,,,,,,,,,,,,,,,,,,,,,,,,,,,,,,,,,,,,,,,,,,,,,,,,,,,,,,,,,,,,,,,,,,,,,,,,,,,,,,,,,,,,,,,,,,,,,,,,,,,,,,,,,,,,,,,,,,,,,,,,,,,,,,,,,,,,,,,,,,,,,,,,,,,,,,,,,,,,,,,,,,,,,,,,,,,,,,,,,,,,,,,,,,,,,,,,,,,,,,,,,,,,,,,,,,,,,,,,,,,,,,,,,,,,,,,,,,,,,,,,,,,,,,,,,,,,,,,,,,,,,,,,,,,,,,,,
"4931A-Pompano-Dr,-New-Port-Richey,-FL-34652","4931A Pompano Dr, New Port Richey, FL 34652",4931A Pompano Dr,,New Port Richey,FL,12,34652,Pasco,101,28.230959,-82.739304,Single Family,2,2.0,1116.0,Active,2500,Standard,2026-09-15T00:00:00.000Z,,2026-09-03T00:00:00.000Z,2026-09-15T02:48:16.911Z,1,Pasco,New Port Richey,,,,,,,Rental Listing,2500,Standard,2026-09-15T00:00:00.000Z,,1,,,,,,,,,,,,,,,,,,,,,,,,,,,,,,,,,,,,,,,,,,,,,,,,,,,,,,,,,,,,,,,,,,,,,,,,,,,,,,,,,,,,,,,,,,,,,,,,,,,,,,,,,,,,,,,,,,,,,,,,,,,,,,,,,,,,,,,,,,,,,,,,,,,,,,,,,,,,,,,,,,,,,,,,,,,,,,,,,,,,,,,,,,,,,,,,,,,,,,,,,,,,,,,,,,,,,,,,,,,,,,,,,,,,,,,,,,,,,,,,,,,,,,,,,,,,,,,,,,,,,,,,,,,,,,,,,,,,,,,,,,,,,,,,,,,,,,,,,,,,,,,,,,,,,,,,,,,,,,,,,,,,,,,,,,,,,,,,,,,,,,,,,,,,,,,,,,,,,,,,,,,,,,,,,,,,,,,,,,,,,,,,,,,,,,,,,,,,,,,,,,,,,,,,,,,,,,,,,,,,,,,,,,,,,,,,,,,,,,,,,,,,,,,,,,,,,,,,,,,,,,,,,,,,,,,,,,,,,,,,,,,
"8514-Houndstooth-Enclave-Dr,-New-Port-Richey,-FL-34655","8514 Houndstooth Enclave Dr, New Port Richey, FL 34655",8514 Houndstooth Enclave Dr,,New Port Richey,FL,12,34655,Pasco,101,28.201196,-82.67412,Single Family,3,2.5,1634.0,Active,2125,Standard,2026-09-15T00:00:00.000Z,,2022-10-14T01:43:29.284Z,2026-09-15T02:48:16.909Z,1,Pasco,New Port Richey,,,,,,,Rental Listing,2125,Standard,2026-09-15T00:00:00.000Z,,1,,,,,,,,,,,,,,,,,,,,,,,,,,,,,,,,,,,,,,,,,,,,,,,,,,,,,,,,,,,,,,,,,,,,,,,,,,,,,,,,,,,,,,,,,,,,,,,,,,,,,,,,,,,,,,,,,,,,,,,,,,,,,,,,,,,,,,,,,,,,,,,,,,,,,,,,,,,,,,,,,,,,,,,,,,,,,,,,,,,,,,,,,,,,,,,,,,,,,,,,,,,,,,,,,,,,,,,,,,,,,,,,,,,,,,,,,,,,,,,,,,,,,,,,,,,,,,,,,,,,,,,,,,,,Rental Listing,1849.0,Standard,2026-02-27T00:00:00.000Z,2026-02-28T00:00:00.000Z,1.0,,,,,,,,,,,,,,,,,,,,,,,,,,,,,,,,,,,,,,,,,,,,,,,,,,,,,,,,,,,,,,,,,,,,,,,,,,,,,,,,,,,,,,,,,,,,,,,,,,,,,,,,,,,,,,,,,,,,,,,,,,,,,,,,,,,,,,,,,,,,,,,,,,,,,,,,,,,,,,,,,,,,,,,,,,,,,,,,,,,,,,,,,,,,,,,,,,,,,,,,,,,,,,,,,,
"8467-Druid-Oaks-Ln,-New-Port-Richey,-FL-34655","8467 Druid Oaks Ln, New Port Richey, FL 34655",8467 Druid Oaks Ln,,New Port Richey,FL,12,34655,Pasco,101,28.200887,-82.674864,Single Family,3,2.5,1634.0,Active,2125,Standard,2026-09-15T00:00:00.000Z,,2023-01-30T00:00:00.000Z,2026-09-15T02:48:16.907Z,1,Pasco,New Port Richey,,,,,,,Rental Listing,2125,Standard,2026-09-15T00:00:00.000Z,,1,,,,,,,,,Rental Listing,2125.0,Standard,2026-08-22T00:00:00.000Z,2026-08-23T00:00:00.000Z,1.0,,,,,,,,,,,,,,,,,,,,,,,,,,,,,,,,,,,,,,,,,,,,,,,,,,,,,,,,,,,,,,,,,,,,,,,,,,,,,,,,,,,,,,,,,,,,,,,,,,,,,,,,,,,,,,,,,,,,,,,,,,,,,,,,,,,,,,,,,,,,,,,,,,,,,,,,,,,,,,,,,,,,,,,,,,,,,,,,,,,,,,,,,,,,,,,,,,,,,,,,,,,,,,,,,,,,,,,,,,,,,,,,,,,,,,,,,,,,,,,,,,,,,,,,,,,,,,,,,,,,,,,,,,,,,,,,,,,,,,,,,,,,,,,,,,,,,,,,,,,,,,,,,,,,,,,,,,,,,,,,,,,,,,,,,,,,,,,,,,,,,,,,,,,,,,,,,,,,,,,,,,,,,,,,,,,,,,,,,,,,,,,,,,,,,,,,,,,,,,,,,,,,,,,,,,,,,,,,,,,,,,,,,,,,,,,,,,,,,,,,,,,,,,,,,,,,,,,,,,,,,,,,,,,,,
"6240A-Fairskies-Dr,-New-Port-Richey,-FL-34655","6240A Fairskies Dr, New Port Richey, FL 34655",6240A Fairskies Dr,,New Port Richey,FL,12,34655,Pasco,101,28.249878,-82.656197,Single Family,2,2.0,1558.0,Active,2500,Standard,2026-09-15T00:00:00.000Z,,2026-08-07T00:00:00.000Z,2026-09-15T02:47:16.848Z,1,Pasco,New Port Richey,,,,,,,Rental Listing,2500,Standard,2026-09-15T00:00:00.000Z,,1,,,,,,,,,,,,,,,,,,,,,Rental Listing,2500.0,Standard,2026-09-10T00:00:00.000Z,2026-09-11T00:00:00.000Z,1.0,,,,,,,,,,,,,,,,,,,,,,,,,,,,,,,,,,,,,,,,,,,,,,,,,,,,,,,,,,,,,,,,,,,,,,,,,,,,,,,,,,,,,,,,,,,,,,,,,,,,,,,,,,,,,,,,,,,,,,,,,,,,,,,,,,,,,,,,,,,,,,,,,,,,,,,,,,,,,,,,,,,,,,,,,,,,,,,,,,,,,,,,,,,,,,,,,,,,,,,,,,,,,,,,,,,,,,,,,,,,,,,,,,,,,,,,,,,,,,,,,,,,,,,,,,,,,,,,,,,,,,,,,,,,,,,,,,,,,,,,,,,,,,,,,,,,,,,,,,,,,,,,,,,,,,,,,,,,,,,,,,,,,,,,,,,,,,,,,,,,,,,,,,,,,,,,,,,,,,,,,,,,,,,,,,,,,,,,,,,,,,,,,,,,,,,,,,,,,,,,,,,,,,,,,,,,,,,,,,,,,,,,,,,,,,,,,,,,,,,,,,,,,,,,,,,,,,,,,
"8335-Birch-Haven-Ln,-New-Port-Richey,-FL-34655","8335 Birch Haven Ln, New Port Richey, FL 34655",8335 Birch Haven Ln,,New Port Richey,FL,12,34655,Pasco,101,28.204404,-82.676928,Single Family,3,2.5,1634.0,Active,2100,Standard,2026-09-15T00:00:00.000Z,,2023-12-14T00:00:00.000Z,2026-09-15T02:47:16.846Z,1,Pasco,New Port Richey,,,,,,,Rental Listing,2100,Standard,2026-09-15T00:00:00.000Z,,1,,,,,,,,,,,,,,,,,,,,,Rental Listing,2100.0,Standard,2026-09-10T00:00:00.000Z,2026-09-11T00:00:00.000Z,1.0,,,,,,,,,,,,,,,,,,,,,,,,,,,,,,,,,,,,,,,,,,,,,,,,,,,,,,,,,,,,,,,,,,,,,,,,,,,,,,,,,,,,,,,,,,,,,,,,,,,,,,,,,,,,,,,,,,,,,,,,,,,,,,,,,,,,,,,,,,,,,,,,,,,,,,,,,,,,,,,,,,,,,,,,,,,,,,,,,,,,,,,,,,,,,,,,,,,,,,,,,,,,,,,,,,,,,,,,,,,,,,,,,,,,,,,,,,,,,,,,,,,,,,,,,,,,,,,,,,,,,,,,,,,,,,,,,,,,,,,,,,,,,,,,,,,,,,,,Rental Listing,2100.0,Standard,2026-06-15T00:00:00.000Z,2026-06-16T00:00:00.000Z,1.0,,,,,,,,,,,,,,,,,,,Rental Listing,2100.0,Standard,2026-05-29T00:00:00.000Z,2026-05-30T00:00:00.000Z,1.0,,,,,,,,,,,,,,,,,,,,,,,,,,,,,,,,,,,,,,,,,,,,,,,,,,,,,,,,,,,,,,,,,,,,,,,,,,,,,,,,,,,,,,,,,,,,,,,,,,,,,,,,,,,,,,,,,,,,,,,,,,,,,,,,,,,,
"29505-Morningmist-Dr,-Zephyrhills,-FL-33543","29505 Morningmist Dr, Zephyrhills, FL 33543",29505 Morningmist Dr,,Zephyrhills,FL,12,33543,Pasco,101,28.18417,-82.32745,Single Family,3,2.0,1644.0,Active,2315,Standard,2026-09-15T00:00:00.000Z,,2022-07-19T00:49:11.988Z,2026-09-15T02:50:39.359Z,1,Pasco,Zephyrhills,,,,,,,Rental Listing,2315,Standard,2026-09-15T00:00:00.000Z,,1,,,,,,,,,,,,,,,,,,,,,,,,,,,,,,,,,,,,,,,,,,,,,,,,,,,,,,,,,,,,,,,,,,,,,,,,,,,,,,,,,,,,,,,,,,,,,,,,,,,,,,,,,,,,,,,,,,,,,,,,,,,,,,,,,,,,,,,,,,,,,,,,,,,,,,,,,,,,,,,,,,,,,,,,,,,,,,,,,,,,,,,,,,,,,,,,,,,,,,,,,,,,,,,,,,,,,,,,,,,,,,,,,,,,,,,,,,,,,,,,,,,,,,,,,,,,,,,,,,,,,,,,,,,,,,,,,,,,,,,,,,,,,,,,,,,,,,,,,,,,,,,,,,,,,,,,,,,,,,,,,,,,,,,,,,,,,,,,,,,,,,,,,,,,,,,,Rental Listing,2260.0,Standard,2025-10-18T00:00:00.000Z,2025-10-19T00:00:00.000Z,1.0,,,,,,,,,,,,,,,,,,,,,,,,,,,,,,,,,,,,,,,,,,,,,,,,,,,,,,,,,,,,,,,,,,,,,,,,,,,,,,,,,,,,,,,,,,,,,,,,,,,,,,,,,,,,,,,,,,,,,,,,,,,,,,
"3189-Lytton-Hall-Dr,-Zephyrhills,-FL-33540","3189 Lytton Hall Dr, Zephyrhills, FL 33540",3189 Lytton Hall Dr,,Zephyrhills,FL,12,33540,Pasco,101,28.203099,-82.161565,Single Family,4,2.0,1817.0,Active,2270,Standard,2026-09-15T00:00:00.000Z,,2022-03-02T00:02:36.390Z,2026-09-15T02:50:39.353Z,1,Pasco,Zephyrhills,,,,,,,Rental Listing,2270,Standard,2026-09-15T00:00:00.000Z,,1,6970.0,2020.0,,,,,,,,,,,,,,,,,,,,,,,,,77.0,,,,,,,,,,,,,,,,,,,,,,,,,,,,,,,,,,,,,,,,,,,,,,,,,,,,,,,,,,,,,,,,,,,,,,,,,,,,,,,,,,,,,,,,,,,,,,,,,,,,,,,,,,,,,,,,,,,,,,,,,,,,,,,,,,,,,,,,,,,,,,,,,,,,,,,,,,,,,,,,,,,,,,,,,,,,,,,,,,,,,,,,,,,,,,,,,,,,,,,,,,,,,,,,,,,,,,,,,,,,,,,,,,,,,,,,,,,,,,,,,,,,,,,,,,,,,,,,,,,,,,,,,,,,,,,,,,,,,,,,,,,,,,,,,,,,,,,,,,,,,,,,,,,,,,,,,,,,,,,,,,,,,,,,,,,Rental Listing,2270.0,Standard,2026-08-21T00:00:00.000Z,2026-08-22T00:00:00.000Z,1.0,,,,,,,,,,,,,,,,,,,,,,,,,,,,,,,,,,,,,,,,,,,,,,,,,,,,,,,,,,,,,,,,,,,,,,,,,,,,,,,,,,,,,,,,,,,,,,,,,,,,,,,,,,,,,,,,,,,,,,,,
"6888-Pebblebrooke-Way,-Zephyrhills,-FL-33541","6888 Pebblebrooke Way, Zephyrhills, FL 33541",6888 Pebblebrooke Way,,Zephyrhills,FL,12,33541,Pasco,101,28.256308,-82.225519,Single Family,3,2.0,1567.0,Active,2250,Standard,2026-09-15T00:00:00.000Z,,2026-09-03T00:00:00.000Z,2026-09-15T02:50:39.352Z,1,Pasco,Zephyrhills,,,,,,,Rental Listing,2250,Standard,2026-09-15T00:00:00.000Z,,1,,,,,,,,,,,,,,,,,,,,,,,,,,,,,,,,,,,,,,,,,,,,,,,,,,,,,,,,,,,,,,,,,,,,,,,,,,,,,,,,,,,,,,,,,,,,,,,,,,,,,,,,,,,,,,,,,,,,,,,,,,,,,,,,,,,,,,,,,,,,,,,,,,,,,,,,,,,,,,,,,,,,,,,,,,,,,,,,,,,,,,,,,,,,,,,,,,,,,,,,,,,,,,,,,,,,,,,,,,,,,,,,,,,,,,,,,,,,,,,,,,,,,,,,,,,,,,,,,,,,,,,,,,,,,,,,,,,,,,,,,,,,,,,,,,,,,,,,,,,,,,,,,,,,,,,,,,,,,,,,,,,,,,,,,,,,,,,,,,,,,,,,,,,,,,,,,,,,,,,,,,,,,,,,,,,,,,,,,,,,,,,,,,,,,,,,,,,,,,,,,,,,,,,,,,,,,,,,,,,,,,,,,,,,,,,,,,,,,,,,,,,,,,,,,,,,,,,,,,,,,,,,,,,,,,,,,,,,,,,,,,,
"34442-Smart-Dr,-Zephyrhills,-FL-33541","34442 Smart Dr, Zephyrhills, FL 33541",34442 Smart Dr,,Zephyrhills,FL,12,33541,Pasco,101,28.234806,-82.245003,Single Family,3,2.0,1224.0,Active,1965,Standard,2026-09-15T00:00:00.000Z,,2023-08-28T00:00:00.000Z,2026-09-15T02:50:39.343Z,1,Pasco,Zephyrhills,,,,,,,Rental Listing,1965,Standard,2026-09-15T00:00:00.000Z,,1,,,,,,,,,,,,,,,,,,,,,,,,,,,,,,,,,,,,,,,,,,,,,,,,,,,,,,,,,,,,,,,,,,,,,,,,,,,,,,,,,,,,,,,,,,,,,,,,,,,,,,,,,,,,,,,,,,,,,,,,,,,,,,,,,,,,,,,,,,,,,,,,,,,,,,,,,,,,,,,,,,,,,,,,,,,,,,,,,,,,,,,,,,,,,,,,,,,,,,,,,,,,,,,,,,,,,,,,,,,,,,,,,,,,,,,,,,,,,,,,,,,,,,,,,,,,,,,,,,,,,,,,,,,,,,,,,,,,,,,,,,,,,,,,,,,,,,,,,,,,,,,,,,,,,,,,,,,,,,,,,,,,,,,,,,,,,,,,,,,,,,,,,,,,,,,,,,,,,,,,,,,,Rental Listing,1825.0,Standard,2024-11-02T00:00:00.000Z,2024-11-24T00:00:00.000Z,22.0,Rental Listing,1915.0,Standard,2026-08-06T00:00:00.000Z,2026-08-07T00:00:00.000Z,1.0,,,,,,,,,,,,,,,,,,,,,,,,,,,,,,,,,,,,,,,,,,,,,,,,,,,,,,,,,,,,,,,,,,,,,,,,,,,,,,,,,,,,,,,,,,,,,,,,,,,,,,,,,,,,
"4922-17th-St,-Zephyrhills,-FL-33542","4922 17th St, Zephyrhills, FL 33542",4922 17th St,,Zephyrhills,FL,12,33542,Pasco,101,28.229219,-82.174409,Apartment,2,1.0,900.0,Active,1749,Standard,2026-09-15T00:00:00.000Z,,2026-06-27T00:00:00.000Z,2026-09-15T02:50:39.337Z,1,Pasco,Zephyrhills,,,,,,,Rental Listing,1749,Standard,2026-09-15T00:00:00.000Z,,1,,,,,,,,,,,,,,,,,,,,,,,,,,,,,,,,,,,,,,,,,,,,,,,,,,,,,,,,,,,,,,,,,,,,,,,,,,,,,,,,,,,,,,,,,,,,,,,,,,,,,,,,,,,,,,,,,,,,,,,,,,,,,,,,,,,,,,,,,,,,,,,,,,,,,,,,,,,,,,,,,,,,,,,,,,,,,,,,,,,,,,,,,,,,,,,,,,,,,,,,,,,,,,,,,,,,,,,,,,,,,,,,,,,,,,,,,,,,,,,,,,,,,,,,,,,,,,,,,,,,,,,,,,,,,,,,,,,,,,,,,,,,,,,,,,,,,,,,,,,,,,,,,,,,,,,,,,,,,,,,,,,,,,,,,,,,,,,,,,,,,,,,,,,,,,,,,,,,,,,,,,,,,,,,,,,,,,,,,,,,,,,,,,,,,,,,,,,,,,,,,,,,,,,,,,,,,,,,,,,,,,,,,,,,,,,,,,,,,,,,,,,,,,,,,,,,,,,,,,,,,,,,,,,,,,,,,,,,,,,,,,,
"5410-4th-St-N,-Unit-B,-Zephyrhills,-FL-33542","5410 4th St N, Unit B, Zephyrhills, FL 33542",5410 4th St N,Unit B,Zephyrhills,FL,12,33542,Pasco,101,28.236292,-82.186516,Condo,4,1.0,,Active,1700,Standard,2026-09-15T00:00:00.000Z,,2026-05-13T00:00:00.000Z,2026-09-15T02:48:17.022Z,1,Pasco,Zephyrhills,,,,,,,Rental Listing,1700,Standard,2026-09-15T00:00:00.000Z,,1,,,,,,,,,,,,,,,,,,,,,,,,,,,,,,,,,,,,,,,,,,,,,,,,,,,,,,,,,,,,,,,,,,,,,,,,,,,,,,,,,,,,,,,,,,,,,,,,,,,,,,,,,,,,,,,,,,,,,,,,,,,,,,,,,,,,,,,,,,,,,,,,,,,,,,,,,,,,,,,,,,,,,,,,,,,,,,,,,,,,,,,,,,,,,,,,,,,,,,,,,,,,,,,,,,,,,,,,,,,,,,,,,,,,,,,,,,,,,,,,,,,,,,,,,,,,,,,,,,,,,,,,,,,,,,,,,,,,,,,,,,,,,,,,,,,,,,,,,,,,,,,,,,,,,,,,,,,,,,,,,,,,,,,,,,,,,,,,,,,,,,,,,,Rental Listing,1900.0,Standard,2026-05-29T00:00:00.000Z,2026-05-30T00:00:00.000Z,1.0,,,,,,,,,,,,,,,,,,,,,,,,,Rental Listing,1900.0,Standard,2026-06-26T00:00:00.000Z,2026-06-27T00:00:00.000Z,1.0,,,,,,,,,,,,,,,,,,,,,,,,,,,,,,,,,,,,,,,,,,,,,,,,,,,,,,,,,,,,,,,,,,,,,,,,,,,,,,,,,,,,,,,,,,,,,,,,,,,,,,
"28537-Seashell-Ct,-Zephyrhills,-FL-33545","28537 Seashell Ct, Zephyrhills, FL 33545",28537 Seashell Ct,,Zephyrhills,FL,12,33545,Pasco,101,28.246143,-82.343766,Single Family,4,2.0,1424.0,Active,2099,Standard,2026-09-15T00:00:00.000Z,,2019-07-12T02:13:35.022Z,2026-09-15T02:48:16.989Z,1,Pasco,Zephyrhills,,,,,,,Rental Listing,2099,Standard,2026-09-15T00:00:00.000Z,,1,,,,,,,,,,,,,,,,,,,,,,,,,,,,,,,,,,,,,,,,,,,,,,,,,,,,,,,,,,,,,,,,,,,,,,,,,,,,,,,,,,,,,,,,,,,,,,,,,,,,,,,,,,,,,,,,,,,,,,,,,,,,,,,,,,,,,,,,,,,,,,,,,,,,,,,,,,,,,,,,,,,,,,,,,,,,,,,,,,,,,,,,,,,,,,,,,,,,,,,,,,,,,,,,,,,,,,,,,,,,,,,,,,,,,,,,,,,,,,,,,,,,,,,,,,,,,,,,,,,,,,,,,,,,,,,,,,,,,,,,,,,,,,,,,,,,,,,,,,,,,,,,,,,,,,,,,,,,,,,,,,,,,,,,,,,,,,,,,,,,,,,,,,,,,,,,,,,,,,,,,,,,,,,,,,,,,,,,,,,,,,Rental Listing,2049.0,Standard,2025-09-10T00:00:00.000Z,2025-09-11T00:00:00.000Z,1.0,,,,,,,,,,,,,,,,,,,,,,,,,,,,,,,,,,,,,,,,,,,,,,,,,,,,,,,,,,,,,,,,,,,,,,,,,,,,,,,,,,,,,,,,,,,,,,,,
"7002-Ripple-Pond-Loop,-Zephyrhills,-FL-33541","7002 Ripple Pond Loop, Zephyrhills, FL 33541",7002 Ripple Pond Loop,,Zephyrhills,FL,12,33541,Pasco,101,28.258281,-82.210275,Townhouse,3,2.5,1787.0,Active,1995,Standard,2026-09-15T00:00:00.000Z,,2023-11-08T00:00:00.000Z,2026-09-15T02:48:16.974Z,1,Pasco,Zephyrhills,,,,,,,Rental Listing,1995,Standard,2026-09-15T00:00:00.000Z,,1,4524.0,2023.0,,,,,,,,,,,,,,,,,,,,,,,,,,,,,,,,,,,,,,,,,,,,,,,,,,,,,,,,,,,,,,,,,,,,,,,,,,,,,,,,,,,,,,,,,,,,,,,,,,,,,,,,,,,,,,,,,,,,,,,,,,,,,,,,,,,,,,,,,,,,,,,,,,,,,,,,,,,,,,,,,,,,,,,,,,,,,,,,,,,,,,,,,,,,,,,,,,,,,,,,,,,,,,,,,,,,,,,,,,,,,,,,,,,,,,,,,,,,,,,,,,,,,,,,,,,,,,,,,,,,,,,,,,,,,,,,,,,,,,,,,,,,,,,,,,,,,,,,,,,,,,,,,,,,,,,,,,,,,,,,,,,,,,,,,,,,,,,,,,,,,,,,,,,,,,,,,,,,,,,,,,,,,,,,,,,,,,,,,,,,,,,,,,Rental Listing,1995.0,Standard,2025-06-06T00:00:00.000Z,2025-08-05T00:00:00.000Z,60.0,,,,,,,,,,,,,,,,,,,,,,,,,,,,,,,,,,,,,,,,,,,,,,,,,,,,,,,,,,,,,,,,,,,,,,,,,,,,,,,,,,,,,,,,,,
"38944-New-Dennison-Ln,-Zephyrhills,-FL-33542","38944 New Dennison Ln, Zephyrhills, FL 33542",38944 New Dennison Ln,,Zephyrhills,FL,12,33542,Pasco,101,28.256956,-82.17202,Single Family,3,2.0,534.0,Active,1475,Standard,2026-09-15T00:00:00.000Z,,2019-11-04T13:58:15.946Z,2026-09-15T02:48:16.973Z,1,Pasco,Zephyrhills,,,,,,,Rental Listing,1475,Standard,2026-09-15T00:00:00.000Z,,1,,1960.0,,,,,,,,,,,,,,,,,,,,,,,,,,,,,,,,,,,,,,,,,,,,,,,,,,,,,,,,,,,,,,,,,,,,,,,,,,,,,,,,,,,,,,,,,,,,,,,,,,,,,,,,,,,,,,,,,,,,,,,,,,,,,,,,,,,,,,,,,,,,,,,,,,,,,,,,,,,,,,,,,,,,,,,,,,,,,,,,,,,,,,,,,,,,,,,,,,,,,,,,,,,,,,,,,,,,,,,,,,,,,,,,,,,,,,,,,,,,,,,,,,,,,,,,,,,,,,,,,,,,,,,,,,,,,,,,,,,,,,,,,,,,,,,,,,,,,,,,,,,,,,,,,,,,,,,,,,,,,,,,,,,,,,,,,,,,,,,,,,,,,,,,,,,,,,,,,,,,,,,,,,,,,,,,,,,,,,,,,,,,,,,,,,,,,,,,Rental Listing,1750.0,Standard,2026-06-16T00:00:00.000Z,2026-06-17T00:00:00.000Z,1.0,,,,,,,,,,,,,,,,,,,,,,,,,,,,,,,,,,,,,,,,,,,,,,,,,,,,,,,,,,,,,,,,,,,,,,,,,,,,,,,,,,,,
"28611-Seashell-Ct,-Zephyrhills,-FL-33545","28611 Seashell Ct, Zephyrhills, FL 33545",28611 Seashell Ct,,Zephyrhills,FL,12,33545,Pasco,101,28.246141,-82.342859,Single Family,3,2.0,1321.0,Active,2085,Standard,2026-09-15T00:00:00.000Z,,2020-09-09T02:41:38.140Z,2026-09-15T02:48:16.970Z,1,Pasco,Zephyrhills,,,,,,,Rental Listing,2085,Standard,2026-09-15T00:00:00.000Z,,1,,,,,,,,,,,,,,,,,,,,,,,,,,,,,,,,,,,,,,,,,,,,,,,,,,,,,,,,,,,,,,,,,,,,,,,,,,,,,,,,,,,,,,,,,,,,,,,,,,,,,,,,,,,,,,,,,,,,,,,,,,,,,,,,,,,,,,,,,,,,,,,,,,,,,,,,,,,,,,,,,,,,,,,,,,,,,,,,,,,,,,,,,,,,,,,,,,,,,,,,,,,,,,,,,,,,,,,,,,,,,,,,,,,,,,,,,,,,,,,,,,,,,,,,,,,,,,,,,,,,,,,,,,,,,,,,,,,,,,,,,,,,,,,,,,,,,,,,,,,,,,,,,,,,,,,,,,,,,,,,,,,,,,,,,,,,,,,,,,,,,,,,,,,,,,,,,,,,,,,,,,,,,,,,,,,,,,,,,,,,,,,,,,,,,,,,,,,,,,,,,,,,,,,,,,,,,,,,,,,,,,,,,,,,,,,,,,,,,,,,,,,,,,,,,,,,,,,,,,,,,,,,,,,,,,,,,,,,,,,,,,,
"39049-Harlow-Rose-Dr,-Zephyrhills,-FL-33540","39049 Harlow Rose Dr, Zephyrhills, FL 33540",39049 Harlow Rose Dr,,Zephyrhills,FL,12,33540,Pasco,101,28.202846,-82.172751,Single Family,3,2.0,1491.0,Active,2180,Standard,2026-09-15T00:00:00.000Z,,2023-05-02T00:00:00.000Z,2026-09-15T02:48:16.964Z,1,Pasco,Zephyrhills,,,,,,,Rental Listing,2180,Standard,2026-09-15T00:00:00.000Z,,1,,,,,,,,,,,,,,,,,,,,,,,,,,,,,,,,,,,,,,,,,,,,,,,,,,,,,,,,,,,,,,,,,,,,,,,,,,,,,,,,,,,,,,,,,,,,,,,,,,,,,,,,,,,,,,,,,,,,,,,,,,,,,,,,,,,,,,,,,,,,,,,,,,,,,,,,,,,,,,,,,,,,,,,,,,,,,,,,,,,,,,,,,,,,,,,,,,,,,,,,,,,,,,,,,,,,,,,,,,,,,,,,,,,,,,,,,,,,,,,,,,,,,,,,,,,,,,,,,,,,,,,,,,,,,,,,,,,,,,,,,,,,,,,,,,,,,,,,,,,,,,,,,,,,,,,,,,,,,,,,,,,,,,,,,,,,,,,,,,,,,,,,,,,,,,,,,,,,,,,,,,,,,,,,,,,,,,,,,,,,,,,,,,,,,,,,,,,,,,,,Rental Listing,2150.0,Standard,2023-05-03T00:00:00.000Z,2025-09-15T00:00:00.000Z,866.0,,,,,,,,,,,,,,,,,,,,,,,,,,,,,,,,,,,,,,,,,,,,,,,,,,,,,,,,,,,,,,,,,,,,,,,,,,,,,,
"6939-Shelby-Lynn-Way,-Zephyrhills,-FL-33542","6939 Shelby Lynn Way, Zephyrhills, FL 33542",6939 Shelby Lynn Way,,Zephyrhills,FL,12,33542,Pasco,101,28.258099,-82.208208,Single Family,5,3.0,2256.0,Active,2340,Standard,2026-09-15T00:00:00.000Z,,2026-06-09T00:00:00.000Z,2026-09-15T02:48:16.930Z,1,Pasco,Zephyrhills,,,,,,,Rental Listing,2340,Standard,2026-09-15T00:00:00.000Z,,1,,,,,,,,,,,,,,,,,,,,,,,,,,,,,,,,,,,,,,,,,,,,,,Rental Listing,2340.0,Standard,2026-08-28T00:00:00.000Z,2026-08-29T00:00:00.000Z,1.0,,,,,,,,,,,,,,,,,,,,,,,,,,,,,,,,,,,,,,,,,,,,,,,,,,,,,,,,,,,,,,,,,,,,,,,,,,,,,,,,,,,,,,,,,,,,,,,,,,,,,,,,,,,,,,,,,,,,,,,,,,,,,,,,,,,,,,,,,,,,,,,,,,,,,,,,,,,,,,,,,,,,,,,,,,,,,,,,,,,,,,,,,,,,,,,,,,,,,,,,,,,,,,,,,,,,,,,,,,,,,,,,,,,,,,,,,,,,,,,,,,,,,,,,,,,,,,,,,,,,,,,,,,,,,,,,,,,,,,,,,,,,,,,,,,,,,,,,,,,,,,,,,,,,,,,,,,,,,,,,,,,,,,,,,,,,,,,,,,,,,,,,,,,,,,,,,,,Rental Listing,2399.0,Standard,2026-08-03T00:00:00.000Z,2026-08-04T00:00:00.000Z,1.0,,,,,,,,,,,,,,,,,,,,,,,,,,,,,,,,,,,,,,,,,,,,,,,,,,,,,,,,,,,,,,,,,,,,,,,,
"4406-Plum-St,-Zephyrhills,-FL-33542","4406 Plum St, Zephyrhills, FL 33542",4406 Plum St,,Zephyrhills,FL,12,33542,Pasco,101,28.221417,-82.182863,Single Family,2,1.0,605.0,Active,1350,Standard,2026-09-15T00:00:00.000Z,,2021-07-25T01:58:03.626Z,2026-09-15T02:48:16.923Z,1,Pasco,Zephyrhills,,,,,,,Rental Listing,1350,Standard,2026-09-15T00:00:00.000Z,,1,,,,,,,,,,,,,,,,,,,,,,,,,,,,,,,,,,,,,,,,,,,,,,,,,,,,,,,,,,,,,,,,,,,,,,,,,,,,,,,,,,,,,,,,,,,,,,,,,,,,,,,,,,,,,,,,,,,,,,,,,,,,,,,,,,,,,,,,,,,,,,,,,,,,,,,,,,,,,,,,,,,,,,,,,,,,,,,,,,,,,,,,,,,,,,,,,,,,,,,,,,,,,,,,,,,,,,,,,,,,,,,,,,,,,,,,,,,,,,,,,,,,,,,,,,,,,,,,,,,,,,,,,,,,,,,,,,,,,,,,,,,,,,,,,,,,,,,,,,,,,,,,,,,,,,,,,,,,,,,,,,Rental Listing,1200.0,Standard,2026-06-15T00:00:00.000Z,2026-06-16T00:00:00.000Z,1.0,,,,,,,,,,,,,,,,,,,,,,,,,,,,,,,,,,,,,,,,,,,,,,,,,,,,,,,,,,,,,,,,,,,,,,,,,,,,,,,,,,,,,Rental Listing,1200.0,Standard,2026-05-14T00:00:00.000Z,2026-05-15T00:00:00.000Z,1.0,Rental Listing,1200.0,Standard,2026-05-26T00:00:00.000Z,2026-05-27T00:00:00.000Z,1.0,,,,,,,,,,,,,,,,,,,,,,,,,,,,,,,,,,,,,,,,,,,,,,,,,,,,,,,,,,,,
"39132-Co-Rd,---54,-Zephyrhills,-FL-33542","39132 Co Rd, # 54, Zephyrhills, FL 33542",39132 Co Rd,# 54,Zephyrhills,FL,12,33542,Pasco,101,28.250528,-82.169083,Condo,2,2.0,864.0,Active,1400,Standard,2026-09-15T00:00:00.000Z,,2026-03-03T00:00:00.000Z,2026-09-15T02:48:16.916Z,1,Pasco,Zephyrhills,,,,,,,Rental Listing,1400,Standard,2026-09-15T00:00:00.000Z,,1,,,,,,,,,,,,,,,,,,,,,,,,,,,,,,,,,,,,,,,,,,,,,,,,,,,,,,,,,,,,,,,,,,,,,,,,,,,,,,,,,,,,,,,,,,,,,,,,,,,,,,,,,,,,,,,,,,,,,,,,,,,,,,,,,,,,,,,,,,,,,,,,,,,,,,,,,,,,,,,,,,,,,,,,,,,,,,,,,,,,,,,,,,,,,,,,,,,,,,,,,,,,,,,,,,,,,,,,,,,,,,,,,,,,,,,,,,,,,,,,,,,,,,,,,,,,,,,,,,,,,,,,,,,,,,,,,,,,,,,,,,,,,,,,,,,,,,,,,,,,,,,,,,,,,,,,,,,,,,,,,,,,,,,,,,,,,,,,,,,,,,,,,,,,,,,,,,,,,,,,,,,,,,,,,,,,,,,,,,,,,,,,,,,,,,,,,,,,,,,,,,,,,,,,,,,,,,,,,,,,,,,,Rental Listing,1400.0,Standard,2026-03-27T00:00:00.000Z,2026-03-28T00:00:00.000Z,1.0,,,,,,,,,,,,,,,,,,,,,,,,,,,,,,,,,,,,,,,,,,,,,,,,,,,,,,
"5225-11th-St,-Zephyrhills,-FL-33542","5225 11th St, Zephyrhills, FL 33542",5225 11th St,,Zephyrhills,FL,12,33542,Pasco,101,28.233456,-82.1761,Single Family,3,2.0,796.0,Active,1795,Standard,2026-09-15T00:00:00.000Z,,2023-06-14T00:00:00.000Z,2026-09-15T02:47:16.788Z,1,Pasco,Zephyrhills,,,,,,,Rental Listing,1795,Standard,2026-09-15T00:00:00.000Z,,1,,,,,,,,,,,,,,,,,,,,,,,,,,,,,,,,,,,,,,,,,,,,,,,,,,,,,,,,,,,,,,,,,,,,,,,,,,,,,,,,,,,,,,,,,,,,,,,,,,,,,,,,,,,,,,,,,,,,,,,,,,,,,,,,,,,,,,,,,,,,,,,,,,,,,,,,,,,,,,,,,,,,,,,,,,,,,,,,,,,,,,,,,,,,,,,,,,,,,,,,,,,,,,,,,,,,,,,,,,,,,,,,,,,,,,,,,,,,,,,,,,,,,,,,,,,,,,,,,,,,,,,,,,,,,,,,,,,,,,,,,,,,,,,,,,,,,,,,,,,,,,,,,,,,,,,,,,,,,,,,,,,,,,,,,,,,,,,,,,,,,,,,,,,,,,,,,,,,,,,,,,,,,,,,,,,,,,,,,,,,,,,,,,,,,,,,,,,,,,,,,,,,,,,,,,,,,,,,,,,,,,,,,,,,,,,,,,,,,,,,,,,,,,,,,,,,,,,,,,,,,,,,,,,,,,,,,,,,,,,,,,,
"5617-10th-St,-Zephyrhills,-FL-33542","5617 10th St, Zephyrhills, FL 33542",5617 10th St,,Zephyrhills,FL,12,33542,Pasco,101,28.239141,-82.180396,Single Family,1,1.0,480.0,Active,1350,Standard,2026-09-15T00:00:00.000Z,,2020-02-14T23:56:05.938Z,2026-09-15T02:47:16.783Z,1,Pasco,Zephyrhills,,,,,,,Rental Listing,1350,Standard,2026-09-15T00:00:00.000Z,,1,,,,,,,,,,,,,,,,,,,,,,,,,,,,,,,,,,,,,,,,,,,,,,,,,,,,,,,,,,,,,,,,,,,,,,,,,,,,,,,,,,,,,,,,,,,,,,,,,,,,,,,,,,,,,,,,,,,,,,,,,,,,,,,,,,,,,,,,,,,,,,,,,,,,,,,,,,,,,,,,,,,,,,,,,,,,,,,,,,,,,,,,,,,,,,,,,,,,,,,,,,,,,,,,,,,,,,,,,,,,,,,,,,,,,,,,,,,,,,,,,,,,,,,,,,,,,,,,,,,,,,,,,,,,,,,,,,,,,,,,,,,,,,,,,,,,,,,,,,,,,,,,,,,,,,,,,,,,,,,,,,,,,,,,,,,,,,,,,,,,,,,,,,,,,,,,,,,,,,,,,,,,,,,,,,,,,,,,,,,,,,,,,,,,,,,,,,,,,,,,,,,,,,,,,,,,,,,,,,,,,,,,,,,,,,,,,,,,,,,,,,,,,,,,,,,,,,,,,,,,,,,,,,,,,,,,,,,,,,,,,,,
"1837-Tangledvine-Dr,-Zephyrhills,-FL-33543","1837 Tangledvine Dr, Zephyrhills, FL 33543",1837 Tangledvine Dr,,Zephyrhills,FL,12,33543,Pasco,101,28.181435,-82.339519,Single Family,3,2.0,1759.0,Active,2445,Standard,2026-09-15T00:00:00.000Z,,2023-04-01T00:00:00.000Z,2026-09-15T02:47:16.760Z,1,Pasco,Zephyrhills,,,,,,,Rental Listing,2445,Standard,2026-09-15T00:00:00.000Z,,1,,,,,,,,,,,,,,,,,,,,,,,,,,,,,,,,,,,,,,,,,,,,,,,,,,,,,,,,,,,,,,,,,,,,,,,,,,,,,,,,,,,,,,,,,,,,,,,,,,,,,,,,,,,,,,,,,,,,,,,,,,,,,,,,,,,,,,,,,,,,,,,,,,,,,,,,,,,,,,,,,,,,,,,,,,,,,,,,,,,,,,,,,,,,,,,,,,,,,,,,,,,,,,,,,,,,,,,,,,,,,,,,,,,,,,,,,,,,,,,,,,,,,,,,,,,,,,,,,,,,,,,,,,,,,,,,,,,,,,,,,,,,,,,,,,,,,,,,,,,,,,,,,,,,,,,,,,,,,,,,,,,,,,,,,,,,,,,,,,,,,,,,,,,,,,,,,,,,,,,,,,,,,,,,,,,,,,,,,,,,,,,,,,,,,,,,,,,,,,,,,,,,,,,,,,,,,,,,,,,,,,,,,,,,,,Rental Listing,2635.0,Standard,2025-06-25T00:00:00.000Z,2025-06-26T00:00:00.000Z,1.0,Rental Listing,2385.0,Standard,2025-07-30T00:00:00.000Z,2025-07-31T00:00:00.000Z,1.0,,,,,,,,,,,,,,,,,,,,,,,,,,,,,,,,,,,,,,,,,,
"6035-Pointe-Pleasant-Blvd,-Zephyrhills,-FL-33545","6035 Pointe Pleasant Blvd, Zephyrhills, FL 33545",6035 Pointe Pleasant Blvd,,Zephyrhills,FL,12,33545,Pasco,101,28.244949,-82.342735,Single Family,4,2.0,1415.0,Active,2120,Standard,2026-09-15T00:00:00.000Z,,2020-02-29T02:19:18.195Z,2026-09-15T02:47:16.754Z,1,Pasco,Zephyrhills,,,,,,,Rental Listing,2120,Standard,2026-09-15T00:00:00.000Z,,1,,,,,,,,,,,,,,,,,,,,,,,,,,,,,,,,,,,,,,,,,,,,,,,,,,,,,,,,,,,,,,,,,,,,,,,,,,,,,,,,,,,,,,,,,,,,,,,,,,,,,,,,,,,,,,,,,,,,,,,,,,,,,,,,,,,,,,,,,,,,,,,,,,,,,,,,,,,,,,,,,,,,,,,,,,,,,,,,,,,,,,,,,,,,,,,,,,,,,,,,,,,,,,,,,,,,,,,,,,,,,,,,,,,,,,,,,,,,,,,,,,,,,,,,,,,,,,,,,,,,,,,,,,,,,,,,,,,,,,,,,,,,,,,,,,,,,,,,,,,,,,,,,,,,,,,,,,,,,,,,,,,,,,,,,,,,,,,,,,,,,,,,,,,,,,,,,,,,,,,,,,,,,,,,,,,,,,,,,,,,,,,,,,,,,,,,,,,,,,,,,,,,,,,,,,,,,,,,,,,,,,,,,,,,,,,,,,,,,,,,,,Rental Listing,3330.0,Standard,2026-04-28T00:00:00.000Z,2026-04-29T00:00:00.000Z,1.0,,,,,,,,,,,,,,,,,,,,,,,,,,,,,,,,,,,,
"36232-Misty-Oak-Unit-Bldg-7-Dr,-Unit-204,-Zephyrhills,-FL-33541","36232 Misty Oak Unit Bldg 7 Dr, Unit 204, Zephyrhills, FL 33541",36232 Misty Oak Unit Bldg 7 Dr,Unit 204,Zephyrhills,FL,12,33541,Pasco,101,28.242856,-82.217158,Condo,3,2.0,1325.0,Active,1600,Standard,2026-09-15T00:00:00.000Z,,2026-05-14T00:00:00.000Z,2026-09-15T02:47:16.747Z,1,Pasco,Zephyrhills,,,,,,,Rental Listing,1600,Standard,2026-09-15T00:00:00.000Z,,1,,,,,,,,,,,,,,,,,,,,,,,,,,,,,,,,,,,,,,,,,,,,,,,,,,,,,,,,,,,,,,,,,,,,,,,,,,,,,,,,,,,,,,,,,,,,,,,,,,,,,,,,,,,,,,,,,,,,,,,,,,,,,,,,,,,,,,,,,,,,,,,,,,,,,,,,,,,,,,,,,,,,,,,,,,,,,,,,,,,,,,,,,,,,,,,,,,,,,,,,,,,,,,,,,,,,,,,,,,,,,,,,,,,,,,,,,,,,,,,,,,,,,,,,,,,,,,,,,,,,,,,,,,,,,,,,,,,,,,,,,,,,,,,,,,,,,,,,,,,,,,,,,,,,,,,,,,,,,,,,,,,,,,,,,,,,,,,,,,,,,,,,,,,,,,,,,,,,,,,,,,,,,,,,,,,,,,,,,,,,,,,,,,,,,,,,,,,,,,,,,,,,,,,,,,,,,,,,,,,,,,,,,,,,,,,,,,,,,,,,,,,,,,,,Rental Listing,1700.0,Standard,2026-06-01T00:00:00.000Z,2026-06-02T00:00:00.000Z,1.0,,,,,,,,,,,,,,,,,,,,,,,,,,,,,,
"7725-Forbes-Rd,-Zephyrhills,-FL-33540","7725 Forbes Rd, Zephyrhills, FL 33540",7725 Forbes Rd,,Zephyrhills,FL,12,33540,Pasco,101,28.269436,-82.155426,Single Family,2,1.0,784.0,Active,1150,Standard,2026-09-15T00:00:00.000Z,,2026-01-17T00:00:00.000Z,2026-09-15T02:45:47.307Z,1,Pasco,Zephyrhills,,,,,,,Rental Listing,1150,Standard,2026-09-15T00:00:00.000Z,,1,,,,,,,,,,,,,,,,,,,,,,,,,,,,,,,,,,,,,,,,,,,,,,,,,,,,,,,,,,,,,,,,,,,,,,,,,,,,,,,,,,,,,,,,,,,,,,,,,,,,,,,,,,,,,,,,,,,,,,,,,,,,,,,,,,,,,,,,,,,,,,,,,,,,,,,,,,,,,,,,,,,,,,,,,,,,,,,,,,,,,,,,,,,,,,,,,,,,,,,,,,,,,,,,,,,,,,,,,,,,,,,,,,,,,,,,,,,,,,,,,,,,,,,,,,,,,,,,,,,,,,,,,,,,,,,,,,,,,,,,,,,,,,,,,,,,,,,,,,,,,,,,,,,,,,,,,,,,,,,,,,,,,,,,,,,,,,,,,,,,,,,,,,,,,,,,,,,,,,,,,,,,,,,,,,,,,,,,,,,,,,,,,,,,,,,,,,,,,,,,,,,,,,,,,,,,,,,,,,,,,,,,,,,,,,,,,,,,,,,,,,,,,,,,,,,,,,Rental Listing,1150.0,Standard,2026-01-20T00:00:00.000Z,2026-01-21T00:00:00.000Z,1.0,Rental Listing,1150.0,Standard,2026-02-10T00:00:00.000Z,2026-02-11T00:00:00.000Z,1.0,Rental Listing,1150.0,Standard,2026-03-06T00:00:00.000Z,2026-03-07T00:00:00.000Z,1.0,,,,,,,,,,,,
"4719-Tangelo-Dr,-Zephyrhills,-FL-33541","4719 Tangelo Dr, Zephyrhills, FL 33541",4719 Tangelo Dr,,Zephyrhills,FL,12,33541,Pasco,101,28.22587,-82.24379,Single Family,2,2.0,1517.0,Active,1800,Standard,2026-09-15T00:00:00.000Z,,2026-06-27T00:00:00.000Z,2026-09-15T02:45:47.305Z,1,Pasco,Zephyrhills,,,,,,,Rental Listing,1800,Standard,2026-09-15T00:00:00.000Z,,1,,,,,,,,,,,,,,,,,,,,,,,,,,,,,,,,,,,,,,,,,,,,,,,,,,,,,,,,,,,,,,,,,,,,,,,,,,,,,,,,,,,,,,,,,,,,,,,,,,,,,,,,,,,,,,,,,,,,,,,,,,,,,,,,,,,,,,,,,,,,,,,,,,,,,,,,,,,,,,,,,,,,,,,,,,,,,,,,,,,,,,,,,,,,,,,,,,,,,,,,,,,,,,,,,,,,,,,,,,,,,,,,,,,,,,,,,,,,,,,,,,,,,,,,,,,,,,,,,,,,,,,,,,,,,,,,,,,,,,,,,,,,,,,,,,,,,,,,,,,,,,,,,,,,,,,,,,,,,,,,,,,,,,,,,,,,,,,,,,,,,,,,,,,,,,,,,,,,,,,,,,,,,,,,,,,,,,,,,,,,,,,,,,,,,,,,,,,,,,,,,,,,,,,,,,,,,,,,,,,,,,,,,,,,,,,,,,,,,,,,,,,,,,,,,,,,,,,,,,,,,,,,,,,,,,,,,,,,,,,,,,,
"32152-Brookstone-Dr,-Zephyrhills,-FL-33545","32152 Brookstone Dr, Zephyrhills, FL 33545",32152 Brookstone Dr,,Zephyrhills,FL,12,33545,Pasco,101,28.228372,-82.28435,Single Family,5,3.0,3390.0,Active,3395,Standard,2026-09-15T00:00:00.000Z,,2022-07-02T02:18:20.463Z,2026-09-15T02:45:47.263Z,1,Pasco,Zephyrhills,,,,,,,Rental Listing,3395,Standard,2026-09-15T00:00:00.000Z,,1,,,,,,,,,,,,,,,,,,,,,,,,,,,,,,,,,,,,,,,,,,,,,,,,,,,,,,,,,,,,,,,,,,,,,,,,,,,,,,,,,,,,,,,,,,,,,,,,,,,,,,,,,,,,,,,,,,,,,,,,,,,,,,,,,,,,,,,,,,,,,,,,,,,,,,,,,,,,,,,,,,,,,,,,,,,,,,,,,,,,,,,,,,,,,,,,,,,,,,,,,,,,,,,,,,,,,,,,,,,,,,,,,,,,,,,,,,,,,,,,,,,,,,,,,,,,,,,,,,,,,,,,,,,,,,,,,,,,,,,,,,,,,,,,,,,,,,,,,,,,,,,,,,,,,,,,,,,,,,,,,,,,,,,,,,,,,,,,,,,,,,,,,,,,,,,,,,,,,,,,,,,,,,,,,,,,,,,,,,,,,,,,,,,,,,,,,,,,,,,,,,,,,,,,,,,,,,,,,,,,,,,,,,,,,,,,,,,,,,,,,,,,,,,,,,,,,,,,,,,,,,,,,,,,,,,,,,,,,,,,,,,
"5912-Bramble-Bush-Ct,-Zephyrhills,-FL-33541","5912 Bramble Bush Ct, Zephyrhills, FL 33541",5912 Bramble Bush Ct,,Zephyrhills,FL,12,33541,Pasco,101,28.243273,-82.23629,Single Family,4,3.0,2243.0,Active,2395,Standard,2026-09-15T00:00:00.000Z,,2023-06-15T00:00:00.000Z,2026-09-15T02:45:47.256Z,1,Pasco,Zephyrhills,,,,,,,Rental Listing,2395,Standard,2026-09-15T00:00:00.000Z,,1,10454.0,2006.0,,,,,,,,,,,,,,,,,,,,,,,,,43.0,,,,,,,,,,,,,,,,,,,,,,,,,,,,,,,,,,,,,,,,,,,,,,,,,,,,,,,,,,,,,,,,,,,,,,,,,,,,,,,,,,,,,,,,,,,,,,,,,,,,,,,,,,,,,,,,,,,,,,,,,,,,,,,,,,,,,,,,,,,,,,,,,,,,,,,,,,,,,,,,,,,,,,,,,,,,,,,,,,,,,,,,,,,,,,,,,,,,,,,,,,,,,,,,,,,,,,,,,,,,,,,,,,,,,,,,,,,,,,,,,,,,,,,,,,,,,,,,,,,,,,,,,,,,,,,,,,,,,,,,,,,,,,,,,,,,,,,,,,,,,,,,,,,,,,,,,,,,,,,,,,,,,,,,,,,,,,,,,,,,,,,,,,,,,,,,,,,,,,,,,,,,,,,,,,,,,,,,,,,,,,,,,,,,,,,,,,,,,,,,,,,,,,,,,,,,,,,,,,,,,,,,,,,,,,,,,,,,,,,,,,,,,,,,,,,,,,,,
"31702-Spoonflower-Cir,-Zephyrhills,-FL-33545","31702 Spoonflower Cir, Zephyrhills, FL 33545",31702 Spoonflower Cir,,Zephyrhills,FL,12,33545,Pasco,101,28.259154,-82.292065,Single Family,3,2.5,1879.0,Active,2085,Standard,2026-09-15T00:00:00.000Z,,2022-12-03T02:45:35.411Z,2026-09-15T02:45:47.253Z,1,Pasco,Zephyrhills,,,,,,,Rental Listing,2085,Standard,2026-09-15T00:00:00.000Z,,1,,,,,,,,,,,,,,,,,,,,,,,,,,,,,,,,,,,,,,,,,,,,,,,,,,,,,,,,,,,,,,,,,,,,,,,,,,,,,,,,,,,,,,,,,,,,,,,,,,,,,,,,,,,,,,,,,,,,,,,,,,,,,,,,,,,,,,,,,,,,,,,,,,,,,,,,,,,,,,,,,,,,,,,,,,,,,,,,,,,,,,,,,,,,,,,,,,,,,,,,,,,,,,,,,,,,,,,,,,,,,,,,,,,,,,,,,,,,,,,,,,,,,,,,,,,,,,,,,,,,,,,,,,,,,,,,,,,,,,,,,,,,,,,,,,,,,,,,,,,,,,,,,,,,,,,,,,,,,,,,,,,,,,,,,,,,,,,,,,,,,,,,,,,,,,,,,,,,,,,,,,,,,,,,,,,,,,,,,,,,,,,,,,,,,,,,,,,,,,,,,,,,,,,,,,,,,,,,,,,,,,,,,,,,,,,,,,,,,,,,,,,,,,,,,,,,,,,,,,,,,,,,,,,,,,,,,,,,,,,,,,,
"37819-Alissa-Dr,-Zephyrhills,-FL-33542","37819 Alissa Dr, Zephyrhills, FL 33542",37819 Alissa Dr,,Zephyrhills,FL,12,33542,Pasco,101,28.223474,-82.191176,Condo,2,2.0,864.0,Active,1650,Standard,2026-09-15T00:00:00.000Z,,2025-05-18T00:00:00.000Z,2026-09-15T02:45:47.251Z,1,Pasco,Zephyrhills,,,,,,,Rental Listing,1650,Standard,2026-09-15T00:00:00.000Z,,1,,,,,,,,,,,,,,,,,,,,,,,,,,,,,,,,,,,,,,,,,,,,,,,,,,,,,,,,,,,,,,,,,,,,,,,,,,,,,,,,,,,,,,,,,,,,,,,,,,,,,,,,,,,,,,,,,,,,,,,,,,,,,,,,,,,,,,,,,,,,,,,,,,,,,,,,,,,,,,,,,,,,,,,,,,,,,,,,,,,,,,,,,,,,,,,,,,,,,,,,,,,,,,,,,,,,,,,,,,,,,,,,,,,,,,,,,,,,,,,,,,,,,,,,,,,,,,,,,,,,,,,,,,,,,,,,,,,,,,,,,,,,,,,,,,,,,,,,,,,,,,,,,,,,,,,,,,,,,,,,,,,,,,,,,,,,,,,,,,,,,,,,,,,,,,,,,,,,,,,,,,,,,,,,,,,,,,,,,,,,,,,,,,,,,,,,,,,,,,,,,,,,,,,,,,,,,,,,,,,,,,,,,,,,,,,,,,,,,,,,,,,,,,,,,,,,,,,,,,,,,,,,,,,,,,,,Rental Listing,1500.0,Standard,2025-08-02T00:00:00.000Z,2025-08-03T00:00:00.000Z,1.0,Rental Listing,1450.0,Standard,2026-07-30T00:00:00.000Z,2026-07-31T00:00:00.000Z,1.0
